# 3D point list with one line of data per point:
#   POINT3D_ID, X, Y, Z, R, G, B, ERROR, TRACK[] as (IMAGE_ID, POINT2D_IDX)
# Number of points: 4618, mean track length: 3.8718059766132527
1 1.2425807376240263 -1.9179435048274998 5.4138553565541594 145 138 128 0.29648664236374933 3 236 2 232 8 4765
2 1.181388213109132 -1.881175553138051 5.3982993878757215 106 96 86 1.3394305862202742 3 250 2 237 12 290
3 1.2424799322320712 -1.8543989431601191 5.3985007288900411 165 155 146 1.589350015052672 3 259 2 257 8 2960 9 3645
4 1.0320091354039134 -1.8189452436392515 5.3191733487659842 100 90 80 1.189542883916918 3 277 2 265 6 133
5 1.0911460685254579 -1.8116590115747104 5.3328594870829207 119 109 99 0.8120297556818562 3 278 2 269 8 2976
6 1.335945865160735 -1.7768126988917423 5.419444771830273 118 108 98 0.97804856111062666 3 3658 2 286 8 4807
7 1.3048450881018545 -1.7500108060479513 5.4000562156777354 173 160 150 0.91513740908756935 3 3661 2 296 8 4814 9 5898
8 1.2852533324115634 -1.7045056744076585 5.3858062602132808 169 157 145 0.73200115045244563 3 319 2 309 8 4833 9 5908
9 2.0914516529688019 -1.7817478954724737 5.8937314336417197 136 122 111 1.4815231353913689 3 3657 2 323 12 433 6 413
10 0.91516901258244654 -1.5703002578367962 5.2215991321760855 172 158 147 0.96702620805711492 3 402 2 347 12 420
11 2.0355660405613767 -1.731393532703885 5.8807152830518259 160 146 133 0.73242501014624484 8 3026 9 5832
12 0.91269918904617664 -1.5499432325563318 5.2126390487269543 127 113 102 1.0436891995096411 3 417 2 357 6 250
13 0.91269918904617664 -1.5499432325563318 5.2126390487269543 127 113 102 1.0436891995096411 3 418 2 358 6 249
14 1.0012136783729939 -1.5528671629533009 5.2469143951154802 158 144 133 1.164468121442213 3 409 2 366 6 273
16 1.3087717865114419 -1.5252237943891416 5.3541667389837144 157 143 130 0.6773925091694506 3 3718 2 392 8 4880 9 5944
17 1.199732241943432 -1.5126056746508156 5.3135102877478451 174 160 147 1.6289404816731978 3 3720 2 394 8 4888 12 495 9 5962
18 1.2635231141827061 -1.4941485698109969 5.3289945954574458 168 154 141 0.74142848043635767 3 442 2 398 8 4893
20 0.97231146057643913 -1.4320630427621384 5.2127141456077721 176 162 149 0.70154203532145054 3 485 2 415 12 519
22 1.1424934692783775 -1.3769190162743192 5.2595726472571691 170 156 143 0.82474282462761317 3 511 2 430 8 4926 9 6006
24 -0.47259814986833754 -1.1468668757132034 4.6964227677506045 59 63 74 1.1787636242984121 3 753 2 486 12 598 6 5981
25 -0.44825001628446504 -1.1284864896554783 4.7059083729366629 64 67 74 0.85363111975723116 3 773 2 498 4 988
26 1.0061088150954189 -1.2020203725732317 5.1786254473544133 160 144 128 0.46507861395150391 3 3859 2 499 12 711
27 0.98874910794969839 -1.1713164377492924 5.1651727275272057 138 122 106 0.98869316338545066 3 3886 2 525 12 731 6 3853
28 1.0028232503176764 -1.1576107420835349 5.1713923870673337 178 162 146 0.78502127451814963 3 661 2 530 12 746
29 -0.27498357720380839 -1.0805217153257756 4.6880601271150795 142 138 139 1.2995807403805053 3 794 2 533 12 663 6 6023
30 -0.27551210447261043 -1.0822762848189658 4.6880372558989478 142 138 139 0.66056910670375224 3 795 2 534 12 664
31 1.1276917905791066 -1.1611629473441907 5.2077944353638923 138 119 102 0.59191808764825071 3 3887 2 535 8 6077
32 0.30258656703882164 -1.0999368498135043 4.8747195601035607 41 35 35 0.81751053665264373 3 739 2 545 12 719
33 -0.32052485165845407 -1.0604356449496097 4.6832929559088559 114 110 110 1.1746928160271892 3 826 2 550 12 681 6 3609
34 -0.32052485165845407 -1.0604356449496097 4.6832929559088559 114 110 110 1.1746928160271892 3 827 2 551 12 682 6 3610
35 1.2057496341525402 -1.1357856969516791 5.2366086335461945 188 169 152 1.1345308045616491 3 666 2 558 6 626 8 4988
36 0.12441609309585283 -1.0562973423668953 4.7978345241698799 137 127 125 1.6963086121606985 3 3983 2 569 12 4259 6 3708 5 826 4 1096
37 0.12218244518551769 -1.0370276582401527 4.791907150230136 52 44 41 0.76729750249228523 3 813 2 584 12 752 6 3713
38 0.84435966329550505 -1.059880942807828 5.055465763544075 85 75 73 0.72703177538218822 3 3963 2 591 12 814 6 3884
40 1.6315441164769577 -1.1301063372529985 5.6568130256311946 51 45 47 0.97143328118706085 3 3910 2 606 8 6143
42 1.0011187100984473 -0.98818390586072402 5.1279586531987018 147 128 111 0.77222296589817374 3 804 2 656 12 896
43 2.6789899740831697 -1.0838132526900044 5.9283353490027313 74 66 55 1.1627138930324903 3 652 2 657 12 945 6 4238 7 7549
46 2.0679401879296657 -0.96944555424594747 5.7967957917211104 155 142 129 2.0422788717087443 3 797 2 726 12 991 6 4223 7 7533
47 0.9599459886939754 -0.84377355915305197 5.0795088929490015 176 157 140 0.60551924457285444 3 941 2 765 12 989 6 814
48 2.9022539338535926 -0.88982829759208237 5.8793031360148875 165 147 127 2.5441727222916581 2 777 8 5015
49 0.86419347219771092 -0.6583456687165119 5.0044631687579528 181 165 152 0.65648247860363185 3 4234 2 875 12 1128 6 996
51 0.90408348476476341 -0.6304642086796608 5.0142388751142262 143 121 98 0.38272997389564628 3 1181 2 897 6 1044
52 0.93596539336307405 -0.63163034533565865 5.0261904764920926 138 120 100 0.57362616326256133 3 1177 2 899 12 1161 6 1058
53 1.1278705309876269 -0.57729506360532867 5.0895215944374828 119 99 75 0.60394822875068244 3 4282 2 946 12 1249
54 1.9194041016187153 -0.56347175929292748 5.2694231589955782 36 23 15 1.0568564879937064 3 4241 2 970 8 6924
55 0.9635567786997643 -0.5147447344685453 5.0086982346002298 194 175 153 0.52677238724577669 3 1312 2 1033 6 1173
56 1.015158695673807 -0.51319884446901409 5.0294062316764538 171 150 129 0.84461477233199833 3 1313 2 1041 6 1188
57 0.014000993242382354 -0.4849106280663939 4.61392931614348 140 124 108 0.52297771169829932 3 1451 2 1056 12 1280 6 4161
58 -0.045241489461372686 -0.46744291413879668 4.6009862923104734 64 55 48 0.66383534011102974 3 1484 2 1091 12 1305
59 -0.25020622474534415 -0.46232453060816653 4.5495340099505048 142 132 123 1.0020934849885021 3 1516 2 1095 12 1294
60 -0.24929776491614403 -0.4619742353843907 4.5479557734023333 142 132 123 0.86609756002146643 3 1517 2 1096 12 1293 6 6364
61 1.0467914526341346 -0.4770409026309308 5.0426001348657321 138 114 90 2.5984468020849492 3 1350 2 1108 7 6124
62 1.1195106258539862 -0.46620389276189761 5.0647651767660298 121 96 74 0.46929837858193546 3 1356 2 1120 12 1391 6 1251
63 -0.12622144856761414 -0.45045181944575663 4.5747136027368462 146 134 120 0.96550026816395917 3 1518 2 1122 6 938
64 -0.44287679001821545 -0.43811044812648714 4.5347649299704491 32 27 24 0.60973720231322159 3 1564 2 1144 12 1314 6 6356
65 -0.42174846573712216 -0.43789284144144308 4.5335400755631339 36 31 27 0.45426175327791901 3 1565 2 1145 12 1315 6 4110
66 -0.42141983249098108 -0.43817647068159149 4.5328429785056494 36 31 27 0.40101383018206049 3 1566 2 1146 12 1316
67 -0.22599591366746236 -0.43299157345293471 4.5494423767788845 66 61 53 0.60731950692033398 3 1544 2 1153 12 1345
68 0.41413735697798043 -0.43964640231509317 4.7759901134004936 156 139 119 1.1213023955657491 3 1474 2 1154 12 1385 6 4328
69 1.7492802837817041 -0.44525433136138987 5.1644519035276968 120 101 85 1.4011714095589769 3 1320 2 1164 8 5143 9 6196
70 0.69004328088982092 -0.42750911030531841 4.8988020890544828 46 36 27 0.16153066476313258 3 1463 2 1186 12 1409
71 0.19164305010543142 -0.41389261793530141 4.6844664203575643 44 36 25 0.39706407121305654 3 1531 2 1207 12 1394 6 1110
72 1.0281798255071593 -0.41823461763663072 5.0182980516819358 177 154 131 0.31753199545976801 3 1447 2 1214 12 1429
73 0.63385470137771471 -0.41318027630847892 4.8761459243375889 156 144 132 0.18034998111316614 3 1495 2 1216
74 0.65952793759759287 -0.40781913101724282 4.8859884022084179 173 159 148 0.64516656738480993 3 1502 2 1232 12 4702 6 6521 5 1307 4 1567 1 1605
75 0.66054561216940111 -0.35945473337232453 4.8775650298381121 84 71 62 0.71805207114779002 3 1567 2 1292 12 1470 6 1276
76 0.65924133686324726 -0.35969415573337915 4.8812408640936713 84 71 62 0.56707862804575926 3 1568 2 1293 12 1471
77 1.4717156733985217 -0.35447147730667355 4.8993838378830681 153 132 111 1.455180188147154 3 1478 2 1298 12 1508 6 1408 7 7590
78 1.8154770124008759 -0.34190457112699801 5.1683540329227764 142 125 107 0.66914390133358259 3 1466 2 1313 12 1530 7 7646
79 1.4717755589756856 -0.33167922779792719 4.8959323875684859 147 129 105 1.9271564816714986 3 4444 2 1318 7 7601
80 0.070969119884977616 -0.30993299625431364 4.5944969262259576 187 174 163 0.57111905227538451 3 1634 2 1335 6 1191
81 0.89846397833218994 -0.31306744254346375 4.9421155858162624 166 149 133 0.52877944292396473 3 1590 2 1336 12 1524
82 -0.49696342846429697 -0.29997641435360411 4.4913587409963291 184 174 165 0.32546066211665836 3 1687 2 1346 12 1483 6 6445
83 -0.18663923345316819 -0.29081386267002607 4.5075565722771795 121 108 99 0.90081428057641233 3 4579 2 1355 6 6488
84 0.0011753351819033808 -0.28608032163461639 4.5593338485653092 153 137 124 0.27062703834733731 3 1667 2 1359 12 1519 6 6513
85 2.4571828472641886 -0.27480673101472108 5.4206605923338502 144 123 105 1.3511717995514225 3 1501 2 1367 12 1615 8 6303
86 0.1692499967843169 -0.26548667126201253 4.6267807622750352 182 168 157 0.35889583294750704 3 1674 2 1383 12 1550 6 6544
87 0.34602431680979867 -0.2453264224693899 4.695210345202014 127 107 92 0.69441267497504067 3 1681 2 1407 6 4443
88 0.74799943719260709 -0.24394417380780717 4.8748450653910469 90 77 69 0.13926865415350068 3 4561 2 1408 12 1593
89 2.0815459410000527 -0.23120372384391433 5.237352070841049 160 136 110 0.55716343003809821 3 4493 2 1415 8 6322
90 -0.075010031635407842 -0.23403340609626511 4.5368022410130644 179 165 154 0.24853296363697883 3 1740 2 1427 12 1579 6 4394
91 -0.44304959257541188 -0.22838116116520907 4.4835551096578401 127 114 106 0.4343620741842063 3 1782 2 1442 12 4802 6 6495
92 -0.20889901689187179 -0.22291939731755225 4.5007996298317874 145 131 120 0.68120549200384894 3 1766 2 1449 12 4819 6 6527
93 0.92161684584305315 -0.21475062478155726 4.9268871404152534 172 152 128 0.24026489205838253 3 1672 2 1453 12 1628
94 0.73496766955886184 -0.20167483224424165 4.8639214939637503 128 111 101 0.43763040778125112 3 1699 2 1474 12 1634
95 -0.25064245837928567 -0.19751675386649528 4.4870040416110646 75 59 50 0.41705523213883938 3 1800 2 1487 6 4395
96 0.70990239280223677 -0.1864885771397142 4.8487947431042029 35 22 14 2.5981005152065522 3 1714 2 1488 9 6466
97 2.6921317310669095 -0.17458029042720435 5.4843499375552511 146 123 106 1.4723263166110441 3 4506 2 1493 8 6323
98 1.6267075407417106 -0.18394970696929569 5.0578328326284909 65 53 39 2.1199446884395119 3 4557 2 1497 8 6340 9 7643
99 0.91111597459953497 -0.17982564528651954 4.9290818202595696 179 159 135 1.7607356050264402 3 1715 7 7621
100 1.1102276539248088 -0.16160661634688728 4.9975970856994261 183 160 136 2.1528265741137602 3 1718 2 1519 7 7650 11 7332
101 2.2476064414266372 -0.15248966939860781 5.2843574065677901 182 157 135 1.2324606954474067 3 4540 2 1520 8 6332
102 1.084674030902137 -0.14453899330605308 4.9871712429955037 153 131 107 0.98861012080755351 3 4636 2 1539 12 1699 7 7658
103 0.86698698796802165 -0.088181104723241838 4.8767982499907774 164 143 125 2.4062259299822863 3 1829 2 1598 9 6485
104 0.90111310457218941 -0.092520580673313951 4.9019845281745287 127 107 83 2.1758353944513749 3 4685 2 1599 12 1752 7 8618
105 2.7393108383161668 -0.067130363990769701 5.4774192873979546 39 23 8 1.3152502415908003 3 4595 2 1607 7 1602
106 0.93005594709784423 -0.070005703271793895 4.9118917549871615 180 163 137 1.0341296813477274 3 1846 2 1616 7 8623
107 1.6715690428162975 -0.057178001798902353 5.0359517027095038 143 118 87 0.75357909432813774 3 1801 2 1618 7 7733 8 5298 9 7679
108 1.1149659553734359 -0.037366823600217813 4.972808976838885 139 117 93 1.4808899331957501 3 1854 2 1640 12 1851 7 8643 11 7359
109 2.6854300400906204 0.011579553618496302 5.4291858521487697 113 87 64 1.537986205503526 3 4665 2 1651 8 6376
110 0.45687122421673404 -0.013428138652090561 4.699899878906634 142 120 97 0.30227507154979311 3 1921 2 1669 6 1558
111 2.4911753627411914 0.04878201633358499 5.338549902107574 126 105 88 1.5426676853534451 3 4703 2 1685 8 6384
112 2.4911753627411914 0.04878201633358499 5.338549902107574 126 105 88 1.5426676853534451 3 4704 2 1686 8 6383
113 0.98573058694606064 0.02622108700413904 4.9030332775799179 182 158 132 2.1068372218324827 3 1923 2 1687 7 7714 9 6513
114 2.6647773058391828 0.075324576922247782 5.4124780817752738 113 85 58 1.3404930273296181 3 1856 2 1701 8 5311
115 1.1317811917673528 0.053975783690582091 4.9617829349401656 150 126 100 1.8168733358819988 3 4753 2 1704 7 8670
116 1.1149982466817823 0.096813483619516472 4.9438712043149984 186 162 136 1.2461080842366119 3 1959 2 1740 7 7745 11 7391
117 0.88876087436022355 0.098482261332527965 4.8534301675468265 199 179 158 0.79118601402111033 3 1976 2 1746 7 8667
118 0.94088769997211985 0.13495669366061072 4.8571997482133256 186 160 133 1.5818061659236207 3 2001 2 1773 12 2034 7 8683 9 6553
119 2.7786173041730415 0.23243106385723028 5.4058801719635943 165 147 127 1.79877560058438 3 4794 2 1822 12 2110 5 1739 8 7092
120 1.6097283989500093 0.2304122413187295 4.930273579612555 115 90 68 0.89695505490182237 3 4864 2 1857 8 7109 9 8605
121 2.6236362562436053 0.27523204467668577 5.3409860652545769 62 43 26 2.1530910148542799 3 4838 2 1861 12 2156 6 2078 8 7100 7 6610 11 5532
122 0.940338147435692 0.22972939150180938 4.8378543453403546 177 153 128 1.4588867127046987 3 4882 2 1862 12 2129 6 4881 7 8708 9 7848
123 3.2377484928226035 0.35897164946070853 5.7372675721268953 130 103 76 0.46345788582112446 3 4861 2 1912 12 2209
124 3.2157093402470847 0.3727404484688373 5.7350044597173797 156 130 105 0.42292800320302132 3 4867 2 1929 12 2223
125 -0.43202301381190755 0.2618180402713628 4.3738580930550981 9 5 4 0.32978235070499384 3 2260 2 1952 12 2196
126 2.6553181505371373 0.40156816131065509 5.3392168830616527 104 80 59 0.81692873092326668 3 2152 2 1974 8 6455
127 1.0567150914986012 0.35216835824182557 4.8643459393518347 177 153 129 1.1002658018922309 3 4959 2 1978 7 8755
128 -0.18720081852946235 0.30804815500386462 4.3447665023343278 38 19 5 0.47159920188010634 3 2302 2 2007 12 2271 6 4888
129 1.054513413567514 0.37943276892117839 4.8529484468684378 151 127 101 0.90589692379067477 3 4976 2 2014 9 7888
130 -0.142837853432425 0.32318015820662899 4.3616035827917381 91 74 57 0.57122376141705722 3 2312 2 2026 12 2294 6 6830
131 -0.1005869662567499 0.32529416770706482 4.3683213471163604 85 69 53 0.59720645568089636 3 2313 2 2027 12 2297 6 4915
132 -0.082816262737547414 0.32581529594378661 4.372972954405026 107 88 73 0.44543342241810535 3 2309 2 2028 12 2298 6 4918
133 0.064878510108700493 0.33474891677275442 4.4056964424832552 145 120 98 0.40555387529983983 3 2310 2 2032 12 2315 6 4941
134 1.9947452251094053 0.4457703273294914 5.3520826013585214 21 8 1 0.91091953577200935 3 6782 2 2035 8 7151
135 2.1019086111181817 0.4604297748680018 5.3971767496813348 90 70 58 1.3496268068827471 3 4968 2 2042 8 6487
136 0.23409156581562268 0.37168341344521361 4.5213103472741754 32 18 9 0.92590107485134188 3 2333 2 2056 12 2337 6 6882
137 0.48404268468009964 0.38221738029954216 4.5969913603710992 153 132 113 0.20282061833571305 3 2320 2 2058 6 2082
138 0.71629932588822598 0.40346074988484215 4.6870495998533048 129 105 90 0.1618983393588527 3 2326 2 2066 6 2128
139 0.99676514936362071 0.44185339685045244 4.8131534299001748 166 142 118 0.95356674078854853 3 2338 2 2087 7 7855 9 6685
140 0.054242131021747408 0.3881584918602321 4.395650670517993 118 100 89 0.46070764877670528 3 5043 2 2090 12 2374
141 0.054242131021747408 0.3881584918602321 4.395650670517993 118 100 89 0.46070764877670528 3 5044 2 2091 12 2375
142 1.0448278976915322 0.44788897022092278 4.8297052716692681 180 156 132 0.87276031638252993 3 2341 2 2092 7 7864 9 6677
143 1.0448666011394268 0.44803301047026961 4.8310151028125574 180 156 132 0.98806880183709522 3 2342 2 2093 7 7865
144 0.34637092336403258 0.42123586870316215 4.5580065590157384 133 114 99 1.0715909831048795 3 2365 2 2103 12 2392 6 5024 9 6745
145 -1.6983401300172876 0.41440010739040906 4.6904510185978401 26 19 13 0.59137737669539214 3 2431 2 2107 12 2351
146 0.65964962895234791 0.4561095294296818 4.6807975223355998 116 94 79 0.98078342127753981 3 5056 2 2121 9 7925 6 6963
147 0.81913532142013623 0.46651823665362829 4.699966746607279 118 100 85 0.60125699547986577 3 5060 2 2132 9 7920
148 0.8506737960427353 0.47326462335731162 4.7125488771195085 83 65 51 0.8015934465318344 3 2378 2 2138 7 8782 9 6718
149 -0.49516076148584587 0.41776120532718641 4.3334385268932065 67 51 36 0.69133138079064749 3 2435 2 2142 6 6885
150 0.80636467945542778 0.48191618379364259 4.7014754787562145 60 43 27 0.66658658703337581 3 2390 2 2153 6 5090 9 4891
151 -1.6917476302911441 0.4617273839014388 4.6864189565191268 107 95 82 1.4544423569764806 3 2467 2 2161 12 5235 5 1938 4 2155
152 1.7867761757713061 0.57033189799742678 5.2613303395734059 77 60 47 1.0177825298061081 3 5069 2 2165 8 6514 9 7885
153 0.54573733670611757 0.49961628851933831 4.6267997495575148 169 146 128 0.23585287733302499 3 2439 2 2179 6 5096
154 0.39130605923472822 0.51691560607493958 4.5602430699574592 123 103 83 0.60475048484615734 3 5124 2 2205 6 6992
155 0.045895330316010119 0.52311076605246498 4.3832083050062849 101 78 60 0.73784304529957245 3 2491 2 2247 9 5026
156 3.8271218091996824 0.42757794900950052 3.4020554237370795 170 162 151 1.1401181259264039 3 5038 12 2565 6 2499
157 1.7527842665614641 0.68435045934727246 5.2484134978852772 99 86 77 0.89582783598577931 3 5152 2 2272 8 7188 9 9238
158 0.79535155899478216 0.61125322289958306 4.6802928576097953 180 154 137 0.42866131971856225 3 2518 2 2291 6 5181
159 0.39235425559834508 0.59366085043177352 4.5414320674741822 158 139 122 0.62667467081183048 3 2526 2 2297 9 5028
160 0.64154746821824671 0.60862354637192895 4.6416073208851767 138 102 79 0.3848874674127003 3 2522 2 2298 6 2371 9 4998
161 0.68795504199763813 0.61479186048300005 4.6572687529120316 92 57 35 0.17690485049390681 3 2523 2 2299 9 6813
162 -0.49453658821995528 0.57101378530549973 4.3572354802877413 173 152 131 0.53339820752819878 3 2562 2 2319 12 2546 6 7017
163 0.36736755832403617 0.61247012542000534 4.5252119665997981 81 66 47 0.50592571535178232 3 2551 2 2327 9 5038
164 0.92770558298966943 0.65126676314383869 4.7372959854979211 174 152 129 1.582603623653414 3 2542 2 2329 7 8826 9 6807
165 0.92765774576977567 0.65114526442861886 4.7304754852189266 174 152 129 1.03275627124418 3 2543 2 2330 7 8827
166 0.23925940148507602 0.6171193865229907 4.4717057861037395 121 93 68 0.72731031110402833 3 2570 2 2340 12 2579
167 0.37567223301864855 0.63336047373972271 4.5255248043902503 176 162 153 0.29968691864605917 3 2576 2 2348 6 2403 9 5048
168 0.26164286338329917 0.62740782125358252 4.4803251915105005 175 150 130 1.6720753511205211 3 2582 2 2352 6 7074 9 6853
169 0.075471517720629655 0.62153871081592138 4.3787401234265255 162 141 126 0.44188443146208362 3 2593 2 2361 6 2399
170 0.54544598241586306 0.66165867445810411 4.5910865163837267 179 161 141 0.43440387074968601 3 5203 2 2365 12 2604
171 0.66349251666553433 0.67921941619554405 4.6366231079155868 177 155 132 0.30451763104136637 3 2597 2 2373 9 7993
172 0.64232237694770844 0.68009657096051912 4.6274694168041357 140 114 91 0.76609558216835327 3 2598 2 2375 6 2444 9 6850
173 0.66628644702679329 0.72553986393524239 4.6268134566789909 181 156 134 0.78220350648107451 3 2635 2 2425 6 5278 9 6858
174 0.14010007353631959 0.70021551846191121 4.4144428731787126 158 132 107 0.43214335455642899 3 5261 2 2437 12 2668
175 -0.25338091488579417 0.6865135541773526 4.345630171061833 115 97 82 0.50852468985930788 3 2653 2 2443 12 5454 6 7114
176 0.34027533871353616 0.75435897525165618 4.4883728409521302 112 97 78 1.3319408159693988 3 2677 2 2475 6 2545
177 -0.51289958564827887 0.72122210880197191 4.3244544733234873 108 86 65 0.44747781851682517 3 2693 2 2479 12 5493 6 8337
178 -0.70245021602929136 0.71496381317305024 4.2859598807724684 142 116 90 0.71427599079257442 3 2699 2 2485 12 2711 6 7153
179 0.63789206738808768 0.8208498654061287 4.5913706556105822 175 150 128 0.54236947578187356 3 2724 2 2522 6 5365
180 0.084255083516949936 0.80912744501168188 4.3425169487945681 121 91 67 0.87786374398401779 3 2758 2 2553 6 5391 9 5224
181 -0.15524296102743504 0.81850502408091952 4.3367919132839381 123 100 82 0.34700492128552596 3 2775 2 2575 12 2792
182 0.076404053865960331 0.8328066911356018 4.3348699392313019 109 81 57 0.74608499909181492 3 2784 2 2584 6 5420
183 0.67926781495679278 0.91526836658901289 4.5924881268641862 145 118 97 0.9961090426002589 3 5363 2 2620 12 5588 6 7248
184 0.085549340572647348 0.86052379187778327 4.3311321470344346 189 159 135 0.47656539385738517 3 2820 2 2630 12 2842 6 5444
185 0.085549340572647348 0.86052379187778327 4.3311321470344346 189 159 135 0.47656539385738517 3 2821 2 2631 12 2841 6 5445
186 -0.31245694336467239 0.85321172279941893 4.2985803003737439 190 169 152 0.2984458368931282 3 2828 2 2636 12 2848 6 7243
187 0.69884166103345113 0.93161642131940026 4.5969750204422857 158 135 113 1.6870176245034394 3 5372 2 2640 12 2851 6 2755 9 6969
188 0.56402887098483645 0.92177138239031864 4.5431998359352308 164 138 115 1.4934546702655909 3 2836 2 2646 6 5474 9 6975
189 -0.25744846003570476 0.86764418861391057 4.3059141589293963 75 52 35 0.63785167181161639 3 2840 2 2649 6 7251
190 2.8678001514653122 1.0653539954358691 5.0785344570207203 173 147 124 1.7581756824830415 3 2853 2 2664 7 8062 12 2855
191 0.31164695841481099 0.91758783714392944 4.4404179720229102 115 96 81 0.60693583709202381 3 2855 2 2666 6 5484
192 2.7933008568222291 1.0710727119377215 5.1152149217447924 152 127 105 1.7146823044139008 3 5383 2 2667 7 8061 8 7237
193 2.7933893777874221 1.0711139828461986 5.1133893640784756 152 127 105 1.926946566907233 3 5384 2 2668 8 7238
194 0.081885393674896667 0.89950048739642652 4.3225312057070377 178 148 122 1.6835557518173419 3 5390 2 2680 6 7281 9 6997
195 -1.7440911442450573 0.92993034703247757 4.5938409357989229 160 139 118 1.0182483902799391 3 2863 2 2682 12 2909
196 0.36520737157652622 0.94136799319081277 4.4553119962174881 118 97 76 0.80286275542458918 3 2878 2 2686 6 2805
197 0.099721689065568331 0.96016457900719243 4.3165919508605031 178 153 133 0.53102331354981347 3 5422 2 2729 12 2960
198 -0.53466721184400678 0.94981302769329301 4.277555979432095 163 144 129 0.54756640062915318 3 2920 2 2737 12 2978 6 7320
199 0.044302750846311134 0.96234488174237809 4.2944464048744635 142 118 95 0.66968393008209448 3 2924 2 2738 12 2969 6 5543
200 0.45263532907871634 1.0561028265319599 4.4642877055903973 172 152 135 0.90226333629569444 3 2966 2 2782
201 -0.1754957629353093 1.1164146887224522 4.2638189019170696 169 143 121 0.56762169341028834 3 3065 2 2898 12 3147 6 7443
202 -0.1754957629353093 1.1164146887224522 4.2638189019170696 169 143 121 0.56762169341028834 3 3064 2 2899 12 3148 6 7444
203 -0.15397249428841278 1.1266419957433649 4.2639738851474176 170 146 124 0.37976560920084307 3 3084 2 2912 12 3153
204 1.2798700253049893 -1.7638196469502037 5.393009600347245 155 142 133 1.5745694258307006 3 3659 2 3612 8 5978
205 1.1102926689598704 -1.7242367761470454 5.3176356952981756 172 159 150 1.2747668389710274 3 3676 2 3621 8 4828 9 5931
207 2.9149662049921168 -1.7028513216426604 6.0396233557165768 142 133 126 0.27416761652125138 3 5894 2 3670
208 1.1718247351363476 -1.5514766760717236 5.3102853616349108 166 154 142 2.1720522605129498 3 3715 2 3673 12 4099 6 3668 9 7433 8 6009
209 1.2633020340766596 -1.5170146118028796 5.3370511358977009 139 125 112 1.7492460354293227 3 3719 2 3683 12 4115 5 620 8 4882 6 3695
210 1.1533632620687024 -1.4885173665974745 5.2880077766122771 151 137 124 0.53970609031451877 3 3721 2 3687 8 4898
211 0.93927088904281675 -1.4315773136920669 5.1863206479281772 171 157 144 2.4232765947841028 3 3741 2 3695 9 6035
213 0.93877209083690794 -1.3950112145805809 5.1921947677959501 166 152 139 0.89620534981597455 3 3758 2 3714 12 549
214 0.9691515375823101 -1.3961365845287075 5.2081926489730215 159 145 132 0.67494026152462927 3 3759 2 3715 12 551
217 4.0905577708578864 -0.96469009698300545 3.2986309275903554 140 126 117 2.2826405513974395 3 5820 6 1174
218 0.90359519974845925 -1.2980028379520689 5.1546575490238329 177 163 150 0.69845545106410056 3 3804 2 3758 12 618 6 3742
219 0.88574951144725245 -1.2811399322497132 5.1462035207123993 142 128 115 0.75760992194178267 3 5989 2 3761 12 4185 6 3746
220 1.1434188109463559 -1.257339894776391 5.2395618814573091 116 99 83 1.6977608107704121 3 5991 2 3776 12 4213 8 6048 6 3826
221 2.3014590196657294 -1.3656944249576812 5.955874206521413 86 73 66 2.5750599513099992 2 3780 12 6533 8 6826
222 0.92027651282210732 -1.2285847988395127 5.1242693709624492 127 111 95 1.9275692604190964 12 4212 7 8329 4 1057
223 0.93557141752353812 -1.2320017972965476 5.1592759301324298 127 111 95 1.1052868340433351 3 6008 2 3785 12 4211
224 1.7395792000534391 -1.3135641016274242 5.7495499261470746 38 34 34 1.0604571351347036 3 5974 2 3793 12 4246 5 773 8 6066 9 8386
225 1.054174764951251 -1.2219328905230469 5.2028759146842711 130 111 94 1.1359137626820239 3 3852 2 3796 12 4224 6 3829 4 1071
226 1.3247812138063546 -1.2189841547788709 5.299740959416761 164 146 129 1.4352711610970883 3 6003 2 3801 12 723 8 4963
227 1.0699733183029652 -1.2008834339718852 5.2025813467465447 167 148 131 0.54396945191356205 3 6027 2 3803 12 4240 6 3852 5 790 13 633
228 1.91293944763965 -1.2717621216734292 5.8017881245356158 160 150 138 0.96624557817089729 3 5982 2 3813 12 4279 5 812
229 1.0547894448558377 -1.173943492439963 5.1912092302903501 120 101 84 0.84566652463379977 3 6035 2 3816 12 4257 6 6192 4 1102 13 651 1 1204
230 2.2854484847479841 -1.2572835408461216 5.9458126958151558 146 137 128 2.6913577752424729 3 586 2 3835 12 817 7 7482 6 4059
231 1.1515832052963244 -1.1336298825325606 5.2103980520298538 165 146 129 1.4726616484564079 3 3901 2 3843 12 4286 6 3903 4 1130 13 671 8 6090 9 7500
232 1.8425589907948807 -1.2146834968426132 5.7423634654238569 49 40 35 0.47676826002937195 7 8451 6 4007 5 855
234 1.9044186833870422 -1.2105619863343831 5.7936966680550572 43 35 35 1.2083971969193215 3 6019 2 3854 12 821
235 2.2405837069057131 -1.2154647226690956 5.9235834422810134 142 129 121 1.0080896794194094 3 7447 2 3861 12 4327 6 4072 5 877 4 1173 13 693
236 1.0043362016314801 -1.1025194470225215 5.1519242882989253 170 154 138 0.6414879471110736 3 3931 2 3866 12 4298 6 3895
237 1.9472201589395772 -1.1931396998551487 5.8150982640614224 47 45 46 0.98614320817124879 3 6028 2 3867 12 4326 13 685 8 6114
238 1.0738100737652443 -1.1014122017331978 5.1767873256893715 165 148 130 0.92846987438774031 3 3923 2 3871 12 4305 6 3912 5 867 13 692
239 0.96634666630561505 -1.0865324961881087 5.1312253199329279 124 106 90 0.25016411831362712 3 3946 2 3876 12 4306
240 0.79645125098736558 -1.0720743432448503 5.037871744527207 54 46 44 0.63089343206303783 3 6104 2 3877 12 4301 5 866 4 1158
242 0.29507958928597339 -1.0387710285537421 4.8683952245350461 142 128 119 0.66171525007992116 3 3989 2 3884 5 859
243 0.99852154708609686 -1.0650623544620943 5.1421495819523058 163 144 129 1.3850640554952782 3 6097 2 3895 12 4324 6 6237 5 891 13 717 9 7524
244 0.61657271942986003 -1.0393091441524454 5.0049119313594934 146 132 121 0.58233069482481314 3 6129 2 3900 12 4312 6 6183 5 882 13 711
245 2.3818600095765592 -1.15857694925299 5.9811514987068417 52 43 38 0.62912023563524344 2 3902 8 6100
246 1.955676639048769 -1.1318471760738931 5.8005580357669553 136 126 116 1.8589856741468131 3 6053 2 3909 12 4361 6 4073 5 912 13 736 8 6132 9 8388
247 0.88997367099012603 -1.0390786782066264 5.0895496354856595 27 18 13 0.38586125477324235 3 3972 2 3912 12 834 6 6235
248 2.0956108901404003 -1.1065898153930063 5.836730986944441 150 138 126 1.0256609772555565 3 6057 2 3928 12 4398 4 1217 6 6363 1 1288
249 2.0951336211542766 -1.1068022476483041 5.8408823291958196 150 138 126 0.94638681655683532 3 6058 2 3929 12 4399
251 2.2184721176158657 -1.0858577661701441 5.8869177461379039 143 129 112 0.71954257576961023 3 6069 2 3941 12 4421
252 0.93588779971149738 -0.98526969124615027 5.1051978329121193 139 120 103 0.31170227784611548 3 6142 2 3946
253 0.94764467276915765 -0.95506782116689726 5.0998934948879766 165 146 129 0.12401488481916834 3 4025 2 3956
255 2.947410768110954 -1.0277203703455688 5.9195985738417898 144 125 108 0.63855033555052509 2 3969 12 4455 3 6048
256 2.947410768110954 -1.0277203703455688 5.9195985738417898 144 125 108 0.63855033555052509 2 3970 12 4454 3 6049
257 1.8453651511173663 -1.00240319023899 5.7258539951909961 41 36 36 1.7159794587709309 3 6127 2 3977 8 6168 9 7455
258 2.2878277124970894 -1.0081029071060468 5.9165675110083207 65 54 48 2.1981692669754933 3 6109 2 3981 8 6158
259 2.7273873565261955 -1.0091817037211182 5.9162158325345944 47 33 22 1.2339893950071659 3 3926 2 3982 12 997
260 1.8441922375693283 -0.9676370387870441 5.7108620568312043 161 149 137 1.4994077341719549 3 3996 2 4001 12 4438 6 6394 4 1284 13 834 9 8412 8 6178
261 2.1733450876764198 -0.98476690488455088 5.8449975093139797 147 137 127 1.0578652643851791 3 3978 2 4003 12 4448 6 4231 7 7541 5 1009 4 1288 13 844
262 -0.029692379579310701 -1.0304209337137216 6.3338172195535911 131 115 102 1.5959696044695741 3 4158 2 4009 12 4391
263 2.4378458141666455 -0.87757551468797557 5.9363584904438804 162 150 137 1.3187219919426911 3 4032 2 4057 12 1079 6 4341 5 1062 8 5068
264 2.4124411055581163 -0.83617903708445929 5.915943529467051 33 27 19 0.90316972933345196 3 6196 2 4074 12 1097
265 0.82274066943416435 -0.74438325389847604 5.0046464996979099 141 124 108 0.3477558805752009 3 4188 2 4084 12 4499 5 1066
267 2.1461001817368248 -0.80336322484904499 5.8055244910975201 38 33 29 0.81949688685436983 3 6215 2 4089 12 4524 13 937
268 1.9380935098642516 -0.78924167057046124 5.722250647516133 56 56 54 1.0669271983084736 3 6231 2 4096 12 4521
269 1.9218539158786565 -0.76493053775453146 5.7042097126584803 146 136 120 0.6969478726164241 3 6243 2 4106 12 1121
270 -0.095112062265459041 -0.8143637007676694 6.3178009683102037 94 83 73 1.2401892045287968 3 4266 2 4112 1 1313 5 1017
271 1.0021532821603676 -0.70392363964159954 5.0672412639828659 147 126 107 0.7423165830720112 3 4198 2 4113 12 1109 6 4197
272 2.1061475265314922 -0.71012016311139647 5.7536820634603476 40 31 25 1.4306715852735279 3 6262 2 4134 5 1132 4 1433 13 976
273 1.067074440714276 -0.66146979014021023 5.0891065137396447 147 129 109 1.1624976965912788 3 4223 2 4138 12 4536 6 6444 5 1121 4 1420 13 980
276 1.8149707774821016 -0.54616367874917526 5.2279500685568303 50 36 23 1.3153116103979574 3 6337 2 4184 8 6935 9 9065
277 1.8149707774821016 -0.54616367874917526 5.2279500685568303 50 36 23 1.3153116103979574 3 6338 2 4185 8 6936 9 9066
278 -0.25855331123232206 -0.51191552207163982 4.5550453589720377 150 137 127 0.89817512907200336 3 1436 2 4196 12 4574 6 6333
279 0.89074903300560471 -0.52122106714535477 4.9802289542177967 153 135 115 1.5092168990848831 3 4328 2 4205 12 1306 9 6314
280 -0.40258086623216915 -0.4963351353686814 4.5427892259594822 145 135 125 0.88235322244441294 3 1482 2 4211 12 4581 6 6318 4 1462
281 -0.66645032453912489 -0.49136391840478544 4.5625373003027097 152 142 130 0.8676143654676246 3 4452 2 4218 6 7790 5 1194 13 1038 1 1508
282 -0.21130479676860203 -0.45188743016370725 4.5567605752533966 115 107 96 0.8152583842303307 3 4448 2 4239 12 6762 2 6223
283 0.82083186057188362 -0.4637768444722889 4.9399255732460698 160 139 122 0.51485624545166675 3 4358 2 4240 12 4661 6 6511 5 1263 4 1531 13 1120
284 1.1256715479420596 -0.44761881635448569 5.0645729592368802 168 148 124 2.6891924247076173 3 6410 2 4258 7 9234 13 1154
285 1.0128285559320456 -0.44145578705023247 5.0163373274057879 134 108 83 0.38087993358986877 3 4362 2 4261 12 1411
286 1.6889658065999862 -0.44058012031208105 5.1491999225281964 49 36 22 1.1764228759160693 3 6384 2 4264 8 6968
287 -0.20809454698154906 -0.42735858453816117 4.5524241237484571 99 88 82 0.46353649257572571 3 4475 2 4267 12 4639
288 -0.20809454698154906 -0.42735858453816117 4.5524241237484571 99 88 82 0.46353649257572571 3 4476 2 4268 12 4638
289 -0.38035035751157054 -0.42322304529787869 4.5257839154672945 139 129 120 0.71041763583257822 3 4489 2 4273 12 4635
290 0.058857789248431269 -0.42153061321661189 4.6227479700677421 41 31 19 0.66260844616370873 3 4456 2 4278 12 4665 13 1138
291 0.46665223956847596 -0.42801737607303497 4.8068034048130652 177 160 144 0.42969584565007857 3 4419 2 4279 12 4678
292 0.3317146212321273 -0.41827606204121492 4.7481560024984137 136 126 113 0.58715500651109598 3 4445 2 4284 12 4680 5 1286 4 1549 13 1152
293 -0.059139888742222063 -0.41123667976546519 4.5834082956871658 162 153 146 0.082438720550353742 3 1562 2 4287 12 1386
294 0.79112730534229736 -0.41572692157933122 4.9233397698296182 80 61 47 0.65485805116718721 3 4406 2 4291 12 4697 6 6532 5 1306 4 1568 13 1166 1 1602
295 1.6557215954639444 -0.4111888249752309 5.1252271367838071 36 24 12 0.49009194020924413 3 6402 2 4301 12 1464
296 1.8944320620088679 -0.4155671151848272 5.2314014897200458 43 31 19 1.4955441837172061 3 6389 2 4302 8 6972 9 8456
297 1.9463126014521137 -0.40873459633963666 5.2185590325720517 64 48 35 1.2948576429428502 3 6387 2 4308 6 1430
298 1.7629387401503753 -0.40058216054576606 5.1682956965089826 36 22 10 0.63907987785041576 3 6404 2 4318 12 1481
299 1.6590748337882686 -0.38604153935182306 5.1114866828906553 166 146 122 0.53952823070658651 3 6418 2 4321 12 1485
300 1.658819280296699 -0.38551998059303538 5.1133256450375084 166 146 122 0.61895240454008982 3 6419 2 4322 12 1486 9 9100
301 1.6132502155639847 -0.38338650454640899 5.0904609526382636 98 79 65 1.6023175839347958 3 4370 2 4327 8 6288 9 8491
302 1.6150108542231383 -0.38580234859774998 5.0882763758632947 98 79 65 1.3959870501136959 3 4371 2 4328 7 8583 9 8490
303 1.862272528935391 -0.38738069173002182 5.2073412669343249 37 23 10 0.45051608722211234 3 6405 2 4330 7 7638 8 6281
304 1.0844195250724145 -0.3769395321452651 5.0287173803933394 170 148 125 0.39602401924277059 3 4430 2 4337 12 1473
305 1.0844195250724145 -0.3769395321452651 5.0287173803933394 170 148 125 0.39602401924277059 3 4431 2 4338 12 1472
306 1.9631547423328519 -0.37632016900859172 5.2290488933245083 46 31 18 1.6200844552939035 3 4359 2 4339 12 1502
307 0.55765713809196416 -0.36187955521337162 4.8299637522161483 45 35 25 0.3313964222658925 3 4486 2 4350 12 4722 13 1202
308 0.55736573500583386 -0.36188378321383713 4.8305414288502204 45 35 25 0.38642027601566015 3 4485 2 4351 13 1203
309 -0.081060266122894853 -0.35165451773015871 4.543001842936782 44 36 33 0.73820877882872915 3 6521 2 4357 4 4416
310 1.7894765009389468 -0.35077703764645124 5.1698408806005318 51 34 21 1.312364490257361 3 6438 2 4363 8 7003 9 9095
311 -0.4528073130321757 -0.34273187009053696 4.5015009357033033 141 131 122 0.72863187891760017 3 4547 2 4366 12 6811 6 8801 13 1198 1 1617
312 1.8353315051532979 -0.34292380304954528 5.1851941026402821 56 44 31 1.6789539195729097 3 6447 2 4369 12 1532 8 7005 9 8479
313 1.8356658972490263 -0.34255897075199671 5.1823664017273803 56 44 31 1.5209752520113535 3 6448 2 4370 12 1533 8 7006
314 0.63187735601935513 -0.33851872615290685 4.859117009827469 176 167 159 0.67364684109261563 3 4496 2 4375 12 4742 4 1625 13 3707
315 0.13780600787492464 -0.3315483218298087 4.6217304405898183 31 20 14 0.55745375995650914 3 4517 2 4378 12 4737 5 1356
316 0.13780600787492464 -0.3315483218298087 4.6217304405898183 31 20 14 0.55745375995650914 3 4518 2 4379 12 4736 5 1355
317 -0.99837988783545861 -0.32626260409488739 4.6008264976794297 144 131 123 0.9315528710626868 3 4609 2 4389 6 8774 5 1310 4 4381 13 1186 1 1593
318 3.3525611597855391 -0.32029677310834886 5.9329817253281174 172 146 121 0.78667017877288192 3 4344 2 4394 12 1595
319 0.40503869796867592 -0.30660718438064188 4.7259082758443247 38 27 21 0.54691009306698535 3 4524 2 4401 12 4762
320 2.4560092363136241 -0.29779983269048588 5.4394938314419532 133 115 99 1.9031166965725377 3 6458 8 6997
321 0.47352391464254656 -0.29651765757483955 4.7603640421222204 47 33 26 0.44104910731967406 3 4528 2 4417 12 4776 6 6562 5 1394
322 2.4342643609515431 -0.29341380461090882 5.4371908543166088 49 37 25 1.789914732001046 3 4409 2 4421 8 6297
323 -0.10210880073543468 -0.29044283667733406 4.52551257546674 171 158 149 0.56773849147150013 3 4572 2 4428 12 4760 6 7931 4 1644 13 1255
324 -0.99222553610277964 -0.29147830009833497 4.5878952379906552 142 129 120 1.0447474891281097 3 4637 2 4429 6 7848 5 1339 4 1581 1 1620
325 2.4793757090926287 -0.28056452062224635 5.4368904386699706 55 41 32 1.7729883941472775 3 7654 2 4435 8 7492
327 2.5340500905451311 -0.27569362875601833 5.4558194568851519 39 23 8 1.9424069366765977 3 7656 2 4443 8 7493
328 2.5044300518029212 -0.26302440832160567 5.4288554193196896 191 171 149 1.0556877962518532 3 7667 2 4450 12 1624 7 7731
329 2.5044300518029212 -0.26302440832160567 5.4288554193196896 191 171 149 1.0556877962518532 3 7666 2 4451 12 1623 7 7730
330 1.0391217039203295 -0.25953549916058605 4.9859724370881739 140 116 92 0.4580684334867644 3 6527 2 4466 12 4820 5 1437
331 1.0391217039203295 -0.25953549916058605 4.9859724370881739 140 116 92 0.4580684334867644 3 6528 2 4467 12 4821 5 1436
332 0.32336790724826731 -0.25285857332700767 4.6910077166144086 157 134 116 0.46275572339431353 3 4582 2 4476 12 4803 6 6566 5 1424 4 1679 13 1300
333 0.95341226189295369 -0.24375522545560918 4.9506090158950249 194 172 149 0.35966100742739532 3 4543 2 4481 12 1601
334 1.0343013596700497 -0.22230197532158136 4.982203484871393 128 104 80 1.9660833179447348 3 4565 2 4494 12 1626 7 8594
335 1.0343013596700497 -0.22230197532158139 4.982203484871393 128 104 80 1.9660833179447348 3 4566 2 4495 12 1627 7 8593
336 2.0995672437532114 -0.19780969345026894 5.2435995885639297 166 140 113 2.027155504121211 2 4515 9 8480
337 -0.29106150155400479 -0.18469317850417696 4.4720345937186714 156 137 122 0.66498573507907932 3 4683 2 4530 12 1622 6 6537
338 0.99121650769800862 -0.16871789523272479 4.9514083958911828 182 158 134 2.9542314741489983 3 4622 2 4534 12 1677 7 8605 9 7732
339 -0.24484058834780198 -0.17712833583735552 4.4868481877473689 174 156 144 0.86878769298578062 3 1823 2 4537 12 4851 6 7966 13 1356
340 0.5046115293984661 -0.1407598810560155 4.7421628450188571 68 54 41 2.073925785448524 3 4667 2 4562 9 6509
341 0.84680545179461575 -0.13644773318404049 4.8842369046551708 119 99 88 1.1500095811652971 3 6594 2 4566 12 4894 6 6648 5 1517
342 3.9767177835753289 -0.095203919260061415 3.1744336898394194 113 98 81 0.33809723494509936 3 6382 6 1995
343 0.9854236363249862 -0.069994077417170578 4.9255066555907758 178 154 130 0.36501810858812378 3 6617 2 4605 12 4926 13 1417
344 2.0115863740910642 -0.054717094433661934 5.2344466122214204 88 74 65 1.1576951709088414 3 6591 2 4606 8 7528 9 9491
345 1.1335282020207547 -0.047022709028997266 4.9798446712819402 182 160 136 0.81363711547239448 3 6622 2 4611 7 8641 11 7933
346 0.86021940018887411 -0.036724802850410757 4.8643498569516179 179 160 143 1.9281588208554135 3 6632 2 4618 12 1842 9 7789
347 2.7589333091479253 0.03593382610317554 5.4460892560088237 86 64 41 1.8725551969459682 3 4676 2 4641 12 1939 6 1826 8 7067 7 7803
348 2.5536794405781316 0.090168751603804831 5.3264669823926791 66 47 30 1.5277140514955097 3 4724 2 4670 12 1994 13 1503 8 7077
349 2.5455764303214763 0.11850810453429864 5.3344972354263751 134 113 94 1.2617034324063754 3 4735 2 4691 12 4998 5 1672 13 1517 8 7080
350 3.2829495918513238 0.24813025800746924 5.7841193582944364 165 138 111 0.40343011080482127 3 7800 2 4730 12 5056 13 1574
351 0.96664415278739813 0.22334061142212325 4.8510100747694942 183 158 136 1.1884627211772485 3 6729 2 4755 12 2115 7 9328 9 8640
352 2.0943629446085943 0.30851363584078129 5.4582785323570953 95 77 65 1.9681328070766153 3 6720 2 4771 8 7135
353 2.094619519677305 0.30749064304588924 5.4583369211797912 95 77 65 1.7357656252069991 3 6721 2 4772 12 7082 7 9384 5 4460 4 2003 8 7136
354 1.4745838730723968 0.30423264783699905 4.687087263939083 140 110 82 1.7553676334713768 3 6756 2 4797 12 2233 7 8751
355 1.5188713123240332 0.30567779380857529 4.7099336697086631 154 124 90 2.2814785932719808 3 4933 2 4799 12 2236 7 8754 9 8628 8 7134
356 1.0020669309299968 0.32790102751517225 4.8446178640107771 177 153 129 0.97480971627633395 3 6770 2 4804 7 9800 13 1653
357 1.2190248365664167 0.3377148012336923 4.8403229799937151 128 102 75 0.97790147411289785 3 4947 2 4810 12 5134 6 6895 7 9364
358 1.221457979419037 0.3390576765600648 4.8321027530947269 128 102 75 1.2950326256633529 3 4948 2 4811 11 8377
359 2.2451185439836765 0.5018729880722812 5.4587315311908693 110 93 83 2.0212290676494953 3 4990 2 4849 12 2370 8 6493
360 -0.33659789366098281 0.37506394089561468 4.3211172467129861 163 142 127 0.69869597925466165 3 2368 2 4872 12 5194 6 8160 4 2138 13 1731
361 0.093088470448249916 0.39105728834829301 4.412947089480995 124 106 94 0.46265426994434594 3 5045 2 4873 12 2376
362 0.093088470448249916 0.39105728834829301 4.412947089480995 124 106 94 0.46265426994434594 3 5046 2 4874 12 2377
363 -0.17620156940919121 0.40672085919737794 4.358977855567213 78 60 46 1.0898704525610812 3 6835 2 4903 6 6898
364 0.99502676772427501 0.47817363796183293 4.8040523898223277 149 125 100 0.38771877652610759 3 5055 2 4906 7 9396 9 7908
365 -1.7038574093624916 0.44432786962724413 4.6835726373043141 19 15 6 1.4707067264574694 3 5120 2 4919 12 5215 5 1919 4 2134 1 2073
366 0.64475608558327213 0.47977588692104539 4.6699939053888375 124 98 78 1.0157321996930995 3 5085 2 4928 12 2446 6 5081 9 6740
367 0.43594105309942005 0.47285834486916162 4.5852459800733074 121 100 81 1.9026283843499594 3 6850 2 4936 6 8219 5 1971 4 2204 1 2156 9 8713
368 0.077098660506274841 0.45138017885542536 4.414193522929394 133 111 97 0.72084185086665187 3 5100 2 4940 12 5255 6 6948
369 0.43656535645103894 0.4938200991922081 4.5813749608938661 143 122 103 1.2203561919342756 3 5108 2 4952 6 5089 9 6773
370 0.62825992841906708 0.52393632433314341 4.6532606567448331 120 85 63 0.84260254006802138 3 5119 2 4965 12 2473 6 5123 9 7948
371 -0.65721090217393385 0.48899166392413723 4.3379849797831396 82 63 48 0.83250205318302894 3 2490 2 4978 12 7224 6 8971 13 1807 1 2173
372 0.68942999602539312 0.55593463629016426 4.6718514515660718 126 92 70 1.3663388348298215 3 5132 2 4982 6 5142 9 6778
373 2.7476127895395455 0.65015105289740416 5.300747967424928 141 108 75 0.94656514663492608 3 6853 2 4983 12 2504 6 2414 7 7946 11 6801
374 0.2044903877016499 0.54075662813235992 4.475150071470785 131 104 85 1.4276493161162009 3 5160 2 4994 12 2509 6 7011 9 6821
375 0.45648454275916989 0.58297477977565748 4.5670987313706419 168 150 130 0.52934104531582571 3 5178 2 5009 6 7038
376 -0.3434924102339133 0.5612912069422562 4.3615119394382278 127 105 82 0.93467575613506138 3 2546 2 5015 12 5351 6 7018
377 0.10546344854032802 0.60690426103320405 4.3945255683706481 147 121 99 0.60775136345828773 3 6900 2 5026 12 5382 6 7058 9 6854
378 0.16254846181243493 0.62442057677827423 4.439236196140218 120 88 64 0.41294047678111845 3 5199 2 5033 9 5065
379 0.21412256375487498 0.64141708767113603 4.4604971560950366 134 106 82 0.64291477880547443 3 5213 2 5047 6 5206
380 0.95824644562054084 0.70406549424088549 4.7363896462697959 173 154 137 0.84906388020335799 3 5214 2 5054 12 5406 7 9475
381 0.92899390123521797 0.70337947862577077 4.7138712351878675 181 163 144 1.2436014733223066 3 5219 2 5057 7 9474
382 3.95050681750803 0.49013048862336833 3.201014967096981 164 150 141 0.11140615170361093 3 6868 12 2659
383 0.063271986792929447 0.65337739517890014 4.3671952334179274 154 128 103 0.44318802424040399 3 5234 2 5070 12 5423
384 3.9670701496669576 0.5127912783521289 3.1754038716012856 153 140 131 1.3201251137843191 3 6886 12 2686 6 5376
385 0.23271852063357229 0.70387304657551231 4.4520554049799603 171 144 123 1.1663878672889942 3 6936 2 5095 6 7136 9 8015
386 0.64718370617499854 0.73655141957166892 4.6170337516875719 135 110 86 1.1985973294799845 3 5252 2 5097 6 5293 9 8003
387 0.64718370617499854 0.73655141957166892 4.6170337516875719 135 110 86 1.1985973294799845 3 5253 2 5098 6 5294 9 8004
388 0.16278540262867808 0.72998780792939488 4.4196275418526287 156 129 103 0.83248895616262375 3 5279 2 5106 6 7164 9 6890
389 0.075744487460085608 0.72244936908447532 4.3573541870318921 146 112 83 0.91197104978648336 3 6948 2 5110 12 2693 6 7163 9 6901
390 -0.20300875411440844 0.72095182087958065 4.3472359423932465 101 80 60 0.57489846923582644 3 5290 2 5111 12 5482 6 7156
391 3.4091385822077838 0.9883419143660801 5.6896544849781767 154 130 106 2.4465357728474681 3 6942 2 5112 7 6853 12 2701
392 0.98711091748468016 0.81189866913688613 4.7215763157462449 163 151 139 2.3965819122289442 3 5292 2 5121 7 9500 9 8767
393 1.0150656159158262 0.81418309049374704 4.7268450194969791 167 155 143 2.0924041311402179 3 5293 2 5122 7 9501 9 8765
394 0.62498931154075521 0.8322672013912249 4.5878313771837531 143 116 92 1.2987275174874213 3 5318 2 5147 6 5382 9 8036
395 2.5357461959447223 1.0119746166044132 5.2688623381297006 115 87 66 1.5362826985096298 3 6987 2 5171 12 2776 6 2724 7 8032 8 7614
396 0.67532259981031406 0.8705411440381905 4.5955895371641677 101 76 54 1.3025273490664249 3 5341 2 5172 9 8055
397 1.4707650601017319 0.92819358453044987 4.5035377552555635 119 95 69 2.5541071668449318 3 5375 2 5212 12 2854 7 9519
398 0.74489743883251025 0.97400810024792395 4.600838378526376 94 75 58 0.41072505946627996 3 5395 2 5237 6 7292 13 2124
399 1.8522335771396787 1.2256229480387699 5.2523507308200239 65 54 52 2.3111876413090311 3 7077 2 5287 7 8101 12 2989 8 7248
400 -0.70120438152407383 0.97672100194547329 4.2397108920242017 79 62 44 1.0973277626581954 3 5445 2 5292 1 2530
401 1.260877979859957 -1.7382663400667357 5.3833232871478209 130 118 106 0.66054490399341681 3 5901 2 5854 8 5983
402 2.2710275284019779 -1.6746727352872273 5.8828767039068266 62 61 59 1.3858252808157945 3 7385 2 5882 12 6438 5 3618 4 3926 13 3272
403 1.0804005807030321 -1.488924126113798 5.2581917214026967 141 127 114 1.7690778653507291 3 5920 2 5896 13 462 8 6018 9 7454
404 4.0693345421364731 -1.0848320530129354 3.4399211639078167 172 158 147 1.9588414379129442 3 7322 6 4274
405 3.2278137939805016 -1.6116415065500005 6.152484301984332 115 106 101 1.9195080511026223 3 7383 2 5907 7 6055
406 4.0788304229101033 -0.97813061647287647 3.3039375111590936 77 63 54 2.1827381260200802 3 7330 6 4350
408 1.8189371593522203 -1.3871519939543402 5.7968875373769757 44 44 52 0.97528059932764777 3 7417 2 5940 12 4204 6 3905
409 1.044072757184475 -1.2697420696603368 5.2094599903673737 156 139 123 0.87783489684931204 3 5990 2 5949 12 4200 6 6156 4 1049 13 594 1 1136
410 3.1823624689773622 -1.410640289641852 6.1079723484626012 119 107 98 1.2761831638099526 3 7401 2 5951 12 4272
412 1.0159826132327219 -1.2208637981557735 5.1741922844274244 131 111 94 2.3193957605784559 3 6010 2 5956 12 6519 9 7499
414 1.1688294174747074 -1.212020621378765 5.2332918388516818 151 136 117 0.88118990320321544 3 6013 2 5964 8 6056 9 7482
415 1.1693195920612147 -1.2125312669172392 5.2329516083691283 151 136 117 0.58919494131963923 3 6014 2 5965 8 6057
416 1.2283639976649354 -1.2110180124115038 5.2660824982618655 141 122 105 1.4728690107786389 3 6015 2 5966 13 3381 8 6059
417 1.836219351373952 -1.2793504424229338 5.7807175290381565 61 64 69 0.87575182709668342 3 7436 2 5969 12 6539
418 1.836219351373952 -1.2793504424229338 5.7807175290381565 61 64 69 0.87575182709668342 3 7437 2 5970 12 6540
419 1.8095923011667518 -1.2532383297024596 5.7609990061448046 172 159 144 1.1471529379344962 3 7442 2 5975 12 6551
421 2.2177948791134199 -1.2419611082599289 5.9226899552062848 67 71 75 2.143527460615934 3 7438 2 5991 8 7372
422 2.2177948791134199 -1.2419611082599289 5.9226899552062848 67 71 75 2.143527460615934 3 7439 2 5992 8 7371
423 0.90320822582392846 -1.1018436732426951 5.1053292602447504 155 141 128 0.85876541199640066 3 6085 2 5999 12 6555 5 3797 4 4063 13 3406
424 0.87104233461139424 -1.073800651543855 5.0590263868146188 53 45 42 0.66290131909689076 3 6093 2 6008 12 4304 6 6210 5 873 13 699
425 0.91602716062828904 -1.0690154651457278 5.0842909351917918 51 44 38 1.6880703023848169 3 7490 2 6014 12 4313 6 6217
426 2.1731776484444945 -1.1728687218382019 5.8952258372079118 135 122 106 1.267402624450821 3 7456 2 6017 12 6579 6 6352 8 6857
427 2.0268099209364072 -1.1425492337218441 5.8250080429651181 152 138 125 1.8507245804995469 3 7461 8 7381 2 6024
430 1.8093894339582168 -1.1052801415527249 5.7158004963047295 155 138 118 1.5163597202272205 3 6077 2 6033 5 3821 4 1199 6 6336
432 2.3789508554159235 -1.1241433217824817 5.9442163469413956 155 142 129 1.8785695889170448 3 7462 2 6036 12 6608 6 6385 7 8518 4 1226 13 766
433 1.6372872485373102 -1.079555819272715 5.6549356023374324 39 37 42 1.4783228966790507 3 7485 2 6037 8 6870
434 1.8932824628166118 -1.0821473595063675 5.751130039578717 131 117 104 1.3355295428585479 3 7476 2 6042 12 4405 8 7390
435 0.85156219649736409 -0.98098488731352673 5.0693044610413089 114 101 93 0.50833972452435294 3 6145 2 6049 12 6585
436 2.1970936490290685 -1.0711385214288847 5.8722588319340447 67 62 66 1.6756421586119086 3 7473 2 6052 8 7386
437 2.1970936490290685 -1.0711385214288847 5.8722588319340447 67 62 66 1.6756421586119086 3 7472 2 6053 8 7385
438 1.7844710874080327 -1.0478591969432383 5.7061539515748576 184 168 150 1.5842420579276624 3 6106 2 6055 8 6876 9 9029
439 0.89804039383305079 -0.95742911108007123 5.072199306268911 168 151 135 0.82514486863919767 3 6166 2 6060 12 6600 5 3860 4 1232 13 3459 1 1309
440 1.6335950135187549 -0.96945212969612715 5.6272681048547604 38 39 44 1.4444318746646643 3 7517 2 6075 9 9045
441 1.0457024139039528 -0.85959140418727964 5.1175472432304456 166 148 128 0.7529271650617525 3 7551 2 6093 12 6639 6 7826 4 4168 1 4090 14 920
443 1.8844543275816932 -0.89399525634268096 5.7084504157505913 97 83 64 1.2546057548614586 3 6190 2 6102 12 4478 5 1041 13 888
444 2.40829817601628 -0.89087042785912063 5.9288877171941063 48 47 52 1.723128145608865 3 7524 2 6109 13 906 4 1336 8 7410
445 0.82755171299776009 -0.77566721639026426 5.0133748608846815 195 174 157 0.52272052370860145 3 6254 2 6119 12 4489 6 4095
446 -0.031247710387695693 -0.89272544561059597 6.3168658477005266 116 100 85 1.4250107368699603 3 6305 2 6122 4 6138
447 -0.031247710387695693 -0.89272544561059597 6.3168658477005266 116 100 85 1.4250107368699603 3 6304 2 6123 4 6139
448 2.5800980625313579 -0.81382140562367455 5.8721897911619161 152 132 105 1.0464446769687541 3 7539 2 6132 12 4527 6 4379 5 1090
449 0.94296532924109644 -0.73746572779148378 5.0477890417784836 174 155 138 0.767584477904522 3 6273 2 6133 12 4507 6 6383
450 1.054054648438437 -0.71134465571381233 5.0907206966423075 142 121 102 0.83647187194921868 3 6284 2 6145 12 4518 6 6415 5 1092 4 1377 13 958
451 1.2778745919974916 -0.60581168679978181 5.0506178144093026 51 32 14 2.3720282555269625 3 6322 2 6170 7 9716 14 1080
452 0.79711692398168998 -0.56358192310831123 4.9688526976950564 76 57 42 0.64359263855408155 3 6365 2 6182 12 6734 6 7908 5 4044 4 4321 13 3607 1 4220 14 1085
453 2.6808812369970556 -0.60675771614588037 5.8401408478191854 48 43 36 1.407625347362337 3 4203 2 6185 13 5336 14 3484
454 1.843762703394848 -0.56346556359465438 5.2238531422976822 164 147 128 1.0371646844076003 3 7597 2 6188 8 7443
456 -0.070575113377462584 -0.44891462502258506 4.5896828164368948 152 140 128 0.65318088927033802 3 4442 2 6226 12 4625 12 6769 6 7867 5 1248 4 1508 13 1104
457 -0.18349249935612369 -0.43512683729349172 4.5579491095916636 50 41 32 1.0489802048961503 3 4458 2 6230 12 6780 6 7861 4 1509 13 3665
458 -0.31827524913598859 -0.42702065262929073 4.5355181381833551 143 134 125 0.93931981733438907 3 4483 2 6232 12 6779 6 7850
459 0.52717050932752207 -0.42163670630271682 4.8248897471889709 155 137 117 0.37716704144407709 3 6472 2 6238 5 1291 13 1159
460 -0.018485571508613907 -0.41083214353342723 4.5950391030479754 126 112 99 0.16063301946910755 3 6493 2 6240 12 6794
461 1.8379820906488504 -0.40464552293797362 5.1883776009780798 158 141 126 1.1305021773049988 3 7627 2 6244 8 6975
462 -0.29888941316724482 -0.36090291521001094 4.4997532255363355 40 35 31 0.87701311959216577 3 4519 2 6260 12 6807 6 8804 4 1564 13 1190
463 1.6351479168304437 -0.36610698574545963 5.1013542168993533 37 24 16 1.5475806623504715 3 6432 2 6261 12 1504 13 1232 8 6999 9 9103 7 8597
464 1.6867689195336515 -0.36223447392198665 5.1258722248079129 50 33 22 1.8758267336718795 3 7645 2 6262 12 4757 6 4516 13 1235 8 7487 9 9101
465 1.685151180569453 -0.36372198368799757 5.1285241188085138 50 33 22 1.1982403652889819 3 7646 2 6263 12 4758 8 7488
466 1.8669352131088641 -0.3550605306643726 5.1867234043044101 138 116 91 1.4928329827676221 3 6429 2 6267 6 4528 7 8614 11 7370
467 1.8938130906322441 -0.33848889291447021 5.2015869639096453 22 12 3 0.73563146449481043 3 6457 2 6272 12 4783 7 8619 13 1256
468 -0.093770685651148017 -0.3250433540395013 4.5376363094350118 181 171 161 0.68769970382573364 3 6532 2 6282 12 6831 6 7919 4 1612 13 1227
469 1.205201380402906 -0.32917427895169532 5.0317248725642125 171 147 119 1.687190277868599 3 7672 2 6284 7 9741 12 6860 13 3714
470 -0.40039005167431857 -0.30208073366346289 4.4885774960412563 141 128 119 0.71956142918981625 3 6557 2 6294 12 6834 6 8817 1 1645 14 1225
471 -0.23750261714164339 -0.29631166192804503 4.4998148378113463 134 120 111 0.4523518678784435 3 6553 2 6296 12 6843 6 7918 4 1629 13 1246
472 -0.047341722335252523 -0.29167548805497245 4.5429813121222047 115 101 90 0.46893040416249171 3 6546 2 6299 12 6854 6 7934 5 1386 4 1645
473 -1.1292756176741561 -0.28456329232786054 4.625340040526086 131 120 114 0.78192765020096466 3 4650 2 6304 4 4405 1 4284
474 2.6113004478546413 -0.25292778439759062 5.4814083851949373 157 132 111 1.8968075293340443 3 8463 2 6320 8 7753
475 2.6113004478546413 -0.25292778439759062 5.4814083851949373 157 132 111 1.8968075293340443 3 8464 2 6321 8 7754
476 0.38297978541199201 -0.24660598436962392 4.7112513902589699 111 89 76 0.45776105517137083 3 6558 2 6325 12 6894 6 7979 5 1435 4 1693 13 1313
477 0.9293223504419208 -0.24803817510889967 4.9370353752843936 170 152 128 0.32847883584131476 3 6533 2 6326 13 3779 12 8292
478 0.26030442209411714 -0.21540178456637699 4.6697219103688798 152 135 118 0.45381225471249947 3 6573 2 6342 12 4831 6 6583
479 0.4142740944961974 -0.20541318603991093 4.712349999118425 146 126 113 0.010877774280464412 3 6570 2 6348
480 2.6120768330941644 -0.19346810847825582 5.4780242105217791 155 129 104 0.87612096337185508 2 6349 8 7756
481 0.63549874090708891 -0.17623037423194102 4.8247521365407895 147 133 120 0.33606475227553567 3 7731 2 6362 12 4865 5 1489
482 3.2520233706383195 -0.10123187177756525 5.8562108285128689 113 87 64 0.24882282574827053 3 7695 2 6379 12 4923
483 0.89756057445873716 -0.11230442674681951 4.8955051860072007 171 151 127 1.3010800149934203 3 6598 2 6384 5 4296 13 1401 9 8588
484 0.97704264204412872 -0.11143440388463066 4.9328168406907871 184 159 137 1.4727881103878013 3 7748 2 6385 12 6936 7 9756 5 4297 13 3835
485 0.95673749628749083 -0.08800807867201535 4.9161444955335494 162 138 110 1.1517536344009141 3 7753 2 6391 12 6942 5 4313 13 3840 9 8591
486 1.0079931131484774 -0.086324711654317571 4.9416044132890722 159 135 111 1.1836019239349151 3 6605 2 6394 12 4917 7 9280 13 1410
487 1.0079931131484774 -0.086324711654317571 4.9416044132890722 159 135 111 1.1836019239349151 3 6606 2 6395 12 4918 7 9281 13 1411
488 1.0912220134902151 -0.075506919427051053 4.9657060981407941 152 128 104 2.0115438254467648 3 6610 2 6399 7 9288 9 8579
489 2.5066713897947426 -0.024863690222340511 5.3247918771909557 140 125 104 2.1299708626792611 3 7737 2 6412 4 1838 8 7520
490 2.5037657567613403 -0.026532110934326308 5.3108108219420291 140 125 104 0.63751043447941014 3 7738 2 6413 6 4725 4 1837
491 3.9463654374714245 -0.044252413684706136 3.2664264196912174 39 25 14 1.5414548179794543 3 8992 12 5011
492 -0.32650781631776982 0.028851528214026811 4.4228641532548263 153 137 124 0.44939972731609412 3 4810 2 6447 12 6982 6 8888 13 1482 1 1830
494 1.0346100246322558 0.21159166459589229 4.8864783758181964 140 120 96 0.37178998700969851 3 6719 2 6507 7 9329
495 1.0674237500279573 0.21395739452007484 4.8983803915175868 133 111 87 0.78587022381105265 3 6718 2 6509 12 7058 7 9788 13 1580
496 1.9532062024612022 0.2930650743902235 5.4063179568274879 103 83 68 1.6242113250797956 3 7828 2 6527 8 7559
497 2.071237969057345 0.4592432477572958 5.3915371530062099 58 48 38 2.5395998706930047 3 7863 2 6589 13 1699 8 7575
498 2.1608418746349618 0.48238789072039973 5.4288521256071931 127 108 94 2.1469161497416489 3 7868 2 6594 8 7577
499 2.6954050404496388 0.46916559236223526 5.3283610591850392 107 84 65 2.1563759904226663 3 7858 2 6595 13 1718 5 1905
500 2.7294173801362631 0.49168971765920316 5.3251165292086622 156 126 93 1.0314767004429255 3 7869 2 6602 4 2151 1 2116
501 2.7383834867556249 0.54445617731665941 5.3193312972195574 155 125 90 0.88583399651643635 3 7882 2 6614 12 5245 7 8825 5 1966 13 1753 11 7576 8 7796
502 1.0906730982918793 0.48385304593477901 4.8459424176974126 143 119 95 1.8337214410312792 3 7892 2 6617 12 7188 7 9827
503 0.34861143204170347 0.4623200854873904 4.5496189664820577 103 81 67 2.077617973021622 2 6623 13 4088 5 6169 14 1651 9 8714 9 9249
504 2.0256042224683117 0.6155149203721122 5.3449570952608561 73 54 38 1.5917539267572138 3 7897 2 6641 12 5289 8 7586 7 8829
506 2.8793559499993004 0.65587946416074039 5.1942560549905048 180 158 134 1.328241896660838 3 8607 2 6663 8 7803
507 0.43637436566640547 0.56083759143769063 4.566224403895724 123 101 80 1.1970550935227056 3 6870 2 6666 6 9000 5 4606 4 4813 13 4121 1 2194 14 1699 9 8731
508 0.52543718449607524 0.5693189468957438 4.6040218178708416 137 114 96 1.3014372388823126 3 6869 2 6668 6 8264 5 4607 4 2270 1 2197 14 1700 9 8727
509 0.91052099266090125 0.60932316523097252 4.7405077656271466 167 147 122 1.2934679953571688 3 6871 2 6672 6 7055 7 9849 9 8717
510 -0.47309163716058938 0.55092369029714039 4.3565558417643597 138 115 97 0.91259178413662245 3 6888 2 6677 12 7250 6 8991 4 4828 13 1850 1 2208 1 4604
511 0.30050638243154132 0.58605068433656693 4.5048269563079595 160 132 110 0.86307914151224008 3 6882 2 6679 12 5352 6 7040 5 2076 9 7985
512 0.2191848578690751 0.60524385362011857 4.4717946934305575 137 107 83 1.3365160940942331 3 7922 2 6685 5 4631 13 1876
513 0.56788906336564438 0.65509038360638705 4.6003512031677998 146 120 95 0.44774257475606122 3 6904 2 6691 9 7992
514 0.59270061598438772 0.6558436304031483 4.6103688875802966 173 148 126 0.61519373135619049 3 6905 2 6692 12 5393 6 7088 5 2108 4 2320 9 7990
515 0.50561355148015896 0.66476550662400968 4.5740672486053002 17 13 10 1.1143765829214947 3 6909 2 6696 5 4656 1 2274 9 8751
516 0.94071558493484031 0.72560229384455543 4.7184066236607247 107 95 84 1.0197292920624026 3 6926 2 6711 7 9868 4 2361 9 8747
517 0.28880243482104723 0.69829953796937216 4.4749378587243482 175 147 125 0.71955119847312776 3 6934 2 6714 5 2162
518 3.3480601516976094 0.98627653510789481 5.6532831953044189 160 138 115 0.7501739572902334 3 7960 2 6733 12 5484 5 2214
519 -1.6595729184987515 0.7536585891699199 4.6186151727722597 116 99 81 0.59457014821590437 3 6957 2 6734 12 7303
520 0.2169144548042084 0.75163665209713404 4.4360907762331792 133 101 76 0.46872917634385997 3 7964 2 6735 12 7306
521 0.57333687828356328 0.78755077607665913 4.5738461024180728 129 103 78 1.2107319722438346 3 6956 2 6739 6 7190 5 2232 4 2418 9 8772
522 3.2902866819155734 1.0080299096183278 5.623524656731175 132 110 86 0.84170403643758362 3 7970 2 6746 12 5502
523 3.2902866819155734 1.0080299096183278 5.623524656731175 132 110 86 0.84170403643758362 3 7969 2 6747 12 5503
524 3.3332663664486564 1.0841939244111365 5.634984696957857 125 100 79 0.40989841986062414 3 7986 2 6774 13 2038
525 0.7362233890901051 0.92707275213567031 4.6118915777987102 162 139 123 0.33862799920948944 3 7004 2 6809 13 2089
526 1.2252724955438938 0.96042795644311618 4.6718968662007452 60 51 40 1.2371491207530949 3 7008 2 6814 12 7374 6 8407 4 2530 13 2098 1 2439 11 8839
527 0.40575071593957462 0.91581389988377326 4.4787612104324692 96 77 62 1.3792879905136994 3 7011 2 6820 6 8406 5 2344 13 2107 9 8076
528 1.8180602974910247 1.1325431065508178 5.2674242458497531 73 58 55 2.3333902393059041 3 7034 2 6846 8 7624
529 2.1226894971023706 1.159234841576483 5.3739014365924547 35 24 20 0.97006467172950772 3 8029 2 6847 12 7395 7 9531 5 4793 13 4321
530 1.8882180224295153 1.1401893298141825 5.2802833510597127 78 63 58 2.3960523556171696 3 8708 2 6849 7 8926 12 2906 8 7625
531 0.42043979275815052 0.96574861455839089 4.4723844021848684 166 141 121 1.1495438251683914 3 7036 2 6850 6 8424 5 2395 4 2567 13 2137
532 1.0268263803339421 1.0247641088790616 4.6848354811691459 119 97 74 2.3558903244343523 2 6855 7 9902 12 5644 3 7039
533 1.3681095024430341 1.0029133677483311 4.5408459593466626 93 69 45 1.197957948065917 3 5414 2 6857 12 7412 6 8432 4 5024 13 4333 1 2480 11 8847
534 1.3681095024430341 1.0029133677483311 4.5408459593466626 93 69 45 1.197957948065917 3 5415 2 6858 12 7411 6 8433 4 5025 13 4334 1 2481 11 8848
535 0.44393222216764455 1.0157001772068086 4.4729476312733398 165 143 122 1.8235315326667745 3 7053 2 6870 6 8442 5 2442 4 2603 13 2185 9 8821
536 0.20857599675266419 0.9966689536698099 4.3768955652377279 95 76 61 0.89822877002222978 3 8046 2 6873 12 7440 4 2609 13 4364
537 0.2253512523738373 1.0199257642022141 4.3781340029859876 157 136 119 1.3965945646426343 3 7069 2 6891 4 2620 13 2206
538 -0.14774448263051951 1.0564056747534991 4.2820646180526953 153 131 110 1.686117426642761 3 7099 2 6918 12 7496 6 9141 4 2685
539 1.0693623035975888 -1.6337804744806312 5.2832185351118168 164 152 140 1.2269885627514427 3 8284 2 7285 8 7335 9 9018
540 2.0157120891161719 -1.6932643714135256 5.8518179089703155 162 148 135 1.266230478165949 3 8276 2 7289 12 8049 5 5624 13 5101
541 2.108265708210876 -1.6995506523068298 5.8931299841587181 164 150 137 1.4677656097312188 5 3599 4 869 13 3264 8 7333 9 9433
542 2.1871311415709318 -1.6636208076041912 5.9173415734067722 150 137 121 1.1641166062194734 2 7297 4 3922 13 3275 14 642 12 6439
543 2.0574480277739102 -1.6098717968277405 5.8489685253362156 162 148 135 1.7304824238859939 3 8289 2 7300 12 6450 6 3817
544 2.2621966040997283 -1.5582813730203044 5.9272043665655296 161 145 130 2.0969654530966282 3 8296 2 7306 12 6474 5 3673 4 967 13 3303
546 2.9091102388433465 -1.477487216420972 6.0058792744798133 139 126 117 1.3112066599170262 3 8295 2 7312 12 6516
547 1.9625097084263228 -1.4186333708454657 5.8580960593923033 57 57 65 0.89227981653319421 3 8307 2 7317 12 8094 6 7767 5 5684 4 4003 14 725
548 2.0963593363133008 -1.4090260190143509 5.911838565261224 42 45 50 1.4988184951236931 3 8308 2 7320 8 7352
549 2.0848162651920101 -1.3637864904321617 5.8863807383424787 102 89 80 1.2708277932501468 3 7418 8 7355 2 7330
550 -0.40224818366619519 -1.1393722358372933 4.7004412985049813 59 65 81 1.2505014523963167 3 7498 2 7333 5 5682 13 5153 14 3274
551 1.9366483573776265 -1.3091727052494699 5.8053931084969532 150 138 124 0.28106434904519728 3 7429 2 7334 5 788
552 1.8935352284654003 -1.3035194226992159 5.8051674021984923 63 64 69 1.1493385530451288 3 7430 2 7336 12 6535
553 1.9877752366116224 -1.2840032030115023 5.8354899980550288 53 53 58 0.83527532126520376 3 8312 2 7343 12 6544 6 6289 5 3777
554 1.7368386658421278 -1.2666937806522132 5.7306618751327552 151 135 121 1.6968728737585692 3 7440 2 7344 13 3383 8 6850 12 6542
555 2.3541532125641331 -1.2257727559024725 5.9668363814983021 45 44 50 1.979843897906536 3 8319 2 7351 13 697 8 7370
556 2.5978574980893039 -1.2048147269702714 5.9193805342747634 56 51 45 1.2774593294588399 2 7354 12 8127 6 7844 7 9218 4 4095 13 5199 1 4029 14 805 3 8318
557 2.3228399949041378 -1.2060804032934749 5.9466134684803276 57 48 40 2.4285887891136793 3 7448 2 7355 8 6851
560 1.8494737503628484 -1.1023227587159972 5.7509931283651996 70 66 65 1.6212744632139156 3 8328 2 7374 5 929 13 752 12 6592 6 4082
561 1.699583668574868 -1.0537038176695444 5.6733335284857427 60 55 52 1.0836924189251629 3 7494 2 7379 12 6606 13 3447 8 7397 9 9465
562 2.158725173766749 -1.0665660841293643 5.8671104603080053 153 137 122 1.1278390486907486 2 7382 8 7392
564 2.2510371942510119 -1.0281133724400111 5.8801123825214754 136 123 105 1.0569758995278631 3 8335 2 7388 12 6631 13 3476 8 7718
565 2.7329680340008564 -0.93219956350737498 5.911799828005992 157 138 121 0.86635673167234373 2 7407 5 5785 8 7387
566 0.8003821564481497 -0.79369906179320893 5.0198313423317948 74 56 44 0.83675705729881067 3 6252 2 7421 12 8156 6 8767 4 6188 1 4117 14 952
567 1.9847537549289282 -0.85444342367883297 5.7460665183584085 45 47 52 0.8881258606018243 3 8362 2 7425 12 6679 13 3531
568 2.0164221339318606 -0.82897744526389006 5.7538524639391078 166 155 142 0.64974368646049807 3 8369 2 7431 12 6691 5 3947 13 3543 14 962
569 0.96267092849724989 -0.76279685767707495 5.0553794789975512 155 133 112 1.2626235093711977 3 7568 2 7433 12 8167 6 7845 4 6198 1 4133 14 3413
570 1.0478479166298793 -0.75963465178699163 5.0953246159796235 158 136 115 0.71673336152248679 3 7569 2 7434 12 6677 6 7855 4 4208 13 3548
571 2.3714132181141716 -0.81348344013805818 5.8824386151007264 155 140 119 2.0988703392263726 3 8367 2 7435 12 6698 5 1078 13 938
572 2.1765880423726052 -0.78401305223147122 5.802699104943196 155 141 126 0.77412102359032697 5 5811 13 5281 1 4153 12 8186 14 999
573 2.4133666206397484 -0.79054252023245053 5.9006305417382467 35 31 30 1.397862665654001 3 8373 2 7444 12 6708 6 4372 5 1097 13 948
574 1.8226998673565369 -0.73657856482722406 5.6572460620485634 43 34 25 0.76431250645902771 3 7571 2 7458 12 6714 13 3566
575 2.2060914726599097 -0.69610715029191583 5.7996724331755258 41 37 34 1.0512656896323498 3 8382 2 7466 12 6726 5 3998 13 3582 14 1041
576 1.2996186579835549 -0.62251605638082252 5.0344293770426711 158 138 113 1.4235734594468814 12 8200 6 8823 4 4305 13 3597 1 4207 14 1071 11 8585 7 9714 2 7470
577 0.23558780548032149 -0.43219875332147306 4.7151870539359741 85 76 61 0.27407973030105004 3 7665 2 7500 12 8243
578 0.084412672872654804 -0.40440875705771978 4.6352519604889206 150 139 124 0.42191185415339094 3 7675 2 7511 12 6799 5 4107
579 0.34658690804187514 -0.38860039202658486 4.745847828917551 90 80 71 0.42151454465734878 3 7676 2 7516 5 4124 13 3690
580 0.41760923124014609 -0.36883768538935569 4.7647125200872606 155 143 129 0.52542992954362744 3 7677 2 7519 12 6822
581 1.442595552535727 -0.34609632607256086 4.8954357112299807 80 61 43 0.9087523699434622 3 8456 2 7527 7 10002 8 7747
582 2.3584470382522231 -0.3362152351651635 5.3840838720114315 169 149 126 1.5800627855334148 3 8445 2 7532 8 7741
583 1.7635368008988412 -0.32832559631472974 5.148475499612009 166 140 114 1.7863945876027831 3 8457 2 7533 12 6875 13 1259 8 7750 9 9698
584 1.862319746789161 -0.32171034746726845 5.1861120156500755 158 132 105 1.845979352781588 3 8459 2 7535 12 6879 6 6635 7 9277 5 4204 4 1669 13 3732 8 7752 7 9759
586 2.5626076310917587 -0.32232638810770392 5.4580479570417024 148 127 105 1.4751486860285596 2 7538 12 6892 6 6667 5 4219 13 3742 1 1691 14 1243
587 2.5617920309789377 -0.32192884361220375 5.4558501144061493 148 127 105 1.5169480130646011 2 7539 12 6891 5 4220 13 3743 14 1244 6 6666
588 0.51943750870225314 -0.28963694424797282 4.769506282795561 32 23 18 0.40948450141043707 3 7697 2 7545 12 6868 6 8849 5 4188 5 5955 4 4467 13 3730 14 1241
589 0.56874600922802232 -0.28313342400287661 4.7934266280889659 32 23 18 0.33034682471078725 3 7699 2 7549 12 8276 6 8855 13 3739
590 0.22278284300028556 -0.21786337591521071 4.6474879325697831 93 75 65 1.1169586006809733 3 8498 2 7566 12 8294 6 9363 5 5974 4 6328 13 5408
591 2.8521401959560042 -0.19771616253467755 5.4667763535246934 121 103 83 0.60125075008049489 2 7569 8 7748
592 0.30020798015805855 -0.20806275650470477 4.6866729101558402 122 103 86 1.1603158273404472 3 7729 2 7571 12 8297 6 8861
593 2.710442456017307 -0.13462602012526798 5.4763427923560339 148 123 103 1.8347112089922821 3 9009 2 7579 12 6938 13 3832 8 7917
594 1.0223206385324146 -0.14053011947984725 4.9465903566962117 134 110 86 0.49221839373210968 3 8501 2 7583 13 3826
595 0.54119439502080424 -0.13999306672394501 4.766849587405912 136 120 105 1.1599481744990905 3 9037 2 7584 6 8020 5 4278 4 4511 9 9521
596 0.38499075394412324 -0.090778541880345454 4.7033667958841043 122 102 85 0.20610152959367539 3 6628 2 7595
597 0.98010060879294114 0.053656334793628496 4.8928964055405402 156 130 103 1.624478746964892 3 7792 2 7615 12 8353 9 9184
598 2.3384986838985204 0.12262916439609553 5.358543362031992 89 70 56 1.0895195669316646 3 8529 2 7624 12 8363 6 8124 5 6057 4 4621 13 3912 1 4435
599 0.95868238524604399 0.10945512945042102 4.8706679631953635 151 125 98 1.9335700100098656 3 8544 2 7627 12 8360 7 10022 9 9532
600 0.95868238524604399 0.10945512945042102 4.8706679631953635 151 125 98 1.9335700100098656 3 8545 2 7628 12 8361 7 10023 9 9531
601 1.9632166177504833 0.42320064903626875 5.3642281253947601 134 113 97 1.0117634950010987 3 8568 2 7686 8 7572
602 1.9680082377965267 0.47218717698631146 5.3491463677544413 117 91 73 2.2146871586172172 3 8576 2 7697 8 7797
603 2.0984009352983479 0.48527272189166598 5.3981093841585919 121 98 84 1.430857736098367 3 8580 2 7699 8 7798
604 0.36481472314074032 0.3930696571441159 4.5703389316402276 41 31 22 0.90103809448656136 3 8591 2 7700 12 8435 4 6479 6 9447 14 1609 6 8958 9 9242
605 -0.26421289328600661 0.36630416010906419 4.3552481763206723 122 108 95 0.81978529265520117 3 7889 2 7703 12 8433 4 6477 13 5567 1 4530 14 1607
606 1.1108989256464457 0.45483403943405593 4.8628545511101828 175 153 129 1.077257247668876 3 8590 2 7712 12 8445 7 10052 13 4070
607 2.0900087763280837 0.61859165906830182 5.3799087260570229 116 91 76 0.69290813732353673 3 8603 2 7725 8 7806
608 0.30809928928232649 0.5464130171522541 4.5158562242734526 145 117 96 0.85885529339898914 3 7910 2 7734 12 7238 5 4599 13 4119 9 8733
610 -0.28158557078966834 0.61130791216078206 4.3599917839995657 19 15 12 0.27431730000170534 3 8639 12 9292 13 6790
611 1.4592963688080505 0.67788402372006185 4.5950323851759514 65 48 32 0.68435855856091687 3 7929 2 7763 12 7281 6 8322 4 4873 13 4185 1 2282 14 1750
612 2.8002763112298528 0.78912426713755468 5.1722980483846621 27 16 7 1.0848574124122172 3 7926 2 7766 12 7285 6 7176 7 9497 5 4665 13 4188 1 2287
614 0.82417636645472836 0.7090432566108944 4.6703106742223293 150 129 110 1.3834696923531165 3 7940 2 7774 6 7120 5 2137 9 9275
615 0.82430626399885099 0.70880323116003918 4.6709836407532643 150 129 110 1.6125613073512328 3 7941 2 7775 6 7121 5 2138
616 2.5846795119946244 0.83149568893129588 5.3094148311198861 86 69 54 1.2313508199635683 3 8641 2 7779 8 7974
618 3.9563435971493641 0.53841317692940582 3.1835557285130638 145 131 122 0.99653287759719866 3 8636 12 8549
619 2.5546415969991028 0.93396467919814641 5.2870232202085337 97 78 64 1.980037482872087 3 8663 2 7814 12 7316 1 4681 8 7828
620 -0.55584057845843737 0.78469029009190394 4.3105350031909992 69 47 30 1.3859691375679999 3 6983 2 7837 12 8562 4 6624 1 4699
621 0.11606692957270015 0.83063886736913961 4.3590198842058632 117 91 68 0.48958924271301646 3 8682 2 7846 12 7353
622 0.63946294809771276 0.88839609959589749 4.5820409323283045 171 145 122 0.73172201824701977 3 7999 2 7849 6 9067
623 0.6400958773125609 0.88869971874500675 4.5797022612468279 171 145 122 1.193254123343461 3 8000 2 7850 6 9066 12 8571 4 4981 14 1850 9 8796
624 0.84412245233564032 0.91869451743733643 4.637241739850622 169 149 125 1.7795204846845285 3 8005 2 7856 9 9297
625 0.68325933120295601 0.94356596065391263 4.5922146825745385 160 135 113 1.3068384262270363 3 8700 2 7861 6 9081 4 5006 14 1873
626 0.63664931200368557 0.93770026410600238 4.5690317780354341 176 150 127 1.4331329882978086 3 8013 2 7864 12 8591 6 9080 5 6334 4 5010 1 4729 14 1872 9 9303
627 0.63664931200368557 0.93770026410600238 4.5690317780354341 176 150 127 1.4331329882978086 3 8014 2 7865 12 8592 6 9079 5 6335 4 5009 1 4728 14 1871 9 9304
628 3.8225466401376531 0.7210279439277214 3.367151366025197 158 148 138 1.5428151923329154 3 8696 12 8593
629 1.1459587627629777 1.0065648635895623 4.7129392626140074 61 44 28 2.2299514379918661 3 7023 2 7872 7 10239 12 9383
630 0.21898728703672071 0.93557317585288957 4.39733836880787 170 147 129 0.62588100162213667 3 8023 2 7874 12 8608 13 5737
631 0.41186359675068646 0.99138792811883225 4.4643735953766619 157 135 114 1.8623189261831614 3 8722 2 7887 6 9101 5 6367 4 5039 13 4347 1 2489 14 1909 9 9315
632 0.41186359675068646 0.99138792811883225 4.4643735953766619 157 135 114 1.8623189261831614 3 8721 2 7888 6 9100 5 6368 4 5040 13 4348 1 2490 14 1908 9 9314
633 1.3065237280707171 -1.6430266523462811 5.3801715845513653 159 147 135 1.3834301942809122 3 8894 2 8240 5 5619 4 3875 13 5089 14 3193 8 7882 12 8038
634 1.8595544982397998 -1.5881769646351691 5.7654490765717901 154 138 125 1.4017739864458487 2 8248 12 9023 6 8689 5 7820 4 8187 13 7369
635 1.3029204594645813 -1.0937284033673129 5.2648073090445582 176 163 147 1.6164618442691068 3 8913 2 8290 12 9063 6 8731 5 5730 4 6124 8 7710
636 2.0226257016862328 -0.98382149988726697 5.7894780101316181 60 60 68 1.0410244323733322 3 8922 2 8306 8 7721
637 2.0226257016862328 -0.98382149988726697 5.7894780101316181 60 60 68 1.0410244323733322 3 8921 2 8307 8 7720
638 2.2294530463804554 -0.96337297692691837 5.8640098700012686 47 47 52 1.1141085486185804 3 8923 2 8311 12 8150 4 6175 13 5247 1 4089 14 3376
639 1.7564200821868603 -0.90969521175550061 5.6598679309339488 43 39 38 0.78480859303018924 3 8933 2 8315 12 8151 13 5253
640 2.2395752914239382 -0.7884746261474509 5.8274709079625975 33 26 20 0.73791513364758132 3 8375 2 8337 12 8187 5 5812 4 4246 13 5282 1 1439 14 988
641 1.9238487041678898 -0.68891987228457263 5.673602827703883 122 110 94 1.5868735538803111 3 8388 2 8344 12 6722
642 2.3481784344914667 -0.68286323586825071 5.8493448736332319 56 52 51 0.73236448437311374 3 8383 2 8348 5 5843 4 4301 13 5306 1 4194
643 0.83262580959102905 -0.59845086764723865 4.9791453124536478 168 147 126 0.6531761770013923 3 8973 2 8352 12 9108 6 8810 5 5847 4 6234 13 5313 1 4197 14 3473
644 0.79246760853086884 -0.51070178280390399 4.9514458240098946 103 84 67 1.592724463653908 3 8433 2 8365 14 5000
645 1.2291495264579162 -0.45256100124581028 5.0416642692937899 172 152 127 0.55655609071895362 3 8439 2 8379 12 9141 6 9353 5 7967 4 7470 13 6587 1 7041 14 5011
646 -0.11321734721430798 -0.42113331057481207 4.5724915200909315 136 125 112 0.73467284760624818 3 7673 2 8381 12 8237 4 6260
647 0.2507435844924582 -0.39893351235581792 4.7091775629112398 31 27 21 0.61993162884222952 3 8468 2 8384 12 9144 6 8821 5 5915 4 6275 13 5366 14 3517
648 1.6593852730044303 -0.33347493132219325 5.1085406864799578 157 133 105 1.4956133402401366 3 8993 2 8392 8 7912 9 9706
649 1.7668401340421722 -0.26295155715342766 5.1270093047740914 165 140 110 1.7973369254790394 3 8480 2 8401 9 9707
650 -0.34477845428061477 -0.19281462105658201 4.4699378811601225 163 146 134 0.88545818247020414 3 7752 2 8410 12 9161
651 0.91514560619451069 -0.16003199464503537 4.9082535606691806 156 135 114 0.83254219717402389 3 8500 2 8412 5 5983
652 1.7561368374209545 -0.068467101897451574 5.0559573026236997 161 135 112 1.0127958485669677 3 8506 2 8423 12 9188 5 7228 4 7546 13 5445 14 3630 1 4382
653 2.7221376261033439 0.41779893778107546 5.3407764922211864 162 135 106 1.5347100420134194 3 9064 2 8489 12 8426 6 8227 7 9422 5 6142 4 4726 13 4035 1 2056 11 7557
654 2.7229750081644566 0.41858137254750055 5.34206119365916 162 135 106 1.6227888504903587 3 9063 2 8490 12 8425 6 8226 7 9421 5 6141 4 4725 13 4034 1 2055 11 7556 8 8075
655 -0.19393467857566798 0.38936498112466783 4.3641038960343241 104 86 72 0.84557297017747046 3 8601 2 8503 12 8439 6 9444 4 6486 13 5575 1 4535 14 1626
656 0.343872045310393 0.42806755737893215 4.5585185769215819 145 126 111 0.69428945376701179 3 8598 2 8505 12 9258 6 9456 4 6490 13 5578 14 3785
657 2.157667305043721 0.5507680822392973 5.4031431430155328 105 78 57 1.6857673854980959 3 9078 2 8509 8 7952
658 0.15711233584579593 0.4599093463630291 4.4749562808415373 118 97 80 1.3101801498880101 3 9084 2 8514 12 9263 6 9457 5 7327 14 1662
659 2.308020612456156 0.75460726133671874 5.4523846127735407 88 70 58 0.73716057324325446 3 8617 2 8535 12 9289 7 10065 5 7358 8 7963
660 0.28554360717601351 0.66793060894682377 4.481606754881466 137 109 85 1.0328869859239289 3 8645 2 8550 12 8522 5 6232 13 5658
661 0.16997432589221606 0.69602486260745744 4.4290760759994585 124 94 70 1.024659438934999 3 8654 2 8559 12 9313 6 9515 4 6583 14 3874 9 9284
662 0.67123086107325558 0.74965252533495863 4.6211820762915865 124 100 76 1.2770568367174595 2 8562 6 9520 4 6590 14 3883 9 9586
663 -0.5965366949979507 0.79645393222612459 4.3151431315077025 171 146 126 0.73348015490434038 3 7989 2 8583 12 8565 6 9545 13 5705
664 1.9814963681863196 1.0511994373698661 5.3434920147247515 46 32 29 0.73843360766441979 3 9139 2 8590 12 7356 8 8103
665 1.981534376020639 1.0513377507796766 5.3433350739257142 46 32 29 0.72137835236167325 3 9140 2 8591 8 8102
666 1.1946796348086604 0.96832076497260222 4.7067184117679499 148 135 119 1.7308269097295994 7 10236 1 7290 12 9373
667 0.1422001663653632 0.90637215595670462 4.3723823109423368 142 117 95 1.0840136988474351 3 8702 2 8606 12 8599 6 9085
668 1.1021593826299869 1.027048247871019 4.7287566734519375 168 147 126 1.0965576888520323 3 8707 2 8615 12 8609
669 0.17827326369414365 0.94542181690235205 4.3728120282769156 111 86 66 1.1265753612143765 3 8713 2 8619 12 8614 4 6667 13 5743
671 1.7502627423950772 -1.0121561518476914 5.675691832404044 94 79 60 1.1127538156968004 3 9286 2 8919
672 0.8410660640326888 -0.75879762267867124 5.0181806932552728 160 143 127 1.112072461655206 3 8952 2 8934 12 9088 6 9317 4 6197 14 3417
673 1.2174020663482108 -0.51061342928117648 5.0502230901102063 71 52 36 0.64832832741669377 3 8426 2 8961 12 9809 6 9778 5 7958 4 8301 13 7488 1 7030 14 6072
674 1.1377464151852938 -0.42460537271721355 5.0639562377210741 160 140 116 1.0595789057896841 3 8983 2 8972 12 10301 5 8504 4 8311 13 7499 14 6086
675 1.9838360723378692 -0.3321425388505983 5.2069255418873182 147 130 105 0.99176866726725954 3 8988 2 8983 12 9833 5 7981 6 9792 4 8329 13 7513 1 7843 14 6108
676 -0.44988021462572991 -0.32079834912658706 4.496550925830622 97 84 75 0.35958335385604584 3 9019 2 8985 6 10065
677 2.4065510495121871 -0.29943887197860219 5.3901259519991722 77 61 50 1.5421167380105885 3 9332 2 8990 12 8291 5 4232 4 1718 13 5400 8 8153
681 1.9453605453793612 -0.14057353545743073 5.1697627693985009 126 104 81 1.6375632654179011 2 9008 7 10019
682 2.5639623842181591 -0.026924061375923829 5.3669354952354684 62 45 29 0.14028599135396844 2 9014 8 8165
683 -0.39789752031029391 0.24710334141806523 4.3985338332601307 163 148 128 1.1411713033327071 3 9069 2 9033 12 9901
684 0.4522151003902824 0.44796517400540709 4.5954760679158362 147 126 109 1.423730947550421 3 9080 2 9046 6 9860 5 7324 4 7641 1 6119 9 9559
685 0.66277716902112616 0.46779215734967355 4.6793488151628386 133 112 93 0.63012843247140038 3 9081 2 9048 9 9756
686 1.0191535674760999 0.72917607061947631 4.7551939872300304 159 149 140 0.92897760813967578 3 9107 2 9071 7 10343
687 0.66145070036696518 0.79831051091664862 4.6097496244466702 173 151 130 1.7904156981168651 3 9114 2 9075 6 9535 4 6603 1 4683 14 3903
688 0.53875788043742512 0.80157968679010994 4.5572405317517184 164 148 133 1.0423442091713033 3 9118 2 9078 6 9536 12 9336 5 7402 4 6607 1 4686 14 3908 9 9592
689 1.1135952673167631 0.90349539949004831 4.7525505556240475 163 143 118 0.7148856558773512 3 8678 2 9082 7 10423
690 0.54474430113431072 0.86498110396273331 4.546219351029805 153 139 126 1.5150254640430418 3 9441 2 9083 6 9929 5 8131 4 7741 1 7269 14 5295 9 9791
691 1.0077476093166386 0.98276938914532419 4.6971330385705237 165 149 132 1.3894253425647307 3 9146 2 9094 7 10353
692 1.0077476093166386 0.98276938914532419 4.6971330385705237 165 149 132 1.3894253425647307 3 9147 2 9095 7 10354
693 2.2482196667254883 1.1459216356827953 5.4345111325098019 47 36 32 1.5141188726674766 3 9148 2 9097 8 8106
694 0.92320337728540935 -0.98628126720405862 5.0879453955052938 145 126 109 1.4715559240635538 2 9310 12 10236 5 8447 6 10054 4 8802 13 8069 1 8319
695 2.1441675855039048 -0.56077106383965325 5.359246898526222 144 127 110 1.0555409855856555 8 8055 9 10005
696 0.74371980112783365 -0.41135297107499058 4.9201417196001564 152 141 129 1.2861881933365171 3 9334 2 9365 12 10297 6 9779 5 8503 4 8308 13 8126 1 7827 14 6822
697 0.70619689196183555 -0.34763869522692303 4.8931509083778799 167 155 139 1.0741690100269108 3 9341 2 9371 12 9823 5 7974 4 8317 13 7507 1 7055 14 6098
698 2.0290492150519186 -0.28395916404939742 5.195552816209422 111 93 77 1.5073295610845365 2 9379 12 9840 3 9610 13 6620
699 0.88855999136010078 -0.27456005901746533 4.912410499458602 76 63 54 1.8096239351366783 3 9625 2 9380 12 10308 5 7983 13 7514
700 1.8894287567708017 -0.24596353254204126 5.1326311493553076 168 147 118 0.51235921584455479 3 9619 2 9382 12 9846 5 7995 13 7523
701 0.16514206500492429 -0.2008850323856404 4.6208999336360499 107 89 77 0.89142220961486107 3 9368 2 9386 12 9845 5 7994 4 8336 13 7524
702 2.6581109541466872 0.14350944090484946 5.3680974573735041 158 134 106 0.08069833919010358 2 9403 8 8214
703 1.1962012829261879 0.65641553889571336 4.7855711846201059 39 27 17 1.7855475121904001 2 9440 12 9951 6 9900 7 10413 13 7626 1 7955 14 6251
704 1.1050887908530023 0.68786402293144011 4.8163713928002094 169 145 117 2.7840570381993497 3 9418 2 9443 7 10467
705 2.6535219601373261 0.82696651009443656 5.2971683109619212 77 64 55 1.4196138728615524 3 9420 2 9447 6 9919 7 10348 12 10370 5 8599 13 7633 1 7965
706 1.0696030884763816 0.78438785961868041 4.7471085955475631 164 154 145 1.1780539599604747 3 9428 2 9455 7 10417
707 3.9068110619833059 0.64333367030856281 3.2807912571236946 157 153 142 2.0098442714889693 3 9668 12 9989 1 7278 14 5311
708 -0.34896391427486012 0.85872282014986401 4.3038266047211833 174 153 136 1.1433603757183251 3 9446 2 9471 12 10383 6 10326 13 8231
709 1.0968332734051423 0.98059272264609421 4.7259031626397494 168 153 134 1.7837507395690402 3 9449 2 9472 7 10427 12 9998
710 2.1827292955740094 -1.7393797771851789 5.8595557169434418 140 126 117 1.3030972883803915 7 10292 5 8805 4 8757
711 1.9248451063625294 -1.6221882103170417 5.7906431121065998 163 147 132 1.8581499144520108 2 9593 12 10486 13 8438
713 2.2138202997836931 -1.2963542781745965 5.9378124925173035 55 55 65 1.6385257654931598 2 9599 12 10226 5 7853 13 7398 1 5752 14 4853
714 2.3984977020893701 -0.9443819974501344 5.9296146908898049 32 31 37 1.6772627716646418 3 9732 2 9614 12 10253 5 8461 4 8244 13 8084 1 6975 14 6004
715 -0.23434798962494457 -0.36556107612006983 4.4880252848254241 21 16 12 0.88659898383955227 3 9621 2 9641 12 10712 13 8128
716 0.83674878886918402 -0.35066656406832386 4.9123397009286265 172 154 134 0.82638139125000887 3 9616 2 9646 12 10547 5 8893 1 8370
717 0.76224396115368864 -0.28025337464829725 4.8526858424876291 64 53 44 0.83158540698985428 3 9624 2 9656 12 10306 5 8514 4 8865 13 8135
718 2.7264415537958655 0.85227628456441007 5.2435252412012723 137 111 88 1.5545097804092585 3 9663 2 9715 12 10621 6 10162 7 10422 5 8966 13 8218 1 8461 11 9000
719 -0.65139736762642764 0.74058649808811228 4.3437472857277397 82 63 48 1.6170687946235176 2 9720 12 10756 13 8615
720 1.6448937719679098 -1.0244729343677632 5.6261436422885884 37 39 44 1.678038457608737 3 9839 2 9782 12 10507 5 8452 13 8074
722 1.3539093763948766 0.29307913698792393 4.775803257068878 85 67 53 1.5725396338421787 2 9841 12 10742 6 10426 7 10486 13 8777 11 9095
723 2.8493580639563749 0.34618825259253416 5.3118084398989547 162 144 124 1.4426538833328075 3 9764 12 10594 4 8911 13 8583 5 8570
724 0.43305565072777813 0.38450473765856025 4.6382195583261669 107 86 69 1.284064082425586 3 9862 2 9847 5 9173 4 9507 14 7722 9 10119
726 1.6546673716551188 0.013622121757771555 4.9555352277306719 161 134 104 2.3859236945046747 3 9922 2 9933 8 8237
727 0.80514168917572038 0.30103491301884983 4.7804997224238495 153 131 108 2.3465332234819249 3 9859 2 9939 9 10032
728 0.44054635918728519 0.21684200940780207 4.6649716166635358 182 156 129 0.95924258895967285 3 9929 2 10006
729 -0.50541492910186758 0.67524646517534204 4.3321741999425489 152 130 109 0.95136961130520237 3 9868 2 10013 12 10925 6 10568
730 1.4669426454013861 0.47464564222214484 4.6925191306208713 168 145 111 2.0083664282642073 3 9963 2 10058 12 10919
732 0.046033779890503224 -3.6569778349661295 9.877155854381483 166 165 170 1.3984870031940135 2 106 1 318 12 39
733 0.046033779890503224 -3.6569778349661295 9.877155854381483 166 165 170 1.3984870031940135 2 105 12 40 1 317
734 0.7076440590341142 -3.6785499820116168 9.7148168425406478 155 153 156 0.84508176807152957 3 115 12 41
735 0.82775232393650811 -3.7469415644260695 9.8843745083628427 153 156 161 0.92806610415808033 2 77 12 42
736 0.14980837169795264 -2.7367818282386396 6.9561916548767657 73 81 91 1.7136565473860357 2 104 12 63 5 195
737 -0.8817170864593582 -3.8339134492060976 11.078092819803137 240 251 252 1.7796662816904745 2 148 5 128 12 64
738 0.9129429719421287 -3.6510009058338722 9.7924398813170459 166 164 167 0.11327297594341869 3 122 12 65
740 0.13995954623823947 -2.6883674123916568 6.9267285281447473 65 72 82 1.6352018692166095 2 116 5 206 4 308 13 119 12 86
741 0.80710325773394653 -3.560163838337683 9.7284766837390748 167 168 170 0.35232205692590712 3 148 12 89
742 0.043815668010777742 -3.4886394718554192 9.8634411809410292 88 86 91 1.4535787965541054 2 147 4 199
743 0.97021775046488368 -3.5823210977507052 9.9029665887820819 171 172 176 0.87846795979265579 2 128 12 107
744 0.77703400484695528 -3.5048404887885436 9.821143834084312 164 165 168 0.96721855592745098 2 137 12 119 13 90
745 1.2046814308406726 -3.5422606071005638 9.9231658486359517 95 93 98 0.56081536969668988 2 136 12 136
746 1.077037620411593 -1.8249666144497305 5.3362306928112186 163 159 156 1.1542120525401367 2 261 12 302 6 3550
747 -0.046750232802534264 -1.9614573545354848 6.5705885314828976 109 104 102 0.89106463923970214 2 314 12 312 6 3489
748 4.0908981824060078 -1.6587463054698717 3.5092339671732353 130 125 122 1.8089027489996965 2 3494 12 318 6 543
749 4.0119723765703945 -1.6549236520153481 3.6487780718838576 127 110 100 1.2726790734768798 2 3508 12 328 6 557 6 3856
750 0.11350239258099715 -1.8843286752445736 6.5183967962422535 97 87 78 1.0226675102625109 2 335 12 345 6 107
751 1.3302580584956254 -1.6894578876494579 5.340942043771892 115 110 104 0.73959271658143677 12 388 7 8306
752 2.6563165963337951 -1.9125083277778092 6.1105878264538935 135 136 138 2.2949812966492673 12 411 6 453 7 5934
753 1.2757393517976898 -1.6491576896510198 5.3780834130106783 163 154 147 0.94055081611933755 2 3648 12 412 6 3632
754 0.91585842560467801 -1.5682857584185532 5.2199525859240445 174 165 158 0.8918947662425345 2 348 12 421 6 241
755 2.7560249286648721 -1.8285014732293461 6.0241826720814728 90 94 97 2.5290089492730545 2 3641 12 448 6 3818 7 7411 5 557
756 1.1083486335261186 -1.4989242521912707 5.2321385411957513 169 159 150 1.9289423411924833 12 483 7 7283
757 1.1994018137972766 -1.4378397894020298 5.2523840223840166 173 163 153 2.7110555554501286 12 531 6 394 7 7323
758 1.2254766940257271 -1.4543760565754371 5.3140999588915419 173 163 153 1.1736323285106887 2 414 12 532 6 393
759 0.98917940043996477 -1.4033958096602104 5.209613595218717 147 134 125 0.87750978506379962 2 423 12 543 6 363
760 1.1196661797080458 -1.401414621338702 5.2158473943466905 160 150 140 2.0015020036868503 6 3716 7 7310
761 3.95807354708686 -1.3505276876805814 3.6319413073190794 128 101 84 0.60810889713553984 2 3599 12 562 6 4037
762 -0.9875273919663583 -1.1010116103083241 4.7836259672452606 132 137 141 1.848571314175103 2 527 12 608 6 5965 13 569
763 -1.0714770085027963 -1.0981619798147826 4.8051650108609962 119 124 130 0.44961033404238859 2 532 12 611
764 -0.62954384592265089 -1.1129775540533999 4.7091874031440195 150 147 143 1.2597956039837239 3 810 12 620 6 5977
765 4.0132097039433186 -1.2699581408659053 3.5071580909461231 43 28 21 1.0784381260038043 2 5855 12 622 6 4100
766 -0.42457437520351282 -1.112074575845555 4.6926693642978661 132 129 125 0.55528874672969475 2 508 12 629 6 5996
767 -1.1320801095854072 -1.0641696167804111 4.8128384657759247 137 136 141 1.7258376933807587 2 559 12 633 6 5962
768 4.0288116235505553 -1.2439827125498852 3.4759640646009524 164 149 144 0.85908074328491046 2 3633 12 635 6 884
769 -0.75810444084961204 -1.0618379220428464 4.7188407847160256 91 81 79 0.90110160840283926 2 553 12 646 6 5980
770 4.0375654093959046 -1.231150416335872 3.4927089453038942 75 56 49 0.7485653612875024 2 3638 12 647 6 4135
771 4.1092115975491978 -1.2188962180983598 3.3703715959450085 98 79 64 0.96456805564184556 2 3631 12 648 6 909
772 3.0872719082213855 -1.5302674821692019 6.0727887652991299 126 115 109 1.8880876370372006 2 3722 12 655 7 3963
773 1.2328482209752809 -1.2106227922961192 5.2277161504145413 173 157 144 2.4014475667050919 12 714 6 589 7 8384
774 3.3555636337518684 -1.4544996313085057 6.1725226021129167 122 113 108 1.3720987756967344 2 457 12 740 3 3706
775 4.0673287171898753 -1.1413774609426368 3.3979094474512368 152 139 130 0.95454531300913203 2 361 12 743 6 995
776 4.0343453892630139 -1.131609241182582 3.4472646214001395 148 138 128 1.0753653683320621 2 3677 12 749 6 1004
777 4.0766709421189704 -1.12008475598117 3.3829378224149664 157 143 134 1.0619398672140294 2 372 12 757 6 1018
778 1.3236568859416422 -1.1742240180712487 5.2892491745561196 172 156 141 0.83441877530991559 2 3825 12 758 8 4980
779 4.0040072096551018 -1.1228858522874439 3.4942304597831271 143 131 119 1.3218476202029104 2 393 12 763 6 1016
780 2.0077228666977289 -1.2612097012419432 5.8294965660762204 133 125 117 1.7849599572218764 2 531 12 782 5 827 6 6300 4 1123
781 2.0919605653843356 -1.2532491067876319 5.8734578889295328 145 136 127 1.2414624368546909 2 541 12 797 6 4024
782 1.1034670476071597 -1.0938368604673081 5.1892405608839072 173 157 144 0.89467152982659248 3 3932 12 813 6 3924
783 2.0756953140335921 -1.228995818990807 5.8608441959559148 130 121 112 1.0599647918300683 2 556 12 816 5 860 6 790
784 1.1187153720643768 -1.0744369255818902 5.1891832446412174 144 128 113 1.7511215579973674 2 3888 12 827 8 6126 9 7514
785 3.8354221510450213 -1.0687607022747261 3.7537965649147758 151 144 136 0.72744032708859774 2 435 12 841 6 1075
786 0.47589805518381528 -0.980390032458339 4.9300981605798651 118 104 95 0.62157038429014844 2 643 12 845 6 3861
787 3.8016965529832225 -1.0598560431616424 3.7903377508579235 149 141 130 0.38548063857262388 2 3747 12 852 6 1080
788 4.0809941348800303 -0.9592572749211068 3.2636139701774241 138 124 113 1.1789566490584824 2 3748 12 921 6 1168
789 1.81474013422309 -1.0410492941235505 5.7216734490680654 49 45 37 0.8514141171189773 2 3952 12 929 6 4121
790 4.0428558246548647 -0.9429717373335591 3.3148071988151564 146 132 121 0.93637565769929232 2 3763 12 934 6 1184
791 1.1278597862494713 -0.85417001690987227 5.1495527655058355 141 122 105 1.1237400655647047 2 4033 3 922 12 998
792 2.4669945711278078 -0.98489737213291617 5.9498144843295915 124 108 93 1.4227056370799716 3 3971 12 1010 6 1088 7 6181
793 3.9108050017972475 -0.85280659953630966 3.5920322777265783 143 116 97 0.93318996271382371 2 577 12 1035 6 1265
794 3.9108050017972475 -0.85280659953630966 3.5920322777265783 143 116 97 0.93318996271382371 2 578 12 1036 6 1266
795 0.95158772651564671 -0.77856108238926169 5.0628951643796354 140 121 104 0.73899324769615549 3 1019 12 1053 6 4126
796 2.0811147212076784 -0.80509437873239742 5.7839196789454004 155 145 135 0.046852443930634625 2 4087 12 1106
797 5.927166850933169 -1.1729789835910189 8.8529962458085176 111 114 120 1.6221978671617432 2 4050 12 1107 6 1394 10 9124
798 5.927166850933169 -1.1729789835910189 8.8529962458085176 111 114 120 1.6221978671617432 2 4051 12 1108 6 1395 10 9125
799 3.9823606952891408 -0.74898549692074656 3.4486611229123683 173 150 132 1.1857018272832318 2 3950 12 1116 6 4468
800 2.2571245927208938 -0.7341372973817557 5.8429555264168913 117 106 92 0.65822745888121592 2 4122 12 1163 5 1119 13 970
801 0.9037555426974706 -0.61407413173850323 4.9843240380693299 185 166 149 1.4921666140313918 12 1182 6 1074 7 8461
802 1.1713712421455951 -0.6263752623211214 5.0879080674904111 143 122 101 1.1584250969760046 2 912 12 1192 4 1450
803 3.3469490045727328 -0.76530498203259167 6.0353473604986219 142 124 110 2.0766693612944054 12 1199 7 4340 2 856
804 -0.75140935521937136 -0.49599515469749095 4.5784482222869469 109 104 98 0.69632242299765068 2 1044 12 1203 6 6271
805 -0.3377957566094143 -0.51524741346009761 4.5510111081032463 33 23 15 0.84911411273242254 2 4191 12 1204 6 6316
806 1.0238485897778131 -0.59752339896554529 5.0322994408463178 185 167 147 0.94304324949368201 12 1215 6 4308 7 8476
807 3.3889597911191687 -0.72259603676965933 6.0482509868870027 132 113 99 1.296433795466754 2 877 12 1243 7 4366
808 -1.3431395466224394 -0.44691091115800058 4.7503924892215244 77 73 70 0.53135702094185844 2 1149 12 1246 13 1033
809 -0.33178437955279905 -0.48020087398277761 4.5460136851436079 171 161 149 0.33614165558044751 2 1061 12 1258 6 4081
810 -0.53052941235166939 -0.45118247870404388 4.5450349876952565 145 139 129 0.52554323692217686 2 1118 12 1286 6 6332 5 1236
811 1.1315394767228473 -0.54893508828768867 5.0709746333869656 179 161 141 1.441319742500295 12 1287 6 1176 7 8509 11 7266
812 -0.64111135017326659 -0.42138894305916413 4.5502697560417218 142 134 123 1.8147323520615122 2 1175 12 1325 5 1245 13 1103 1 1553
813 -0.43263371462990147 -0.4243772763217647 4.5298788990576373 145 138 128 0.9859951124730294 2 1177 12 1339 6 4123
814 0.04289611675301902 -0.44423554529598619 4.6242370573057077 162 150 128 0.22292781886689536 3 4438 12 1349
815 0.3807197748883096 -0.41570146090349414 4.7562859219040083 178 162 147 0.32628254859982758 2 1209 12 1402 6 4339
816 0.59239405270524603 -0.42188441829262541 4.8603721906223054 174 160 149 0.61090591759174639 2 1201 3 4420 12 1408 6 1190
817 1.6695118699748637 -0.44886354878225043 5.1309381451693286 159 143 128 0.86462820328430123 2 1155 12 1426 7 7599
820 1.4393114984178679 -0.42544893392438193 4.9112671395132574 166 155 137 0.88968697238937589 2 1180 12 1435 6 1336
821 -0.56083043332093774 -0.33430822840512137 4.5003966152443962 145 132 124 0.53731542481001515 2 1317 12 1437 6 6405
822 -0.56083043332093774 -0.33430822840512137 4.5003966152443962 145 132 124 0.53731542481001515 2 1316 12 1438 6 6406
823 1.1341591791967074 -0.40416182912469151 5.0472676480324292 175 157 133 2.1032725797753153 2 1245 12 1449 7 8554
824 5.581328883173601 -0.6124553131266004 8.3975058658687409 163 168 176 0.59135786997063022 2 1094 12 1452 10 8075
825 1.1649080831312362 -0.39691192373268697 5.0297417782915268 196 180 155 1.8997377647836466 2 1258 12 1456 6 4441 7 8562
826 5.5933107720109145 -0.59219876719672038 8.3459681707198214 40 52 64 0.99277729819064753 2 4238 7 6510 5 1277 12 1461 10 8081
827 1.182658813790695 -0.3879694742577795 5.0361816436211697 122 104 82 1.877783864112871 2 4319 12 1465 6 4449 7 9241 11 7899
828 5.4898678275968651 -0.58657161044743322 8.3087971587093037 30 40 59 2.7291145814742022 12 1469 5 1284 10 6489 7 4577
830 -0.68412818425493205 -0.28279119839385464 4.5013481451344362 39 32 26 0.51652677355719778 2 1360 12 1493 6 1023
831 2.5205649619099897 -0.41181079840385049 5.4897708822879476 33 20 12 0.38040803407621432 2 1240 12 1495 7 6343 6 1480
832 2.834693649535013 -0.41966631082386424 5.5026101089943138 77 74 69 0.99883789637074871 2 1228 12 1496 6 4563 5 1359
833 -0.31734906714579708 -0.29455353461369937 4.48978865266794 191 179 167 0.35164580071100077 2 1350 12 1498 6 1114
835 3.3794731292873363 -0.43198222075561316 5.9876386869449663 136 115 96 0.26015183514365164 2 1234 12 1506
836 1.1228591211126604 -0.3246540442027952 5.0339229210368872 145 125 100 2.0220843837622731 2 4390 12 1525 7 8575
837 -1.0170892728063121 -0.23685306932961503 4.5899001081889459 86 73 65 0.93186617984443199 2 1431 12 1529 6 6419
838 -0.84604319576867337 -0.23724853163432882 4.5427350668615869 73 63 53 1.4010494768831747 2 1433 12 1534 6 6442 5 1402
839 -0.84604319576867337 -0.23724853163432882 4.5427350668615869 73 63 53 1.4010494768831747 2 1432 12 1535 6 6443 5 1401
840 0.0016905949369871998 -0.26789639116198311 4.5578828337046291 38 24 16 0.33138653869195517 2 1381 12 1540 6 4383
841 -0.63689845599068229 -0.24122222187498679 4.4947802944833679 74 64 55 0.30033957941246464 2 1418 12 1546 6 6462
842 -0.65211603172965171 -0.22489375747995086 4.4949667741298693 74 65 56 0.76203886752134264 2 1448 12 1561 6 6475
843 -0.15913426141340994 -0.24460343965746448 4.5132728989749653 153 141 130 0.15383207742963759 2 1409 12 1562 6 4377
844 -0.67633638757599601 -0.20199929585803972 6.0185059713084792 176 166 157 0.22767400977106544 2 1477 12 1578
845 0.89610339325489585 -0.25768761083173308 4.9057333156486349 52 37 29 1.6525563604429918 12 1581 7 9248
846 -1.7176011627106207 -0.15665265581158383 4.8410691294322143 71 61 52 1.9335649454054136 2 1545 12 1587 5 1419 4 1647 1 1662
847 5.3733483136352582 -0.25260603936296949 8.3117476034670172 49 38 36 0.91134206828764042 2 4478 12 1656 10 9166
848 5.3522840814810095 -0.23790101213481357 8.374908468629096 47 33 30 1.2211887832345454 2 1413 12 1668 10 9168
849 2.8110667924744428 -0.21490152741561042 5.4397745111257496 158 143 124 0.56657793711014415 2 4496 12 1678 6 4638
850 -0.70921467405782668 -0.091182990938377673 4.4691144743493787 175 161 146 0.33444699522262233 2 1615 12 1714 6 6553
851 1.4540615901913374 -0.12763442124121405 4.8172642298525661 189 171 147 0.47640295313013825 2 1559 12 1734 6 4611 7 8626
852 1.4424858936837397 -0.089742712535925612 4.8166101816081826 170 150 125 0.38237794529626262 2 1600 12 1786 6 4628
853 -0.32249267665411252 -0.041124552151932579 4.4346860905580616 186 179 172 0.48390689445186613 2 1653 12 1820 6 6619
854 0.95538448819740696 -0.051224199345268812 4.9075802022365593 145 121 98 2.2949938847487159 3 1852 12 1825 7 7681 9 6488
855 1.1334475550558289 0.069537514485200388 4.9581114186895627 186 166 141 1.0099460420286208 2 1723 12 1968
856 3.8629331853270461 -0.091578921621945211 3.2666397437497992 79 67 50 0.16524794588396663 2 4602 6 4936
857 5.377778817166158 0.20681094169120789 7.9941934631927607 145 131 120 1.1166638795960351 2 4663 12 1995 10 8226
858 3.9280108172745019 -0.067262255824830211 3.1946341609005149 149 136 120 1.747127686261126 2 4619 12 2016 6 4961
859 -0.53243307494896097 0.13142053677092497 4.4806232558609569 14 12 13 0.73763956953153464 2 1809 12 2032 6 6686
860 4.237301331429415 0.2373476819621454 6.8553796179696915 67 49 37 1.5490135073776836 2 4704 12 2052 10 10303
861 0.96815392545994272 0.18659751775843056 4.8568673026561813 174 154 130 1.5259938746540302 2 1820 12 2073 7 8699 9 6567
862 0.96932143990971298 0.18488299114436987 4.8703805819296777 174 154 130 0.92893199994780851 2 1821 12 2074 7 8698
863 5.4285424291742599 0.37738345826979219 7.8955702623517388 137 118 103 1.5185882062863898 2 4724 7 6687 12 2092 10 9257
864 0.80231462303608825 0.20570170152856687 4.7880331650424699 174 154 130 0.42839197076260377 2 1849 12 2107 6 4836
865 5.4694410659418997 0.37730761780680577 7.6079847396623688 92 82 72 1.5647803080616647 2 4731 12 2112 10 8285
866 2.6139056657391464 0.24878374797137176 5.3424726748825533 86 69 53 1.9319862263421868 2 1838 12 2127 6 2054 7 7850 11 5519
867 5.4091017596037672 0.44212111194341502 7.914626787352554 66 50 37 1.4836776345731049 2 4746 12 2138 5 1733 10 8295
868 5.4091017596037672 0.44212111194341502 7.914626787352554 66 50 37 1.4836776345731049 2 4747 12 2139 5 1734 10 8296
869 -0.74196128716619536 0.22845939583250763 4.408552071228554 164 152 140 0.42210402643540346 2 1924 12 2144 6 8073
870 5.4223479490945525 0.48216577881524941 7.8701124572910492 102 85 69 1.2802463905145145 2 4759 12 2172 5 1760 10 9266
871 5.3860413904373372 0.49901878015782292 7.9550520012515209 97 79 65 1.3841941309085255 2 1881 12 2178 10 8307
872 2.6368340654733502 0.3013734942926159 5.3401746968312498 86 69 53 1.248801877341051 2 1894 12 2184 7 6619
873 2.6368340654733502 0.3013734942926159 5.3401746968312498 86 69 53 1.248801877341051 2 1895 12 2185 7 6620
874 3.779811065681284 0.14008243155929997 3.5309695573861006 79 65 52 1.6841929186654963 2 1852 12 2226 6 2216
875 1.4749921662157806 0.30434447820703997 4.6884428921517944 145 120 89 2.115385425941152 2 4798 12 2234 7 8750
876 5.3667379130514181 0.59026152850157421 7.8648330327820366 88 73 60 0.77531703681460706 2 4789 12 2242 5 1814
877 1.2721276558997274 0.33442366006982582 4.8243774449416978 157 137 111 0.81005904185802902 2 4808 12 2253 6 6901 7 9365 5 1838 4 2063 13 1664 11 8378
878 -0.81146316895164694 0.31059688684218284 4.3495569274350725 78 66 50 0.55051665719727694 2 2020 12 2257 6 6779
879 -0.71867904957269557 0.3081224122212794 4.3305210222304273 145 124 103 0.28320969277659375 2 2012 12 2259 6 6785
880 -0.39405575183200414 0.31712183971422497 4.3316138234300849 164 142 121 0.51116448148689775 2 2025 12 2286 6 6802
881 2.4389062167883231 0.40988973498099451 5.4111106374705109 61 44 34 1.8418725464026338 2 1972 12 2289 7 7885
882 2.656149768926289 0.40408940542319027 5.3324908697113056 101 82 65 1.2673813601467656 2 1973 12 2301 7 7890 8 7139
883 -0.042588839832393421 0.32921500678477972 4.3817432722639706 107 91 78 0.31904637863152496 2 2030 3 2314 12 2309 6 4927
884 0.2330441353461003 0.37072228458378115 4.5163028630407691 49 31 21 0.3844345039924888 2 2057 12 2338 6 6883
885 3.9116903966403154 0.18710116445752806 3.27530250757497 135 120 102 0.18749234915423643 2 4787 6 5130
886 -0.93263198380899626 0.37533645208128469 4.4181449830934314 134 118 104 0.41950892254447553 2 2086 12 2344 6 6804
887 -1.7679681500335795 0.41514389354524966 4.6804220771365106 61 54 48 1.3181012976369613 2 2106 12 2350 5 1890 4 2114
888 -0.41244746573645119 0.39092897822641559 4.3695404616886959 76 62 53 0.33827740481808533 2 2102 6 6871
889 -0.71628774566058828 0.39655720790720561 4.3412979210516918 121 105 92 0.52958875334298805 2 2114 12 2384 6 6855
890 -0.69403565675064138 0.40012118230469279 4.3504266459591809 106 90 78 0.42477221330620046 2 2118 12 2389 6 6857
891 -0.43862473070950059 0.39456088444694376 4.3329836059485585 89 71 59 1.0934439391193118 3 2400 6 4963
892 1.1180456581439904 0.4730683609492084 4.8639069528952223 175 155 131 1.2562563212500693 2 2112 12 2415 6 2231 7 8790
893 2.6844278311619965 0.52558509709425905 5.3163937133380648 108 89 74 1.6404200331036385 2 4882 12 2416 7 7920
894 0.14906236295110659 0.43930147638563793 4.474103759545196 141 121 106 1.104475114082184 2 4920 12 2424 6 5036
895 -0.93075184265998656 0.4726368201527405 4.3949514242110324 142 123 108 0.52116180270700074 2 2199 12 2464 6 8183
896 1.9218860798890982 0.5939456844895743 5.3175021026028082 133 116 103 0.88997560437479495 2 4946 12 2466 7 7925
897 5.3968843977165895 0.92624923679835702 7.7737479146416941 127 109 95 1.3429722565661806 2 2184 12 2469 10 9340
898 3.927241703374162 0.31080626314691268 3.2234542768242025 140 125 106 0.20613864067686027 2 2131 6 2424
899 -0.74890321860365172 0.50172933753907833 4.3254561883568625 156 133 115 0.36436781627873843 2 2246 12 2497 6 6952
900 5.3849322169056091 1.0303872136168415 7.7884210006425416 48 39 32 0.99537170717991874 2 2256 12 2515 10 8457
901 3.817453773511053 0.37619850609922167 3.4016967354685654 170 160 150 0.22654958484254525 2 2188 6 2449
902 -0.6994377963945293 0.5352351148880059 4.323483878647159 152 131 113 0.59612034246179257 2 2280 12 2523 6 6981
903 5.4409179922924 1.0810628267687958 7.6802209106634356 84 74 65 1.7507755704016454 2 5017 7 6827 10 9366 12 2544
904 3.8022883378163383 0.4246347733503425 3.3889496854081145 174 170 159 0.040817674844440051 2 2260 6 2498
905 3.8106582760932728 0.4339029608041976 3.4290233377534896 169 165 154 1.4167092721399459 3 6822 12 2567 6 2497
906 5.4354278189706084 1.110601364872104 7.6857119287319868 22 15 9 2.5105738929585022 2 2333 12 2571 10 7092 7 2472
907 -0.63384988641457096 0.58249394068982463 4.3121819977165492 145 126 109 0.23295107384462441 2 2345 12 2576 6 7025
908 0.9519750301547365 0.68501825151889206 4.7411166648821386 159 138 117 1.3263516562357893 3 2587 12 2602 7 9464 9 7980
909 0.54570565653350966 0.66195610206046585 4.5906412448195093 186 169 149 0.35657221792564098 3 5204 12 2603 4 2328
910 -0.72620777802990677 0.62216578962808056 4.2981509807198757 171 145 120 0.28389630488263445 2 2389 12 2617 6 7053
911 2.3934577976202647 0.82219551999507456 5.3611718573318372 19 9 0 0.57516330456126097 2 5064 12 2625 6 5313 7 7975
912 -0.86857626332019588 0.6409568919056694 4.3436476234027888 157 138 121 0.66201110818229869 2 2403 12 2628 13 1917 4 2349
913 -0.86872426688482651 0.64085015550831326 4.343525699361293 157 138 121 0.74542885522872115 2 2402 12 2629 6 8285 5 2132 4 2348 13 1916
914 -0.72742347622214154 0.65864866821249457 4.2903479804442872 165 139 114 0.30598101408525141 2 2426 12 2658 6 7086
915 -0.7139116412081431 0.6682131467344179 4.2866894013790731 123 99 75 1.9673375827242818 2 2442 12 2666 6 7093
916 2.6338306095182338 0.87163211426619891 5.2780420294980193 108 90 76 1.0433447713794819 2 2447 12 2674 6 5354 7 8881 11 8144
917 -0.73005922806905643 0.67892606019783264 4.2859893825609365 175 149 122 0.31605032688677853 2 2454 12 2677 6 7105
918 3.929904283278586 0.57977724592315605 3.1483949927476114 108 100 89 0.35878444984981256 2 5141 6 2719
919 1.1896837596477623 0.89691860349515928 4.7225150624859769 158 127 95 1.5308312952832988 12 2781 6 5425 7 8893 11 8149
920 5.3787377273801775 1.5140086414754714 7.5508107155963406 85 72 64 0.58906516890753735 2 2617 12 2789 10 8571
921 5.4244853341852046 1.4664083427635182 7.2408121807811145 111 92 77 1.6858287290947833 2 5199 12 2800 10 9435
922 -0.41258777545432523 0.83259581446304964 4.3246165766114313 34 27 24 0.64342320389211027 2 2596 12 2821 6 5414
923 2.6699825258358492 1.0568325552176678 5.2280277450775605 44 27 15 2.0117840700242553 2 2627 12 2823 6 2769 8 7231 3 5365 7 8045
924 2.513724444573306 1.0725974022790457 5.2661014419166507 113 94 79 1.9615884105444485 2 2635 12 2832 7 8048 6 2778 11 6930
925 -0.37864804404221614 0.84091530530444691 4.2968426039044623 186 172 157 0.32796415627883529 2 2623 12 2838 6 7231
926 1.2798804989251289 0.96784595200028845 4.6465127314900556 142 128 119 1.0421449912864138 2 5220 12 2871 6 7283 11 8479
927 1.2690356670467755 0.98730034390255406 4.6600469102993101 41 27 16 1.0652784375855833 2 5238 12 2892 6 7293 5 2373 11 8484
928 0.56274445397497175 0.97185750244955349 4.5286878101673311 179 154 132 0.65150902852318637 2 5244 3 5406 12 2913
929 0.62448956798645283 1.0316603305550456 4.5437071640543021 188 167 148 0.46079476062123376 3 5434 12 2970 6 5554
930 2.0644967239371996 1.2459223648454232 5.3346586571605785 69 55 52 2.4965861874642337 3 7079 12 2986 8 7250
931 0.29130350573771896 1.0023838731893246 4.4133773386901778 96 77 60 1.7751953368071813 2 5279 12 2988 9 7034
932 0.63205078411969873 1.0693035026277484 4.5361681424025964 178 160 140 0.19925496039201801 3 2961 12 3014
933 0.59725563736933984 1.0716579741228551 4.521068208804766 180 159 140 1.3015163009542139 3 2969 12 3021 6 5611
934 0.59725563736933984 1.0716579741228551 4.521068208804766 180 159 140 1.3015163009542139 3 2970 12 3022 6 5612
935 -0.29601284856079424 0.99199230817103334 4.2694171194765973 189 170 153 0.86440074028310043 2 2770 12 3025 6 7347
936 -0.40168624075687193 1.0095559565519043 4.2570387138741062 148 124 103 0.4849768755736385 2 2793 12 3046 6 7364
937 -0.24727038727074591 1.1367862707784033 4.2435162181072998 160 135 113 0.78240152060779122 3 3102 12 3178 6 7471
938 0.07064476062223457 -3.7453293239200205 9.8803099608415117 89 87 92 1.5429871566118298 2 76 5 115 1 299 12 3883
939 -0.057486068085627007 -3.7398935474198902 9.9385702388502661 156 157 162 1.3370151500703951 2 85 12 3884 13 3032
940 -0.06547349183033957 -3.7580200466323737 9.9777532151829682 156 157 162 2.4027011050946423 2 84 4 3489 14 123
941 0.012525649858373344 -3.6763767738047179 9.8954787446008297 102 101 106 1.388707505810479 2 3502 12 3889 13 3035 14 2881
945 0.10877464483509236 -2.4699179917132108 6.8258739131317512 71 76 82 1.4558107907288655 2 3545 4 381 13 148 1 587 12 3938
946 0.88713992242806849 -3.3563266577415241 9.8499588313864255 117 113 112 1.4816731619549646 2 3544 4 293 12 3946
947 1.078473317440291 -3.3752532473428691 9.9203552897662455 170 170 172 1.0730601888799203 2 3542 12 3950 5 219 13 3065 1 479 14 216
948 4.07269430725486 -1.7067314636103452 3.5531739711850481 111 108 109 1.6022631589674345 2 3488 12 4013 6 3812
949 4.0207880033204795 -1.6894926318470911 3.6273201843580871 121 115 115 1.3196002588589322 2 3496 12 4016 6 3828 5 573
950 0.14913679980398958 -1.9628966589115393 6.5401700657660218 126 116 107 1.9418086774426819 2 3635 5 3480 4 3733 12 4019
951 4.0270428765262922 -1.5975218625650243 3.6022662097507818 129 112 101 1.1272381266591653 2 3517 12 4036 6 3882
952 1.3544456699964251 -1.6070137835875016 5.3605250469135362 147 137 128 2.3424622575364058 12 4090 6 3674 7 8317 5 565
953 0.0536699170492555 -1.659474596873515 6.4877613374557086 131 117 106 0.56276675889564365 2 3709 12 4100 5 531 4 713 13 364 1 881
954 -0.011458953433111041 -1.6312162675931086 6.5065081927909478 149 135 122 0.89330815807661079 2 424 12 4108 5 541 4 733
955 0.2300211684555738 -1.6246410910126763 6.4165848502403593 107 104 99 0.58224826261043972 2 3717 12 4112 5 553 4 762 13 383 1 925
956 0.072172288415736641 -1.615260217792797 6.4746769276995408 130 118 106 0.44503598254137372 2 3720 12 4114 4 757 1 918
957 1.8610689610317088 -1.6128059267854655 5.7684297039817318 160 148 136 1.0263643076293134 2 3682 12 4124 6 3774
958 1.2423154223314785 -1.4801572927448627 5.3354324684966326 132 122 112 0.84674673108896947 2 3693 12 4128 6 3704 5 647
959 1.2426729330463873 -1.4813923715577695 5.3414369783506155 132 122 112 0.68109247744933477 2 3692 12 4129 5 648
960 2.3108025652540656 -1.6185131428767725 5.9049366624571116 74 70 69 1.0846682541836703 2 3684 12 4144 5 655 1 1063 6 6191
961 1.2090149746726484 -1.4275426926221679 5.2665094151884713 145 135 125 1.8645010579218251 12 4146 7 7327 5 673 4 948 13 504
962 1.2308138763595173 -1.4352759333789791 5.322323995097749 145 135 125 0.45407376175555325 2 3708 12 4147 5 674 13 505
963 3.8533474774076897 -1.3581868895343534 3.8027270954397747 149 140 131 0.84963117661532073 2 3613 12 4153 6 783
964 0.38093001313746028 -1.47527373963189 6.3365786992356989 143 130 121 0.45711306927984785 2 3766 12 4158 5 653 4 873
965 3.9066162477601987 -1.321751017327055 3.7284115346301716 147 121 106 1.5448066808955618 2 3622 6 4061 12 4163
966 0.25893387172461307 -1.4497477806181116 6.3732309933723927 142 138 135 0.31558752833828924 2 3775 12 4166 5 666 4 3908 13 481 1 1021
967 -0.68831981050722124 -1.1172671549771034 4.7230410324160923 145 141 141 1.475195000580481 2 507 12 4169 6 5971 5 726 4 969 13 577
968 -1.4860198049447337 -1.0867198171816099 4.9651392328494781 132 135 144 1.8665229221085069 2 563 5 709 4 918 13 552 1 1064 12 4171
969 1.2738608058871581 -1.3482181868694665 5.2777968977765237 156 144 132 1.7000125362976686 12 4175 7 8354 5 716 13 560
970 -1.9504013571756107 -1.0715946987562139 5.1804862029607204 67 69 82 0.81833403383534742 2 3892 12 4179 13 540
971 -1.9504013571756107 -1.0715946987562139 5.1804862029607204 67 69 82 0.81833403383534742 2 3893 12 4180 13 541
972 -1.659303305225299 -1.0720556219146502 5.043140788595986 118 119 123 0.76044346694431608 2 582 4 911 5 711
973 -1.7224828313110614 -1.0651739887090477 5.0601467046276483 125 127 132 1.0880406570907091 2 588 12 4183 13 558
974 -0.73685208700532456 -1.082594711779457 4.7245908735060569 123 118 115 1.569338669120633 2 3828 12 4190 6 5976 5 745 4 995 13 600 1 1113
975 -0.71327441937414826 -1.0829252521414905 4.7162714560993075 136 128 126 1.6484946646227669 2 3826 12 4191 6 7650 5 746 4 1001 13 604
976 -1.7652777638344435 -1.0261475793581574 5.0832112547205508 121 117 118 1.7632837114055726 2 3920 5 740 4 939 13 588
977 4.0993839255640925 -1.2163737523871301 3.4029493294550148 107 84 70 1.9489597450437437 2 5864 12 4203 5 908
978 0.80741134636276213 -1.2198001496527011 5.1126614657896319 168 158 148 0.72092663539590707 2 5953 12 4208 5 760 13 609
979 1.0895680739845495 -1.2200726298057945 5.2094600048712447 136 120 105 0.77317885290039301 3 3851 12 4228 6 3835 5 775
980 4.1220539046699383 -1.1591633434593878 3.3185543865599634 156 146 137 0.79151633197512117 2 3650 12 4236 6 4188
981 4.1071560124120881 -1.1542199564841829 3.3357124906815603 149 141 130 0.91149913860173648 2 3655 12 4244 6 4192
982 0.061159327975488398 -1.0595365787804469 4.7670081023474635 123 110 101 0.7917753325355551 3 3985 12 4253 5 817
983 3.8498714820676181 -1.1806887108495372 3.7601411554197677 145 136 127 0.73773870831034272 2 5893 12 4254 6 6391
984 1.0823423141764963 -1.1694292612426198 5.2026633968372522 150 134 121 0.5262391234646121 2 3819 12 4262 13 652
985 3.9855288931294695 -1.1356706797045379 3.5202876026414258 109 95 86 2.3684948821925484 2 5891 12 4270 4 1308
986 3.8501213699211085 -1.1495474770216556 3.7536029257768027 144 134 125 0.57496509022158759 2 3691 12 4276 6 4186
987 1.1012300806401316 -1.1470947190014953 5.199978808223408 173 157 144 1.2344226697141172 2 3834 12 4277 6 3885 5 837 8 6086 9 7504
988 1.9158052010036486 -1.2729963522412115 5.8111888619045304 144 137 129 0.90259951178466746 2 3814 12 4280 5 813
989 1.0688662605025989 -1.1241499934167329 5.1741459766379974 122 106 93 0.64693575526887592 2 3848 12 4292 5 853 13 673
990 1.0688662605025989 -1.1241499934167329 5.1741459766379974 122 106 93 0.64693575526887592 2 3849 12 4293 5 854 13 674
991 3.8203855523375783 -1.065540525169838 3.7688676399009262 142 133 124 0.85799593886688374 2 3739 12 4337 6 4271
992 0.65306907406762371 -0.99641027447805031 5.0083336012707189 124 110 99 1.0214494156035541 2 637 12 4341 6 3891
994 3.147478393154346 -1.2580778614805417 6.0749500458168235 163 149 140 0.22513036923772198 2 3839 12 4351
995 3.9090204334183278 -1.0348929920169914 3.6477389984593902 156 142 131 1.3186934512985831 2 5933 12 4358 6 4298 5 1025
996 3.1626462817996126 -1.2332253986962269 6.0448556774100446 119 105 96 1.0644015750698321 2 3856 12 4360 7 6150
998 4.0684530471513325 -0.97383082306616586 3.2767779303192341 99 85 76 1.5109164281954652 2 5928 12 4394 6 4346 5 1051
999 4.0684530471513325 -0.97383082306616586 3.2767779303192341 99 85 76 1.5109164281954652 2 5929 12 4395 6 4347 5 1052
1000 0.0046571342598063503 -1.0207890987817738 6.3511598793791553 172 156 141 0.5498227608166929 2 4017 12 4401 4 1135
1001 4.0108013226990922 -0.97507242879737532 3.4707989493287599 140 113 94 1.2183948637673743 2 3760 12 4411 6 4348
1002 2.2473368474446542 -1.0689661185814017 5.9024448183719462 148 139 124 1.4228575318879189 2 3951 12 4426 13 793
1003 0.79298979974432937 -0.87438192785979241 5.0097537737852775 76 62 52 2.4220709584157016 12 4436 7 8400 5 1004 4 1277 13 856
1004 2.7033288275702594 -1.0313770389462948 5.8836540238270514 137 130 120 1.2747212153170133 2 3966 12 4439 6 6451 7 7555 5 1006 4 1294 1 1361 11 7347
1005 2.0428154624518915 -0.98159327022115894 5.8007148955403993 54 51 50 2.2622776649280638 2 4002 12 4443 7 8521 13 843
1006 2.4093346030251035 -1.0031060560972074 5.9584370756712755 47 42 39 0.78259199428998794 2 6076 12 4452 6 1055 5 1011 13 846
1007 2.3462660717666837 -0.99169060716582713 5.9276989796721038 43 37 31 1.5005138602967432 2 6081 12 4456 6 1046
1008 2.6758549519048902 -1.0069627226573117 5.9257833617126234 130 116 103 1.3667157325398573 2 3983 12 4459 7 7562
1009 1.0071023400045829 -0.84226091360967215 5.0997973817282087 175 158 140 0.50440267689986096 2 4038 12 4461 6 6346
1010 0.41029354229008047 -0.81897652235378482 6.1816529093857087 104 94 84 0.63944803629070057 2 4101 12 4491 4 1285
1011 1.9316842960768268 -0.83799929364958903 5.7299412412670723 38 31 26 0.83325482950412033 2 4070 12 4504 5 1060
1013 2.3370139011505779 -0.72464324749660269 5.8620777931237669 119 107 94 0.72210944354924389 2 6153 12 4549 5 1133 4 1440 13 977
1014 -0.41260519086487552 -0.51349612825127045 4.5456388311768032 103 94 85 0.55063980868794438 2 4194 12 4568 6 6309
1015 -1.2934319211535221 -0.470021996452332 4.7444830970526013 136 133 128 1.3296341467862609 2 1107 12 4573 4 1418
1016 -0.7385368947844122 -0.4792993939243671 4.5805405670163291 64 59 54 0.88027806377050133 2 4229 12 4584 6 7789 5 1206 13 1048 1 1513
1017 -0.73958699020443142 -0.47904767428678652 4.5823787581627862 64 59 54 0.7983762936503439 2 4230 12 4585 5 1207 1 1514
1018 -0.12586524774146282 -0.50834090482017535 4.5844897447076587 53 43 34 0.43360943843580929 2 4198 12 4586 4 1466
1019 -0.503728410264493 -0.47781141935721139 4.5449188747538862 74 67 59 0.46742907520913202 2 4226 12 4594 6 7810 13 1060
1020 1.2734944899189105 -0.57808315289234535 5.0654924077585042 153 133 104 0.66677512224547986 2 4162 12 4597 5 1214 13 1049
1021 -2.0450182717481571 -0.39271035664196535 5.0833371819724622 72 68 67 1.7141584146592166 2 1276 5 1203 13 1042 12 4610
1022 -1.5838028424092132 -0.40554088036340863 4.8371804335066653 140 134 122 1.294048040955003 2 1255 12 4611 4 1448 13 1063 1 1499
1023 -1.2254188815388667 -0.4157845215422441 4.7059091531905519 53 50 47 1.0523930042129017 2 4293 12 4613 4 4314 5 4059 13 1072 1 1524
1024 1.3035065380009963 -0.53548650537346065 5.0295079573840065 174 158 133 0.87342180785419499 2 4192 12 4618 6 7952 4 4351 13 1077 14 1112
1025 1.2513569826142563 -0.52881393505340135 5.0378807409498334 173 157 132 0.89089368112533229 2 4200 12 4619 6 4378 7 7530
1027 -0.45599951232946156 -0.42428029515362475 4.5273251041076312 117 113 106 1.1490838995913486 2 4272 3 1581 12 4631 6 4115
1028 0.41313591136780786 -0.45814351775391077 4.7826655331187897 110 97 87 0.62253865370024919 2 4245 12 4641 6 6465 5 1255 4 1521 13 1111
1029 0.41313591136780786 -0.45814351775391077 4.7826655331187897 110 97 87 0.62253865370024919 2 4246 12 4642 6 6464 5 1256 4 1522 13 1112
1030 0.78718829975181714 -0.47894969604778709 4.9329329489521143 74 57 40 2.0954512195186559 12 4643 6 6498 7 9209 4 1516 13 1102 1 1567
1031 0.48112973377466189 -0.44762480327715554 4.8089655699910656 69 59 50 0.39407749381944407 2 4252 12 4659 6 6481 5 1268 4 1527 13 1124
1032 0.55042249944013144 -0.44080788155673578 4.8440172371773134 114 100 90 0.29000951572236261 2 4256 12 4669 13 1132
1033 3.2596611006970688 -0.58338253676973095 5.9828413808645866 139 122 104 0.72438667962142145 2 4181 12 4670 13 1094
1034 0.28460378812890469 -0.41984636994182795 4.7259591601767212 152 145 132 0.442184965083813 2 4283 12 4677 6 6477 5 1283 13 1145
1036 -0.45979018798635929 -0.36372796388754386 4.4919971599542077 41 30 24 0.5560632394180075 2 4346 12 4689 6 7865 13 1181
1037 0.76596814014430303 -0.41871089600782202 4.9259428730892685 85 71 60 0.19612414167944625 2 4290 12 4694 6 6528 5 1302
1038 0.2050561468362751 -0.38839447885532752 4.6858887510325147 148 138 126 0.58304056178664543 3 6499 12 4695 4 1565
1040 -0.53597144776206229 -0.3415531462896001 4.5056410669998073 133 120 111 0.55617923774401079 2 4368 12 4708 6 7869 1 1610
1041 0.91097254170721897 -0.40201791453262747 4.9667720991008828 90 73 53 0.78805324956206091 2 4306 12 4714 6 4418
1042 -0.80120044558590031 -0.29936522923224834 4.5383640763933437 129 116 107 1.0736730156784242 2 4415 12 4726 6 7864 5 1344
1043 -0.87791376744556238 -0.29319829602416581 4.556569119121229 170 160 151 0.91337310032139241 2 4427 12 4731 6 7859 5 1347 1 1628
1044 5.5154884365177894 -0.53398788110686057 8.3486187381642871 40 53 72 1.0529719849568027 2 6237 12 4748 5 4119 14 1109
1045 1.4104035813735114 -0.35993177278123206 4.8996562049020751 151 135 112 0.74580302350733985 2 4352 12 4754 5 1370 13 1239
1046 -0.49271735617695545 -0.25198635173454931 4.4923757111944242 159 145 136 0.45174915502838181 2 1400 12 4780 6 7916
1047 1.4117845368556166 -0.32123883213006238 4.8881629687101622 173 157 134 1.3299533122944585 2 4387 12 4781 6 6613 7 9251 4 1662 13 1272 1 1682 11 8331
1048 -0.13112562260297236 -0.24730446456324776 4.5239167847658166 157 145 133 0.16828283014363565 2 4480 12 4797 6 6520
1049 0.19924928740611597 -0.24397968913602816 4.6433504842933493 62 47 40 0.43724417177808972 2 4484 12 4807 5 1431 4 1683
1050 0.19918231738656528 -0.24432903723844684 4.644766031153055 62 47 40 0.32451996843028458 2 4485 12 4808 5 1432
1051 1.0049175046782395 -0.26367761288176367 4.9668523983576005 159 138 117 1.8624992152267197 12 4811 7 9249 13 1301
1052 1.0049175046782395 -0.26367761288176367 4.9668523983576005 159 138 117 1.8624992152267197 12 4812 7 9250 13 1302
1053 -0.82882090076900261 -0.1977549298374725 4.5313607285144313 155 142 133 0.98654350945133795 2 1489 12 4818 6 7914 5 1440
1054 -0.37508183349218438 -0.21391202009855609 4.4750144461272505 61 47 36 0.61649013106130812 2 1462 12 4822 6 7947 4 1691 1 1705
1055 1.9098174280274001 -0.28111217882407513 5.1686612320805922 157 137 113 0.82856770684298853 2 4432 12 4824 5 1441 4 1720 13 1317 1 1710
1056 -2.0206869986194467 -0.12981204684645906 5.0109098627293749 101 91 82 0.77681401242570625 2 1577 12 4833 5 4225
1058 -1.3805681786236408 -0.11617838595722987 4.6883358024041222 154 134 123 0.85975671992846758 2 1588 12 4861 4 1723 13 1360
1059 -0.69224172130799833 -0.11414989896182898 4.4739485835866839 89 75 62 0.71302810796661908 2 4589 12 4882 6 8843 12 6925 5 1511 13 1388 1 1739
1060 2.8218477187505449 -0.17828528238583596 5.4384423579660117 155 138 121 1.671144042078464 2 4520 12 4893 6 4649 5 1515 11 7468 7 8691
1061 1.7848945171660997 -0.092244255573441153 5.0523146650435544 79 67 55 1.1162317830639723 2 1583 12 4920 7 7729 5 1555 1 1787
1062 1.6812254768172965 -0.074803731866461137 5.0414890726442634 120 102 81 0.90597163624999966 2 4597 12 4927 7 8664 5 1561 13 1422
1063 -0.39824582009675347 -0.029681796006796619 4.4438945980978026 158 142 128 0.53714556622206833 2 4634 12 4935 6 8009 13 1438 4 1806
1064 -0.39977239083093991 0.011171096108160417 4.4342229943532514 184 165 151 0.43922310578865975 2 4658 12 4959 6 8885 4 4565 13 1467
1065 2.5441991619797895 0.11599830375489353 5.3284723323401106 140 121 106 0.8603882661055765 2 4692 12 4997 6 4891 5 1673 13 1518
1066 2.7755221892296809 0.18021386317284849 5.3977348549905848 167 151 135 1.7563229090196535 2 6483 12 5035 13 3942 5 6075
1067 0.01739671215775529 0.17595367288709138 4.4755450959069725 103 77 54 0.58944924012321287 3 2113 12 5044 6 8082 5 1724 4 1950 13 1579
1068 1.1264775421146636 0.21905160969750526 4.9195459386294864 160 142 120 1.3515298431924692 2 4750 12 5060 6 4886 7 9331 11 7975
1069 -1.7042106525730185 0.27599768539883024 4.7307461500247339 121 100 77 1.4847309382519176 2 1950 12 5080 5 1752 1 1925
1070 2.2805713950412678 0.295951318226161 5.4829457650395792 85 67 57 1.0921192980296115 12 5086 7 8778
1071 1.2094319346399802 0.28087987968563499 4.8488019802019702 178 169 154 0.92102367873636914 2 4780 12 5098 7 8739 6 6864 13 1638 11 7451
1072 1.3582827451674251 0.27485785044443878 4.7421967191559604 131 122 112 1.4149628463019155 2 6542 12 5104 7 9345 6 4959 5 1805 13 1645
1073 1.9991623397586888 0.4064807255309551 5.390284357350267 30 21 14 0.96169449435313825 2 6577 12 5143 7 8795 5 1850 13 1666
1074 -0.68060927204301669 0.32909843938162436 4.3691865076651961 32 22 13 0.80525406159324342 2 4836 12 5150 6 8931
1075 -1.7257977249827317 0.38720268913865313 4.6896428486184663 26 19 13 1.3815974680082135 2 4860 12 5164 5 1856 4 2082
1077 2.6849295104988826 0.43091940904540799 5.3229124478217678 124 103 84 0.20733047126415696 2 6583 12 5170 13 1700
1078 -0.72253207760472704 0.36457434097848873 4.3291052648411137 121 107 96 0.37530644875631242 2 2080 12 5181 6 8130
1079 1.9053330528393975 0.47332556382489005 5.3220034131630261 157 141 126 1.2920337978063521 2 6598 12 5186 7 9415 5 1902 13 1716
1080 1.9030032749252253 0.47062542667991586 5.3193833351387099 157 141 126 0.51503115512490372 2 6597 12 5187 13 1717
1081 3.8202611247008464 0.23487811052354574 3.487719557326828 130 112 98 1.5105731412585905 3 7814 12 5193
1082 3.897801991755526 0.21259996867382014 3.2999390620932236 124 107 89 0.16535818855428353 2 6570 6 5145
1083 0.70126357708842169 0.41775922455366765 4.6910332771783265 45 32 24 0.57214720272808395 2 4864 12 5200 6 6937 5 1923
1084 0.70116817372081197 0.41772622409329524 4.6916751780405752 45 32 24 0.52624278545905179 2 4865 12 5201 6 6938
1085 2.8706704533282155 0.46833113115812947 5.2262828878729719 120 100 76 1.6005861810824102 2 6599 12 5202 7 7910 6 2275
1086 -0.35882272934079601 0.38429671731755199 4.3219828291176832 62 47 35 0.8591209637893128 3 2380 12 5203 6 8162 4 2142 1 2104
1087 5.4040883606688404 0.78239223851241912 7.8328335414959591 59 45 36 1.2981085460440089 2 4862 12 5212 5 1918 10 9303
1088 5.3720247515927166 0.79868442409423368 7.8988807637392382 81 63 51 1.6102273108457885 2 4869 12 5216 10 9304
1089 -0.84059718754596724 0.4058517491152131 4.3894696109088036 106 90 75 1.2502231732629625 2 4900 12 5218 6 8151 5 1936 13 1736
1090 -0.37422887511042635 0.4002560034682075 4.3306457656034505 103 87 75 0.61270200169868871 2 4898 12 5221 6 8171 4 2166 13 1739 1 2124
1091 -0.37422887511042635 0.4002560034682075 4.3306457656034505 103 87 75 0.61270200169868871 2 4897 12 5222 6 8170 4 2165 13 1738 1 2125
1092 -0.40296337450768677 0.40436216370958777 4.3352613195644301 129 113 98 0.68830874572078193 2 4902 12 5224 6 8173 4 2169 1 2130
1093 -0.40296337450768677 0.40436216370958777 4.3352613195644301 129 113 98 0.68830874572078193 2 4901 12 5225 6 8174 4 2170 1 2131
1094 0.13286985377830646 0.41764404856052356 4.4527171922252267 50 33 23 0.86511471710450982 2 6612 12 5228 6 6924 5 1951
1095 -0.86503699469688256 0.41994591937878584 4.3929446682855016 83 67 52 0.61058010325071566 2 2144 12 5232 5 1950 13 1751
1096 0.28146176648586979 0.46010341467682586 4.523780473408987 119 101 81 1.3153051867241994 2 4932 12 5248 6 6956 5 1968 13 1771 9 7954
1097 0.96761444905233729 0.49376148029225836 4.7911226335007884 176 155 127 1.2646290123455306 2 4925 12 5249 7 8792 3 2388 9 7914
1098 3.8175186253087077 0.29992612654357692 3.4175201215836717 153 141 125 0.23314510780383194 2 4863 6 5183
1099 3.8301989488428756 0.29543109573368059 3.3983366677723361 155 142 126 2.0292323380992769 2 6606 6 5184 5 2015
1100 3.900284963173954 0.27868419558749158 3.2758626999632039 147 130 112 0.53093849471472043 2 4858 6 5187
1101 -1.5322124886694692 0.49595788867363727 4.6012404549431416 58 46 32 1.2585668217350667 2 4969 12 5269 4 2206
1102 1.1747449805326811 0.53111457957586916 4.8153176638680018 170 153 127 0.77752373153278465 2 6631 12 5280 7 9835
1103 2.4728447326086234 0.61480845457200406 5.4078855542962554 96 78 64 0.61386275420958802 2 6636 12 5283 6 5173 7 8832 5 2004
1104 -0.11431325556828811 0.49960693859349187 4.3558021261428248 125 106 92 0.73556047480716025 2 6653 12 5298 6 8229
1105 1.1741141825462285 0.57383140116600706 4.8159820446519204 174 157 131 1.1113486742528305 2 6651 12 5304 7 9435 11 8657
1106 5.3699045238740108 0.94169941971961491 7.3926738172598609 175 156 138 1.4176356782202433 2 6656 6 7122 5 4594 12 5308 1 2178 10 9980
1107 2.5080863682603485 0.67200694659109161 5.3966660993323314 82 66 51 0.93431566103355068 2 4987 12 5311 6 7084 7 8842 5 2047 11 7583
1108 1.0982428106515485 0.59383144967799328 4.8205602020141418 159 138 117 0.83238044777806364 2 6662 12 5317 7 9848
1109 2.8125545022699359 0.65129136045669478 5.227479839584916 164 142 118 1.0743510607125235 2 2240 12 5318 5 2049 1 2198
1110 5.3642732609880559 1.0377905176314499 7.8223867828997369 30 26 19 0.97393847603761508 2 5000 12 5322 10 9359
1111 5.3981597046242387 1.0381740010068607 7.7455175796978599 114 99 91 1.199591516251131 2 5003 12 5325 5 2050 10 9992
1112 1.3671240518879726 0.58747251731346695 4.6667480108923103 97 81 72 1.3186741392226078 2 2257 12 5328 6 8288 7 9852 5 2060 4 2278 11 8662
1113 -1.7470185637275777 0.58544835050577348 4.6591926998047697 100 83 67 1.2936467660211035 2 5016 12 5332 5 2048
1114 3.8996506540817322 0.37335384099290508 3.2530507083452123 159 147 134 0.72490992805585963 2 6649 6 5255
1115 0.3003422583899889 0.58618274673866999 4.5045721036507116 165 140 118 0.8805247461409067 2 6678 12 5353 6 7041 5 2077 9 7986
1116 5.3856744703047408 1.0802955839508583 7.7083067308767443 22 17 11 1.1332198485655991 2 6681 12 5354 5 2071 10 9365
1117 2.8174619930416638 0.71339182962523995 5.2305636134866615 147 134 118 1.9048142579370533 2 2306 12 5360 6 7116 7 7962 6 5253 5 2085 11 5729
1118 3.9005707701550056 0.40102162942311842 3.2463755763379543 153 145 134 0.44677087065118692 2 6665 6 2502
1119 -0.89518046986318556 0.58031919804754395 4.3619059332912098 167 148 133 0.48962434762189377 2 2335 12 5363 6 8994 4 2294
1120 1.2745115782905685 0.6688700700172141 4.7749665013696543 42 26 14 1.3362742577138176 2 6687 12 5380 6 7100 7 9860 5 4644 4 2305 13 1880 11 8414
1121 -0.88389460148536103 0.60085590458190707 4.3545130932927263 155 136 119 0.54274962255630643 2 2357 12 5387 5 2093 4 2312
1122 -0.88389460148536103 0.60085590458190707 4.3545130932927263 155 136 119 0.54274962255630643 2 2358 12 5388 5 2094 4 2313
1123 -0.74890357212777869 0.59490000701246903 4.3007397411761525 177 152 129 0.70163203485937042 2 5037 12 5391 6 8262 5 2099 13 1889
1124 2.5222684166498852 0.7825409468450597 5.295847542286225 118 100 90 0.6523911765799626 2 5038 12 5395 4 2326 13 1890
1125 -0.47743313597764397 0.63353690125188522 4.3413045110103772 187 166 147 0.23887353283122573 2 5061 12 5412 6 8289 13 1910
1126 1.2247607204899427 0.71576907434807713 4.7680072476974269 72 54 32 1.5240936099611684 12 5413 6 8321 4 2342 13 1906 1 2281 11 8673 2 2393
1127 1.2339586248445722 0.72010251118166679 4.7867109324050316 72 54 32 1.6070326432813506 12 5414 7 9484 5 2129 4 2343 13 1907
1128 1.3253658795698735 0.71720800350961222 4.7432819806107016 64 45 28 1.4133207880228493 12 5419 6 7145 7 9487 5 4664 12 7284 4 4874 13 1911 14 1753 11 8675 2 2394
1129 2.290447604008691 0.85630755798166547 5.4952170394195052 68 58 56 1.7922539547365735 12 5426 7 8864 5 2149 4 2347 2 2408
1130 -1.5062718360895457 0.71377031031608329 4.5896700636323207 140 123 107 1.8189047786245478 2 2444 12 5452 5 2159 4 2379 1 2302
1131 2.8407427350319634 0.86332447356893427 5.1303464715186928 175 157 134 1.6278991411412611 2 6720 12 5467 6 2617 7 8001
1132 -1.6857250335224048 0.7485525362324128 4.5989735815618715 113 94 77 0.3057302753199288 2 5115 1 2324
1133 2.6403927651611561 0.90985389705221076 5.244919633865524 116 90 75 0.68758543824268248 2 6732 12 5489 7 8005 13 1970
1134 -0.76179223445491173 0.7104874151319005 4.2833353691256884 167 141 114 0.20637382928848091 2 5117 12 5492 6 8326
1135 -1.7496969195998033 0.76034150647454335 4.6170285300680041 99 81 61 1.5354178843641888 2 5120 12 5496 5 2193 4 4926 14 1781
1136 -1.776607394877439 0.77774990136497002 4.6320733482839307 144 123 104 1.3925286484520354 2 2508 12 5506 5 2217
1137 2.4119191048767021 0.96984954056904416 5.3431702051607255 137 110 89 1.2917116527004477 2 6753 12 5514 6 5404 7 8892 5 2256 13 2010 11 7640
1138 -0.13950971352202068 0.80276409445656838 4.3428031373940481 110 89 70 0.97805684442985763 3 5336 12 5538 6 8378 4 2476 13 2053 1 2392
1139 -0.139519518996889 0.80277398218549845 4.3428038072800117 110 89 70 1.1594430496019683 3 5337 12 5539 6 8379 4 2477 1 2391
1140 -1.6868298245482014 0.8281333650637217 4.5970344837209982 86 74 62 2.002492685099829 2 2551 12 5544 5 2273 4 2478
1141 -0.40590947577718317 0.80349229938589928 4.3227596771454158 27 27 27 0.16434433188179925 2 5170 12 5550
1142 0.093749636149589755 0.8261288500752666 4.3411194549974734 129 103 78 0.46431207023221677 2 5181 12 5561 6 7218
1143 3.8365779137116842 0.65435088453976409 3.2808030646501032 29 20 15 0.15980476716649844 2 6782 6 5482
1144 0.58726803607281886 0.88605863201401536 4.5598379488766847 181 155 130 1.5572281420415384 3 6995 12 5575 6 7238 9 8058
1145 0.3638464349491804 0.8744179388291784 4.4780313552910469 36 28 23 0.92066377472619143 3 2794 12 5577 6 2717 13 2075
1146 -0.54843638021322505 0.83126490598347091 4.292962792054654 192 173 155 0.48387865590092211 2 5194 12 5587 4 2520
1147 -0.20041160002612865 0.84964843715979588 4.3190797441602413 189 168 149 0.67329212881004297 3 5364 12 5590 6 7237
1148 0.57897123687508367 0.90687976818492522 4.5490462541648693 134 104 80 1.8172965810374617 2 6807 12 5591 6 8400 5 4758 4 2523 14 1866 1 4720 9 8801
1149 -1.7381125273216831 0.88067841993445684 4.5974590616733888 140 121 104 1.7774341849663433 2 5196 12 5598 5 2316
1150 5.364516698677412 1.6146528630199846 7.530988266650084 93 80 72 0.94761741450126102 2 6843 12 5605 5 2359 10 10059
1151 5.1753720565444592 1.5897332226641017 7.4312901432733751 98 82 67 1.0893718509197516 2 6842 12 5607 10 10058
1152 1.1976464029976077 0.9731095578902742 4.6764520406013732 137 130 112 2.1725664392601476 2 5222 12 5615 6 7286 11 8706
1153 1.1983152754434399 0.97748351281774903 4.6793610632348814 137 130 112 0.46575774791516361 2 5223 12 5616 6 7287
1154 0.036379492758382204 1.0094040935977333 4.2760645616985196 69 56 40 1.4533451421383199 3 7078 12 5706 5 2475 4 2638
1155 -0.52799106330996748 1.0136143170032792 4.2589957799054305 190 167 149 0.30503030160884786 2 5317 12 5722 6 8467
1156 -0.52799106330996748 1.0136143170032792 4.2589957799054305 190 167 149 0.30503030160884786 2 5318 12 5723 6 8468
1157 0.082961182723307048 1.1213226070980693 4.272838987756411 154 139 126 0.73192395714316005 3 7122 12 5790 5 2565
1158 0.067677564818030167 1.1561514177270229 4.2576006051836055 148 132 116 1.2317365573893706 3 7140 12 5817 5 2593
1159 -0.20514743402846375 1.163501749806076 4.2375071314428041 113 95 79 0.4447532404917367 3 5538 12 5837 6 8534
1160 -0.84346089586340933 1.1443485141230045 4.2232415881119207 139 122 104 1.5446853335758668 2 2951 6 8544 5 2623 4 2818 12 5843
1161 -0.92818969247880778 1.1598560250154375 4.2808594433242231 77 68 57 1.2141905576621566 2 5414 6 9178 5 4975 4 2829
1162 -0.4761968811595429 1.1991886390614743 4.2032649885949764 120 103 85 0.68919827760577201 2 5461 12 5871 6 8570
1163 -0.46260780848002875 1.2336044455481729 4.1921871123657883 105 89 73 1.016062705499869 2 3064 12 5901 6 8581
1165 0.76367624328471528 -3.4516201907577471 9.8216019709017708 97 91 91 1.4941645414791624 2 5800 4 3538 12 6312
1166 0.85548630073686605 -3.4226220184145815 9.8570092966523326 134 128 128 1.5420412416305336 2 5804 4 5786 12 6319
1167 3.9691434032042565 -1.5525818284431252 3.6869181752540441 141 122 105 1.3278427171602138 2 5812 12 6403 6 6236 5 3658 4 1063
1168 1.2669635250742788 -1.622453017187468 5.3756403372537784 143 133 124 1.0540822522387199 2 7287 12 6407 6 6048
1169 0.17782449807262152 -1.7086015934444234 6.4594639873134776 115 106 97 0.57578311235135271 2 3689 12 6409 5 3559 4 3808 13 3218 1 3758
1170 0.17767117326285453 -1.7086981017030183 6.4596063706149067 115 106 97 0.5934665517770038 2 3690 12 6410 5 3560 4 3809 1 3759
1171 2.7198988880533022 -1.7226815807899638 6.0948849238491025 135 131 128 1.5583678348910859 2 7294 12 6442 5 3624
1172 1.0810166290183369 -1.4021681130268282 5.2429363543257033 149 139 129 0.57461399069295527 2 5914 12 6463 5 3670 4 3960
1173 -0.69651494049646856 -1.1417058347100706 4.7295756428489959 77 76 82 1.5925681801243559 2 5959 12 6475 6 8637 5 3713 4 3962 13 3343 1 3919 14 736
1174 -1.3557502035372395 -1.1102439458452626 4.9002866551390554 85 89 101 0.76062779903737388 2 5980 12 6477 13 3325
1175 0.47133823648492396 -1.4746384143123046 6.315965113982716 123 104 89 0.81764271929845567 2 5944 12 6478 13 3288
1176 0.33939926418885419 -1.4615398601982075 6.3542943324491477 80 73 66 0.31363980866597807 2 3773 12 6480 13 3287 1 1023
1177 -1.6381783841762478 -1.0944156405060044 5.0213109322545035 73 77 88 0.68692791590320379 2 5995 1 3886 14 697
1178 0.92559054099790616 -1.3263608003521479 5.1860083182710826 152 138 127 0.55339684315819704 2 5935 12 6484 5 3708 13 3335
1179 -0.71788344487280065 -1.119666062182304 4.7303689360082561 152 149 150 1.4632385021268672 2 5967 12 6489 6 8643 5 3725 4 3967 13 3350 1 3927
1180 -1.9835592180738575 -1.0599088526773934 5.1856437583091575 71 71 81 0.82876694103951787 2 6023 12 6497 13 3329
1181 -2.0330672844374864 -1.0535770683136885 5.2168551036170507 67 69 81 1.0384903075938743 2 6029 12 6498 13 3332
1182 2.4748236583416903 -1.4888657322595726 5.9837757333954924 151 139 127 0.77138713156604055 2 8262 12 6505 13 3345
1183 -0.51116766448644713 -1.0806492494157467 4.6866310422382691 147 137 128 1.0262966638978255 3 4015 12 6506 5 3749 4 3996 1 1134
1184 4.0313354668217318 -1.2114449904647084 3.4990890832916897 149 127 113 1.4918968597045772 2 5873 12 6515 5 911
1185 0.29161356787538112 -1.1296421175504592 4.8508359980435811 74 66 64 0.75864727846158775 2 5971 12 6518 6 7721 5 3764 4 4013 13 630
1186 4.0485839594239543 -1.1784494437450204 3.4727321233960899 127 110 95 2.0492070744296811 2 5878 12 6527 6 6397 5 3841 4 4165
1187 2.0686987989363361 -1.2769971230688608 5.8659997074248196 58 54 55 1.3290344720391398 2 7346 12 6554 6 6303 7 8463 5 3784 4 1122 13 3388 1 1210
1188 3.8216544235703775 -1.0867693180224673 3.7533522701742905 89 80 73 0.69477941099080387 2 5918 12 6569 6 6437 5 989
1189 3.8216058594377484 -1.0864665613465547 3.7525783791137703 89 80 73 0.49645227492341143 2 5917 12 6570 6 6436
1190 1.9300874495376648 -1.1014634393738461 5.7820418762978116 52 45 41 0.86242050228093847 2 7375 12 6595 5 3835 13 3437
1191 2.2469656396608153 -1.1382370165279831 5.9064038542955482 62 58 56 1.6383046142007327 2 7368 12 6596 5 3834 4 1212 13 3434
1192 2.3881446505353416 -1.0912936946036245 5.9174213084122558 59 54 50 1.204970260481228 12 6615 7 8524 13 3454
1193 0.90337919532228783 -0.89925369563329882 5.0670264626953418 175 159 144 0.85553594391506127 2 6080 12 6620 6 6306 5 995 4 1272 13 839
1195 3.8924275937385291 -0.93844647587065055 3.640262792168508 140 117 99 1.5729880185994425 2 7338 12 6625 6 7935 5 3951
1196 1.7002672663530123 -0.98232835154826637 5.6660825179791283 64 57 55 0.48046622142602474 2 7394 12 6628 13 3477
1197 3.8479247185259791 -0.93078415768862888 3.7057710309134135 141 133 122 1.5328088220111333 2 5972 12 6632 6 6507 4 1426
1198 1.719956964514711 -0.94631204020035087 5.6637105749468946 114 101 85 0.59099306679063646 2 7397 12 6642 13 3491
1199 3.8901303850505551 -0.88714737341119432 3.628681362419564 153 127 104 2.0804125862506275 2 5990 12 6647 4 1460 1 1532
1200 0.39543993036093245 -0.86885165739630144 6.1990605296413221 75 62 53 0.63058543386043775 2 6127 12 6661 4 4135
1201 2.259209243574912 -0.92596569828718045 5.8693940397316906 165 154 142 0.83352944173847832 2 6098 12 6665 5 3915 6 7905 4 4182 13 3513 14 915
1202 1.1140365571795581 -0.7987851626896918 5.1114246274623731 158 140 121 1.8915356000742818 12 6668 7 9170 13 3539
1203 2.1922840074065046 -0.86865938934424181 5.8217640535775796 66 59 53 1.4401863144004274 2 7422 3 8357 12 6680 6 4312 5 3931 4 1331 13 3533
1205 2.0171865399398987 -0.82925459707118576 5.7564066973202044 145 139 127 0.73777551605831415 2 7432 12 6690 5 3948 13 3544
1206 0.9331367688063823 -0.68842253235494311 5.0330362680137268 175 162 145 0.62113766836547435 2 6147 12 6700 6 6408 5 1103 4 1383
1208 1.2478209279887147 -0.62050014957389465 5.0490881250877546 147 128 96 1.452265800081348 12 6725 6 7917 7 9712 5 4017 4 4303 1 1512 14 1067 11 8584
1209 -0.37888154604000679 -0.49399696034783808 4.5460049542141903 165 155 143 1.1658027491452916 2 6204 12 6733 6 7817 4 4312 13 1053 1 4218
1210 -0.46499461621146732 -0.47944852676177213 4.5474516798095692 72 67 61 0.78659943933164844 2 6210 12 6736 6 7814 13 1064 1 1527
1211 -0.27643815405304412 -0.49073879812269666 4.5529523076749925 157 144 128 0.93008710723206967 2 6206 12 6738 6 8772 4 4320 13 3622 1 1529
1212 -0.3552408156260774 -0.47857619978098742 4.5499303899570709 99 91 80 0.58833985484049334 2 6211 12 6740 13 3628 1 1533
1213 -1.3279472664797041 -0.4300155668404233 4.7414937773780563 133 130 125 1.1276754889124132 2 4282 12 6743 4 4290 13 1058 1 1500
1214 -0.88941145967059954 -0.44707959983193252 4.6083336243246702 124 121 109 0.56721383961285032 2 6227 12 6745 5 4054 13 3627 1 4216 14 1100
1215 0.94976819793172407 -0.54049839748759798 4.9856882910228872 147 128 111 1.6389366218117019 12 6747 6 7923 7 9710 13 3623 14 1097
1216 -1.3092483455084465 -0.4141387094552148 4.7314162657504912 67 63 60 1.2838999503149906 2 4292 12 6753 4 4307 13 3631 1 4211
1217 0.14245837606824352 -0.46548221546648072 4.67329612091768 163 146 128 0.57448042029537771 2 6220 12 6765 6 7886 5 4083 4 4348 13 3647 14 1131
1218 0.82426211240845637 -0.50227593349264765 4.9486258688514138 159 141 121 0.56940507329041845 2 6207 12 6767 6 7925 5 4073 4 4350 13 3640 1 1555 14 1116
1219 -2.0290696978209803 -0.3569512814992844 5.0619261019411086 60 56 55 1.5969276270470727 2 4374 5 4063 13 3632 12 6777
1220 -0.65751193751986015 -0.40121114380236017 4.4920171785566998 79 69 61 1.1623691501305713 2 6241 12 6783 5 4096 13 1126 1 1570
1221 1.3526401851327396 -0.50324389811842252 5.0001169121192763 120 103 85 1.2546821491336062 2 6209 12 6785 6 7959 7 9727 5 4093 4 4370 13 3660 1 4260 14 1136 11 8591
1222 0.034511598239805763 -0.40503300815953874 4.6087550089329703 150 135 122 1.3443828408895964 3 7674 12 6797 5 4106 4 1548 13 3682 14 1167
1223 -0.38308659226334174 -0.36179090211448145 4.5012419334425058 47 38 33 0.49397976732204485 2 6259 12 6806 6 8798 13 1183 1 1598
1224 0.75568961353787212 -0.37789117551085755 4.9151703229705781 71 62 47 0.53467423129523095 2 6251 12 6823 6 6547 4 1595 13 3695
1225 -0.62846588761948585 -0.30105466861649532 4.5056855162842577 152 142 133 0.69085861055629538 3 4604 12 6830 6 8802 5 4151 1 1638
1226 -1.5545578313165367 -0.25715357573792708 4.7748777362405432 146 133 125 0.54030390206923495 2 4483 12 6833 1 1597
1227 1.3415067347980218 -0.37736107425763998 4.986106767311874 159 135 107 1.4984354617871145 2 6253 12 6835 6 6594 7 9246 5 4154 4 1628 13 1215 1 1649 11 8329
1228 2.0605317929096514 -0.38929377204839899 5.2244750156510742 160 150 138 1.0313641874003714 12 6840 7 9270 6 6628 5 4164 4 1642 13 3706
1229 -1.9293682246058421 -0.22313448467254443 4.9613372303128465 122 113 104 1.1249138707309194 2 4513 12 6847 5 4148
1230 1.3170159432809316 -0.35236646773568769 4.9876280664956285 141 115 88 1.1067288606330943 2 6268 12 6849 7 9740 4 4449 13 1231
1231 -2.0599797099392898 -0.20905133769328463 5.0340066507580508 93 84 79 1.214414262711204 2 4519 12 6851 5 4150 13 3704
1232 0.055727187616853968 -0.28013049369519682 4.5824756326111 162 149 140 0.4888999376154658 3 6550 12 6862 5 4186 13 1279
1233 1.6548506067923336 -0.34210765931541975 5.0973006102060161 146 126 102 1.396858121985503 12 6863 7 9265 5 4182 6 4520 4 1653
1234 -1.5411520971151604 -0.21253175736500224 4.7702789532207239 126 113 104 1.4699037881396568 2 4518 12 6866 4 4433 1 1640
1235 -0.11710010649301036 -0.26707703756919288 4.5234619820202235 94 82 75 0.5099292113099263 2 6307 12 6867 4 4465 13 3747 14 1248
1236 -0.74328158462568239 -0.23758598279490714 4.5020029236342065 173 159 146 1.0784187330462054 2 6333 12 6873 6 8814 5 4200
1237 2.0147532239274866 -0.34171760702904802 5.1861118012935226 122 110 94 1.2244880516106236 2 6270 12 6876 5 1399 13 1257
1238 2.8324950273238407 -0.30333674940692301 5.4923248223346715 73 69 60 0.88891405583774741 2 4413 12 6900 14 1257
1239 -2.1073725290115695 -0.11554845796115054 5.0402297855754377 52 43 36 0.91957070478645575 2 4586 12 6908 13 5403
1240 -0.81027961787558445 -0.15883681491417206 4.5202584986914482 154 140 127 0.57453481692265318 2 4561 12 6911 6 8828 13 1351 1 4342
1241 2.8785464775513279 -0.12754129785032789 5.4323360951166544 162 148 132 1.4569828161198379 2 7580 12 6940 7 8704 5 4310 4 1798 13 3837 1 1780
1242 -0.39601302824015006 -0.06077133599058876 4.4495371575808269 165 151 139 0.46049681674013626 2 6416 12 6945 6 8869 2 4617 4 4537 13 1420 1 1777
1243 -0.36067826493449556 -0.0021437149379459064 4.4258403902558241 185 171 158 0.32875859972328575 2 6438 12 6973 6 8881 4 1827 13 3877 1 1812
1244 -0.39712825333088497 0.044352984313426186 4.4278575783273251 154 137 119 0.67479772443450281 2 6450 12 6990 6 9383 4 6383 13 3897
1245 3.8452317365356512 -0.065428334318165249 3.3209623455157327 69 56 39 0.4744188171800352 2 6417 6 6861
1246 0.016029163163090276 0.14492909412923879 4.484575819389705 110 86 62 0.58385972753138515 3 4876 12 7036 5 4412 13 1554
1247 5.39531290918866 0.32635374096045872 7.8904666177767888 38 28 22 0.53158046870259634 2 6484 12 7045 5 4405
1248 1.067877010599132 0.21206127428957122 4.8963891369216954 146 125 104 0.30017059368777743 2 6510 12 7059 13 1581
1249 1.2277794959461568 0.21492347548960528 4.8950953300986146 133 120 103 0.726670186578244 2 6511 12 7061 11 8629
1250 1.2277794959461568 0.21492347548960528 4.8950953300986146 133 120 103 0.726670186578244 2 6512 12 7062 11 8628
1251 2.0485721724892945 0.28092009926493916 5.4678606330289696 114 92 78 1.4338058584042481 2 7658 12 7072 7 9815 5 4446 13 5524
1252 4.0027835541297234 0.052454514525271376 3.1651952099372727 141 125 110 0.83134011034756938 2 6482 6 5046
1253 5.387496337314138 0.48590408459092699 7.8844516841930057 144 126 112 0.34270691151548954 2 6520 12 7087 5 4447
1254 1.1325579162270651 0.30742433476010911 4.8827876722567236 63 47 32 1.0377726068310877 2 6544 12 7099 7 10040 13 4004 11 8903
1255 1.1325579162270651 0.30742433476010911 4.8827876722567236 63 47 32 1.0377726068310877 2 6545 12 7100 7 10041 13 4005 11 8904
1256 2.6150507589218561 0.36469395422396672 5.3496209164382664 76 58 44 1.1677345553837057 2 6553 12 7111 6 8209 7 9404 5 4489 4 4705 13 1652 1 4506 14 1547 11 8404
1257 1.891892369389693 0.41432672914278423 5.334021314125323 120 107 98 1.4220311696730135 2 6581 12 7128 7 9399 5 1862
1258 2.6402186094841333 0.40865597001460269 5.3541499895083762 65 47 33 1.1064976062610905 12 7130 6 8221 7 9417 4 4717 13 1675 1 4518 14 1569
1259 2.9514699191581011 0.42263212390652272 5.278555320531189 73 55 41 0.37337824099077349 2 6582 12 7149 5 1891
1260 3.8214495716766175 0.21118708493292943 3.4327159768687969 112 96 83 0.060992921752743436 2 7673 6 7016
1261 2.8231315097381726 0.44559298579476547 5.2190341312210515 162 144 125 0.54783757107932962 2 6591 12 7158 6 8241 5 1906 2 4834 4 4738
1262 2.4483354015862533 0.51768495053230068 5.4207418136745291 94 74 63 1.1954316156774696 2 7710 12 7175 7 9442 1 2121 11 7567
1263 0.9535836915072784 0.46640468029146104 4.7923097236521963 147 125 102 1.2381143787661659 3 7890 12 7183 7 9820 13 1747 9 9234
1264 1.305579867353202 0.45798195246846524 4.7887172781278124 178 162 139 0.85004622756380233 2 6610 12 7184 5 1958
1265 -1.6365338646195209 0.48291049659738122 4.6557393258746416 146 125 108 1.0328838050984896 2 6638 12 7196 4 6499
1266 3.8584022413756074 0.29135403507815888 3.3507260417650837 154 138 122 0.88590516664496466 2 7705 6 7061
1267 -0.76574354051942239 0.46769979015215118 4.3375143622552992 142 123 108 0.57372151967813223 2 4961 12 7212 6 8961 5 4568 13 1793 1 2161
1268 -0.76574354051942239 0.46769979015215118 4.3375143622552992 142 123 108 0.57372151967813223 2 4962 12 7213 6 8962 5 4567 13 1794 1 2160
1269 3.8994383535167954 0.33758869526254953 3.2624991779687438 136 120 105 0.13563024591338557 2 7722 6 7103
1270 -0.91802074090632702 0.52411019667395475 4.3758180509319251 79 65 52 0.98722563255663853 2 5002 12 7237 6 8974 5 4595 4 4809 14 1694
1271 2.5926005561728029 0.70221988442115157 5.334567055475449 100 81 64 1.1655787622797189 2 6670 12 7253 7 9485 13 4126
1272 3.3125281413599019 0.80530227057394166 5.6706529815054747 145 121 93 0.76564351301292577 2 7748 12 7263 13 4156
1273 1.322880438781912 0.66430148747237094 4.7466519644276985 42 26 11 1.8588485455034893 2 5024 12 7266 7 9861 13 4164
1274 -2.0496496655397154 0.70317132322778098 4.8834682385799741 12 9 7 2.1697546517993782 2 5065 12 7280 5 2105
1275 2.386811345839682 0.84007294476501704 5.4012555689871977 27 17 8 0.94523432818825381 2 6707 12 7286 6 8348 7 9498 5 4669 4 4879 13 4194 1 4650 14 1755 11 8442
1277 -0.7967325018269753 0.71191070932909462 4.2910483469571092 165 141 115 0.78567629580032439 2 5116 12 7305 6 9031 13 1992 1 2336
1278 2.5550528528123877 0.93321808235166159 5.2852928076071537 72 55 41 1.9614833279458328 2 7815 12 7315 8 7827
1279 5.3938942712261397 1.4305207169042191 7.5398247014619963 43 33 24 0.99082650085003532 2 7838 12 7326 10 10402
1280 5.35673344410091 1.4572319798856046 7.5577864069657146 72 62 53 0.99443534110442688 2 7845 12 7337 5 4726 10 10035
1281 0.045525069463455414 0.81694761641223446 4.3266763562250654 155 127 103 1.3299172257824576 2 6780 12 7351 6 8387 4 2487
1282 1.4211443554660772 0.88344830549647568 4.5384996809007854 165 150 127 1.3352429610292511 2 7848 12 7354 4 2494 13 4285 6 7244
1283 1.4208843152427033 0.8813161290320124 4.5378665488022607 165 150 127 0.79203979996553997 2 7847 12 7355 13 4284
1284 2.579145691585913 1.1196634748977787 5.2323242820130895 124 102 88 0.96734606439702908 2 7869 12 7379 5 2370 7 8921 13 2112
1285 2.7434765531936685 1.1089272373157189 5.1675268500055953 24 17 9 0.66565402519125672 2 6839 12 7380 13 4313
1286 -0.49466577323713057 0.96276603980641373 4.2649506857630284 159 142 126 1.3695646379642088 2 6872 12 7443 6 9107 4 5059 13 4370
1287 -0.33785426569972249 0.96777179683617098 4.2589912062581519 82 60 43 1.4211685929701412 2 6877 12 7444 6 9110 4 2615 1 2512
1291 1.7195313447574994 -3.903650276396982 10.929418114702498 157 155 158 1.4938820186510049 2 8204 12 7961 6 7616 13 4957
1292 0.21411354811587352 -2.0931220849168608 6.5323517919513376 51 54 59 1.7228982558099006 2 7274 12 8000 6 9237 5 6919
1293 0.2144747139267042 -2.0953858129581175 6.5382090475451013 51 54 59 1.5143389322003571 2 7275 12 8001 6 9236 13 6346 5 6918 14 4722
1294 1.0470825830145747 -1.804801393653199 5.3274905944009863 127 122 119 1.3006056896684346 2 7273 12 8010 5 5582 6 7657 14 545
1295 1.0465465655616308 -1.8058931270824925 5.3294053625294806 127 122 119 1.166977913258636 2 7272 12 8011 5 5583 14 544
1296 0.15235047766064075 -1.922152863528755 6.5229927969404775 140 131 122 0.84178665965060673 2 7284 12 8017 6 8639 5 5571 4 5919 1 5562 14 3078
1297 0.16175528762637859 -1.8577565702912664 6.5020936181041806 145 138 128 0.90128410773261325 2 7288 12 8024 4 5932 1 5570
1298 0.26513812289105315 -1.7636767588909881 6.4743537479288236 168 160 152 0.57308994099794719 2 8247 12 8032 5 5600 4 5954 13 5067 14 524
1299 1.3407543019672137 -1.6437696431751021 5.3562279957867673 74 69 66 1.7951839908948766 12 8034 7 10140 5 5614 4 5998 13 5085
1300 1.3404618556290471 -1.6427296381637875 5.3548186497628008 74 69 66 1.9977053530107394 12 8035 7 10139 4 5999 13 5086
1301 0.21162570285467103 -1.5448476095467827 6.4124264745250148 154 147 139 0.47890102248134497 2 7315 12 8059 5 5635 4 6003 13 5099 1 5657 14 3177
1302 4.0200736696070845 -1.3637502865643216 3.5555504205432484 53 37 30 1.3152879366488164 2 8225 12 8063 6 7805 5 5710
1303 0.44919212967694316 -1.532661057197295 6.3302259032266264 135 123 111 0.33393892687054999 2 7314 12 8068 5 5638 4 6006 13 5112 14 3198
1304 2.1526470660902746 -1.5967112143111855 5.8787665404050058 159 147 133 1.245705449337638 2 8250 12 8069 5 5652 4 3953 13 5122 1 3897 14 3237
1305 4.1432374693934459 -1.2553474579274893 3.3356175429711925 118 96 82 1.5772028944407173 2 8229 12 8087 6 7837 4 4138
1306 -0.52617801111296358 -1.1171928182726121 4.7040033970014719 155 146 143 1.5506825353527802 2 7340 12 8088 6 9249 5 5688 4 6046 13 5155 1 3939 14 755 3 6132
1307 3.965520653641204 -1.2793305874959764 3.6572500066130957 154 128 111 1.8173185497420756 2 8236 12 8090 5 3793 4 4121
1308 1.8829379710939982 -1.4396983329807673 5.8225959948718558 88 78 76 1.4332956741585277 2 7313 12 8093 4 3992
1309 3.8674753334946237 -1.2130468281979059 3.752952262319488 97 74 60 1.5936618347442091 2 7296 12 8105 6 7851 5 5738 4 4146 1 1363
1310 0.85137238732167386 -1.1123148844750286 5.0872894719980568 158 149 141 0.4906291945535054 2 7350 12 8113 5 5719 4 6097
1311 3.9853872536729371 -1.1060011511783294 3.5187967007544292 101 93 82 2.1595696250124394 2 8252 12 8115 6 7892 5 5754 4 6193 1 4136
1312 2.1440717704194863 -1.2220115306740729 5.8505216568654177 170 161 152 0.18544666873427007 12 8118 7 9707
1313 3.9051153834778836 -1.0809302582543128 3.6422201170484194 124 116 105 1.4108693054627788 2 8257 12 8119 5 5758
1314 3.9051153834778836 -1.0809302582543128 3.6422201170484194 124 116 105 1.4108693054627788 2 8258 12 8120 5 5757
1315 4.0166435043437989 -1.0574756516877468 3.4747193294428982 153 126 112 1.847665769619891 2 8255 12 8121 6 7907 5 5765
1316 4.0051211593192759 -0.95977729138444579 3.3672339450971172 159 143 126 2.017447301743458 2 7318 12 8134 6 6496 5 3940 4 1427
1317 2.708263283601958 -1.0863841711829316 5.9236295790571836 150 140 128 1.6918762854125611 12 8138 5 3867 4 4148 1 1335 14 860 11 6439
1318 2.1528184363827068 -1.0134249627495853 5.8592398086265742 46 45 44 1.0734820559186764 2 7393 12 8143 6 7872 5 5756 13 5236 1 4076 4 4154 14 3365
1319 3.8644843442515535 -0.92010899377469579 3.685611934522651 115 92 76 1.9313709466993476 2 8276 12 8144 6 7946 5 5806 4 4280 1 4203
1320 3.8429394573762998 -0.83292146340047779 3.6839050781672009 149 138 128 2.2699359553746348 2 7365 5 5831 4 4335 1 4247 12 8164
1321 2.6632187875437765 -0.91386468249698272 5.9271198206012841 139 124 105 1.3453514659068064 2 7412 12 8166 5 5787 4 4200 14 3395 8 7719
1322 2.7274020702780448 -0.85810907673145409 5.8916738198368943 142 127 108 1.2165877020279843 2 7427 12 8183 6 7948 13 5275 14 968
1323 2.4153159458422917 -0.74308694679116272 5.8723543814963053 126 109 89 1.4024297210825201 12 8196 5 5826 4 4269 14 1019 5 3985
1324 -0.95504565866931168 -0.45294951505317338 4.6265867876018998 53 59 47 1.1992627496261818 2 6225 5 5860 6 9304 13 5334 1 5875 14 3485
1325 -1.1340246556546409 -0.42216053781606211 4.6559428621346344 72 66 66 1.3950035070753468 2 7506 12 8224 4 6239
1326 1.2970926391415687 -0.50490446519745713 5.0261614424176422 137 117 93 2.6090055001389403 2 7489 12 8230 7 9726
1327 1.2970926391415687 -0.50490446519745713 5.0261614424176422 137 117 93 2.6090055001389403 2 7488 12 8231 7 9725
1328 1.0475115830842752 -0.4838610002324843 5.0372612780730623 141 121 97 2.7752765156313246 7 9722 9 9114 12 8238
1329 1.0480700382109158 -0.48865194461400679 5.0476636897283846 141 121 97 2.0487968066881477 3 8437 7 9721
1330 0.77587096669818689 -0.45466080732958458 4.9461727786349412 181 164 146 1.1053795417431409 2 7497 12 8244 6 7943 5 5899 4 4372 1 1581 14 1142
1331 -0.42526786700454144 -0.36023141946552589 4.5010786614292435 53 44 39 0.66140557885010176 2 7524 12 8253 6 9328 13 5370 1 4275 14 3525
1332 2.0631277378166293 -0.44475469301229759 5.2674121703685222 160 141 124 0.72816929527132079 2 7501 12 8261 5 5922 4 6299 1 5931 14 3520 11 8611
1333 -0.82657650069709376 -0.30385419645399492 4.5422189285226695 121 108 100 0.47777721108344856 2 7544 12 8263 6 9327 5 5929 1 5925 14 3540
1335 1.9243362098090122 -0.30931570408445025 5.1772975570088837 160 140 116 0.80051367153438391 2 7541 12 8282 5 5959 4 4480 13 3748
1336 1.4609535260459603 -0.27965423855768723 4.8657928921290194 160 144 126 0.65917843092137751 12 8286 5 5968 11 8598
1337 -0.41891826153414502 -0.14545034814534469 4.46620096137422 10 7 9 0.56474607697750023 2 7585 12 8305 13 5425
1338 1.302610669456518 -0.18564855149586507 4.9630085078032806 151 135 111 0.92569446735235772 2 7572 12 8307 7 10007 5 4271 4 4508
1339 5.4476026491266145 -0.23138873292167816 8.1414439959971681 130 106 80 1.7990358004453884 5 5975 12 8311 4 6340 10 10590 2 8406 7 9374
1340 1.2372066341097172 -0.16867688358685723 4.9747562929677844 155 137 113 1.8430659074121492 2 6366 12 8313 7 10008
1341 2.7696844500187909 -0.1695757360388841 5.483275545526392 137 122 103 0.73348960761815052 2 7574 12 8317 13 5426
1342 2.3423541223492346 -0.11078946885860977 5.3179506903356533 139 118 97 1.0537165503069239 2 8416 12 8324 6 8070 4 4539 13 5435 1 1778 14 1314
1343 0.96026611850054744 -0.035283444748290566 4.906935690413599 166 141 119 2.3385415915337275 2 7598 12 8337 7 10012 9 9170
1344 1.0676875838472621 -0.028212351965491236 4.9464434922975071 146 126 102 1.8480793160870326 2 7600 12 8338 9 9165
1345 -1.7154006151495875 0.19192766296781202 4.7767921410888299 161 137 113 2.3636456892683619 2 7657 12 8375 14 1401
1346 2.2775352733690428 0.17258737353164352 5.4072233142893822 57 40 32 1.6630666996390504 2 7636 12 8378 7 9805 13 5499 1 4449 11 8389
1347 5.439605081768204 0.3158989427289251 7.8463751429112039 132 114 102 2.0646532494811871 2 7634 12 8381 10 10614
1348 3.8965513752549219 -0.014486253044298326 3.2375832052421387 92 76 60 1.1983441587348069 2 8441 12 8384 14 1546
1349 -0.27394261045908674 0.17626369747551024 4.4139478196548714 168 154 143 1.1896578412358558 2 8469 12 8389 13 3966 13 6713 6 9811 4 4649 1 6064 4 6430 14 1475
1350 3.8680383394836646 0.043317284051677354 3.3892931399290642 104 91 72 1.7780835083669513 2 8451 6 8198 5 6113 1 4511
1351 3.9248541621630215 0.043122138963254855 3.2593572670752895 115 99 83 2.1936749934134521 2 8454 12 8399 1 4516 14 1576
1352 0.90158585195482654 0.2802723197676173 4.8108354588344016 187 167 143 1.7374597208982703 2 7667 12 8407 9 9215
1353 2.4039885523572102 0.41437399723803531 5.4112737705046348 89 71 57 1.3139923343074333 12 8423 6 8217 5 6138 4 4720 13 4027 2 7685 1 2036
1354 3.9414264969148354 0.15500337132523551 3.2332433988641576 140 123 107 1.2140856950542049 2 7665 6 8992 1 4558
1355 2.5701592428126627 0.49693008455190896 5.3736117045282823 106 87 75 0.94766901373634638 2 7704 12 8441 6 8245 7 9440 5 6157 4 4751 13 4058 1 2111 14 1620
1356 2.1633116968206192 0.55293897627098132 5.4167001973950466 102 81 64 0.96691278125900604 2 8510 12 8449 7 9851 4 4769 13 5580
1357 -1.5499994135602233 0.46792220193769257 4.6166109876079098 131 115 99 0.79568097123188319 2 6630 12 8450 5 7322 4 7639
1358 3.8209725259227483 0.32353577777304166 3.4066220711338877 90 81 71 0.51225819755814195 2 8507 6 9018 1 4607 14 1706
1359 -0.75758868974048699 0.52412253130291986 4.319216742807785 111 86 66 0.67233892559051045 2 7736 12 8473 6 9464 5 6195 13 5616 1 6156
1360 -0.75761508540094757 0.52395530846747462 4.3194047190614366 111 86 66 0.65212615683533137 2 7737 12 8474 6 9465 5 6196 1 6157
1361 0.064093531434024631 0.60924579703071902 4.3787777899979501 141 127 119 0.8364576265978092 2 7758 12 8504 6 9493 4 6552 14 3849
1362 2.628623600030175 0.76961876903584381 5.2761261976710081 88 69 55 0.92545449508085498 2 8540 12 8509 7 9872 5 6225 4 6554 13 5644 8 7964 3 8624
1363 -1.7586283787306602 0.65917102386075088 4.637024903557152 86 67 46 1.5629905342205759 2 6701 12 8511 5 7363 4 7685 14 3847
1364 1.2947357288607095 0.733870135146798 4.7265536156582337 167 139 109 1.6445709495037606 2 7782 12 8527 7 10066
1365 2.4590566274291126 0.84751348777997104 5.3269963628193251 106 90 77 1.1645588788135819 2 8556 12 8528 5 6246 13 5661
1366 -1.6658227533963534 0.70179381574044308 4.614640490811821 109 91 76 1.3068362245195027 2 6718 12 8530 5 7377 4 7698
1367 2.5094423199424294 0.86406669084965637 5.334116265662538 53 36 26 1.35553842430969 2 7787 12 8533 7 9877 6 8360 5 6248 4 4899 13 4215 1 4656
1368 -0.78985144489472137 0.6825042445155205 4.2916282245099007 161 135 108 0.88467977438902878 2 7796 12 8538 6 9903 5 6253 13 5682 1 4666 14 3877
1369 0.26433298997113824 0.74578742414894905 4.4541645572408237 148 118 90 0.91892953939830757 2 8567 12 8546 5 6269 4 6595 13 5688 14 3894 9 9287
1370 3.9275543755420941 0.53252065902469647 3.1685147287820121 155 146 137 0.18123028923650195 2 7801 6 8384 1 2372
1371 -0.76555464557588659 0.78307634975097185 4.2681729295845026 140 116 90 0.80704592490920424 2 7843 12 8564 6 9541 5 6296 13 5704 14 3924
1372 2.8388379821272078 1.0367880150856912 5.1138878786896411 152 133 113 1.9633590721351493 2 7857 12 8574 6 8408 5 6320 13 4290 1 4717 11 8480
1373 3.8222937084538922 0.70757452842223212 3.3080499189943033 152 143 134 0.84105836128964517 2 8602 6 8420 1 4737 14 1880
1374 1.2132319851357407 1.024495443735816 4.6948646820505289 130 104 77 2.1869799136942798 2 7882 6 9095 7 10089 4 2565 1 4755 11 8846
1375 0.69318814695122977 -3.7379652462085313 9.7004961077452734 114 108 110 0.10188561342896613 3 8867 12 8945
1377 0.94069048125004273 -3.5803668076772768 9.8956595842614341 142 145 149 0.89417203202698325 2 8203 12 8959 13 6293 1 5431 14 4640
1378 0.82545303610749343 -3.4926087646301403 9.8433671674063525 153 161 164 1.6615417876056666 2 8205 4 7141 12 8962
1379 0.25320202202966285 -1.9707587575944758 6.4972127989086568 90 86 83 0.7185120209508008 2 8232 12 8987 5 6928 4 5914 13 5031 14 3071
1380 0.25250950556517698 -1.9704734187698527 6.4854800650750093 90 86 83 1.4183612441682443 2 8233 12 8988 6 9247 5 6929
1381 4.1181041541067236 -1.6221503885325126 3.5733789745562259 13 17 26 1.6274336827400713 2 9264 12 8997 5 5640 4 3993 13 5127
1382 4.0165951137363791 -1.5819414702927248 3.6221243051936787 119 102 94 1.9242267680765928 2 8853 12 9002 6 8714 5 6981 4 6062 14 3286
1383 4.0192662481476029 -1.58332225781964 3.6261334191798893 119 102 94 1.9308837487151294 2 8852 12 9003 5 6982 4 6063 14 3285
1384 3.8693558543778055 -1.4836279147394147 3.8089759578722222 122 103 91 1.6990264390560554 2 8219 12 9016 6 8729 4 6084 1 3990
1385 1.702635308484072 -1.6274167495643519 5.7051992095257074 159 151 140 1.6061000028600956 2 8246 12 9020 5 6969 6 8678 4 6013 13 6397 14 630
1386 4.0552426821258862 -1.2741723230668327 3.4449255661713609 52 39 33 2.1644848779313679 2 8874 6 8773 5 5722 12 9037 1 4078 14 894
1387 2.7293205939258156 -1.4981010726143515 5.9998948008540722 74 65 60 2.2077072965185014 2 8260 12 9041 6 8742 7 9699 5 7004 11 8325
1388 2.7365751469269335 -1.4967293894538889 6.0062473592267542 74 65 60 1.5609079249152247 2 8261 12 9042 5 7005
1389 2.7802608972287604 -1.4549067328484058 5.9555900897198821 170 159 147 2.2170734714432334 2 8889 12 9044 5 7842
1390 3.882167053912954 -0.97044572040851884 3.6588959482658856 119 98 81 1.2787093684809154 2 8271 12 9073 6 8827 5 5791 1 4183
1391 1.8138052028254537 -1.0090671538066971 5.7065036975204606 45 44 49 1.0151040657614483 3 8917 12 9077 14 3360
1392 0.77980859526674462 -0.74917119371994034 4.9787771095358542 66 52 41 2.0239908539121161 12 9089 6 9316 7 10154 4 6196 14 3412 1 5845
1393 1.1581482808668269 -0.65413013213606019 5.0991740271658594 59 45 34 0.75061150414123412 2 8343 3 8403 12 9103 6 9762 5 7106 4 7415 13 6524 1 7003 14 4967
1394 5.8664027940406172 -0.95231292916727694 8.8477814750646822 191 205 218 1.6894595763372873 2 7462 7 9322 5 5822 12 9115 10 9829
1395 1.4078686909694846 -0.57430947139742594 4.9891526878303241 147 128 104 2.3353518198811067 2 8354 12 9120 7 10166 13 6556
1396 -1.0995499425410469 -0.42071100631821307 4.6610863120456871 164 157 147 0.91592496053666073 2 7508 12 9124 5 7132 4 7431 1 5887
1397 1.3218712618210733 -0.45740351128501067 4.9992127500948262 163 146 124 1.0597618636883361 2 8375 12 9137 6 9355 7 10176 5 7159 4 7472 13 6588 1 7043 14 5013
1398 1.3208677543378367 -0.45797019773921577 5.0002626020760808 163 146 124 1.3874637040239641 2 8376 12 9138 6 9354 7 10177 5 7160 4 7471 13 6589 1 7042 14 5012 11 8885
1399 1.1974825063147254 -0.40517046765881848 5.0275883494979565 108 91 72 1.8249407198357908 2 8385 12 9147 7 10180 5 7165 13 6595
1400 1.279511890747328 -0.36827003470363834 5.0167752170605127 172 152 128 1.6412565938941934 2 8389 12 9149 7 10182 5 7169 4 7503 13 6602 1 7056 14 5027 11 8888
1401 -0.9617268405749777 -0.24843377868680416 4.582724948523369 152 136 121 0.82543635205825372 2 7557 12 9151 6 9756 5 7176 13 5392 1 5945 14 3563
1402 -0.90090700832377646 -0.24863867293340086 4.570015077320039 154 142 128 0.83912751833479737 2 8404 12 9152 5 7177 13 6610 1 7059
1403 5.6720985489665372 -0.41384358329425386 8.1695286599820438 18 31 48 0.64903642318435395 2 8980 12 9154
1404 2.7771938962027414 -0.284617330272808 5.5324068091327376 142 128 112 1.3935216456551611 2 8399 12 9159 6 8902 7 9775 5 7191 4 7517 13 6622 1 5970 14 5043
1405 2.7712873547276011 -0.28687690252322018 5.5234652697526192 142 128 112 1.0455933459963231 2 8398 12 9160 5 7190 4 7518 13 6621 1 5971 14 5044
1406 1.2749764008008548 -0.21740700954483264 4.9824272568718966 169 156 139 1.1019769646545605 2 8407 12 9163 5 7197 4 7523 1 5975
1407 -1.7081485791385693 -0.044532785112535077 4.8132535879433078 108 92 79 1.5457765125157037 2 7603 12 9176 5 7211 4 7527
1408 1.3418121847934563 -0.10704696387161697 4.9304368557109868 171 160 142 1.0989482184796222 2 8420 12 9181 7 10191 5 7220 14 5071 11 8894
1409 1.2700923656507108 0.0020820549811523328 4.935368873705988 172 157 136 1.4168042903886096 2 8430 12 9191 7 10194 13 6675 11 8899
1410 3.8292627566128932 -0.044901242343594612 3.3421585333129409 141 126 107 1.8082580314252059 2 8429 6 8165 5 6084
1411 2.0903385767298892 0.25526598149499419 5.469108599763806 34 23 17 1.3802300814240067 2 7653 12 9223 7 10046 5 7268 13 5522
1412 1.1911673242852199 0.23545658284018567 4.9084169151363453 168 157 137 0.67384126044689896 2 7661 12 9227 13 5528
1413 1.4169288544364098 0.23072830165526931 4.7533283092854237 91 80 63 1.9495715783463754 2 8472 4 7598
1414 2.1423097577689645 0.37343187124931809 5.4804870082253752 101 84 68 1.9099649237944707 2 9034 12 9243 7 10055 5 7296 4 6459 13 6728 14 5155
1415 2.8102707856464013 0.41587887893711867 5.2327059717625453 57 44 35 1.0873602207896902 2 7687 12 9251 7 10056 5 7311 13 5558
1416 3.9064760807830243 0.17267516674624964 3.2477702384594629 139 123 107 0.74665208357947477 2 9031 12 9252
1417 -0.075136084151071342 0.38287545323716932 4.3890201540290539 132 113 99 0.7153181050395585 3 8595 12 9255 6 9846 4 7634 14 3774
1419 3.9435108400573133 0.24763455192688894 3.2591943044230121 130 113 95 0.11982365590599392 12 9260 6 9010
1420 -0.81286193950529184 0.47420055305956449 4.3520213848939102 107 89 75 0.91758951501740416 2 7729 12 9267 1 7946 14 6228
1421 -0.81286193950529184 0.47420055305956449 4.3520213848939102 107 89 75 0.91758951501740427 2 7728 12 9268 14 6229 1 7947
1422 3.9488474157586841 0.3174930064957911 3.1934789237132648 134 121 104 1.0728178802360104 2 9049 6 9020 1 4626 14 1723
1423 -0.66145796562376269 0.52127085467101764 4.3273421361007509 138 119 104 0.90889914462274657 2 8525 12 9279 6 9867 5 7341 13 6769 1 6152
1424 1.247991303291067 0.64380188758720402 4.7702182550583441 190 169 142 1.8134991127027118 2 8531 12 9287 6 9501 7 10221 13 5630 1 6177 14 3833 11 8922
1425 1.2481926350770836 0.64373403584053324 4.7708221024247219 190 169 142 1.8460924344744651 2 8532 12 9288 6 9502 7 10222 13 5631 14 3834 11 8923
1426 1.3889898132359149 0.65285038581985777 4.6432134919006636 54 35 18 1.6065656121803826 2 7752 12 9291 7 10340 13 6786
1427 2.7441879325570753 0.77434948403682102 5.2667060635432454 141 123 103 0.82018152389361598 2 8543 12 9295 5 7369 13 5646 1 7222 8 7965
1428 -0.78250111855178417 0.63908077877477543 4.3046721286209069 166 140 116 1.0852663011930268 2 8552 12 9305 6 9890 5 7373 1 6200 14 3863
1429 -0.73128932817653625 0.63739955516109736 4.2826178655733074 166 140 115 1.3640277113803803 2 7776 12 9306 5 7374 13 6797 1 7230 14 5258
1430 -0.62423215792980191 0.65410101061522075 4.3116838182369461 97 78 63 1.2839379612636124 2 8555 12 9308 13 5668
1431 -0.62503283343218652 0.65375778850854771 4.3141949488782902 97 78 63 1.1486445127304401 2 8554 12 9309 6 9499 13 5667
1432 0.21864110834846601 0.7138814192936791 4.4441430774524342 165 140 118 0.74228397623703357 3 9109 12 9320 6 9911 5 7389 4 6588 13 6804 14 3881 9 9589
1433 -0.72327628641695141 0.71106075797639501 4.2599328416858189 179 155 129 1.3134650860571717 2 7810 12 9329 6 9913 5 6270 13 5692 1 2337 14 1795
1434 1.3476144653447359 0.90833416528223898 4.6574621533804921 163 149 126 0.8656599260539134 2 7851 12 9353 6 9553 5 7421 4 7744 13 5710 14 3938 11 8939
1435 -0.42052692232550737 0.81616153091208465 4.3197809734401682 54 53 51 0.31225477896916276 12 9356 6 9926 13 6832
1436 2.713711356451733 1.0563336975556048 5.2126725921088095 125 108 90 2.1980228075438744 2 9087 12 9359 7 10085 5 7426 13 6835 1 6255 11 8481 6 9082
1437 1.4162785613743614 0.9280417641992027 4.5072925031872879 152 132 105 1.7180783106766693 2 8598 7 10352 13 6843
1438 1.1863922596880203 0.95865691119703778 4.6561079096320972 117 109 91 1.3203531321934296 2 8601 7 10237
1439 1.3762378956857511 0.96759619797721452 4.5389558874711202 102 81 59 1.1503265762391648 2 8609 12 9382 6 9574 1 6271 14 3966 11 8947
1440 3.8308879501928663 0.72308139884845279 3.2047822066646932 160 157 152 0.8654607925341784 2 8617 12 9385
1441 -0.85465422590418205 1.0999769172104608 4.2544735672841432 149 136 122 0.8331689400736465 2 7955 12 9456 13 5816
1443 3.5428120163381318 -1.3211856922585381 6.204378025482141 188 202 215 1.7422538478791192 12 9744 6 9329 7 9731 2 8898
1444 2.5629724159244551 -1.1494469829348897 5.932260433219688 123 110 94 1.9940835065794118 2 8909 12 9756 7 9992 4 7363 13 6473 14 4888
1445 -0.91369616852155722 -0.43552603502025228 4.6012129221486378 151 149 136 0.98725985662620297 2 8380 12 9802 5 8493 1 7814 14 6061
1447 -1.5968013575742115 -0.39506169441367289 4.8379817959513485 136 129 119 0.51646766896258756 2 8387 12 9804 1 7807
1448 -1.5313072970216288 -0.2718709549835705 4.7652657457140322 128 118 112 1.580506082090273 2 8403 12 9820 4 8305 1 7823
1449 2.0445377317135676 -0.41955368586601705 5.2394746107197498 151 134 118 2.0552417179469686 2 9363 12 9821 5 7970
1450 2.0399502358946839 -0.42049927840439005 5.2210285628531938 151 134 118 2.0583383748011554 2 9364 12 9822 7 10006 5 7971
1451 1.3628504273216664 -0.34480062682124579 4.9839157684307462 153 129 101 1.4149362902005551 2 9372 12 9827 13 7510 14 6104 1 7841 11 8972
1452 0.06610071266808254 -0.29103368829978599 4.5842890426864393 178 165 156 0.96398179137537943 2 9378 12 9828 6 9775 5 7980 4 8323 13 7512
1453 -0.21982486647762273 -0.2281455898690482 4.5004502822465877 97 83 72 0.65764739975972497 3 9364 12 9837 6 10084 4 8330 13 7518
1454 -0.28295218292835106 -0.21611011434658881 4.4805450439193848 70 56 45 2.1879151485548212 2 9002 12 9839 6 9777 4 7512 13 6629
1455 1.1921671681493204 -0.24234319957747993 5.0186825789695861 174 161 142 1.4878762646222989 2 8993 12 9842 7 10309 13 7521 1 7078 14 5045 11 8973
1456 1.4446702433315941 -0.17271683011510242 4.8292264414976991 112 99 83 2.3142821945941412 2 9387 12 9854 5 8004 4 8344 13 6649 14 6127
1457 1.4580169488230326 -0.073335153844200252 4.7861815791378541 180 164 141 1.4633126987683238 12 9861 6 9807 4 7545 14 6146
1458 3.8645521728255936 0.0054756673907728551 3.3876899427273623 68 55 39 1.9934312520660875 2 9688 12 9892 6 9851 1 7169 14 5159
1459 2.7896030853558127 0.4215534893074388 5.333709389875521 95 81 70 2.0026895197552026 3 9067 12 9916 8 8073
1460 -0.87855380675547035 0.38029182160277208 4.4054655277240666 102 86 71 0.79964947761729854 2 9044 12 9918 6 10122 5 8071 4 7629 13 6742
1461 3.8491990323508034 0.3134816629015385 3.3602798114123402 130 117 101 0.58508317420204503 2 9427 6 9894 1 7204 14 5225
1463 3.885881187628514 0.39403926284279384 3.259068548192869 156 146 136 0.75401733880503274 2 9434 6 9517 14 5255
1464 1.341575901631566 0.63001423105502519 4.7098806137948177 154 129 96 1.8666794157589039 2 8530 12 9948 6 9895 7 10339 5 8097 4 8451 13 7621
1465 -0.81143825533233205 0.57332434988696446 4.3376119262179094 94 75 60 1.1844599244014899 2 8536 12 9949 6 10135 5 8096 1 7951 14 6249
1466 -0.55248324181089203 0.58585462888483653 4.3485349925213139 167 149 130 0.56734909625624796 2 9061 12 9955 6 10137
1467 1.361244071848396 0.70316967056322932 4.7160019853838984 168 144 116 1.3900695314541474 12 9961 6 10152 7 10342 5 8112 4 8463 13 7631 14 6263
1469 -0.28530973208725502 0.81673002113263271 4.3303072900255142 38 38 36 1.4964689229258874 2 8584 12 9990 6 10168 4 8500 13 6833
1470 -0.2853989909377076 0.81753221310111912 4.3318623455959582 38 38 36 1.293856736017893 2 8585 12 9991 6 10169 13 6834
1471 1.3876459144485107 0.90730693664419615 4.5869432413826319 72 62 54 0.59523483181415249 2 8595 12 9996 6 10176 14 6299
1472 1.2439591948863526 0.98764968093240735 4.6875781303997437 115 104 94 2.0165878902248169 12 10003 6 9946 7 10355 13 7673
1473 4.1276202587272595 -1.4820924080457794 3.4744733680994968 98 111 120 0.54458664841261539 2 9577 6 9302
1474 3.6234681244136522 -1.3972835405748112 6.1989902182825443 88 92 103 0.62264594674989826 2 9290 12 10230 13 7399
1475 3.6234681244136522 -1.3972835405748112 6.1989902182825443 88 92 103 0.62264594674989826 2 9291 12 10231 13 7400
1476 4.0158209655501436 -0.93645394842569352 3.3849002494560434 111 99 87 0.94518313195366122 12 10246 6 9773 1 7808 14 6044
1477 1.1966102003963017 -0.58670292974109972 5.0745313657922653 162 142 115 0.91209117816623242 2 8949 12 10279 6 10076 5 8488 4 8282 4 8843 13 7475 1 7813 14 6043
1478 1.3507271581158404 -0.5954982541006697 5.0088414662463512 164 151 132 1.2030594601582478 2 8946 12 10280 6 10078 7 10302 5 8489 4 8844 13 7476 1 7815 14 6046
1479 0.0095553794611630272 -0.42730699413742879 4.5996409003834584 139 122 104 0.55678814882827532 2 9633 12 10289 5 8868 4 9228 13 8120 14 6815
1480 0.40934289072385061 -0.3978505578588532 4.7553875224009277 161 146 127 1.6093300640411865 2 9635 12 10296 6 10077 5 8502
1481 -0.12584399728736964 -0.36383517478534233 4.5186264082339713 35 26 19 1.1418094293506875 2 9370 12 10300 6 10267 4 8851 13 8129
1482 -0.64240924856789849 -0.2293139788959499 4.5035562215274254 92 82 73 0.65894117290882681 2 8999 12 10307 6 10270
1484 5.3574275964332116 -0.28581467238980973 8.2099720365535163 39 35 36 1.125363906985017 2 9658 12 10314 5 8520
1485 2.871540702341048 -0.028569259561239499 5.3824728534875463 66 56 46 0.86278760875703142 2 9678 12 10324 5 8542 13 8154 14 6855 4 8888
1486 3.799040810393401 -0.10233855623819793 3.3413339983210437 28 23 17 1.8769844152839839 2 9676 12 10330 1 7907 14 6187
1487 3.7856102258709603 0.098220523072411331 3.5327028125744429 109 93 80 2.1111533512379794 2 9407 12 10345 6 9859
1488 3.8588172601684834 0.15107509343632877 3.3859612333749372 140 124 106 0.76408869697866888 2 9413 6 9869 1 7183 14 6219
1489 2.3035753677766277 0.41162666424904254 5.4606349212769132 117 99 87 1.9918721270354744 2 9422 12 10351 7 10332 4 8912 13 8181 6 10129
1490 -1.7274625727309307 0.46096965694065434 4.6857023837803276 56 49 41 1.5107601567463651 2 9428 12 10356 5 8579 4 8919 14 6909
1491 -0.80461287532514625 0.52348567367948706 4.3486236505382516 104 85 70 1.1259286712094754 2 9435 12 10364 6 10431 5 8955 13 8200 1 8443 14 6921
1492 1.2990636485285865 0.6606685796328704 4.7532499174917984 54 37 27 1.69199537281991 2 9442 12 10367 6 10147 7 10414 13 7629 14 6253 11 9047
1493 -0.57392934459843681 0.68178179096636282 4.3288581476589449 127 109 89 1.7533106388909778 2 9448 12 10372 6 10317 13 7639
1494 3.8590408611414393 0.53853095852169619 3.1997007586748043 158 153 147 0.6191550220068236 2 9456 12 10374
1495 1.2443852244462132 0.82078861914121393 4.6992605166838626 146 116 88 2.1427180694082959 2 9457 12 10376 7 10420
1496 1.2443852244462132 0.82078861914121393 4.6992605166838626 146 116 88 2.1427180694082959 2 9458 12 10377 7 10421
1497 -0.2341346475834305 0.8166414429371549 4.3203647748507636 173 152 132 2.0357694784632563 3 9442 12 10382 6 10170 4 8501 13 7661 1 7993 14 6298
1498 1.9083234799347157 -1.8930917272937942 5.7769671027336278 157 152 148 0.30181393989939376 12 10476 7 10144
1499 2.1993103288897111 -1.8690814537521281 5.8555817215439561 151 146 142 1.7086184078261837 2 9587 5 8799 4 8752 13 8430 14 7227 15 1704
1500 2.7319137348256342 -1.7956017195836207 6.0861053804331382 87 90 97 1.6891056939945479 2 9589 12 10483 5 8806 4 9148 13 8435
1501 2.7319137348256342 -1.7956017195836207 6.0861053804331382 87 90 97 1.6891056939945479 2 9588 12 10484 5 8807 4 9149 13 8436
1502 5.7665061077995778 -0.92034961250627445 8.8121559730523078 194 208 219 1.1579460342884247 2 9789 12 10521 10 11077
1503 -0.13237518014707808 -0.43852776505097063 4.5499056379770098 145 133 121 0.86074131927926345 2 9630 12 10530 13 8119
1504 -0.5905214505315719 -0.37557541592893173 4.4906842883448643 62 53 48 1.0184562738055492 2 9637 12 10537 6 10395
1505 0.1252526606772606 -0.34110395059296028 4.6035926780093348 48 38 29 1.0830622758849873 2 9645 12 10544 6 10406 5 8888 4 9240 13 8534 14 7334
1506 -0.75095856876791123 -0.29021417943515476 4.5230285030809574 139 127 115 1.1633935108361553 2 9652 12 10545 6 10400 5 8892 1 8367 14 7338
1507 0.42100023357134581 -0.30755000137601157 4.7428593566466795 51 38 30 1.0008983828431655 2 9648 12 10548 5 8898 4 9243 13 8539 14 7340
1508 -0.32885687119136991 -0.2771125129501863 4.4870479235095466 161 145 130 0.46089904195200376 2 9655 12 10550 6 10272 4 8860 13 8133
1509 0.57079538279843822 -0.2950442124111039 4.7989957821916063 37 24 16 1.0529694685414324 2 9805 3 9749 12 10551
1510 5.3306804764957594 -0.014112642964648009 8.3253686291857871 25 23 26 1.3915314057741528 2 9675 12 10568 5 8910
1511 -0.7483568792004307 0.4653904527788833 4.334101456723225 136 117 102 1.5922910861763389 2 9430 12 10608 6 10429 13 8600
1512 2.2250469435136946 0.75431476914414808 5.4938750055205983 20 15 12 1.4038180856364977 2 9708 12 10616 7 10415 13 8205
1513 3.8876988913597295 0.45367480515924913 3.2441074526164217 163 158 152 1.6098321711093715 2 9711 6 10160 1 7967 14 6270
1514 3.8876988913597295 0.45367480515924913 3.2441074526164217 163 158 152 1.6098321711093715 2 9710 6 10161 1 7968 14 6271
1515 0.31957499208249035 0.77571256261056276 4.4740024642355118 170 155 137 1.9759620227977408 3 9796 12 10627 6 10322 4 8485 14 6947 9 10050
1516 4.0471582863010518 -1.6432422150903614 3.5694681567643518 140 136 133 2.1779448264611125 2 9900 12 10673 6 10249 4 9165 5 9071
1517 -0.3547617560946445 -0.36423053843728553 4.4977944073563236 54 44 42 1.4229448392309207 2 9802 12 10711 6 10401 4 9230 13 8530 1 8734 14 7327
1518 1.5708185396443444 -0.3973523234761181 4.9761097518602826 131 118 104 1.4515203850678902 2 9801 12 10715 5 8889 4 8857 14 6830
1519 -1.5634405945978331 -0.24789202572597557 4.779274929963977 156 143 136 2.1982297338495536 2 9662 12 10717 4 9471
1520 -0.52036533366089588 -0.2908026363002264 4.4820030263001795 114 101 92 1.5944554958273514 2 9653 12 10718 13 8538
1521 2.5534810368324496 -1.5070629258904287 6.0025086075885579 158 140 126 2.2460535174937806 2 9977 12 10822 13 8886
1522 2.5659981088877659 -0.96074802472790899 5.9131965407663758 159 146 129 1.304668256812318 2 9914 12 10831 5 9279 4 9457
1523 3.8697441976552902 -0.3682239227618917 3.3584097114711962 99 76 58 0.954381506042836 2 9925 12 10840
1524 -1.7319994954512563 0.3978934097395066 4.7175563470910697 25 18 12 1.8803266646602079 2 9941 5 9318 4 9759
1525 -1.6001473677717952 0.62477829274655061 4.6348312456726148 74 63 51 1.6156544657133476 2 9944 12 10852 5 9330 14 7737
1526 -0.74187610062680753 0.17111254618829405 4.4397847975176159 171 152 135 1.3093731094820868 2 10003 12 10911 13 9009 1 9245 14 8092
1527 -0.74187610062680753 0.17111254618829405 4.4397847975176159 171 152 135 1.3093731094820868 2 10002 12 10912 13 9008 1 9246 14 8091
1528 -0.3492601724335091 0.39005267862278709 4.3725184096277125 59 42 30 1.7818202808745891 2 10009 12 10917 6 10561 4 9761 13 9014
1529 2.0894965362874931 -1.9145428973292671 5.8950818885645324 91 92 97 0.96168889992568429 2 10034 12 10951
1530 -0.34995103475920697 0.72067255860447377 4.3341243697083414 34 36 35 1.5354577746865128 2 10063 12 10982 6 10591 4 9852
1531 -0.34958844843229037 0.7216761703225516 4.3372649692563092 34 36 35 1.3895634320391501 2 10062 12 10983 6 10592 3 9969 4 9853 13 9106
1532 1.1960636560235043 0.037624089996419988 4.9571953770541111 171 158 140 0.25382545279107427 2 10141 12 11075
1533 -1.7013057845082653 0.38723399357968585 4.6932409426725057 21 16 10 0.77497711458824459 2 4861 12 5165 4 2084
1536 13.033171963295363 -6.5944022811345322 14.181678995698279 144 143 148 2.6877689881210736 6 376 5 130 1 447 10 6292
1537 13.012961714049258 -6.4007697930489167 14.114173526113097 134 135 140 1.9161381202578656 5 154 4 325 13 3040 11 604 10 6302
1538 12.615915735073569 -5.9811134916023052 13.797337352912656 78 80 92 0.59556179781966279 12 95 6 472 11 622
1539 12.851461598333504 -5.9937251237792477 13.980114069679846 129 129 136 1.6396577349644532 6 486 5 3331 4 385 13 100 11 636 10 6307
1540 12.851461598333504 -5.9937251237792477 13.980114069679846 129 129 136 1.6396577349644532 6 487 5 3332 4 384 13 99 11 637 10 6308
1541 13.268172935391654 -5.9818391810592892 14.092811742463581 196 209 217 2.0462008373863974 6 518 5 5452 4 397 5 3343 13 106 11 5299 10 9088
1542 4.0341776268797291 -1.6459543964847476 3.5809797109299817 156 151 148 0.3841231040601043 12 327 6 558 5 600
1543 1.2733278913004444 -1.2069961006395271 5.2453544143362594 168 154 141 1.8228720691061333 12 722 6 597 7 7367
1544 0.7320998155480325 -0.98262585960114435 5.0043535838998334 169 160 153 0.58239723704277702 6 623 7 7353
1546 3.6317617765375401 -1.3603199927940346 6.1459772462804789 212 217 223 0.77608773176958878 12 819 6 967 10 9033
1547 11.598003530156957 -3.6892430763609472 14.015754838756829 147 143 142 1.4714287560013695 12 4135 6 989 5 516 4 818 1 904 10 6422
1548 11.675760441699126 -3.6102067578529065 13.393497874766943 135 122 115 1.217269474752517 12 517 6 1003 1 930 11 3625
1549 11.714875659397752 -3.5042729022254271 13.234982913241472 149 136 127 1.5729220298767788 12 548 6 1040 10 6442
1550 4.004973075285398 -1.1014759745112868 3.5275824321478506 157 147 137 2.0821028412367424 3 3472 6 1047
1552 0.93540924940609549 -0.6127707995433791 5.0022182058882159 179 163 147 0.84529740501445061 6 1085 7 7458
1553 1.1180577601376314 -0.57544713143069948 5.0767334708778895 125 107 84 2.2628258007008384 12 1248 6 1144 7 8504 11 7261
1554 4.1231050212491169 -0.97404911642035352 3.251475996834329 120 107 98 2.4945063085688934 3 5812 6 1167
1555 4.1425020314684176 -0.97342289629381828 3.2207891845102883 135 121 109 2.5469821054745583 3 5805 6 1169
1556 0.944957544465024 -0.46947798509100958 4.9753436057719629 184 166 144 1.0604240930166278 12 1383 6 1214 7 8510
1557 0.85646196456353874 -0.39964548635543412 4.9244442521551344 181 163 143 1.0012596767234023 6 1269 7 7529
1558 11.751292947056216 -2.6015184205046511 13.164923955475137 66 52 48 1.5561052166335552 12 4329 6 1302 10 6542
1559 11.751292947056216 -2.6015184205046511 13.164923955475137 66 52 48 1.5561052166335552 12 4328 6 1303 10 6541
1560 4.1774858242453288 -0.77792814823100054 3.138006124959952 87 74 66 0.020683554677808275 2 3879 6 1357
1561 2.703392743249208 -0.3950577054001172 5.5717105033186813 45 32 23 1.03882183328464 12 1512 6 1502 7 6363
1562 5.9286813074269658 -0.47478216654123906 8.1158030162586332 19 36 54 0.60980736756415943 12 4784 6 1645 5 1348
1563 2.4589677954626978 -0.027849319010670382 5.323181071151331 110 91 74 1.6099024950522096 12 1883 6 1735 7 6478 11 5433
1564 6.1181969324251195 -0.31027835821391087 8.0636559192090971 108 86 72 0.48892895644716289 12 1641 6 1743 5 1445
1565 6.1647428762499921 -0.24258136548579756 8.1367849156033323 158 134 111 1.3963863735168214 12 1683 6 1781 10 8170
1566 5.9441613320290116 -0.12850406226609828 8.0206137482149433 172 152 130 1.4692362550955118 12 4913 6 1834 5 1516 10 8187
1567 6.000749844840759 -0.029364822926520429 8.0205127876647726 101 83 64 1.5610891054334717 12 1846 6 1912 5 1549 10 8203
1568 5.9562951401566 -0.033088521011986553 7.9639159967963531 101 83 64 0.4462388903853271 12 1847 6 1913 5 1550
1569 7.5071901776897203 -0.066850445549424278 9.1250744894767433 29 21 19 1.3839171158202326 12 1809 6 1940 5 1525 10 8256
1570 3.7712156834347539 -0.10697593916568643 3.3361190310906985 58 53 49 0.37736035584392918 2 1592 6 1942
1571 6.1593892527303682 0.14589306935403043 7.9411846835944049 31 19 5 0.54686088742739714 12 4981 6 2044 5 1623
1572 5.4600219530250564 0.18928188017248679 7.6676887343874229 151 139 125 1.7277746597859898 12 1997 6 2047 10 8227
1573 5.9571082227133987 0.2406967638119939 7.8754966282917609 170 153 136 1.2694900704970671 12 5005 6 2085 5 1659 4 1890 10 9250
1574 0.58397911893463239 0.39200813151456604 4.6355782561281043 122 103 86 1.5990030776027855 3 2321 6 2102 9 6708
1575 5.4374259529083702 0.29892257674215683 7.6467774176786936 160 143 125 1.7616754631851779 12 2060 6 2114 10 9240
1576 6.3180115256511105 0.33368140086657755 7.9937904333472067 108 95 79 1.6265323914204668 12 2068 6 2157 10 8304
1577 6.286744808771874 0.3517735152836004 7.9906765221164937 75 61 48 1.4229464530734408 12 2082 6 2166 10 8308
1579 6.2540651257117315 0.46337163982308721 7.9940960804450265 89 77 63 1.5695313320169384 12 5084 6 2227 5 1750 10 9277
1580 2.9133603980481242 0.39428382839539777 5.2491775566308894 187 174 161 0.87086912287142282 12 5155 6 2232 5 1877 13 1681
1581 0.56888170935363225 0.50738998076135289 4.6329334593427598 155 134 115 1.2805431600604074 3 2445 6 2251 9 6764
1582 6.6899847829128403 0.51127357306003218 8.1244675649935356 145 132 116 1.0653342626334901 12 2191 6 2253 11 1551 10 8344
1583 5.4546001436809437 0.6111390876289049 7.4675736811331879 42 37 30 1.7837599602947043 12 2302 6 2291 10 8338
1584 6.2680641129808103 0.65275635403437793 7.9529026810812633 76 63 46 1.3301140655299202 12 2303 6 2309 10 8369
1585 2.1246091015096571 0.6154940366934778 5.3965525639389647 145 128 113 0.54034408652037091 12 2472 6 2351 7 7936
1586 2.7085390370136979 0.63355574250078872 5.3084679845047242 111 89 67 0.86464970016555032 12 2494 6 2400 7 7945
1587 2.52060112300232 0.7368626139665988 5.3630563760180161 31 18 9 0.59117838720307303 12 2553 6 2466 7 6781
1588 2.6459206705802423 0.73026970555241189 5.3150296835175288 22 10 1 0.39136999421599938 12 2555 6 2470 7 6785
1589 2.651200099516553 0.73105827922994804 5.3236594402598865 22 10 1 0.45144285610975349 12 2556 6 2471 7 6786 11 5727
1590 6.2640059533477563 1.1461830189630122 7.8248333328856896 132 116 100 1.4619438583869844 12 5376 6 2559 5 2088 10 9380
1591 1.1677016261782174 0.81274283040341455 4.7775079278591708 22 18 0 1.0851305416281178 12 2706 6 2585 7 7982 11 8113
1592 6.7000377878018842 1.2198889994661943 7.9285793664647679 30 26 17 1.7254111773869891 12 5396 6 2592 5 2112
1593 5.4445289434075468 1.1613776409463858 7.2968195687747395 159 138 121 1.2556985529711917 12 5421 6 2608 5 2140 10 9384
1595 0.61975048628126772 0.86392714848435492 4.5780234310676065 142 117 95 1.9742097514305079 3 2763 6 2676 9 6938
1596 2.3600094707219794 0.99171895680052025 5.3878290936685742 92 79 70 0.93971285025340967 12 2741 6 2681 7 8019 11 6883
1597 2.5420171043906108 1.0116386296617295 5.2791830392032981 100 74 57 1.3219646671357224 12 2777 6 2723 7 8031
1598 2.7992244978471388 1.0002532043267356 5.1455097006126662 128 98 74 2.0258092458951875 12 5551 6 2740 7 8902 11 6909
1599 0.1886332358301071 0.90193704553552467 4.3938110383894857 93 77 59 1.380148533906655 3 2851 6 2761 9 5290
1600 0.35196672871855289 0.92865972542782105 4.4556558675760369 158 145 130 1.8475237474946298 3 2865 6 2793 9 5296
1601 2.5969273360799279 1.0920229686578449 5.2678075081223943 114 98 83 2.1908113908263123 12 2850 6 2802 11 5906
1602 2.6397810216211064 1.1143098253943771 5.2161810385444562 140 121 104 1.9377946852421502 12 2880 6 2829 7 8070 11 5925
1603 0.84425234199701782 -1.3103252853620349 5.1399559212977373 178 174 165 0.27062560400869556 2 3750 6 3712 13 555
1604 2.778206391684408 -2.0482280039771084 6.1156655083343106 105 111 120 0.9779015657553396 7 7384 11 6356
1605 2.7366496696813192 -2.0065171876200218 6.1071857186112899 105 112 120 2.3366653854998272 12 4037 7 7391 5 462 4 742 13 328 1 902 11 6358
1606 2.7136421923955414 -1.9657133745796875 6.1073865063396076 140 147 155 0.84782655801354723 12 384 6 3747 11 5051
1607 1.7162373769739379 -1.5579201943313146 5.64994797007353 101 104 101 0.74778195919763868 12 4134 6 3772 5 643 13 476
1608 4.0935737697945696 -1.7105813303681878 3.5211842386833379 131 129 134 1.1368879596061499 12 4007 6 3804 5 551
1609 1.0705025398736521 -1.2008542372188764 5.2043164786008589 179 165 152 0.55428952789542862 12 4241 6 3851 5 791 13 634
1610 2.7486223905422831 -1.7348482694304892 5.9963567141760956 103 102 100 0.51053106452122543 12 504 6 3860 11 6380
1611 1.1673781468911657 -1.143529316786829 5.1824610849560919 158 142 127 1.0534604161129866 12 770 7 8391
1612 0.73543630730695564 -0.95412048410240624 5.0148750803149165 122 109 101 1.4418203717680886 12 4385 6 3944 7 8374 5 946
1613 2.0249994051973572 -1.3510464119782433 5.8589804159722458 79 74 71 1.6321455454857869 12 4243 6 3965 7 8441 5 770 4 1076 14 750 1 1167
1614 1.0155566835286993 -0.98070748838299338 5.0961523392611516 168 155 139 2.6825212064091613 12 4383 6 3979 7 8403 5 944
1615 3.3642282401759287 -1.6632540522730401 6.2151768208098597 157 152 148 1.8098749037355937 12 4164 6 3986 7 6060 5 687 4 991
1616 3.8943704716950363 -1.3506203893902249 3.7516732689446162 160 139 122 0.91275132329338848 12 4154 6 4041 5 792
1617 2.032485900425165 -1.1947650000329615 5.828993085334794 43 35 32 1.5211807880573207 12 6574 6 4054 7 8474 5 3802 4 1172 13 3411 1 1242 14 792
1618 1.9906586802818227 -1.1225933046633947 5.8023038414776522 59 52 44 0.81309137642178864 12 6588 6 4089 7 8483 5 3825 13 3431
1619 2.0727429447364289 -1.1281416103308288 5.8115412579749979 125 116 107 1.0130268468381163 12 4376 6 4103 7 8489
1620 2.0192128656640231 -1.0972248461774374 5.8031929169797705 117 107 97 0.884072515034111 12 4403 6 4117 5 938 13 771
1621 2.0149511987066315 -1.0962738622474446 5.7953801733094155 117 107 97 0.82850663724844276 12 4402 6 4118 7 8494 5 937 13 770
1622 4.1759548735893102 -1.1958899761819528 3.2286333885598633 89 80 73 1.2764381855153826 2 5857 6 4154 5 922
1623 4.1542010271873506 -1.1883948988079875 3.2652139112856506 84 71 63 1.1555387653472924 2 5860 6 4159 5 926
1624 4.1216077910881381 -1.1793306810657129 3.3043569425879897 88 78 69 1.1952684190100453 2 5872 6 4165 5 932
1625 3.9725534847524662 -1.1624728442264345 3.5762561679909401 178 157 140 0.98654207251899206 12 4256 6 4181 5 942
1626 11.593353244481195 -3.693635562271198 13.805063379695884 70 65 62 1.2831488340481227 12 6443 6 4198 1 897 14 483
1627 3.4942456061651939 -1.3006577498488181 6.2079900224440951 132 125 119 1.2144094338688283 2 5982 6 4209 7 7556 5 895 4 1200 13 707 11 5241
1628 3.9693801813262759 -1.1319517838696049 3.5423282002364629 99 86 77 0.81384937899660981 2 5894 6 4213 5 968
1629 2.1702433122218743 -0.98336770235410143 5.8389685834697715 160 150 138 0.87383438726210994 12 4449 6 4230 5 1010 4 1289 13 845
1630 11.656003076014709 -3.5226950618700301 13.908445470920812 145 142 137 1.5478201201402908 12 4152 6 4255 5 3588 4 854 1 960 14 503 10 6448
1631 11.697679597471234 -3.4812411470309703 13.365054618495215 148 138 131 1.2213886320389378 12 6467 6 4256 4 863 1 963 14 505 11 5417 10 8043
1632 11.577456862173147 -3.363666836151789 13.862120479654438 152 143 136 1.2625468739933248 12 4176 6 4290 5 3602 14 525
1633 2.0804680546749612 -0.8374048142217545 5.7696636785675883 140 130 118 0.84172877730271611 12 4508 6 4317 4 1344
1634 2.4504811774278399 -0.83617382197258516 5.9082682037269576 171 156 137 0.87799243377595793 12 4516 6 4360 5 1076 4 1359 13 933
1635 11.726887974628134 -2.8934050520410581 13.268606006719258 162 152 143 1.2557714361170738 12 4261 6 4374 5 3706 4 1032 1 1079 14 600 10 8070
1636 11.69352991724873 -2.7488875228827832 13.661305748556789 153 147 140 1.5925425051315607 12 6564 6 4396 5 3743 4 4015 1 3936 10 8085
1637 1.2521351628105752 -0.48481294111215117 5.0172996024327112 87 70 44 1.0370200321567498 12 1378 6 4399 7 8536
1638 3.8771993009241843 -0.81274538220196391 3.6355322058085218 157 133 109 1.7943274533294631 12 4500 6 4426 5 1161
1639 11.644818799924396 -2.4730462129454636 13.597298742648702 104 95 90 2.2522266779053348 12 4379 6 4438 4 1141 5 822 10 8110
1640 11.506564520069414 -2.4530357629720183 13.44237823438184 104 95 90 1.8100724179524403 12 4380 6 4439 4 1142 5 823
1641 1.8463609900625664 -0.51520514085899849 5.2133254991730453 139 126 110 0.56599091310712768 12 1381 6 4442 7 8576
1642 2.1871313986119092 -0.54445267637084016 5.3128778668589307 83 74 64 1.3151371403791328 12 4651 6 4461 13 1096
1643 1.3798763070192122 -0.31774583925693695 4.930968205679938 165 141 117 1.1172756860082389 12 1544 6 4514 7 8578 11 7914
1644 1.9368044259260873 -0.28249989155082433 5.1592331132692513 97 85 70 0.62256697430301422 12 1594 6 4566 7 7675
1645 2.7731853002585862 -0.39697802214165778 5.5505214817081248 129 112 94 0.40586233106457242 12 4765 6 4569 5 1366
1646 0.85484211943887778 -0.089454290874824122 4.86621280508614 175 156 139 1.2246574821561325 12 1751 6 4586 7 9268
1647 1.4693072645614129 -0.16072529663314367 4.8159652671404709 126 110 94 0.79329801726513638 12 1701 6 4593 7 7668
1648 5.510009810862571 -0.25070485913674179 8.1767948869817868 144 116 92 1.8768257913171777 12 4868 7 6567
1649 5.8388731357967201 -0.26230969846329283 8.0500400837575974 172 147 124 1.3854346789247591 12 4870 6 4726 5 1459 10 9186
1650 6.0450011192341266 -0.2856247004302207 8.0420469423806935 90 71 57 1.0966759119926359 12 4859 6 4729 5 1450 1 1708
1651 6.1404887363621308 -0.27145760477098863 8.0669156955628143 93 74 60 0.5985822708535451 12 4871 6 4735 5 1463 4 1735
1652 5.6029355434906885 -0.19196682042668534 8.1082444719475557 156 126 100 2.1812423401414271 12 4888 5 4261 4 1747 10 9863 6 4753 7 7840
1653 2.4509933537128399 0.067106227943638269 5.3250510740732313 108 89 74 1.5118872143466371 12 4978 6 4825 7 8730 5 1645 11 6655
1654 3.9789718627233697 -0.12024163319547305 3.1389762280243696 96 82 69 1.6270160793655584 12 1954 6 4926
1655 0.84428801422867639 0.3284686088546423 4.7833846209352808 173 160 142 1.1537989943854756 12 2241 6 4970 7 8738
1656 2.6313456302381368 0.22342089176346008 5.3529529499003221 114 96 72 1.2187294124202013 12 5055 6 4971 7 8768 5 1735
1657 3.8122597535507792 0.058232129579551387 3.4881113283757954 121 107 96 1.5511329364828532 2 6475 6 5023 5 1804
1658 0.3821294844281759 0.48820867134412599 4.5596067796357929 157 140 122 0.79988243474708531 3 2442 6 5082 9 6775
1659 5.4902949655205546 0.50895958962816934 7.793881610484954 109 90 75 1.1113762706845218 12 5102 7 7931 5 1776 10 9271
1660 2.8111263456136637 0.46019131857527956 5.3049040032187929 156 133 109 0.88426095214227296 12 2357 6 5113 11 7565
1661 6.4306365590794021 0.54957808520712237 7.9902765672324731 173 160 143 1.5045789340491924 12 7102 6 5120 5 4474 4 2023 1 1979 10 9952
1662 5.4018948879784974 0.61574883035279071 7.5060702725595885 57 50 44 1.0922731954141378 12 5152 6 5137 5 1846 10 9289
1663 5.5063354773530815 0.60989236203478803 7.4815141114457457 59 54 46 1.282031826131693 12 5153 6 5138 5 1847 4 2076 1 2024 10 9945
1664 2.216406890680124 0.58198625375391755 5.4424664533523073 47 37 27 0.66724824336416744 12 2454 6 5153 5 1973
1665 2.4769480244326156 0.61530414383837373 5.4147680162796767 104 86 71 0.54420741061097333 12 5284 6 5172 7 8833 5 2003
1666 5.4446464860723536 0.86342097320324096 7.6781218687237134 86 67 53 1.3282825007516141 12 2451 6 5209 10 9328
1667 1.3775631531009573 0.62688863539788797 4.6465042614172321 115 102 86 0.72698471622849026 12 2560 6 5213 7 8830
1668 0.25676369978227703 0.65582905500125688 4.4729591017483994 161 140 123 0.61783159942929988 12 2613 6 5221 9 6857
1669 2.7125857945949234 0.69368192056463651 5.2972474474386599 106 84 56 1.0466634405477973 12 5344 6 5231 7 8852 5 2069 13 1845 11 6814
1670 2.648776158564988 0.7083484035535863 5.3242174100136248 122 103 86 0.67412929185131254 12 2541 6 5237 7 7957 11 7605
1671 2.593132678700163 0.75324971655484863 5.331326945974002 135 117 103 0.78171687332313788 12 2580 6 5266 7 8857 5 2096 11 7608
1672 2.3870814986621509 0.80057080351458665 5.3726402588228064 103 83 72 0.17936556440778206 12 2606 6 5297 7 7970
1673 1.2630646818663109 0.74140820012712205 4.7482931983416785 53 36 18 0.39934842633218987 12 2650 6 5299 11 8423
1674 5.4302487724867365 1.0283793385600979 7.3534401070584297 121 100 81 1.2430475992447139 12 5355 6 5302 5 2074 1 2218 10 9998
1675 2.5180991843879283 0.8091993989981987 5.3215813023661269 21 14 6 0.86195135744814877 12 2618 6 5312 7 7973 11 7620
1676 6.2592992837063886 1.0981297639912 7.8432602183821993 85 69 53 1.522849434635176 12 5356 6 5314 5 2075 4 2280 10 9371
1677 2.4361044805889924 0.83452595407121866 5.3900828202148849 27 18 10 0.71937317545013857 12 2630 6 5316 7 7978
1678 1.26683363088599 0.76939774923687598 4.751785949560051 73 56 36 0.99999689544082759 12 2672 6 5324 7 8861 11 8105
1679 1.26683363088599 0.76939774923687598 4.751785949560051 73 56 36 0.99999689544082759 12 2673 6 5325 7 8860 11 8106
1680 2.4816504536388759 0.84214945969300992 5.3693675038026223 111 95 82 0.82570700891277093 12 5432 6 5332 7 8866 5 2152 13 1919 11 6845
1681 2.7905825321496542 0.8236559606057885 5.2549937662970025 129 106 90 1.0212215728438134 12 2638 6 5339 7 8869 11 7625
1682 5.3661728989240025 1.1930759310408632 7.3297223998028889 157 138 121 1.0283578976284558 12 5435 6 5364 10 9388
1683 5.4674244201715023 1.1941068047015706 7.3041178907582376 129 108 89 2.3100136348948519 12 5436 6 5369 4 2355 5 2155
1684 2.5828141754350478 1.006547722547221 5.2621038271501881 113 99 86 1.1543478734948875 12 5536 6 5441 5 2292 13 2040
1685 2.4893550223623304 1.0291261615585361 5.3072117514311019 30 21 12 1.0951832172295715 12 2783 6 5453 7 8037 5 2301
1686 2.3534557808765761 1.1112353536218353 5.3488167127481212 92 78 67 1.589483843542955 12 2849 6 5498 7 8052 2 5219
1687 2.7752605114931366 1.0822477964710211 5.1465279199080696 150 129 113 1.8707837089424317 12 2860 6 5507 7 8919 11 7673
1688 0.62750192247541037 1.0333422558020409 4.55192653356879 182 163 144 0.046429761048728077 12 2971 6 5553
1690 1.3756414739377971 1.0690785952332971 4.6414876614018965 172 148 120 1.8684550669226376 12 5671 7 9545
1691 0.41161429797935051 1.0897704736355405 4.4461305417377295 160 145 127 0.43676148182635544 2 2806 6 5639
1692 0.60930585009241511 1.1148571004977423 4.5231011446210081 155 138 118 0.0056428882336009636 12 3069 6 5642
1694 0.81017880731756198 -1.5771962357970992 5.1786698756507397 159 154 150 0.68922185018697746 12 4066 6 6006 4 798
1695 0.60639304780567183 -1.6294516204758731 6.023439306345475 54 53 61 0.37507189783259037 12 4098 6 6032 13 387
1696 2.0827213354247589 -2.025097659500207 5.8338790659789304 202 215 224 0.029801620634965345 12 6362 7 9116
1697 -0.029828563318823165 -1.0493747762434609 4.7385012338132624 155 150 146 1.1951188319009787 12 4252 6 6076 5 816 13 658
1698 1.9143838948805514 -1.8122741790904551 5.7924203913421151 87 88 92 0.79434850636319554 12 6396 6 6087 5 502 4 772
1699 1.7590029919759735 -1.6612885768208714 5.721624981952429 159 154 149 1.0703227906080346 12 6424 6 6113 5 3593 4 3891 13 3260
1700 2.0582375969260798 -1.7722203428884891 5.8859575084137594 162 149 140 1.6742020282292061 12 8041 6 6114 4 820 13 5084 14 588
1701 12.830080102076591 -6.2507279306448638 13.871547507380157 190 204 215 0.60854313133933424 12 6296 6 6122 11 6494
1702 13.145425559326421 -6.285727125973497 14.16996114124326 98 105 115 1.3702708358497528 6 6135 5 6843 4 5815 13 6292 1 5460 14 4644 15 92
1703 4.244679612276296 -1.7606970357243887 3.2924912633055947 101 101 103 1.7416726100090099 2 7214 6 6145 4 922
1704 4.1816440827847012 -1.7424264958659346 3.3868960133021178 125 123 126 1.3927534375634791 2 5765 6 6155 5 3570 4 933
1705 13.099911447316245 -5.9936278104253047 13.942003854564129 113 116 127 2.0332883611320938 12 7952 6 6161 10 9785 11 6514
1706 12.965090707304798 -5.9447456567058046 13.814238108052312 113 116 127 0.51131093319312904 12 7953 6 6162
1707 4.0741138591968058 -1.6481106120802447 3.5420873973451488 148 144 145 1.3030472654274274 2 7229 6 6184 5 3604 4 997
1708 2.7067031194379205 -1.7184813986947365 6.0661420274026687 136 131 127 1.5335075847289596 12 6441 6 6200 5 3623 4 908
1709 12.589152619707578 -5.4802649302305735 14.058839463833007 92 91 96 1.5778563858546428 6 6204 5 5477 4 5867 13 4978 1 5497 14 2958
1710 4.1357689186217561 -1.5966228862810126 3.4885109813991781 65 79 92 1.0100178985650619 12 8020 6 6213
1711 0.74203403062049045 -0.89473160234606119 5.0522944172063031 60 51 46 1.0708781031270838 12 4431 6 6286 5 986 4 1264 1 1341
1712 0.79349359905607364 -0.82903412432124846 5.0410256629119301 152 131 120 0.94260139677987842 12 4458 6 6322 1 1384
1713 2.4284494488185313 -1.2784727004062046 5.924440774991365 79 70 61 1.2107288627777051 12 4303 6 6329 5 845 4 1154 1 1230 11 7908
1714 2.1293168291745084 -1.1773824356632379 5.8789928249839551 54 50 48 1.0336511085247209 12 8124 6 6347 5 5731 4 1184 13 5196 1 1255 14 800
1715 2.1196499656771923 -1.1743095218463753 5.8553377384716132 54 50 48 1.2420255629888524 12 8123 6 6348 7 9207 5 5732 13 5195
1716 -0.037682204682714937 -0.50194537518888327 4.6050392576529537 42 37 31 0.77011023622686281 12 4595 6 6369 5 1221 4 1473
1717 11.679153015485825 -3.9037611026734944 13.800884824364626 150 141 136 1.3837817931763665 12 8047 6 6381 5 5592 1 5606 14 3056 10 9118
1718 -0.63470063186431702 -0.33490865037729123 4.5250894829864494 108 99 90 1.1855302435986041 12 4712 6 6392 5 1325
1719 4.0449251630775569 -1.1765110853759466 3.4696896039038694 111 97 88 1.9358105140186108 12 6528 6 6398 5 3842 4 4166 14 950
1720 11.676529364415359 -3.5361633016777541 13.352295386500524 138 128 118 1.3099270952733721 12 6452 6 6428 4 3888 1 3798 14 499 10 8039
1721 1.4170206403665917 -0.6692476893384518 4.9930468906424084 114 107 97 1.2631517122373708 12 1140 6 6467 7 8477 5 1140 4 1442 11 7881
1722 2.2847595515868915 -0.85732096439577132 5.8640658079371581 47 38 30 0.93966723627815363 12 6686 6 6484 5 3944 4 4210 1 1413 14 954
1723 2.2806395099316039 -0.85620482765206374 5.8562712136171635 47 38 30 0.83462252775300672 12 6687 6 6485 5 3945
1724 4.1075681976761862 -0.98945475524304061 3.2622698714588716 84 71 62 2.3526793193267475 3 8231 6 6490
1725 0.89330541933780738 -0.49554885329995485 4.9535741500098487 145 127 107 2.0329374757123606 6 6499 7 9212
1726 0.28525458137360343 -0.29351243320888226 4.6876675520461522 113 102 93 1.0627344997919947 2 4423 6 6538
1727 0.0088787309997627184 -0.20785238764627692 4.5524873641299548 142 126 113 0.7009716600343554 12 4830 6 6561 5 1460 13 1338
1728 2.1583155195941606 -0.56733607436815081 5.3128864130372273 159 146 130 0.75619718630117239 12 6770 6 6572 7 9255 5 4076 4 1518 13 1079 1 1565
1729 2.1583155195941606 -0.56733607436815081 5.3128864130372273 159 146 130 0.75619718630117239 12 6771 6 6573 7 9256 5 4077 4 1519 13 1080 1 1566
1730 1.3631116841784265 -0.41742685313427536 4.9459159574595279 170 155 136 1.4238895769035849 12 4718 6 6577 5 1328 4 1597 13 1191 1 1631 11 8324
1731 11.636965280186907 -2.4017394941379946 13.569472553677144 152 140 128 1.1127818591095309 12 6609 6 6584 5 5720 4 4074 1 3975 14 3253
1732 1.2040352310024909 -0.37170146690998446 5.0269419272917757 146 122 94 2.3450229451536657 12 4738 6 6588 4 1620 13 1211 11 8322
1733 0.3274313525765607 -0.17225571718688873 4.6968924485969108 58 44 33 0.38259181755805 12 1652 6 6606 4 1745
1734 2.8487382604351037 -0.56202277310320237 5.5522876724949812 62 62 57 1.202528147958104 12 4666 6 6611 7 8622 5 1258 4 1550
1735 1.4106578751811822 -0.3222481389755546 4.8894278590278466 175 162 136 0.87017391625030971 12 4782 6 6614 7 9252 13 1273 1 1683
1737 1.7545312716133044 -0.15280142492169693 5.077602686860347 118 102 86 0.78582051876733683 12 6934 6 6687 5 4292 4 1776 13 3829 3 7707
1738 2.2852848124471983 -0.2072997046433519 5.3147620244411087 133 111 87 0.73281908104054039 12 6921 6 6693 5 4269 13 3808 1 1738
1739 2.2473906178510483 -0.038710573692510991 5.3215778891100882 96 80 67 2.0575316335038916 12 6968 6 6744 7 9320 4 1823 1 1808 11 8001
1740 2.221827031809509 0.12899809427290373 5.3971972566064013 70 56 47 0.8844770254399309 12 5002 6 6801 7 8744 4 1896 1 1875 11 8022
1741 5.6613548838505636 0.03096170366207926 8.0259859873685055 51 49 52 0.97533502525600879 12 6974 6 6832 5 6018 4 4552 14 1302
1742 3.9395527392920133 -0.099513086144612004 3.206509825699329 113 99 86 1.2715431715594032 12 7000 6 6853
1743 1.2991280809012908 0.28990127463843834 4.7750915608569615 60 46 33 0.86495626950513582 12 2206 6 6877 4 2042
1744 1.1785122344145331 0.33702043627124251 4.8560582025656931 143 122 93 1.2611900563935849 2 4807 6 6890 7 9361 13 1662 11 8374
1745 1.1786898771093182 0.3369870506128651 4.8561889345744698 143 122 93 1.1126953286285779 2 4806 6 6891 7 9360 11 8375
1746 2.5516314171333359 0.27693402406413387 5.3756708506003203 124 106 92 0.67460226646752819 12 5083 6 6896 7 8780 5 1772 14 1493 11 8051
1747 2.5516314171333359 0.27693402406413387 5.3756708506003203 124 106 92 0.67460226646752819 12 5082 6 6897 7 8779 5 1771 14 1494 11 8052
1748 2.4832851989441154 0.31120758980243624 5.3722788072729983 107 88 74 1.5366978644895986 12 7095 6 6918 7 9388 5 4468 1 1990 14 1517
1749 0.38740666159598464 0.4254920191519766 4.5754768467418359 143 127 112 0.95877598331759895 12 5220 6 6934 5 1945 9 8707
1750 5.4111432870682057 0.34357108491303417 7.5846591928522669 154 137 119 0.91821155456746695 12 7053 6 6939 4 1939 14 1408
1751 5.4169222378167845 0.34326593683116202 7.5904600437915279 154 137 119 0.73014369185484085 12 7054 6 6940 4 1938
1752 2.8408069936923375 0.33569168148171596 5.3094250206899813 168 152 136 0.93331476912285638 12 5117 6 6946 4 2045 13 1647 1 2008 11 7539
1753 4.1020508454908775 0.039197110268574295 3.006554104405037 149 134 115 1.3750858520750875 2 7635 6 6958 1 2080
1754 2.3501613479135375 0.42670507300447286 5.4583870817820488 89 72 56 0.71853115232669063 12 7133 6 6969 5 4503 4 4719 13 4031 1 2035 14 1566 11 8062
1755 2.3238705508871327 0.44547469822533586 5.4589924164190906 47 34 23 1.8969997202052904 12 7146 6 6975 7 8801 12 2320 1 2059 14 1582
1756 5.4201060517980224 0.46465443806137091 7.5809675998546142 144 125 108 1.4597046082356429 12 7089 6 6978 5 4451 2 6522 1 4474 14 1462 10 10329
1757 2.3729410233663537 0.46478920002826313 5.4610457930843639 116 97 83 0.83310898200794026 12 5175 6 6980 7 9427 4 2122 13 1706 1 2068 11 8071
1758 2.5092350720171175 0.50351704981929357 5.4101786215571854 95 81 70 0.88326106901177837 12 7166 6 6999 7 9439 4 4749 1 2115 14 1618 11 8086
1759 0.40572711667168054 0.53252260032414278 4.5609465995872442 161 146 127 0.48895212385641224 2 4979 6 7005 9 7967
1760 2.8009641733464323 0.50972022550723906 5.3237146045725243 159 129 95 1.07340896939883 12 5230 6 7022 5 4543 11 8092
1761 2.5847474933072498 0.54433890466510126 5.3763080273021897 108 91 76 0.58409074398113636 12 7190 6 7026 7 9446 5 1963 4 2190 13 4084 11 7575
1762 -0.42621510168033533 0.59580467136890025 4.3318321528035231 17 12 8 1.6404245012258414 12 5383 6 7037 4 2311 1 2252
1763 -0.68759802914809132 0.61407549273742745 4.3058008664646836 77 61 45 0.43940254386102701 2 2376 12 5399 6 7050
1764 2.5039674152930989 0.6055653190781165 5.412457144633195 84 67 57 0.84530232014593054 12 5277 6 7051 7 8831 5 1996 4 2222 1 2165
1765 5.438510111678446 0.76426297696388157 7.4304659317902955 128 109 92 1.3207314103675851 12 7186 6 7063 5 1946 1 2117 10 9959
1766 2.5989555410296528 0.63263002918330513 5.3618545025539479 107 88 73 0.9119836549434025 12 7226 6 7068 7 9462 11 7581
1767 2.8301938457970985 0.61892923010013567 5.2081448240669355 115 93 69 1.1520479634250289 12 7232 6 7078 7 9466 13 1808
1768 0.59235610067479261 0.65590855132950376 4.6105899454552821 161 143 121 0.61519876813366647 12 5394 6 7089 5 2109 9 7991
1769 0.28720672705467037 0.70078132107658386 4.4757274422171536 153 131 112 1.1585987386068599 12 5441 6 7130 5 2163 9 6874
1770 2.765257425627345 0.73770559933259139 5.2840704198785682 123 97 74 1.6571421795269203 12 5366 6 7132 7 8855 5 2090 11 7609
1771 1.1708110740111344 0.72350233373784434 4.79437227014225 102 81 62 1.0759875935701253 12 5417 6 7134 7 9481 13 1905 11 8672
1772 0.30778427836768157 0.74146443854193267 4.4756704116385198 152 136 118 0.58476368658294642 2 5107 6 7171 5 2194 9 8023
1773 1.2841973636218413 0.77954827312428621 4.740818251203633 157 127 92 0.90389158062569641 6 7179 7 9495 4 2392 11 8679
1774 2.6377443319760778 0.85277378062916864 5.3103770007309867 36 26 17 0.93981429188945798 12 5443 6 7187 7 8877 5 2166 4 2370 13 1931 1 2309 11 8137
1775 2.3427786406553932 0.89231394431246813 5.4158969656938565 61 49 39 0.86307717419308494 12 5459 6 7192 7 8879 5 2175 4 2380 1 2318
1776 6.5340383310267365 1.1968606894600995 7.8480232149215245 154 135 120 1.3839535386334556 6 7193 14 1730 4 4856 10 10011
1777 2.3718901838749797 0.92368099132727943 5.3814955922983749 39 30 23 0.91841520687458233 12 2695 6 7203 7 8887 5 2206 4 2401 1 2332
1778 2.7985291961521113 0.89891415167576572 5.1796987376854906 145 114 85 1.0971996593921414 12 5490 6 7209 7 9512 5 2218 1 2341 11 8151
1779 2.3764110508636103 0.96688936954857074 5.3745350161025112 30 21 13 1.1126141494576929 12 5511 6 7216 7 8890 5 2250 4 2425 1 2355 11 8463
1780 2.4974066542231839 0.99140689043607089 5.3252276778254588 25 15 6 1.2481308783116674 12 5529 6 7226 7 8894 5 2265 4 2453 13 2020 1 2378 11 8161
1781 2.4977389282493512 0.9923395999940865 5.3254498211459733 25 15 6 1.0557037821538593 12 5530 6 7227 5 2266 4 2454 13 2021 1 2377 11 8162
1782 1.4124278983256493 0.91033160803868829 4.526614716449048 174 152 128 1.0139529918606753 2 5198 6 7256 11 8471
1783 0.22394718925729601 0.89824509222974713 4.4090271969076769 153 131 113 1.5430465700357756 3 5379 6 7264 9 6987
1785 2.3835969710735276 1.0874641101972948 5.3623388243940227 18 11 4 1.2751177400437952 12 5586 6 7276 7 8914 5 4759 7 9520 4 2511 1 2428 11 8176
1786 6.1466725548575223 1.6131561556682366 7.6756162528371688 138 117 98 1.5025451906711618 5 4764 14 1868 10 10425 4 4988
1787 1.3359075085479606 1.0030542820371926 4.6412292187178519 120 97 73 1.1714183151196429 12 5632 6 7307 5 2392 4 2562 11 8709
1788 1.3407307824011516 0.98911872441570292 4.5484045363315868 141 117 89 1.2067129155276788 12 5636 6 7308 11 8488
1789 0.5553246188027583 1.0633437721645613 4.5051577061410386 180 161 144 0.093600660690508222 3 7076 6 7348
1791 0.55899606023553217 1.1566571305505933 4.4912825522082516 154 133 112 0.53786745719259488 3 7115 6 7415
1792 0.026785643588822461 -2.0785972398877943 6.5930492670546981 156 150 144 1.0663204291949893 12 6351 6 7608 5 3437 13 3113 1 3665
1794 0.10348819401131121 -2.0239390244918019 6.5584964643270798 168 158 148 1.1394595351384318 12 6359 6 7617 5 3456 4 3711 1 732 14 420
1795 -0.1915454000420016 -1.0566203107124028 4.7115098724428917 152 142 132 0.64972729549431918 12 6524 6 7697 5 3772 4 4018
1796 -0.19137787441257281 -1.0568879638065329 4.7117686761684148 152 142 132 0.68887170008269782 12 6525 6 7698 5 3773
1798 0.76222052176034261 -1.2478472222598904 5.1659630027147632 142 132 122 0.92176023766595849 12 4198 6 7731 5 3742 4 4002 13 3357 14 747
1799 12.437988194794801 -6.0227126050769151 14.365630011409353 112 115 130 2.1397149390812595 6 7740 5 5447 4 5828 13 4962 1 5468 14 2912 10 9782
1800 1.6609497553039236 -1.5145838770696249 5.6352688452000539 81 80 76 0.69058035966206432 12 6465 6 7742 5 3650 4 3954 13 3294 14 664
1801 12.692740987071444 -5.9810009000099384 14.598716883993452 198 210 222 1.4471640770640632 6 7748 5 6857 4 7171 1 6739 14 4654
1802 12.486972032445081 -5.6683429098730711 14.015107429117974 66 65 71 1.650114211113813 6 7752 5 6862 4 5849 13 4972 1 5481 14 4667 11 6518 10 9788
1803 0.75846757668483189 -1.0784683316754551 5.023989205294793 54 50 47 0.48531658565550917 12 6558 6 7754 5 864 13 684
1804 2.7563672073070009 -1.5945324956596911 6.0495245114497642 106 101 97 1.5947243298022311 12 8079 6 7773 13 5135 14 3250
1805 -0.55193885581853686 -0.49609966610803213 4.5507703796709169 112 108 99 0.73327361923144341 2 4210 6 7798 13 1039
1806 3.9497251814859826 -1.3804107463619126 3.6783030047258114 109 86 70 0.71363626084762088 12 8062 6 7800 5 5701
1807 1.8519213780351547 -1.1850740483728288 5.74622370799589 132 119 104 1.9208459513821941 12 6568 6 7801 7 9185 4 4073 1 1239 14 788
1808 4.1527432628588494 -1.3712985043271682 3.419472288953493 30 30 42 1.961596656813283 12 8058 6 7804 5 3767
1809 1.9220422307954954 -1.1849490763463284 5.7894778182792237 46 43 44 1.0036988317372588 12 9064 6 7809 5 7040 4 6117 1 4010 14 3319
1810 -0.60478951256089253 -0.45333293367893629 4.5523532692077611 174 167 151 0.84897424023221835 2 4243 12 6746 6 7811 5 1233 13 1076 1 1537
1811 1.0396364514212102 -0.85781883941347847 5.1047582303462455 146 130 114 0.51247532032002074 12 6640 6 7825 4 4167 14 919 1 4091
1812 0.76300595226229317 -0.72761781447025764 5.0057885939782709 172 156 140 0.83792399352722935 12 6682 6 7841 4 4217 1 4141 14 993
1813 1.0448359400277907 -0.75867963130414551 5.0909813832904263 165 146 129 0.36858459400915011 12 6678 6 7854 1 4137
1814 -1.0018453358815944 -0.27134169585807838 4.5871885609523373 43 36 30 0.97134581846624446 2 4454 6 7858 5 1358 4 1593
1815 0.92551261516471817 -0.66293731312566662 5.025535197706362 165 152 138 0.439386225613768 12 6713 6 7884 13 3575
1816 2.7915016399711141 -1.0865782146516427 5.8378286727957764 163 151 136 1.1824357872046429 12 6618 6 7891 7 9233 5 3869 4 4151 1 1336
1817 11.688795996927528 -3.5083129980465411 13.821457326998136 147 140 132 0.93525298762939735 6 7894 5 6965 4 6011 1 5646 14 3106 10 9825 15 1021
1818 4.1494948041389668 -1.1006061303205166 3.2772268943332477 156 144 132 1.6579790211054419 2 8245 6 7895 5 3881 14 1013
1819 0.7619590480225169 -0.54255761096835098 4.9711030869623816 171 149 128 0.50038426626619992 12 4599 6 7912 5 4052 4 4327 1 4227
1820 -0.27169602569526102 -0.25915765955737363 4.4780119430203564 142 126 111 0.50245008871406971 12 6874 6 7930 4 4464 13 3751
1821 -0.80763645044485632 -0.12750123791600279 4.5088758084532143 137 116 99 0.66497242965853931 12 4873 6 7951 5 1497 13 1372
1822 1.1953261050188013 -0.49445832477471235 5.0561593360382036 126 109 89 0.55278186255080075 12 6784 6 7954 5 4091 4 1524 13 1105
1823 -0.0040886104648201749 -0.23216087572771377 4.5542333905414418 129 112 98 0.59149864445569977 12 6896 6 7962 5 4231 4 1692 13 1319
1824 0.029924616255255165 -0.22325319270104441 4.5557579103974328 50 40 31 0.26293898816375993 12 4825 6 7968 5 1448 4 1710
1825 0.12771919595928249 -0.23151259997870882 4.5780275116512792 157 143 132 1.0763921759714947 12 6898 6 7975 5 4238 4 4484 13 3781
1826 0.12771919595928249 -0.23151259997870882 4.5780275116512792 157 143 132 1.0763921759714947 12 6897 6 7976 5 4237 4 4485 13 3780
1827 0.073218027198580227 -0.21557834332548309 4.5699890976952515 155 145 135 0.47213945168779398 12 6903 6 7978 5 4246 4 1717 13 1336 2 6341
1828 1.3796079097096845 -0.39910618943029097 4.9313863052022997 58 49 35 1.0790196447777247 12 6825 6 7984 5 4141 4 4435 13 1200 1 1642 14 1205 11 8592
1829 3.8935547916623428 -0.70811263708452543 3.6073224401583519 129 106 88 1.1031132737583227 12 8195 6 7995 1 4298 14 1189
1830 1.8422979630854819 -0.41142791669711548 5.1905750480008912 165 153 137 0.87020403737709484 12 6828 6 7999 5 4142 4 4437 13 3697 1 1644 14 1190
1831 1.9902426426820301 -0.35644122673289513 5.22741631895562 157 137 113 1.7111706995235272 12 6856 6 8018 7 9757 5 4171 4 4459 13 3713 1 4327 14 1227 11 8612
1832 -0.81236061157660311 0.0624219853087295 4.4701336630587019 178 157 136 0.79882927294540018 12 1941 6 8019 1 4401
1833 0.0026126287382540747 -0.05178603993194851 4.5173911694335152 170 158 146 0.54399316270446085 12 6956 6 8022 5 1560 4 1803 13 1430
1834 -0.38316360077558248 0.12862963886114695 4.397520099142147 162 138 113 0.45968412564593469 12 5013 6 8055 4 1909
1835 5.9233601784624756 -0.24472672862092429 8.0622659901406166 177 155 131 0.77071934218136584 12 9167 5 7196 4 6341 14 3567 10 10591
1836 2.2039279877270221 0.068559563037061927 5.3790363159052479 69 55 46 1.6182598621296442 6 8102 7 9333 5 4371 4 1871 1 1852 11 8012
1837 -0.86502553740074584 0.33720389589829458 4.4164510441573785 28 19 12 0.81418935034962059 12 5151 6 8106 5 1860
1838 5.5828114996529363 -0.10176595391235516 8.0248459765507185 49 38 32 0.94309395009879304 12 8325 6 8112 4 6361 14 3587 1 4355
1839 -0.27212035408566959 0.28532884223542448 4.3510096544225068 56 46 37 0.72977455818340653 12 5123 6 8114 13 1663
1840 -0.34943801185113971 0.33390287174661237 4.3509863881797761 36 23 15 0.55467721027446359 12 5158 6 8134 4 2107 13 1702 1 2049
1841 -0.70458094719410536 0.38239520986259595 4.3427515894217814 48 36 24 0.21660062145624503 12 5198 6 8142 13 1728
1842 -0.70458094719410536 0.38239520986259595 4.3427515894217814 48 36 24 0.21660062145624503 12 5199 6 8143 13 1729
1843 -0.17145615653020807 0.3395096451209772 4.3769597995584606 40 27 18 0.52186887803196502 12 7137 6 8145 13 1705
1844 2.38340323383022 0.20301623370122213 5.3867235267295186 70 53 43 1.4477063037433324 12 7046 6 8154 7 9370 5 4423 4 4646 1 4458 11 8397
1845 2.356941140742169 0.21472409552604688 5.4077733602572131 85 69 56 1.1809254822885296 12 7052 6 8156 7 9373 5 4426 4 1955 1 1916 14 1449 11 8041
1846 1.3092801476068503 0.27307211444798091 4.8175427231703294 132 120 104 1.2629668519162367 12 5099 6 8159 7 8741 5 4472 13 1635
1847 2.3522813098900159 0.2520481625702537 5.4190834410784126 46 33 23 1.2627345599629627 12 8397 6 8167 7 9378 5 6093 4 4659 13 3972 1 4473 14 1476
1848 1.4002488699370965 0.31101326985885169 4.733818087110504 122 98 70 0.99625296759802517 12 7110 6 8178 7 9804 5 4486 4 4711 13 4021 14 1559 11 8801
1849 2.445094177011284 0.28691920386968756 5.3979935671414125 60 46 35 1.4823430147406556 12 7078 6 8179 7 9817 5 4461 4 4672 13 3986 1 4487 14 3713 11 8399
1850 3.9023046233705223 -0.0077830312411665617 3.3113590108453828 122 106 93 1.4527670507837882 12 8386 6 8181 1 2005
1851 0.025790364544771016 0.40470783461873244 4.399680586086113 44 32 20 0.61208213781071341 12 5219 6 8185 5 1948
1852 1.43005362020676 0.33286373006383491 4.6783062471430998 166 143 111 1.444257464678528 12 7123 6 8190 7 9807 5 4500 13 1677 2 4818 1 2042 14 1572 11 8636
1853 1.4322560648852551 0.33181557481285356 4.6852345024467068 166 143 111 1.0175116061577933 12 7124 6 8191 7 9808 5 4499 13 1678 1 2043 14 1573
1854 -0.98071108994145151 0.49500545148340597 4.3974197268323945 129 113 97 0.95663214873505953 12 5293 6 8194 5 2005 4 2236 13 1805
1855 -0.40992919835504171 0.46858023606191751 4.374668453847864 100 85 69 0.57816924454505048 12 5273 6 8204 4 2217 13 1792
1856 6.367152029300537 0.3378787515812321 8.0037159450935249 146 129 113 1.5623680697998104 12 9215 6 8207 1 6050
1857 2.7629827301227436 0.40090191007370024 5.3476290168437082 65 48 30 1.378642263723564 2 7678 6 8220 7 9418 5 6136 4 4715 13 4028 1 2044 14 1567 11 8072
1858 2.293483514390299 0.4529545462947151 5.4673299484363698 127 109 99 1.3846441790995232 12 8429 6 8222 7 9836 5 6143 4 4731 13 4041 2 7689 1 2057 14 1580 11 8066
1859 0.48415006509841491 0.4808628069292627 4.6036642273615058 125 108 92 0.69165152919596695 2 6628 6 8224 5 1976 4 2208
1860 -0.1227086060230923 0.51829871466284483 4.352533367148383 48 35 19 0.78101496230427092 12 5310 6 8237 4 2261 1 2190
1861 1.3947896594921432 0.46677752141060863 4.7262702186220151 135 114 85 1.5744161746931737 12 5243 6 8238 7 9402 5 4554 4 4770
1862 2.2870859691144512 0.51684577879458615 5.4731352395578909 71 61 51 1.3207737401717907 12 8444 6 8243 7 9841 5 6156 13 4057 1 2105
1863 3.9127745812322496 0.17632468016905492 3.3299487775594643 130 115 96 1.3059845462321786 12 8428 6 8246 1 4557
1864 0.85790904592877726 0.54619633249820443 4.7208012139704207 172 151 134 1.1712146602298037 2 8520 6 8251 5 4586 13 4110 9 9248 3 7905
1865 2.824057590518346 0.51354176034010446 5.2667301339692987 155 138 118 1.5240191186417891 12 7185 6 8254 7 9853 5 4547 1 4552 11 8418
1866 2.4404014174173745 0.56761288698328505 5.4343656825955193 89 73 60 1.0303784308767996 12 7194 6 8261 7 9449 4 4774 13 4086 1 4559 14 1644 11 8417
1867 1.2143363507206628 0.57049489557895106 4.7925412657209483 172 156 131 1.6948567729811346 2 6655 6 8269 4 4804 13 1825 1 2187 11 8816
1868 3.7872926004564667 0.27521508359267377 3.4724776205139261 144 134 124 0.72624437288693133 2 7694 6 8273
1869 0.54312157647929449 0.59520875603761869 4.6035347562316966 176 164 152 1.0714529763139438 3 6877 6 8274 5 2067 1 2221 9 8736
1870 0.54312157647929449 0.59520875603761869 4.6035347562316966 176 164 152 1.0714529763139438 3 6878 6 8275 5 2068 1 2220 9 8735
1871 2.6830116169240235 0.57878376438461543 5.3426473636198182 53 37 24 0.98548604944885687 12 7209 6 8276 7 9857 5 4566 4 4783 1 4569
1872 -0.8410182030405966 0.62661826170759083 4.3292076850286874 129 116 99 0.90973213047981294 12 2611 6 8279 5 2117 4 2333
1873 2.8321897321101828 0.56777474471140033 5.2235213985853344 120 99 70 1.4178572324903591 12 7210 6 8280 7 9454 5 4572 13 1777 1 4574
1874 2.4510623573026091 0.61625851084456174 5.4299306152268825 98 85 71 0.71122266877403795 12 8461 6 8281 5 6184 1 4573 14 1672
1876 2.5739923034958232 0.68197321280690759 5.3622695013357049 93 75 61 0.67623642916536209 12 7242 6 8300 7 9476 5 4608 4 4818 13 1832 1 4602 11 8429
1877 -0.95191566824571683 0.68789674702997217 4.397279388560956 145 128 112 0.69592749137938359 12 5455 6 8303 4 2386 13 1952 1 2313
1878 1.2283337212060736 0.66941043746953199 4.7877477663326822 35 25 15 1.2279727373206679 12 5378 6 8306 7 9859 4 4850 13 1879 2 5023 14 1733
1879 1.5281007286977415 0.66308084591434069 4.6356173021944604 174 144 113 1.0002130643797564 12 9293 6 8312 4 4858 1 2267 14 1739
1880 2.3773857041037703 0.7513708185965251 5.4414796944185513 112 97 90 1.1580034586644159 12 7257 6 8313 7 9490 5 4627 4 4839 13 4147 14 1721 1 2237 11 8109
1881 -0.56878883211086873 0.70609763146357096 4.3250702860992813 125 107 87 1.5223738135905418 2 5109 6 8324 4 2403
1882 -0.44370636850097667 0.71211594618183072 4.3331377044799488 190 168 154 0.21145023624495748 12 5478 6 8327 13 1967
1883 -0.25440761450802951 0.71269141291990423 4.3392102659366749 145 126 109 0.19250910343202673 12 5476 6 8331 13 1968
1884 -0.56090330597118143 0.72696796851929291 4.3232179516854208 109 91 71 0.79210096734589419 2 5123 6 8339 13 1996
1885 -0.92137866401377244 0.76718924816130918 4.3727625629150237 113 97 80 0.35010459875733696 12 2744 6 8352 4 2451
1886 -0.92137866401377244 0.76718924816130918 4.3727625629150237 113 97 80 0.35010459875733696 12 2745 6 8353 4 2452
1887 5.4224784028117554 1.1098446343039707 7.3352617690786337 134 113 92 1.2894020121837151 12 8510 6 8357 1 6181 14 3845 10 10646
1888 2.519185476644513 0.86393017550074469 5.3506491943966523 44 31 22 1.239370243376392 12 8534 6 8359 7 9878 5 6249 4 4898 1 4655 11 8136
1889 -0.096491680467113372 0.79455617960556379 4.3427167159621796 148 127 108 1.1138325700913561 12 5534 6 8372 4 2471 1 2386
1891 2.7752814333097642 0.9298356275752826 5.1895423294840297 76 57 40 0.90793043026097597 12 7321 6 8386 5 4715 13 2000 1 6231
1892 -0.87403197984932857 0.81971822018987073 4.296229443477249 117 99 79 0.45809278069912668 12 5581 6 8388 4 2515
1893 -0.25387977427870273 0.83244602982380966 4.3109222293715499 146 127 110 0.096124904208925513 2 5188 6 8392 13 2078
1894 6.107998209057353 1.4452209267176201 7.6657283886808667 31 21 11 1.1565624300465367 5 7406 4 4935 14 1819 10 10406
1895 2.6134550498444473 1.0805234405234516 5.2434983775874615 81 71 61 1.5190587597628469 6 8412 7 9895 5 6329 12 8585 4 4993 13 4300 1 6256
1896 0.52476900067549459 0.98283301675777901 4.514121891405372 167 149 129 1.9074301918662169 3 8035 6 8429 5 2406 9 8812
1897 1.366297966698218 1.0340520607796606 4.5333076067988367 125 101 77 1.6504437820242934 12 7427 6 8438 4 2592 1 2495 14 1923 11 8849
1898 1.3658751873146009 1.0369268178984863 4.5349495405552345 125 101 77 1.016348912143535 12 7426 6 8439 4 2591 13 2167 1 2494 14 1924
1899 -0.12013795987422313 0.98744608777672571 4.3008156320016839 148 129 112 1.4632578799441716 2 6886 6 8448 4 2617 1 2517
1900 0.47296582490474076 1.0983843082121862 4.4653387733004912 153 136 120 1.9476508490671556 3 8079 6 8472 5 4879 4 2671
1901 -0.57020596854849714 1.0893223874511344 4.2215851486509672 119 100 85 1.6603049963794976 12 5787 6 8504 4 2741 13 2312
1902 -0.1937131156400817 1.1494746138974763 4.2563028780919012 154 135 118 0.31087611477050081 12 5819 6 8519 13 2347
1903 -0.86209946094118872 1.1287810746662059 4.2166114620476476 63 53 43 1.40142805550778 12 5834 6 8538 5 2608 4 2805 13 2364
1904 -0.29774490916699192 1.1565505979329653 4.2099301680598424 110 94 78 1.1747787139766617 12 5840 6 8539 13 2367 1 2672
1905 0.34724680516667078 -2.1297281670112205 6.5965066786814051 150 151 154 1.76653436687248 12 8982 6 8624 13 6345
1906 -0.063733041352118103 -1.9167208385555345 6.5865567207777138 155 151 142 1.2627479841551328 12 6372 6 8631 4 5917 13 5034 1 5560 14 3074
1907 -0.73735922031070578 -1.1444090064288026 4.7352071732777654 59 57 60 1.13656373767052 2 3795 5 708 4 947 13 559
1908 1.8438071803469889 -1.7656522536765966 5.7516033518648273 150 143 135 1.3950774529001613 12 9010 6 8671 4 7274
1909 12.662687357037266 -6.0407581195132893 13.995324933886209 78 80 93 1.4626188243507825 6 8686 5 7742 4 7166 13 6298 14 4648 11 7392 10 10259
1910 12.101048471760457 -5.3548096832397656 13.812631659088972 139 140 144 2.0530713226607582 12 9680 6 8706 10 9790
1911 4.0765942842034981 -1.6114762080268004 3.5317243565543031 19 21 35 2.4263280325733234 12 8998 6 8708 5 5641 4 3994
1912 4.1594765875210458 -1.5335075015715087 3.4623072893774767 28 30 42 1.8401921101327317 12 9005 6 8720 5 5662 4 4022
1913 4.1594765875210458 -1.5335075015715087 3.4623072893774767 28 30 42 1.8401921101327317 12 9006 6 8721 5 5663 4 4023
1914 -0.6865774310474827 -0.51013068680280083 4.555341515133148 67 57 47 1.4507968689592028 12 8199 6 8734 13 5318
1915 -0.6865774310474827 -0.51013068680280083 4.555341515133148 67 57 47 1.4507968689592028 12 8198 6 8735 13 5319
1916 -0.95727220271195379 -0.44540834201155011 4.6175110106380579 55 58 44 1.1304260805910131 12 4600 6 8738 5 1226
1917 0.75126097081070231 -0.83636717025845786 5.0870302271533134 150 134 118 1.1160026105148064 12 8147 6 8755 4 6171 1 5813 14 3387
1918 -0.96390253463466991 -0.37356890843131402 4.5621225631977751 139 120 105 1.110224728278997 2 6250 12 6789 6 8759 5 4099 13 3672
1919 4.1207533520536952 -1.2936910505211141 3.3509970274585199 74 61 53 0.86061480792023015 2 8871 6 8768 5 7033
1920 -0.27449750855817662 -0.49128401676773154 4.560057182711553 132 120 104 0.84422812416113813 12 6737 6 8771 4 4319 1 1528
1921 3.5435551568942265 -1.4525004372168671 6.2385887423322499 191 205 216 0.7154080022020608 2 8267 6 8779 4 6099 15 352
1922 -0.90966139776013688 -0.29486243701937642 4.5643170824848154 149 136 127 0.61407056490498602 2 4426 6 8786 5 4145 1 1626
1923 -0.54591837781952757 -0.36588316220349548 4.5054462868253609 48 41 33 0.84560538896018367 12 6805 6 8787 5 1301 1 1594
1924 4.1798588770377112 -1.1659199324743852 3.2306260474148969 72 72 66 0.72996079999379748 2 8878 6 8794
1925 4.1462329963427713 -1.1567435479491366 3.28056584152763 128 126 119 1.3851184169184183 2 8880 6 8795 5 7053
1926 -0.80743246618514397 -0.276850400092511 4.5285368096207748 37 28 21 0.94822572881384981 12 4746 6 8799 5 4166 1 4308 14 1223
1927 1.3376146286335109 -0.75009976429506642 5.1887610422801895 130 115 94 1.0250823450229427 12 8182 6 8806 5 7092 4 6211 13 5279 1 5857 14 3430
1928 -0.69447180067120384 -0.26314917589320974 4.4976423565345973 126 114 102 0.76902811284281747 12 6852 6 8808 5 4180 13 3720
1929 -0.69452443568861555 -0.2629420497360212 4.4974469495745417 126 114 102 0.76376368509967429 12 6853 6 8809 13 3721 5 4179 1 1659
1930 -0.74217291318022949 -0.23822405536361224 4.5163922401723084 178 168 156 1.0434807893883573 12 6872 6 8815 5 4199 1 1666
1931 2.3043721911783583 -0.94891497771048394 5.9124195847871386 158 149 134 1.8367237119669477 12 9084 6 8818 5 7073 13 6501 1 4095 14 3378
1932 4.0051337945951726 -1.004774067169566 3.4925179863579712 146 119 100 2.1500101199400214 12 9067 6 8824 5 7075 1 5866 14 3462
1933 -0.71115286104310305 -0.19617676696302733 4.4933699321903466 158 146 129 0.78610272188886254 12 6899 6 8825 5 4236 2 4523 13 1332 1 1702
1934 0.5068249447589479 -0.41742743978514796 4.8096831411345287 169 153 137 0.17954397562105662 12 8249 6 8830 5 5909 4 6272 13 5362
1935 1.2518581822769952 -0.50089799580725236 5.0377171160403877 87 70 52 0.58632438954251664 12 8228 6 8836 5 5894 13 3654 14 1132 11 8588
1936 1.2518581822769952 -0.50089799580725236 5.0377171160403877 87 70 52 0.58632438954251664 12 8229 6 8837 5 5893 13 3655 14 1133 11 8589
1937 11.646577511165697 -2.6502668604753357 13.31284571928121 160 149 138 1.3652597035630663 12 9742 6 8845 5 7845 4 8213 1 7730 14 5917
1938 1.3403112251113301 -0.41555485091248756 4.9841475527745871 80 64 48 1.0480533440096722 12 8260 6 8856 5 7166 4 6297 13 5371 1 5930 14 3528 11 8887 6 9364
1939 0.72634972037312706 -0.26960428851640428 4.8573807680419785 58 47 41 0.92890420045534006 12 6887 6 8864 5 4217 4 4479 13 3757 1 1690
1940 -0.81005831958496932 -0.004546534512320427 4.4865215496154667 141 121 97 0.28661479616357177 12 6965 6 8867 1 4381 14 1346
1941 2.7864608326131375 -0.1675860954692133 5.5085090059945943 151 136 115 1.0777220798547933 12 8316 6 8915 7 9780 5 5993 4 6364 13 5427 1 5992 14 3606
1942 2.8143615413570719 0.12434380615879095 5.3824381613662666 119 102 82 1.274636617712543 12 8366 6 8945 7 10044 5 7250 4 6407 13 5490 1 6045 14 3684 11 8650
1943 5.913044385079596 0.17686424361129127 7.8521960150330701 162 147 128 1.6286977760213641 12 9882 6 8953 5 8021 4 8375 1 7124 14 6856
1944 -0.91574475540280109 0.45998296122090604 4.39044636550926 81 64 46 0.69693688249904839 12 7203 6 8955 5 4559 4 4781 1 2152
1945 1.4290158371820114 0.30956800750465352 4.6810773215153709 161 138 106 1.4488495126520176 12 8413 6 8956 5 6126 4 6464 13 5550 14 3750 11 8915 7 10209
1946 4.0954225100594979 -0.039677179519892636 3.0461058773160072 116 100 84 1.7958612216229259 2 8432 6 8960 1 4502
1947 -0.95582028758644677 0.49084488699466017 4.3833242722442813 88 74 61 0.54874428820292753 12 7222 6 8966 14 1678
1948 -0.84156423635932431 0.56578414659824516 4.3533603902024538 132 116 93 0.60021376574824048 12 5357 6 8986 5 2073 13 1863 1 4619
1949 6.3029201618470649 0.55144129857647717 7.9608923309732473 58 46 34 1.942563936454103 12 9242 6 8988 5 7290 4 7610 1 6080 14 3712 10 10840
1950 -0.052776538383291549 0.55561931829651146 4.3452747499131936 91 75 59 1.4497715930544368 12 8485 6 8999 4 4836
1951 0.09073420150117667 0.56618823193291767 4.3885057745118274 87 68 47 0.66872592390587171 12 7255 6 9002 4 4833 14 1714
1952 0.46710537122554713 0.59042938078769014 4.5722182683070844 151 138 122 1.1585487636764196 2 7740 6 9009 5 6206 9 9266
1953 1.1603740285046991 0.62699543234084065 4.8049649849450686 168 147 118 1.0615571025432788 12 8487 6 9017 7 10059 13 4137 1 4621 14 1713 11 8921
1954 -0.55615368105656326 0.65832635213268875 4.3412455717541407 116 96 77 0.40511303882736643 12 7289 6 9019 13 1930
1955 2.6711385985097311 0.67930554371710339 5.2934153450332202 86 68 54 1.1603331199163429 2 8524 6 9021 1 6163 11 8678
1956 1.4724182244280097 0.64451744467220529 4.611433335493242 34 25 16 1.5564774335108467 12 8502 6 9023 7 10223 4 6542 13 5640 1 4635 14 3850
1957 5.3979586569771127 0.92879162563851581 7.4895955009717987 78 62 49 1.3260384559453531 12 8467 6 9026 1 6136 14 1667 5 2014 10 9979
1958 2.5311986350237592 0.77487963168477259 5.3398275936229656 85 67 55 0.68649951348120819 12 8508 6 9035 7 10067 5 7364 4 6553 13 5641 1 6189 11 8682
1959 -0.25336964515462901 0.79565531769757514 4.3219486898550041 111 90 71 0.50078642368115889 12 7342 6 9058 13 4274
1960 2.4071224591191061 0.93744745496653437 5.3640765534328079 125 99 76 1.0341695457117162 12 9328 6 9059 7 10073 5 7397 4 6597 13 5685 1 6223 11 8696
1961 -0.84606436068182811 0.81467993365543889 4.2859769936928682 153 135 113 0.55314571381602895 12 7366 6 9061 5 4747 4 4983
1962 2.5255568052084088 0.9783481091930879 5.2948999403845001 123 95 73 1.4750050298865292 12 8555 6 9064 7 9883 5 6290 2 7832 4 6616 13 5698 1 4694 11 8698
1963 1.283729062420496 0.91999386954999052 4.6806357373546614 172 149 119 1.1482579920603138 12 8572 6 9071 5 6314 4 6628 13 5713 14 3941 11 8937
1964 1.2866124639398531 0.92244585286121583 4.686123443471363 172 149 119 0.92585471529390395 12 8573 6 9072 5 6315 4 6629 13 5714 14 3942
1965 0.37493480874171264 0.89315734679436232 4.4709015794035816 146 134 120 2.1447703922386099 2 7859 6 9074 4 4992 9 9302
1966 -0.84567632152458572 0.86294283715938747 4.275803515441849 124 106 82 0.96800164816693124 12 5621 6 9075 5 2347 4 2547 1 2451
1967 -0.78741972912217761 0.92462187723495037 4.2417075635991912 140 125 106 0.80402540275999301 2 5265 6 9096 5 2418 13 2172
1968 -0.12795111522371386 0.94926618305633115 4.305639057517447 158 138 123 1.1857009135012144 12 7422 6 9098 4 5042 13 4352 2 6862
1969 -0.62709468119476974 0.93447525002469289 4.2576630852907096 143 126 106 0.74564917629715721 12 7425 6 9099 13 2175
1970 -0.30504062976948276 1.1047993784814587 4.2467535857769985 78 51 36 0.362826407321239 12 7526 6 9156 13 2305
1971 -0.78561866737365638 1.1135877585972243 4.2023665090866347 98 88 76 0.7584270964762142 2 6965 6 9165 13 4471
1972 -0.10124201231586824 1.1936599336055318 4.2596624284379327 127 108 92 0.44246817658237059 12 7567 6 9176
1973 -0.31592791137812926 1.1737663672663163 4.2199697281889641 139 124 105 0.55844440489726632 12 8710 6 9177 13 4496
1974 -0.2006601981761221 1.1948585759463257 4.2413195773490555 147 137 123 0.29049054239116479 12 7573 6 9180 13 4503
1975 -0.88865902117310913 1.1576453141689189 4.2219202783449141 82 70 58 2.5324647264279552 12 5850 6 9183 5 2644
1976 -0.4351876185597684 -1.1430672522239094 4.713108997605775 53 54 56 1.0475911266842519 12 8081 6 9250 5 5681
1977 1.3027792686740858 -1.592558775234908 5.3862553306121956 160 153 146 0.83779420209955013 12 9713 6 9264 1 5670
1978 12.64254312855619 -5.8942943727514558 14.033619263137775 136 135 140 1.7515001828155756 6 9282 5 8368 4 8125 13 7981 1 7608 14 6617 11 7953 10 10562
1979 3.8466953976354326 -1.2406326021566862 3.7893736648689633 146 143 138 1.2789026047863536 12 9733 6 9318 5 7859 4 7368
1980 -0.5817618075112666 -0.36543659113980803 4.5120009357476967 45 40 36 0.73641480094796474 12 8250 6 9321 5 5914
1981 3.5161654377011415 -1.3854075970157691 6.2041231971870259 96 99 106 1.6183648492720848 6 9325 13 7402 14 5955 12 9740
1982 3.5296676497756572 -1.3865392114616975 6.2120865425859071 96 99 106 2.1155126832841096 6 9326 7 9997 5 7854 13 7401 14 5954
1983 -1.0195872446896286 -0.21436265857154715 4.6005694114036482 129 115 102 1.2828413981561104 12 8279 6 9331 5 5958 13 5399
1984 3.8412762178636628 -0.99476219362219798 3.7262154001550951 132 129 122 1.596053602359355 12 9759 6 9343 5 7892 14 6034
1985 -0.4093160401039691 -0.25454568697496571 4.4941180429409711 143 125 105 0.81513441675029574 12 8275 6 9344 13 3746
1986 -0.40127376451474606 -0.1754551425109224 4.4754670097313527 149 135 124 0.94175404710183952 12 6912 6 9350 4 6338 13 3804
1987 -0.67520710971014353 -0.063898718036204102 4.4884993110976872 156 142 129 0.28392598487536019 12 8322 6 9362 13 3844
1988 -0.81121358565359958 0.25232460069075446 4.4414736825197769 173 163 151 1.3510970818553891 2 8483 12 9235 6 9409 5 7282 13 6720 1 6068 14 5147
1989 2.8331869018367568 0.0073451327983827738 5.4534560609280023 152 140 124 1.7179261783459303 5 8015 4 7550 13 6674 14 5091 11 8641
1990 -0.53757134977583032 0.40123959767431461 4.3438914366251549 125 108 90 0.61588086626664251 2 8508 12 7174 6 9441 13 6747
1991 -0.53811309722916678 0.40013374580270816 4.3383569590913948 125 108 90 0.76278247391730802 12 7173 6 9442 4 4757 13 1737 13 6746 1 2119
1992 1.4056776431594884 0.26671582517764381 4.6887682081808011 54 38 24 0.43739563027700185 12 9238 6 9443 5 7292 4 7612 13 5541 14 5154
1993 -0.89215213217464595 0.44965616604063452 4.3940491298011954 136 125 107 1.4543677257084207 12 7197 6 9446 4 2197 1 2146 2 4944 14 1649
1994 -0.72844320753838177 0.46645817587953448 4.325890379458202 144 127 109 0.77065551409163469 12 7216 6 9452 5 6181 13 4104 1 4572 14 1671
1995 -0.60174930690913109 0.45390753758388319 4.342532366002029 142 125 107 1.6249418639709916 2 7723 12 7204 6 9453 13 5598 1 2153
1996 -0.58027201627390013 0.54700133210879964 4.326303548092814 91 74 58 1.4546732247010599 12 8483 6 9475 4 4827
1997 -0.026118084241119166 0.52714589665812994 4.3739856442348479 141 120 103 0.58092958634936365 12 9280 6 9477 4 6523 14 3811
1998 0.055878930815008554 0.54275711840441287 4.3820783103625578 167 149 129 0.83207754389914679 12 8480 6 9481 4 6530 14 1703
1999 -0.90592501277900062 0.60485236185683799 4.3506754093034674 50 36 25 2.4713828283645451 12 7272 6 9482 5 4650 13 1897
2000 -0.89236507708534907 0.64155831840837285 4.3634130332795218 64 52 40 1.0380891556580087 12 7283 6 9492 5 6229 13 4202
2001 0.047841458844753437 0.65441852377293785 4.3500728146769818 156 134 113 1.3363548731377528 12 9307 6 9505 4 6572 14 1756
2002 0.49167695056784949 0.67109460573783397 4.5723738499837916 27 23 20 2.6837067109075594 2 9065 6 9506 4 6563
2003 1.198578562889874 0.7368562910142582 4.7716197484574998 172 146 111 0.70583541994757903 12 8525 6 9518 13 5660 1 6207 14 3867 4 6573 11 8927
2004 2.5148654720459582 0.82519499605998958 5.3527228540254894 36 29 21 0.85653933284687667 12 9302 6 9523 7 10068 5 7375 4 7689 13 5652 6 9042 1 6201 11 8685
2005 0.15771518044243354 0.75663085979885047 4.40374650144709 89 71 54 1.6921116902987743 12 9332 6 9530 4 6601 14 3901
2006 0.15479101463784384 0.83836998553127229 4.3896270813343383 145 120 98 1.1457903001004497 12 9352 6 9549 5 6306 14 1849 9 9298
2007 -0.040385526177872111 0.87175476746625002 4.2954527427145273 151 128 110 1.5662342103688509 12 9376 6 9565 4 6648
2008 -0.040385526177872111 0.87175476746625002 4.2954527427145273 151 128 110 1.5662342103688509 12 9375 6 9566 4 6649
2009 -0.77706851954222822 0.88014820856549614 4.237645446724791 122 98 70 0.92258239756644278 12 8606 6 9568 5 6342 14 3965
2010 -0.62615374037082372 0.90036954124392232 4.277304621516766 90 72 52 0.89680886566373363 12 9388 6 9569 13 5741
2011 -0.038144474476462575 0.92485338402005302 4.2861449058885546 166 140 115 1.4667872660618846 12 9392 6 9579 4 6672 14 3984
2012 3.8830875954043869 0.72899957563093842 3.2507952178053494 155 152 147 2.0776772759784974 12 10006 6 9586
2013 -0.038402719807816899 0.97471845870355844 4.2781978579546811 120 98 74 1.4709802599420567 12 8626 6 9592 4 6692 14 1932
2014 1.423400784023529 1.0558840030865855 4.534762162670245 163 144 119 1.9193671384076076 12 9403 6 9595 7 10247 4 7777 13 6870 1 7315 14 5357 11 9006
2015 -0.072410889676863821 1.0342922221113817 4.2733870079734979 76 63 47 2.2669378985445365 12 7486 6 9602 4 6714 14 4042
2016 -0.88188952115303798 1.0640392396673874 4.2562518798861886 75 59 43 1.8716546203577114 12 8669 6 9620 5 6434 4 7833
2017 -0.410151848436067 1.1202959246310322 4.2390255085932154 134 115 98 0.43976591021121686 12 8687 6 9627 13 5823
2018 -0.54439221775252877 1.1492239669300053 4.2019194858430211 60 52 40 0.64959615114416969 12 8702 6 9639 13 5845
2019 -0.37532787503414855 1.16813943557181 4.2224984903145382 118 102 86 1.5197511870521545 12 8708 6 9640 13 5851
2020 -0.56574847637149173 1.199064872358981 4.1924661227406759 105 95 83 1.0906827824435201 12 8727 6 9659 13 4536
2021 -0.76950636330929156 1.185631037090445 4.1813740035234908 147 127 103 1.9099158282619004 2 8003 6 9661 13 4535
2022 -0.42373486033971142 1.2316379889346922 4.1886107907734536 86 74 65 0.77808363810183157 12 8733 6 9666 13 4554
2023 -0.29720151168617964 -1.093622741862357 4.7079580464524851 160 153 147 1.1048225272377812 12 9726 6 9701 5 7844 4 8195 13 6441 14 4848
2024 4.1556141006831933 -1.6284755346267128 3.4823930585272858 21 28 38 1.5485208381897955 12 9697 6 9724 5 7816 4 7325
2025 0.53620415573460423 -0.9715785444663676 4.9531814464333284 135 118 102 0.94206055461588645 12 9747 6 9725 5 7863 4 8224 14 4895
2026 0.53855740918344797 -0.97360800419425741 4.9603839172168973 135 118 102 1.1034950242602832 12 9746 6 9726 5 7864 13 7416
2027 0.73481583887057611 -0.95932136822601977 5.0217524887582199 125 112 104 1.4464911454209859 12 9754 6 9732 4 8227 13 7420
2028 2.0864289219098131 -1.4207939757957337 5.8614445943148379 69 59 57 1.8361036622897482 12 9730 6 9733 7 10157 5 7839 4 8196 13 7384 14 5930
2029 2.7159229242825571 -1.2207902117107188 5.9522923035920892 160 147 131 1.5260505677446365 12 10234 6 9752 7 10167 4 8798 13 8064 1 7764 14 5967
2030 -1.0825729718472865 -0.23109281129634418 4.6188091485897473 113 96 80 0.83609271779007821 2 7563 6 9755 4 7502 1 5947 14 3565
2031 11.673109764250173 -3.4205896240770208 14.169917009480573 87 83 82 1.1590062360538842 12 9722 1 8656 10 10796
2032 11.680555648795282 -3.276955988795661 13.850182975274933 158 148 139 1.2731061469101679 12 10217 6 9766 4 9156 1 8659 14 7220 10 10801
2033 -0.76332869210335541 -0.19076131532482019 4.5205037415566807 190 181 170 1.7628502473463137 12 8289 6 9768 5 5967 13 5407 1 5965
2034 3.8769313387653037 -0.94965734487707154 3.6849132716007107 124 107 91 1.944329868704773 12 10247 6 9771 1 7804
2035 -0.019546297114044375 -0.30164786407102767 4.5513298965491913 87 77 68 0.81143130432336363 12 9826 6 9772 5 7979
2036 3.9633370932447578 -0.85573109245359147 3.4255527765636971 143 131 119 1.8466654930290245 12 10252 6 9783 1 7028 14 6065
2037 2.785554453201033 -0.42497651254695334 5.5753165276725083 142 126 107 2.4831390188086053 12 10302 6 9797 7 10317 1 7834 14 6093
2038 2.2704341321666144 -0.17090797021679549 5.2891072265514198 155 134 107 1.2889296570859428 12 10318 6 9806 7 10198 5 8005 4 8345 13 7531 1 7097 14 6128
2039 3.8241635692874683 -0.37346406762689294 3.5745653137861697 147 140 130 1.4768883670662827 6 9809 5 8002 1 7104
2040 -0.68629926078156456 0.24286729412768393 4.4068960598056464 169 161 148 0.52017977632949075 12 9898 6 9815 13 6718 14 5148 1 6069
2041 3.7986917474669646 -0.28979679498539118 3.5376158035340435 149 145 142 0.73629465901247693 6 9816 5 8533 1 7877
2042 -0.40300037131469607 0.24819867503876841 4.3874101988071201 174 161 143 0.7933198214156616 12 9236 6 9819 4 7600 13 6723 1 7155 14 5149
2043 5.7020446022829043 -0.21375760627588516 8.0682664025006083 152 123 96 1.2978389284950265 12 10317 6 9821 4 8875 10 10966
2044 -0.9972469006305007 0.52123392729444418 4.4479932499139014 54 41 32 1.3363631056905958 12 8472 6 9857 4 7658 13 5611
2045 -0.49003240956177374 0.4757211974152607 4.3470399241140676 52 38 25 1.3461857895807949 12 9269 6 9858 4 7653 13 5601
2046 -0.66181401933387107 0.52082696307329091 4.3250471651681384 132 116 101 0.90239254906079547 12 9278 6 9866 13 6768 1 6151 14 5221 5 7342
2048 -0.41240584862781082 0.60610906788253183 4.3487928006764633 15 14 12 1.5981566021008295 2 8541 6 9887 4 6548 13 6788 1 6183
2049 -0.41240584862781082 0.60610906788253183 4.3487928006764633 15 14 12 1.5981566021008295 2 8542 6 9888 4 6547 13 6789 1 6184
2050 1.1992160747863914 0.65734473037946595 4.7922060300365272 31 22 13 1.6860338295041599 12 9950 6 9899 7 10412 13 7627 4 8454 1 7954 14 6250 11 9045
2051 1.3923771714245046 0.65798171896028412 4.6599522864077096 71 53 34 0.77944999003217419 12 9290 6 9904 5 8106 4 8455 13 6785 14 6257 11 9048
2052 -0.11311439207808535 0.70583678975586706 4.3637406863163051 135 114 95 0.84433861221453177 12 9324 6 9910 4 7702 1 7242 14 5276
2053 1.4004461621673492 0.77447662308392529 4.6412588998305253 141 111 75 2.1229531751668218 12 9325 6 9920 7 10346 4 8474 13 6808 1 7246 14 6274 11 9053
2054 -0.42052692232550737 0.81616153091208465 4.3197809734401682 86 86 84 0.31225477896916276 12 9355 6 9925 13 6831
2055 -0.74136995249243853 0.81389924148476478 4.2480005391034199 162 141 124 0.9044512422048927 12 8576 6 9927 5 6313 13 5721 1 4712
2056 -0.46012579079722904 0.83022260845072671 4.2870449253975655 193 176 158 1.1797659791149866 12 9361 6 9930 4 7746 13 6839 1 6254
2057 -0.073601812206246675 0.84515450573355966 4.315349646283801 113 93 74 1.6627317605355463 12 9362 6 9931 14 5314
2058 -0.074501416003368764 0.84367353424472546 4.3101377178728848 113 93 74 1.6697964024998062 12 9363 6 9932 4 8509 14 5313
2059 -0.70494251457246937 0.83927425680871037 4.2518780692847065 98 77 50 1.4420553047188782 12 9367 6 9933 1 6260 14 3954
2060 1.4644911822479405 1.0544863205925017 4.516957769459979 129 104 81 0.88610871424558013 12 10018 6 9953 4 7779 13 6872 14 5359 11 9007 1 7319
2061 -0.11393945701562874 1.1051933728533949 4.275715723178851 185 163 142 0.93038996243391148 12 9448 6 9976 14 5401
2062 -0.26484571176565846 1.1088462626946147 4.2584468955112866 151 133 113 0.18013560214895183 12 9451 6 9981 13 5808
2063 -0.26484571176565846 1.1088462626946147 4.2584468955112866 151 133 113 0.18013560214895183 12 9452 6 9982 13 5809
2064 -0.8531289599590135 1.0897274122417933 4.2258235305489231 142 130 115 1.4567071558162459 12 9457 6 9986 5 7512 4 7845 13 5815
2065 1.3786570563354839 -1.4871488362856649 5.3575996184845609 102 94 83 0.68278679941992992 12 10487 6 10038
2066 0.67715123979984848 -1.0519757235862821 5.0114253543764988 40 36 33 1.2588351874943224 12 10499 6 10047 5 8842
2067 -0.84721213538940576 -0.45128487850118026 4.5910341424031564 52 67 46 1.1261560327292104 12 9800 6 10056 5 7945 4 8279 13 7480 1 7812 2 8373 14 6058
2068 -0.1014056585790257 -0.30565420448201053 4.5290605014447181 79 66 57 0.93541200033015526 2 8987 6 10075 4 8318 13 7509 14 6106
2069 11.752255178383663 -2.9216968766311786 13.522307946129986 58 56 63 1.5387757136309514 6 10081 4 9442 1 8926 14 7618 10 10954
2070 11.683604791242885 -2.436126155342476 13.929591792741888 65 57 56 1.7497855345964173 12 10506 6 10089 5 8840 4 9182 1 8932 14 7241 10 10959
2071 4.0842274142418589 -0.0066493991353595433 3.0716210849226746 136 123 106 0.95763161825296572 2 9827 6 10128 1 7933
2072 0.02597981272348765 0.49873586841545609 4.3914418726990556 83 69 56 0.95184012979346544 12 9936 6 10132 4 8436 14 6233
2073 -0.28497942058160236 0.61555491454250766 4.3687926253454696 50 50 48 0.92075096473147566 12 9958 6 10141 4 8456 13 8214 1 7217 14 6255
2074 -0.12374722069539967 0.61898866762267746 4.3821310279166275 113 95 75 0.75281755039128273 12 9959 6 10142 4 8457 14 6256
2075 -0.0055737261203913646 0.61837823386834923 4.3398616076543952 84 68 52 1.0103427693282028 12 10369 6 10144 4 8459 14 6260
2076 -0.2788961223730731 0.68914121315742194 4.3753618911847987 41 40 36 0.6304449906859787 12 9972 6 10150 13 6799
2077 -0.2446099229005122 0.70868272834819179 4.3397006640579185 136 115 98 1.6837004567238645 2 9073 6 10153 4 7708 13 6811
2078 -0.069288739898611784 0.74019659062120868 4.3392425801660375 51 37 24 1.0006587365750972 12 9982 6 10157 4 8480 14 6279
2079 -0.016319577540122365 0.73755603881198306 4.319383961804026 54 41 25 1.7967409335300326 12 10375 6 10158 4 8481 14 6280
2080 -0.82175292335552319 0.84119911942846848 4.2665948448838709 103 82 63 0.68756721010229249 12 9366 6 10174 5 7430 13 6842 14 5321
2083 -0.54293584622198676 0.97978096147398697 4.2900986304025857 118 101 86 0.54124373586187557 12 10023 6 10188 13 7685
2084 -0.4535260827616121 -1.0904194776860643 4.7046101906774611 152 142 133 0.95441643487245409 12 10218 5 8422 4 8776 13 8045 14 6729
2085 3.979638269437606 -1.6351219674060899 3.6836946659398837 99 86 78 1.0959914270804048 12 10676 6 10250 14 7255
2086 -1.0100798874777575 -0.36456898013071298 4.5903200829684083 59 51 48 1.1476483254532626 12 10290 6 10259 5 8496 13 7495 1 7819 14 6078
2087 4.1200798420579172 -1.1816306986693892 3.3542212142918206 104 94 84 1.7553296569141594 2 9906 6 10266 4 9191
2089 -0.83588564437643464 0.73105919152514542 4.2743542406265052 97 87 77 0.66349573867619349 12 10378 6 10319 13 7652 1 7976 14 6282
2090 0.064146833207942455 0.74695556745024128 4.3408101787183648 152 125 96 2.0698455601666028 12 10626 6 10321 4 8949 14 6284
2091 -0.85460471595780629 1.0236842599486009 4.2422934038363369 144 126 104 1.5295738735282014 12 10035 6 10332 5 8179 4 8550 13 7696
2092 -0.92824431524918549 1.0390861441617414 4.2866921120909653 184 166 148 2.287357626804376 12 10038 6 10333 5 8645
2093 -0.92822216956189041 1.037283379428795 4.2793334007985404 184 166 148 1.9473255240333021 12 10039 6 10334 5 8182
2094 -0.37419658850505072 -1.0631876780543252 4.7052502808696488 171 158 149 1.860301714237292 12 10492 6 10369 13 8478
2096 0.82454137298754948 -1.0428595571367103 5.068243082064293 42 40 41 0.88285775204612948 12 10824 6 10385 5 9101 4 9452 13 8728 14 7644
2097 0.77623886553758026 -0.89539779992203594 5.0652442251551051 155 145 136 0.99498283401746579 12 10510 6 10389 4 9455 13 8503
2098 -0.7084231319126334 -0.36872811041908682 4.516320593845041 38 31 24 0.82795301231755991 2 9638 12 10536 6 10394 5 8879 1 8733 14 7325
2099 -0.67308539503752018 0.31997859658169869 4.3534126008481877 24 14 5 1.0240595968350701 12 10600 6 10420 13 8591
2100 0.00058704990679181446 0.3409613357152747 4.3922268069415562 28 18 9 0.67114532864323062 12 10602 6 10424 5 8942 4 9272 14 7403
2101 -0.46190499336829782 -0.28462880475035657 4.4826698538370096 60 46 35 2.1601511216372784 2 9808 6 10471 13 8749
2102 -0.085632167219452576 0.41925249702223955 4.3830193108176516 104 81 65 0.67942819156725998 12 10849 6 10489 4 9511 14 7726
2103 -0.6545843757726546 0.73361199657577791 4.3032121424446199 101 88 71 1.7631693531070547 12 10755 6 10494 13 8614 1 8464
2104 4.1228916269909481 -1.1173694920446031 3.3265950025405329 56 43 35 2.3929019229702368 2 10082 6 10524 1 9233
2105 -0.75333127606986383 0.769711397622034 4.2607159751567742 151 130 109 1.7890701868109089 12 10857 6 10571 13 8936
2106 -0.12113482528959629 -0.076380246544395083 4.5792361122004923 10 11 15 2.4276857285739775 12 10968 6 10582 13 9090
2107 2.137450831398001 -0.22038090639926824 5.2510094144558517 72 59 47 1.3118141576325546 6 10290 2 9928 5 9144 4 9247 12 10726 13 8756 14 7347
2110 3.1812316370642919 -0.93669378208995191 6.003298025162751 171 158 149 0.62440388005835379 6 1201 7 4226 11 603
2112 3.016605341991784 -0.81988779817754764 5.9272435376906749 170 153 137 0.63874949916479773 7 4259 8 6153
2117 5.4781549941960632 -0.40903500704818696 8.2299911025513399 193 194 198 2.3628051315343224 12 1568 10 8116 7 4639
2118 5.5324619771663217 -0.068434940010009451 8.1180811918447588 140 110 82 1.6940783404144708 12 1790 10 8177 7 4730
2119 5.6972432390218337 -0.065215143234455347 8.1512813364695642 58 49 42 1.6830421037505474 12 1805 10 9202 7 4737
2120 5.4346149801157662 0.32856688774336323 7.8823501605788335 155 137 117 1.331854070643983 2 1768 7 4837 10 8265
2121 5.4387722483908503 0.74107233489305835 7.7961689147284083 126 100 83 1.6031126346083522 2 2061 7 4963 10 8367
2122 2.7312605306583326 -2.0193509450005003 6.0961366038514884 222 234 248 0.23617794821842297 12 352 11 5043
2124 2.676789628344713 -1.6587153060547981 6.0627400138552279 139 127 110 2.6424457361980962 6 612 7 5987 11 5093
2125 2.6788412296650153 -1.5190652320217859 6.020603405162805 124 111 94 2.1485703708205879 6 696 7 6020 11 5122
2126 2.6788412296650153 -1.5190652320217859 6.020603405162805 124 111 94 2.1485703708205879 6 695 7 6021 11 5121
2127 2.7454982685080709 -1.4740824073175152 5.9701224084291988 119 101 82 1.6348819344070857 6 728 7 6032 11 6411
2128 2.7612252458987325 -1.3390970483656197 5.9234923403269724 107 97 85 1.4999483486812613 6 818 7 6079 11 5158
2129 1.2588150888240568 -0.54717339915359609 5.0446726122512482 150 131 99 1.0217692268185916 6 1198 7 6119 11 6371
2131 1.3563766145253744 0.073039555202911041 4.8828504209372268 165 150 131 0.90800625771626853 6 1734 7 6427 11 7405
2132 2.788736553178043 -0.023992673159694521 5.4584326534676464 33 22 12 1.0623561514389825 6 1763 7 6494 11 6656
2133 2.8743364308488908 0.012935251990593671 5.3768516199836762 180 161 144 0.95451108097305604 6 1819 7 6512 11 5474
2134 5.5272244312247532 -0.28670587940528125 8.1318797644828038 66 46 32 1.9578229966406304 12 1639 10 9164 7 6552
2136 5.5844956858042041 -0.25280385833088359 8.1296384074591757 158 129 99 1.4803282527350254 12 1658 5 1454 10 8143 7 6571
2137 5.6204556778385779 -0.25437610313227732 8.1134455307672173 141 111 83 1.9305670686002574 12 1659 7 6572 5 1455 10 9176
2138 5.6935246655189538 -0.25891606939515421 8.1007711175937285 158 128 101 1.6573579797385001 12 4869 10 9180 7 6573
2139 2.5366645935151002 0.21838184344133083 5.3665538618252633 53 31 18 1.0604977639777351 6 2014 7 6588 11 6698
2140 2.5998999201929083 0.33563363231170423 5.365196581316245 71 49 31 0.90662791120678232 6 2144 7 6631 11 6718
2142 2.5959347300795397 0.38703010216001499 5.3646894264036336 155 137 117 1.6220397841045717 2 1959 6 2188 7 6644 11 3855 8 7137
2143 2.8357636828562014 0.38701769952616483 5.2714759781869223 112 105 97 0.947429154969465 6 2214 7 6657 11 6736
2144 2.7784654024106787 0.43515635753008675 5.3406529214903777 62 43 28 1.8174286733709284 3 2196 8 6467 7 6672
2146 2.6276489891715822 0.53426642447055572 5.3610805344391546 139 114 93 0.52208184134104185 6 2303 7 6708 11 5643
2147 2.7991896978603283 0.5269514327598559 5.3302398034174949 170 136 101 1.4301921662060739 6 2308 7 6712 11 5652
2148 2.7977606026066262 0.56041089645992992 5.3204049255728334 186 153 116 1.1505347663430754 6 2338 7 6723 11 5668
2149 2.5481072861019873 0.82202514181746578 5.3345878745056039 27 19 9 0.81003678978934623 6 2540 7 6816 11 5773
2151 2.3755674834176226 1.0597786864321648 5.3662284550290629 37 26 17 1.4921220213624373 6 5467 7 6879 11 7657
2152 1.9232263044765161 1.1473713098709157 5.2944224885484434 100 81 74 1.8910026945271889 2 2701 7 6927 8 6624 3 5410
2158 1.7080626305265354 -1.1225277447723727 5.6612385987445055 161 146 125 0.45593685049181926 12 4353 7 7451 5 905
2159 2.4686933685191326 -1.3678915924896906 5.8937454506605889 95 82 74 1.9985654416765453 6 4016 7 7461 11 6403
2160 2.3162133188306586 -1.210215101249855 5.9063926839189422 46 44 40 2.2403520356362034 12 4334 7 7489 5 883
2161 2.2032785455937391 -1.1517271268892377 5.8799469250221703 166 153 134 0.69421557902479514 12 4367 7 7495 5 915
2162 3.1487707487688268 -1.1693639704897116 6.0347609147522228 171 161 151 1.1150266654302303 6 4254 7 7557 5 3856 12 4415 4 1243
2163 1.3050613858043234 -0.40339386494990326 4.9913216869753123 154 136 113 1.7078177825982817 6 1340 7 7569 11 7299
2164 1.3203015458707867 -0.39029154224247564 4.9923283132133696 80 63 47 1.0528446910419429 2 1266 7 7579 11 7304
2165 1.1906259964253025 -0.36881785127029226 5.027146829622926 158 137 108 0.44375213558640358 6 1359 7 7584
2166 1.3784230321023494 -0.35432155164973211 4.9426908564375829 171 153 129 1.6180940799692187 6 4487 7 7587 11 7911
2167 2.0811514879859985 -0.50328005711910384 5.2897825373898781 91 72 57 0.91974084547834634 2 1060 7 7619 11 5230
2168 1.4693072645614129 -0.16072529663314367 4.8159652671404709 137 124 105 0.79329801726513638 6 4592 12 1700 7 7667
2169 1.0827490135884579 -0.011966281222260032 4.9501255704318314 148 128 104 1.8321366927839335 3 1877 7 7706 9 6486
2170 2.7893781833735405 -0.3665901184667244 5.5578391024338805 147 128 111 1.3418816323330691 6 1523 7 7720 11 5348
2171 5.8269860762375307 -0.87683555020746184 8.7745527427369918 70 73 80 2.7307287785631367 12 6752 5 5836 10 9135
2172 1.0219142301561255 0.23172598652566734 4.8736908420393315 185 169 153 1.5471685258302272 12 2130 7 7784 9 7840
2173 1.0479987949783824 0.23333135013491446 4.8822237458016415 188 170 146 1.3672688048550927 2 1863 7 7786 9 6580
2174 2.2913698073681448 0.14295023023969894 5.3952126850451751 114 92 78 1.5332477874400461 12 2027 7 7809 11 6672
2175 5.4011039827506657 -0.33091353389332645 8.1092255132367228 36 26 24 1.9035251980369901 12 4834 5 4206 4 1680 10 9849 7 7817
2176 0.96859378519575379 0.4267446307004843 4.8039255038013096 178 157 136 0.70893133854344681 3 2327 7 7849 9 6676
2177 2.6019496254934427 0.27561411324100227 5.3440126485589747 125 100 78 1.5111288844896815 6 2077 7 7857 11 5527
2178 2.6554716919645176 0.3268132438244396 5.3449283096115314 70 49 32 1.6612977603630643 6 2133 7 7871 11 5556
2179 2.4725552199101317 0.34908526204587909 5.4101648806763247 75 56 42 1.0122823743339502 6 2136 7 7872 11 6717
2180 2.7959617454734067 0.43097554096352952 5.327362810603697 56 43 27 0.63201331753051637 6 2239 7 7896 11 6743
2181 2.8184273884090167 0.45826747036963916 5.2761081708459905 170 152 130 0.97962356649128779 6 2263 7 7903 11 6749
2182 2.8184273884090167 0.45826747036963916 5.2761081708459905 170 152 130 0.97962356649128779 6 2264 7 7904 11 6750
2183 2.4118733864312181 0.51062895085424409 5.4499223862188648 43 24 9 0.53675494285494285 6 5124 7 7909 11 7563
2184 1.461456997585149 0.57950421012284292 4.6270048734493923 51 41 31 0.64478659778252567 6 2385 7 7916 11 7548
2185 5.4690356583099291 0.43689535173422872 7.7905491462778533 144 129 113 1.0768006455643051 12 5071 7 7918 5 1737 1 1927 10 9263
2186 5.4902949655205546 0.50895958962816934 7.793881610484954 106 85 68 1.1113762706845218 12 5103 7 7932 5 1777 10 9270
2187 1.3202656488767679 0.64104735648626243 4.7613212056501997 114 88 64 0.8973812702771683 6 2418 7 7940 11 8076
2188 1.3909552577789071 0.70969604445497758 4.6867940081772153 138 108 70 1.2376458590828563 6 2496 7 7954 11 7578
2189 2.3763396250870477 0.774565504926926 5.4057455956596874 92 78 69 1.0643973588060007 12 2585 7 7968 5 2100 4 2306 6 7138 1 2257
2190 2.3916997616939617 0.80117003998975611 5.3813081212958584 139 113 93 0.50054815603944391 6 5296 7 7971 11 7614
2191 2.6688372603723427 0.81643234964557654 5.2859257433960796 25 16 7 1.1422202691949255 6 5326 12 5425 7 7979 4 2351
2192 2.8346789025492747 0.88398917574142422 5.1469043352628496 90 78 66 1.4780773734150685 6 2630 7 8002 11 6868
2194 2.4762681444087913 0.92471629263131327 5.3436064023432559 142 122 105 1.0775466382821262 6 2629 7 8004 11 6863
2195 1.3178472773685554 0.8849621462763646 4.7035654681563432 162 132 98 1.3662349884689688 7 8011 11 7635
2196 1.3979229495094359 0.8892504380455557 4.6485229873705496 149 129 105 0.96594248077279021 6 2705 7 8018 11 8152
2197 1.1765762053745741 0.90971800283535931 4.7271965352793854 140 109 79 1.1934230702515096 6 2708 7 8020 11 8150
2198 2.4737507039770885 0.9872267538501196 5.3300450663963641 132 114 94 0.85745447871389857 6 2687 12 2746 7 8022
2199 1.1770643392780533 0.92828867491171652 4.7428688190576453 168 140 103 1.9534184416278 6 2731 7 8027 11 8153
2200 2.8030763113909698 0.97705761539368519 5.1505486145865493 126 95 66 1.3887920750869156 6 2722 7 8028 11 5856
2201 1.354098284005639 0.94797550876313985 4.6524802453362595 109 103 91 0.69282643397893384 6 2758 11 8169
2202 1.2638127954181262 0.97342320924594627 4.6751182865399121 82 73 64 1.2424908011593145 6 2797 7 8051 11 8174
2203 2.4038535750476075 1.1312983429334997 5.3104396563368796 119 97 76 1.6225930419358205 6 2825 7 8066 11 6950
2205 1.3179804841596565 1.0409626429178438 4.6612744671814612 110 80 52 1.7952939309941256 6 2887 7 8080 11 7690
2206 1.4592059185428901 1.0151026306075459 4.5236160098076219 197 180 151 2.1197720956484725 6 2890 7 8082 11 7691
2207 1.4710269569323096 1.0463753280873096 4.5128024568855194 103 78 56 2.3796181439319946 6 2927 7 8099 11 7708
2209 1.2662957622530753 1.2048109430052349 4.6474308293221389 126 106 82 1.9229986061131212 7 8157 11 8242
2211 1.1932773677072295 -1.1736057859563152 5.2099196762069866 175 162 146 1.3750350554571469 6 3886 7 8389 4 1110
2213 2.704107770503827 -1.5252816401386677 6.0128288123678209 137 131 119 2.0250586449974781 12 6501 7 8458 5 3723 4 1031 13 556 1 1115 11 7297
2215 1.8309362850059139 -1.0252747144096279 5.6943985450153267 87 74 57 1.054615658237575 12 4425 7 8487 4 1250
2218 2.5216707028253089 -0.96152370776222718 5.9223265863484835 156 143 126 0.85337565571323359 12 4474 7 8564 5 1032
2220 2.790029643280453 -0.94581318140513715 5.8061355135560389 161 148 131 0.95810821607185115 6 6486 7 8570 5 3917 12 6666 4 1329 13 3522 1 1400 11 7361
2221 3.2625521428530928 -0.95873167355550493 6.0434715274887205 153 139 128 1.8146599915777408 2 7401 6 6514 7 8588 4 4203 1 1409 14 934 11 6498
2222 0.97788752378881738 -0.18503256021999925 4.9503151954982343 144 124 100 2.0107292923395819 2 1494 7 8602
2223 1.867378903339918 -0.35498529399880702 5.1872397509288932 163 141 117 1.7877547392505175 6 4529 7 8615 11 7371
2224 2.1676071756126523 -0.28446909539395571 5.2864049029648532 162 141 120 0.81408435036694404 2 7550 6 4577 7 8639 4 1721 13 1314 5 1443
2225 1.00091263564085 0.085174552610255305 4.8919432408409911 190 172 150 1.4024865377341857 12 1980 7 8669 9 7810
2226 2.9734337054236204 -0.25895800561836402 5.5331892983947961 61 48 41 0.66207901470130903 6 4630 7 8682
2227 2.8769190138430978 -0.1247531874034211 5.4287169239411703 157 144 127 0.5637969606430544 6 6738 7 8703 4 1797 1 1779
2228 2.4259029416614424 0.029260583979797375 5.3357597216525026 99 77 56 1.484520612514671 6 4786 7 8720 13 1477
2229 1.2813240955736824 0.24321588835994207 4.8838855838115984 178 165 148 0.97607913422415959 12 5075 7 8728 5 1769 13 1615
2230 2.360277149875043 0.089146582437989397 5.3615166508238223 67 49 35 1.4156054985451645 6 6792 7 8731 11 8019
2232 1.3137690887016578 0.33379679691383812 4.8107199302873456 130 103 73 0.79187967243851187 6 4998 7 8756 11 8007
2233 1.0547875610450363 0.37932038404683488 4.8526478058053 162 142 118 0.81897629629460977 3 4977 7 8760 9 7889
2234 0.85668604285286332 0.41354282275864035 4.7180330491658831 93 71 50 0.80459879209550156 3 2322 7 8764 9 6688
2235 1.101735458210811 0.38619448000871742 4.869270668229543 158 138 114 0.96291281596335987 2 4827 3 4978 7 8765
2236 2.7928793473134523 0.23441522790385461 5.4174498741890531 170 157 141 0.95924434434266459 6 4983 7 8774 5 1740
2237 2.0183759350278749 0.36110459101449027 5.4341049087694753 42 32 23 0.70130375323999872 12 5119 7 8785 5 1818
2238 1.9409994883805575 0.37286574433512221 5.4087487909164285 138 112 91 1.2536248024542873 12 5128 7 8786 5 1822
2239 1.9098122337574193 0.43622124709332172 5.3541029263495163 138 121 106 0.76041940239322869 12 5167 7 8797 5 1882
2240 2.1770409116989278 0.44087362974267535 5.4705117389547588 126 109 93 1.5188381904883337 12 5163 7 8799 5 1876 4 2103 13 1687
2241 2.0907084791880703 0.45097176988340726 5.4239072758837832 68 53 45 1.1743694704161345 12 2327 7 8800
2242 2.4704555727883468 0.48200895746306222 5.4202051454285796 89 73 60 1.0679899646929512 12 5191 7 8809 4 2130 11 8075
2243 2.2282303132403993 0.51283001027575592 5.4688981296278794 35 20 9 1.0902316498389917 12 5207 7 8812 5 1932 13 1721
2244 2.4804463837573638 0.51531856753308003 5.4207122798940732 90 72 60 0.77391055536881115 6 7006 12 2394 7 8816 1 2120
2245 1.8472058052616953 0.58579358782343594 5.3075122704436959 144 128 112 0.52397836913332929 12 5274 7 8820 13 1778
2246 1.1360540121402105 0.64273662504714868 4.8199335685736129 147 126 97 0.98115014815536961 12 5358 7 8828 1 2226
2247 2.3030482696046497 0.63281708622352206 5.4764851938949688 140 123 105 0.57803590097042068 6 5171 7 8835 11 6778
2248 2.4834414201129666 0.67213009189833062 5.4056445327520937 104 74 50 1.5381986342788705 6 5202 7 8845 5 2037 13 1826
2249 2.6004783018229913 0.6671759293901447 5.3542218389460894 112 91 64 0.79921211708867057 6 5208 7 8848 11 7587
2250 2.3415789897195398 0.78545839062309963 5.4320893324799062 65 50 39 0.19525158851575053 12 5389 7 8858 5 2106
2251 2.7609610508816234 0.79276773115118226 5.1830794227913382 44 30 20 1.3925901801047644 6 7175 7 8863 1 2291
2253 2.408448094272555 0.84859798902084571 5.3851500264746912 105 87 68 0.73981678319686783 6 5330 12 2642 7 8867 11 7623
2254 2.4091231696829336 0.84856973799035251 5.3860450922487928 105 87 68 0.73919804118446641 6 5331 7 8868 11 7624
2255 2.8015885018691553 0.81708769228160749 5.2008641384277992 131 103 77 0.99674440855661095 12 5434 7 8870 5 2156 11 7626
2256 2.4008065707553863 0.87225687588060707 5.4056822316023743 30 20 11 1.1581198069740111 12 2660 7 8876 5 2169 6 7186 4 2368 1 2307 11 8134
2257 2.3418051221439331 0.89193973279521765 5.413974662388787 89 72 56 1.0165953396798464 12 5458 7 8880 5 2176 4 2381
2258 2.5143149908258384 0.90653675508862896 5.3489833528773625 90 73 60 0.90395417060696381 6 7198 7 8885 5 2191 4 2397 1 2330 11 8145
2259 2.787943721061684 0.88542227347489066 5.2444147159318826 136 113 95 0.76293312978404371 12 2688 7 8886 5 2192
2260 2.5812330527120722 0.92346897208665935 5.2729940911797906 109 92 74 0.81011790701032549 12 7309 7 8889 5 2230 13 1978
2261 1.3872187550125221 0.90451000223959133 4.6463855521969402 61 53 45 1.5329088699018092 6 5442 12 2803 7 8898 11 8154
2262 1.4034183503802369 0.91562254160669143 4.5707231271165671 53 44 34 1.4547948006871037 6 2750 7 8901 11 8163
2263 2.7983498216625895 0.99980295072757519 5.1447654496105972 134 101 68 2.142747727857985 6 2739 7 8903 11 6910
2264 2.5944409550030723 1.0315118931109093 5.2752938261961662 107 90 72 2.0495454030994309 6 5461 12 5556 7 8904 11 6912
2265 2.3389817589762463 1.0690068546240656 5.374420857276899 74 57 43 1.0786031030582499 12 5571 7 8910 4 2500
2267 2.3429486574877743 1.1637485936089029 5.3629682995590082 94 76 62 0.38907956728734311 12 5629 7 8930 5 2386
2268 2.3842668033947958 1.2141255138479856 5.2949609615937465 45 31 20 1.3540290638148251 6 7329 12 2951 5 2424 13 2160
2272 1.3956957968515558 1.0380560446408267 4.5436850831256628 169 149 124 1.7369181205168605 6 5562 7 8946 11 8194
2273 2.5101647523308865 1.2273477623290572 5.2590823198582282 65 47 35 1.9282117054717054 6 7335 12 2980 7 8948 5 2447 4 2594 1 4769 11 8715
2274 0.99217267116916563 1.0864861870328255 4.6591258545067822 168 151 131 1.5165552191358311 3 5448 7 8949
2276 1.3767160461262749 1.0905267099171152 4.5438058923031797 179 163 140 2.0453740975250247 6 2957 7 8953 11 8212
2278 0.79376677607210144 -0.93400002279873973 5.0141038214986366 40 35 32 1.9924274396939403 12 4407 7 9134 5 3863 13 807 14 868
2279 2.277723098422674 -1.7134141867159471 5.863891544914166 165 152 136 1.6902733271767179 7 9143 5 5631 13 3265 13 5105
2280 0.78625381124481453 -0.60891811837780629 4.9499737984763419 120 102 84 2.3982210067768546 6 6432 7 9177 5 1158
2283 2.0294312097971852 -1.157274317407065 5.8164110430955178 163 150 132 1.2915894387295781 6 7827 7 9203 5 3814 4 4091 1 4026 14 3329
2284 2.0217004992313319 -1.1489506343554947 5.8003919087946043 163 150 132 1.0392844822639913 6 7828 12 6581 7 9204 13 3422
2285 2.7934825608079508 -1.1686901877001761 5.8529891527177664 159 151 140 1.5261659931625244 6 6399 12 8132 7 9225 5 3836 4 4117 1 1293 14 831 11 7337
2286 1.3621552769681706 -0.52468562383613637 4.9825383542554089 167 150 122 1.4580034385504632 6 6530 7 9226 13 1092
2287 2.5830139377153438 -0.96671846156990604 5.9119234482980865 181 168 149 1.08173676734674 12 8154 7 9240 4 4179 14 908
2288 1.8657555999043822 -0.19032628599238591 5.1067071652583911 60 48 36 0.71742569745541762 6 6676 12 6922 7 9292 5 4276 13 3813 2 6352 1 1747 14 1289
2289 0.9530911503528976 0.079859483870955844 4.8754644225043489 200 180 155 1.759035549920253 2 4685 7 9304 9 7812
2290 0.96663680778408989 0.16190091448320718 4.864396778886821 171 151 127 1.0173244568914936 2 6492 7 9313 9 8627
2291 1.4642096096800861 0.16557785723198754 4.7461689559933511 186 171 148 0.64833689037416087 2 1807 7 9326 11 8365
2292 1.4340866070540337 0.16701365172636717 4.7650776456114183 188 172 149 0.86107753427261324 6 6800 7 9327 4 1954 5 1720 11 8630
2293 2.2869591780682819 0.028006655585834303 5.3435851110213264 50 32 18 2.1104192550025767 6 8098 12 4968 7 9332 5 1621 13 1469 11 8380
2294 2.2551256769473969 0.071317061531344927 5.3777618962211164 64 45 31 0.74975708965292187 6 8105 7 9336 1 4417
2295 2.3048047587810001 0.11747783855117369 5.3879957606398845 55 36 22 1.0037124090863077 6 8117 7 9348 14 1396
2296 2.2881060835495655 0.13673334651590396 5.4104929381193623 103 83 68 0.82066529012863954 6 6809 7 9352 4 1903 1 1887
2297 2.2599012323381045 0.15235914001038817 5.4163856994281749 76 56 45 0.89497978967464498 6 8129 7 9354 5 4399
2298 1.377200005313292 0.31065578362287599 4.7949870895233673 71 49 28 0.31534165766285921 12 5124 7 9357 13 1654
2299 2.1575661527700851 0.19434954169254637 5.4256120131027155 116 91 69 1.1206716539587531 2 6490 6 6841 7 9362 5 4415
2300 2.1623587883200268 0.19405056941972768 5.4343761713884691 116 91 69 0.82412427030409674 6 6842 7 9363 5 4416
2301 1.5240080040654267 0.32820667959767952 4.7256214761107067 123 96 66 0.83755917322524842 12 5139 7 9369 13 1673
2302 2.8481397538775624 0.15785880699045321 5.3545362850658398 172 154 134 1.8871533604186452 6 6852 7 9371 4 1923 11 7518
2303 2.2361445863403824 0.26434380166941029 5.4462839656212738 120 94 71 0.75955948473885782 12 7066 7 9379 13 3973 1 1951 11 8044
2304 2.3115755100577569 0.256614209621643 5.4244568643624627 103 72 51 1.2200780474891573 6 8163 7 9380 1 1948 14 1480 11 8048
2305 2.151220532328932 0.29853442695812177 5.4755807712561291 56 44 32 1.5309744732958996 6 8175 7 9385 5 4458 12 7077 4 1998 13 1601
2306 2.413897714636005 0.33591107443083162 5.4290463404299878 32 15 5 0.94564881552425972 6 6926 7 9393 5 1802 4 2033 13 1639 1 1995 11 8057
2307 1.3932699747150792 0.43854959974959212 4.7221671286911242 156 132 104 1.9032443600101772 6 8225 7 9394 5 4538 11 8648
2308 2.5240168849349969 0.36609307681569525 5.3873147230170932 133 108 88 1.1182061882691718 6 6942 7 9400 4 2055 1 2011 11 7534
2309 1.9654867495282158 0.4151517362758983 5.3708371367523178 129 110 94 0.48402795063410436 12 7129 7 9403 5 1853 13 4029
2310 1.4203873101039131 0.48045701804435431 4.6633495180916178 153 132 101 1.9428603707087468 6 8242 7 9406 13 1772 1 4567 14 1663 11 8814
2312 2.2543176789108688 0.44782198184046523 5.4759322469147236 57 45 31 1.3958362150242793 12 7142 7 9419 13 4039 1 2054
2313 2.2748966434027134 0.48311883942776229 5.4744206079903792 106 90 75 0.98376243714526779 12 7157 7 9429 5 4522 4 2124 1 2079
2314 2.635765097135804 0.48930981613336383 5.3632725135964918 130 109 87 0.78511941175625632 6 7001 7 9436 5 4530 2 4851 4 2144 13 1723 11 7569
2315 2.6369472824374167 0.48913772846404541 5.3646348243344795 130 109 87 0.74906722486424737 6 7002 7 9437 5 4531 4 2145 11 7568
2316 2.5144982040078032 0.50332991341437028 5.4202442414996845 102 83 66 0.64613106202452208 12 7165 7 9438 4 4750 14 1619
2317 0.95004911546583148 0.60778030405057626 4.7565179126030781 182 164 142 0.95924037847930155 2 5007 7 9443 9 7958
2318 2.2775642502814661 0.57775569171276397 5.4888350374140229 172 147 127 0.88916469113009533 6 5149 7 9448 5 4556 4 2198
2319 1.1493387596789253 0.67159473331909791 4.793987947519974 171 146 115 1.1503872699997126 2 6686 12 2584 7 9460 11 8080
2320 2.5989539966748403 0.6324190595519521 5.3621549358201452 150 124 100 0.85998817529571825 6 7067 12 7225 7 9463 5 4587 4 2249 13 4107 1 2177 11 7580
2321 2.4561035851023143 0.72300542468563478 5.4030596865936822 114 93 76 1.6224512790917909 6 8307 7 9486 13 1847 14 1711 11 8432
2322 2.885805290488896 0.77884741138221103 5.1463337332694676 39 26 17 1.3292028306847044 6 7174 12 8520 7 9496 5 6233 4 2339
2323 1.3428410397592079 0.82610873435358134 4.6986215854149673 183 165 142 1.3939847236119145 12 5507 7 9506 5 2244 4 2424 6 8371
2324 2.3552570601389231 1.0236066955232501 5.3325494701843557 60 50 41 1.487624660727098 5 4735 4 2473 13 2043 7 8030
2325 1.345390945445208 0.963134851887405 4.6428662046649132 105 96 85 1.4078330716200345 12 5611 7 9521 5 2349 4 2539
2326 2.7891394474044864 1.1042225763069977 5.1093550180506284 77 54 33 1.5805015901813082 12 7394 7 9533 13 4317
2327 0.97626391763952247 1.0401996012086916 4.6599983198961636 159 136 111 1.3837274008819056 3 5424 7 9539
2328 2.3864322720878732 1.2521914164418515 5.2987671318385026 66 52 39 1.8172389195569463 12 5676 5 4840 4 5054 13 4365 1 4774 6 8452 14 1944 11 8508
2329 1.2692877748005529 1.3367944016080644 4.6148826508168437 95 78 60 1.974643657408149 7 9610 11 8750
2330 3.0451236217543185 -1.8406744775742714 6.0958520441309387 220 236 251 1.9885136719868339 7 9689 4 7299 12 9715 1 6874
2331 1.3698261810142462 -0.88642624952960647 5.1906613398587949 168 156 132 1.3480878580037128 12 6641 7 9695 13 3504
2332 2.8053434345855286 -1.2034865063915769 5.8382312771527349 133 126 117 2.3718687130074119 6 7856 7 9718 11 7922
2334 1.3173712377958799 -0.35351929492138684 4.9908982697053519 135 111 83 1.1995260964657317 12 6850 7 9739 13 1230
2335 1.9804307461852719 -0.53899072053380204 5.2696646590246861 137 120 104 1.3630812939410046 12 8232 7 9743 5 5895 1 4258
2336 1.9809785486465987 -0.5393196610743346 5.2721628714722355 137 120 104 0.96804649376013341 12 8233 7 9744 5 5896
2337 2.7983504612613168 -0.52249832610067093 5.5746324949595918 53 45 43 1.6544014910589893 6 8879 7 9763 11 8357
2338 1.12544737020205 0.0030012485062485689 4.961519418042502 191 173 151 1.8511416149099886 12 4960 7 9773 11 8608
2339 0.91631298121019245 0.2502391440694135 4.8227260965131595 142 122 98 1.2423232856991189 2 6533 7 9789 13 1620 12 5078 9 8646
2340 1.1519283165333825 0.22677671285323397 4.9137746530033972 146 120 95 1.5320712933770486 2 7656 7 9791 13 3979 11 8794
2341 1.0284568623248056 0.30876403104424305 4.8693752129774532 139 118 97 0.93722684649077526 2 6552 7 9797 13 1649
2342 2.448892211882522 0.13681937666859931 5.3671833364906876 80 61 47 0.11267688173734286 6 8133 7 9801
2343 2.4414192534876249 0.13878706542558741 5.3551404005503729 80 61 47 1.5099659899085376 6 8132 7 9802 1 4445
2344 2.0233061740540168 0.19590907408188987 5.4304676109554739 115 93 76 1.223124595561262 12 7043 7 9803 5 4414 13 1550
2346 2.4244699653787913 0.20930817193055434 5.3785669542850814 122 99 83 1.6048489722854988 7 9813 5 6079 4 4651 13 3948 1 1926 14 1441
2347 1.0287346993441542 0.4725748515963159 4.8203380493970505 165 145 121 1.3522851667266071 2 6613 7 9822 9 9230
2348 2.477786293156452 0.35957297398313165 5.3950569123179877 53 34 17 0.83373650590688342 12 8412 7 9828 4 6462 1 6084
2349 1.8853313938829417 0.44403728306285706 5.3768434851145726 42 30 18 1.0320668368083024 12 7140 7 9832 13 4043
2350 2.3866425742108897 0.43165726447296976 5.440873850965386 73 52 33 1.3997371906218701 12 7136 7 9834 5 6139 13 4032 14 1571 11 8406
2351 2.6211593444006041 0.4466057129621836 5.3708242637041979 98 74 53 0.96217432080128051 6 8232 7 9837 4 6473 14 1590 11 8410
2352 1.3096415808075945 0.54337276203142659 4.7830361937461907 180 164 139 1.502649915275263 2 6642 7 9838 4 2239 11 8656
2353 2.4215858839414608 0.51520612525626119 5.4384217970692754 127 109 94 1.089802833307459 6 8993 7 9844 4 4755 13 4062 1 4538 14 1617 11 8412
2354 2.327480008335415 0.52305201185904382 5.4686832809406525 166 140 123 2.1349297088258785 12 8446 7 9846 4 4758 11 8079
2355 2.4226102057415666 0.68770764867341505 5.4296706074221692 145 122 104 0.24379105546753968 12 8475 7 9866 5 6199
2356 1.275064314663771 0.7177847618754476 4.766005425471068 73 54 39 0.95602896242650337 6 7137 7 9869 5 4663 4 2346 13 4193 1 2285
2357 2.4887773747241311 0.74775358277584481 5.3872554119048672 137 111 88 1.7261325658066031 12 8495 7 9870 5 6211 13 4152 1 4629 11 8433 6 8317
2358 2.7909387681041258 0.73856806782808371 5.2270420397658111 20 15 9 1.2388420932756687 6 8325 7 9871 5 4645 5 6218 13 4160 1 6185 11 8683
2359 2.6206888239900943 0.81930496807684938 5.2989665657556282 29 20 11 0.99993476462543374 6 8349 7 9874 5 6237 4 4876 13 4195
2360 2.4200248529566735 0.90098905361582271 5.3851284457633612 130 101 75 1.4332030857685172 6 9051 12 7297 7 9879 5 6262 1 4667 14 3887 11 8693
2361 2.5393603756449372 0.89512596466573124 5.3206779815208174 151 122 92 0.80865948344618022 6 8367 7 9880 4 4909 1 4671 11 8452
2362 2.5356853328075233 0.89436456821348997 5.315614508712649 151 122 92 0.9922092175742836 12 8541 7 9881 4 4910 13 4227
2363 1.9405243503798313 0.9306437782541086 5.343080891296311 116 96 87 1.0297313545672453 12 7307 7 9882 13 4239
2364 1.1751429212505529 0.97865982573044086 4.7084964943180871 151 144 128 1.3864473474150276 6 8411 7 9893 13 2108 1 2452
2365 2.4903118929529131 1.0868795827455753 5.2822242513780555 44 30 19 1.5425913776510278 12 8583 7 9894 5 6328 13 4295 2 6812 1 6262
2367 1.3692081910664158 1.0785310361178655 4.7054543545382854 113 86 59 1.2564342745718187 12 7430 7 9907 13 2176
2368 1.3759040456318221 1.067629308119237 4.5435949776403612 169 145 121 1.4692238119685355 6 8450 7 9911 5 4842 4 2611 1 2519 11 8852
2369 1.4094710461854998 1.0976655883902802 4.667173556963867 169 145 121 1.8501288481205342 12 7448 7 9912 13 2195
2370 1.425632569690678 1.152711374151685 4.495209710955641 169 151 125 1.486380146604469 7 9919 4 2686 13 2265 11 8731
2371 2.8962456156322176 -1.9091895164943038 6.0771904800596701 111 117 125 1.656231924218448 7 9985 4 7282 1 5659 14 4785 5 6952
2372 1.612281752174253 -1.1757108405883836 5.6203679485240192 27 25 26 1.7775761957633589 12 8117 7 9986
2373 1.1124397947804463 -0.60537737758079335 5.0867207886823609 182 165 145 3.2316047807568147 6 9341 7 9991 11 8768
2374 3.6750976442483028 -1.4019038087397282 6.163142110846338 97 106 121 0.66756349163675888 3 8898 7 9998 13 6456 14 4860
2375 3.6747548082712491 -1.4016976457139505 6.1634601150484327 97 106 121 0.87635068529794502 3 8899 7 9999 5 7032 13 6455 14 4861
2376 1.9610197456078682 -0.19861776697842853 5.1722008282897853 121 100 79 1.1765283311642198 12 8310 7 10015 5 4274 13 5420
2377 1.9610197456078682 -0.19861776697842853 5.1722008282897853 121 100 79 1.1765283311642198 12 8309 7 10016 5 4275 13 5419
2378 2.7943297334023605 -0.077665533895795197 5.4905776919702944 159 146 129 0.91353282302191041 6 9414 7 10034 4 8359 1 7871 14 6144
2379 2.5073731069716541 0.098604237828101043 5.3325562129594744 149 128 107 1.2385768976813754 6 8935 7 10039 5 7248 1 6033 11 8643
2380 0.92830867746481194 0.4405887267447694 4.7898055151391832 153 131 107 2.3487195374909624 2 7709 7 10049 9 9551
2381 1.9235266779088134 0.35039745276741691 5.3986240327290176 142 118 93 0.85385994655606767 12 9241 7 10050 13 6725
2382 0.89401434612257913 0.63175770073161308 4.7357601968343186 81 64 48 1.4654954818658297 2 7743 7 10058 13 1857
2383 2.8412857274743266 0.80913546980930007 5.1643235897637192 140 122 103 1.891693817115202 2 8553 6 9045 7 10069 13 5662 1 6210 11 8688
2384 2.2475798444810287 1.0052029185468299 5.4838906473317621 72 53 49 0.53203561802426658 12 9338 7 10075 13 6817
2385 2.4009416928616982 1.0073993892237294 5.3255723805875146 152 118 90 1.7409778171784276 12 9343 7 10077 4 7732 11 8943
2386 1.408716263297962 0.90385348124648424 4.5821363312235599 99 93 82 1.8650113061216387 6 9556 7 10078 4 6632 13 5715 1 6251 14 3944 11 8940
2387 2.4046663832975326 1.0449219808209216 5.3146831767371019 134 102 73 1.2690669650433524 12 8568 7 10082 5 7422 13 5709
2388 1.3571013232416256 1.091226842951275 4.5372332916875724 136 113 84 2.0552954811608246 6 9126 7 10099 5 6394 4 5070 13 4380 13 5769 14 1966 11 8853
2389 1.4316737950558782 1.0931287012525415 4.5120590333901323 183 173 161 1.9264242924764148 12 7462 7 10100 4 2635
2390 1.1938440981283907 1.1785833494285756 4.7353415875156681 99 75 49 1.3427880406068031 12 7488 7 10102 13 4404
2391 1.2389894577120322 1.1910254551387442 4.6588870895102321 177 160 136 2.042911698598064 7 10105 13 4419 14 2011 11 8951 12 8656
2392 1.1832321886046315 1.220069441584517 4.7340055316624001 143 123 96 1.2490885815279305 12 7508 7 10107 13 4424
2393 1.3505090263911577 -0.72093547790554657 5.0134409025684619 167 156 136 1.9333266192524141 12 9782 7 10160
2394 3.515400318292869 -1.4642570939154598 6.1940524062035101 224 238 251 0.083944758641129338 1 7756 10 11067
2395 1.1953456532008229 -0.40428916773623469 5.0262570720514468 65 49 33 2.1215440420436087 12 9146 7 10179 5 7164 4 7482 13 6594 1 5928 14 5020 11 8884
2396 1.2644853336392934 -0.21817666702720642 4.9661549797492022 175 166 150 1.6182779308673545 12 9164 5 7198 4 7522 1 5974 11 8890
2397 1.1973152054576384 -0.012373264801197631 4.9598635941481026 177 164 147 2.3389142793901754 2 8428 7 10193 11 8898
2398 1.196249188846525 0.049009586772707447 4.9513243868614998 171 161 149 0.98503044896385228 2 8446 7 10199 11 8980
2399 2.3575310370835703 -0.15631732543560922 5.2993273043447058 116 95 74 0.98806667459522235 6 9808 7 10200 4 8349 5 8009 1 7099 14 6131
2400 1.2251907762087249 0.40311577515471997 4.849456028537622 154 133 102 2.1081886940982173 12 9253 7 10211 11 8916
2401 2.2187411610021242 0.43250213806134863 5.4443610547641486 57 43 34 0.91152053722624138 6 9461 7 10217 5 8067 4 7623 14 5170
2403 1.2006765316056345 0.84974675433229141 4.7470134379672073 149 119 83 1.6637300665341215 6 9546 7 10231 1 7256
2404 1.2841099347754801 0.91607543939371849 4.6498926753177292 181 155 120 0.70290763533750644 2 8594 7 10234
2405 2.2364088265324802 1.0759269505449669 5.4559996618245314 77 57 50 0.90322091779721236 12 9992 7 10235 5 8138 13 6826
2406 1.2021897895960525 1.0923516453723325 4.708652079438993 107 83 59 1.8939907634127358 12 8625 7 10246 13 5759 14 4011
2407 1.3101928346764014 1.1534564449730698 4.6387984370274671 139 122 96 2.4555568703776474 12 9422 7 10253 13 6895 11 9010
2408 1.2165311989238563 1.227908908927541 4.7151516477837561 116 95 74 0.9094277019944893 12 8666 7 10258 13 4431
2410 1.3830802162315869 -0.67015375733788285 5.0058671885769259 47 40 32 0.95291820032174046 12 10265 7 10299 5 8481 13 8099
2412 2.7849489908514626 -1.2210596040358626 5.8585031250305928 126 122 114 1.9121383832677807 12 10502 7 10303 4 8801 14 6739
2413 2.1408649824313168 -0.40396149802826131 5.2447324952626095 73 56 46 1.925118315081199 6 10101 7 10310 4 8858 1 7833 14 6832
2416 2.1466054328276378 0.50523363724722792 5.4062528330695701 46 25 8 1.449430185926279 12 10355 7 10336 13 8189
2417 1.4985987978449915 0.79248111529181853 4.5695818159573864 184 150 113 0.74118483695206894 6 9538 12 9981 4 7719 13 6815 1 6228 14 3902
2418 1.4154207447055183 1.0018565222655724 4.520375482113713 197 178 146 1.1040667286730335 4 8525 13 7677 1 8018 14 6325 12 10010 11 9058
2419 1.4819650168431708 -0.6587566316248088 5.0015217917360815 168 158 143 1.1475966639408881 12 10267 7 10390 5 8482 13 8101 14 6786
2420 2.599209386882428 -0.53506507969599837 5.5283615568916895 108 91 81 1.1944900480269518 6 10095 7 10397
2422 1.3897025444782627 0.082043766103960525 4.8314370951535333 167 150 124 1.3231257372035807 12 10333 13 8161 11 9081
2423 2.8005203140830788 0.9684844463711717 5.2018843097491532 96 74 51 1.2960737977997119 6 10173 7 10424 5 8969 13 8223 12 10628
2424 2.823914182194355 0.97047324361929221 5.2352760971576924 96 74 51 2.0640515644096853 6 10172 7 10425 1 7981 11 8942
2425 2.6594083408022815 1.072999411468792 5.2857927969149978 100 82 68 1.1372455162517525 12 10629 7 10426 5 8975 13 8230
2426 2.5385954495996357 0.17443852474014943 5.3576399207190342 92 73 57 1.1095226998140324 6 10423 7 10461 5 9164 4 9495 13 8770 1 8987 14 7702
2427 2.6662086840272847 0.58267097939830337 5.3308961284314398 58 41 25 1.2196167041408517 6 10434 7 10466 1 9003
2428 3.3880389843824741 -1.7064330531050602 6.2844749166480245 138 133 133 2.5008393877984161 6 10387 7 10479 4 9620 14 8042
2429 1.2936849781626893 0.19719451684635686 4.9247068004695631 156 141 122 0.58466647812755757 12 10844 7 10485 13 8914
2430 2.7361974294930689 -1.882279055685494 6.0760181948569336 133 136 141 1.7299999305587002 7 10494 11 9079
2431 1.4380419738284576 -0.52538075165868658 4.9253391297576972 180 168 152 0.63933329588018051 12 10835 7 10498
2432 1.4213105915427113 0.80806502946623238 4.6676728039766413 166 136 100 1.4992507374646196 6 10572 7 10525 12 10984 4 9854 13 9110
2436 1.215413295545388 -1.2617486254356538 5.2673736673665275 201 198 193 0.86115000698474131 8 4954 9 6033 2 474 3 597
2438 2.5182753986291724 1.1441848360736009 5.2557197890954361 151 129 106 1.8311935528999881 6 2855 7 6930 11 6964
2439 5.8870692641019087 -1.1234560432327341 8.8562359398367789 235 245 254 1.9092270207225179 12 4528 10 9127 2 6117 7 7752
2440 5.3684312551208055 -0.31874325878501059 8.1680129228804308 35 25 24 2.6783131912053464 12 4838 5 1412 4 1684 10 9850 2 6297 7 7819
2441 2.4503346393746264 1.2887938160409362 5.2782751941631254 65 49 34 2.2200309119236801 6 7362 12 5702 5 2478 4 2636 13 2212 1 2540 11 8204 7 9559
2442 2.6172617908368498 1.1293455103942938 5.2227779990867456 44 28 15 1.4554896666626935 6 8426 7 9899 5 6348 4 2546 5 4794 13 2116 1 4741 11 8492
2443 1.4027808951007386 0.41074756798435241 4.8253839182481419 114 90 58 0.5960863231982465 12 9921 7 10327
2444 1.5812002177848941 1.1557929481133948 4.7151676113115801 202 189 173 0.81672286008462214 12 10027 7 10359 13 6884
2445 12.792373508600859 -7.7022270235715133 14.502629858890485 82 90 106 1.4991007643590895 5 34 13 8 11 3323
2446 12.792373508600859 -7.7022270235715133 14.502629858890485 82 90 106 1.4991007643590895 5 35 13 9 11 3324
2447 -0.40454904343104797 -4.1763532048686969 10.196739096624555 80 86 98 2.0102791674806539 2 30 4 38
2448 -0.21256202112287523 -4.1236842464469223 10.039088636682559 133 140 150 0.74052581072132151 2 28 1 197 5 46
2449 0.61888297704308615 -4.1300452414387232 9.8285951141201195 126 126 134 1.2711874152431781 2 3466 5 55 13 16
2450 0.27041134668929451 -3.9866271592873597 9.7818522152718259 101 105 114 1.1191438054157641 2 36 5 73 13 21 1 253 14 89
2451 0.39686748681003309 -3.8780924376493746 9.6595870273829156 120 121 125 1.0505364279697516 2 3476 5 96 13 32
2452 -0.13143308919357033 -3.7671206086382658 10.101616175571436 62 63 67 2.4537649414752885 12 19 5 116 4 117 13 47
2453 -0.13154388233878989 -3.7010027024552188 9.9944198091193286 138 141 147 1.4540102637832018 12 30 5 124 13 53 1 304
2454 1.2108199430585185 -3.9231197413593484 10.092720574675388 118 119 124 2.111065311609917 12 23 5 125 4 162
2455 12.66536632616392 -6.4622231963001342 14.096256210177836 111 111 119 1.4821794089829534 6 378 5 132 11 574
2456 0.4757275184240885 -3.6414548508927473 9.6766117224580341 76 72 71 2.2470229961272636 2 91 5 138 4 174
2457 -0.087283675046279846 -3.6488670707217108 10.078327906001853 73 74 79 1.8132741084284991 12 57 5 142 4 3504
2459 0.02922423011944314 -3.5760197992269451 9.8900131620318437 135 138 145 1.3337142756474416 12 69 5 152 13 71 1 337
2460 -0.033764848958138804 -3.5139220978511454 9.8943728031162603 133 136 143 1.2738679775443178 12 91 5 164 13 82 1 351
2461 -0.13377478308753959 -3.499010431905039 9.9378417311340126 132 133 138 1.1241439576997285 12 3910 5 165 13 83 1 350 14 154
2462 -0.060248749874362545 -3.4620888379802519 9.8971729642380843 131 132 137 1.1066729829581237 12 104 5 171 1 366
2463 0.19026272552033324 -3.4859079325036273 9.8852055410990687 137 138 142 1.7840803869996378 12 110 5 173 4 214
2464 12.647680325597227 -6.1904411582814038 14.340321538020165 102 104 116 1.3271380885855284 6 447 5 178 4 349 14 184
2465 0.36069755076699944 -3.3295667286963155 9.4935417152923609 114 113 118 0.89277538200474538 2 156 5 188 13 97
2466 0.32748738734665811 -3.3285282995167766 9.5383374431957204 53 51 56 1.8628481327016015 2 160 5 189 4 252
2467 0.14526041662167583 -3.3129613262111017 9.7373217317381595 126 133 139 0.73891889178885273 2 179 13 102 5 198 1 423
2468 -0.32957495649827073 -3.2854954927111999 9.9724731025540674 124 129 135 1.4815117776870435 12 166 5 199 13 101 1 403
2469 1.0374327530582379 -3.4609364909960818 9.934916479938428 151 150 155 1.356276783008286 12 3930 5 200 13 104 1 454
2470 1.0374327530582379 -3.4609364909960818 9.934916479938428 151 150 155 1.356276783008286 12 3929 5 201 13 103 1 455
2472 1.0184253916606714 -3.3974709724751753 9.8800259347890265 81 77 76 0.70995052403491088 2 3535 5 209 13 3063 14 209
2474 12.215235179736821 -5.6700176465616146 14.046721226871133 100 104 116 0.039545077550279181 6 525 12 3937
2475 12.835137864711593 -5.7102366860989644 14.063486446577999 39 46 62 1.4388894697376542 5 222 4 425 13 122 1 595 14 231
2476 0.13944840187196428 -2.5285138771633386 6.8796495479930106 51 55 64 1.1400685827111903 12 158 5 250 4 361 13 144
2477 0.13944840187196428 -2.5285138771633386 6.8796495479930106 51 55 64 1.1400685827111903 12 157 5 251 4 362 13 143
2478 12.507452932334054 -5.4211698809491562 14.047235861807762 120 119 124 1.0288013413380996 5 262 13 141
2479 12.059171879000383 -4.8403887846937081 12.954913181978837 127 125 130 1.3868332320494361 6 654 5 299 10 6328
2480 12.081765619296821 -4.7998140594995267 12.980702814556107 68 68 70 1.3009809571594082 6 675 5 307 13 179 10 6335
2481 13.45073480059018 -4.9032964521801308 12.77311894993476 109 112 120 0.59778386781266124 6 713 5 311
2482 0.094908045163742849 -2.2334525202010438 6.6180844898394184 32 31 36 0.8150155558417751 12 233 5 323 4 447 1 663
2483 11.944462363250507 -4.739597083809981 13.122765276174272 107 106 111 0.61602677867786138 6 684 5 326 13 183
2484 13.451106866839424 -4.7982822167591417 12.745217041776302 75 78 87 1.7583481704380481 6 740 5 329 4 566 13 188 11 789 10 4097
2485 12.229309959473836 -4.6097138164666065 12.834688921098639 115 111 112 1.1263566287232432 6 720 5 341 10 6344
2486 11.602508011900124 -4.5060948499827989 14.238935070002064 108 110 117 2.0973991492745432 12 4027 5 376 4 591 1 745 10 4067
2487 -0.55087197906259111 -2.4552335862220582 9.823230696120536 90 90 102 1.0827909732968821 12 364 5 377 4 472
2488 -0.55087197906259111 -2.4552335862220582 9.823230696120536 90 90 102 1.0827909732968821 12 363 5 378 4 473
2489 0.76332557413264901 -1.9433220763113472 5.4164810113813315 119 117 120 0.50373459553138611 6 5952 5 382 13 249 1 768
2490 0.42081332513576591 -2.033053882929301 6.6696315058358122 139 127 119 0.42056857672862619 12 6365 5 393 13 3147
2491 12.098254965001258 -4.1611662261019138 12.923604186655576 132 126 122 0.97025099008236526 6 830 5 399 13 239 10 6373
2492 0.44068353499402674 -1.9884632496881798 6.7015802958122217 156 143 134 0.90426968914507855 12 4023 5 408 4 579
2493 12.074731090403008 -4.0823251088468337 12.926374191219272 121 116 113 0.83747677072921345 6 4104 5 415 4 676 13 258 1 819 11 3575 10 6379
2494 -0.096639801627221938 -2.2715550513079092 9.4617837018959552 136 128 126 1.244793363887122 12 4073 5 418 13 253 1 715 14 382
2495 2.1283049243772911 -2.0522606016314584 5.9336137439317014 188 198 208 1.9886255004476432 6 6037 5 419 13 285
2496 -0.21513891535937335 -2.2183546310187303 9.499446166225237 122 117 114 1.2143749848025442 12 443 5 430 13 270 1 730 14 390
2497 11.700035129253353 -3.9839060520726481 13.305322756751261 19 13 15 0.70814998843196664 6 876 5 434 11 3580 10 6381
2498 11.700035129253353 -3.9839060520726481 13.305322756751261 19 13 15 0.70814998843196664 6 875 5 435 11 3579 10 6380
2499 11.726960207443799 -3.9254805903529575 13.480126517130129 131 123 120 1.0088034909751331 6 4138 5 446 4 728 1 851 14 429 11 5383 10 8019
2500 0.85311391636823442 -1.6929028815244127 5.2397033674421918 148 140 137 1.4112978393075899 12 4029 5 473 13 342
2501 11.67277894086425 -3.7697794758585235 13.8077902507913 62 56 59 0.74109081421955858 6 955 5 482 10 6415
2502 11.67277894086425 -3.7697794758585235 13.8077902507913 62 56 59 0.74109081421955858 6 956 5 483 10 6416
2503 -0.24019537976853839 -2.0431405275526822 9.577862673381663 155 151 152 1.5003155603949343 12 520 5 487 4 616 13 316
2504 2.1647742065412952 -1.8670577494817286 5.8919941114806162 147 136 130 1.7345130321712467 2 3615 12 6393 5 488 13 3221
2505 -0.69824713121361703 -2.0083781084080532 9.8353748625985933 155 146 149 1.604238602925121 6 3664 5 491 13 315
2506 0.05214369370274119 -1.706178603953018 6.5197414686407829 114 101 93 0.82407679221374797 12 4092 5 499 4 679 1 863
2507 0.050618805584869642 -1.7054452387448205 6.5162996687097268 114 101 93 0.93010933482314306 12 4093 5 500 4 678 13 346 1 864
2508 0.64599627273701699 -1.6222172280163103 5.9347364821607655 149 136 127 0.90255463467248287 12 4096 5 550 4 786
2509 0.23276489696182606 -1.6261052949909016 6.426411957566212 72 66 66 0.52346083388296782 12 4113 5 554 4 763 13 384
2510 0.76321200528960809 -1.5645396704477117 5.2771616730868969 135 123 111 0.67509182714755966 12 4077 5 555 4 3870 13 408
2511 0.62749771966963053 -1.615910284734053 6.0004998093362225 140 127 120 0.77781428793066176 12 4102 5 559 13 398
2512 2.753223436558812 -1.7717792187637595 6.0127789226421307 93 88 84 1.1391146537299364 6 3848 12 4109 5 585
2513 2.8867169520200919 -1.7908523336863176 6.0810597050443471 104 96 93 1.8640100862725959 12 4111 5 586 13 431
2514 2.8807679445346839 -1.7874767686287076 6.0666740987162946 104 96 93 1.7273468968467225 6 572 12 4110 5 587 13 432
2515 2.4078765342333739 -1.7280202260812703 6.0070866703166752 155 143 131 1.5065401077318124 12 6432 5 594 4 877 13 3266
2516 2.4078765342333739 -1.7280202260812703 6.0070866703166752 155 143 131 1.5065401077318124 12 6433 5 595 4 878 13 3267
2517 0.68008117209184182 -1.5257467762968375 5.789900914413626 115 102 94 1.0456981990500713 6 6056 5 602 4 847
2518 0.68008117209184182 -1.5257467762968375 5.789900914413626 115 102 94 1.0456981990500713 6 6057 5 603 4 848
2519 2.711482615638277 -1.6798186534051855 6.047471135609908 124 115 106 0.61273820177718552 7 7427 5 650 13 478
2520 0.19386703072905981 -1.4620275986371649 6.3964891188853041 84 78 78 0.44556647677630057 2 464 5 652 4 868 13 472
2521 0.31732713027872222 -1.4258225058656853 6.3530583529413915 127 116 110 0.27896788194067756 2 3786 5 675 4 899 13 491 1 1035
2522 0.68948986653457567 -1.3721817685167963 5.4344609976960179 118 104 95 0.78250270240437436 6 6091 5 683 4 3958 13 512 14 680
2523 0.69000055866731902 -1.3726908044261354 5.4372227503835626 118 104 95 0.72677698124872969 6 6092 5 684 13 513 14 681
2525 4.1616904802555741 -1.5350442783357043 3.601823179595792 12 15 20 0.52064566099169995 12 6405 5 686 13 565
2526 0.32759827205477693 -1.3732820841040485 6.336435547512357 89 84 82 0.81548614566263244 2 3805 5 697 4 934 13 521 1 1059
2527 0.28183233591188456 -1.3648965564503612 6.3455910002590388 70 66 67 0.34742961643197906 2 512 5 704 1 1057
2528 -1.2238742248504304 -1.0951481080450649 4.895882694071692 132 127 133 1.1053050671293976 12 4172 5 719 4 936 13 566
2529 0.73841007441488893 -1.2821483266590481 5.2542995840267857 155 143 131 0.84362944475864898 6 6116 5 728 4 1005 13 570
2530 2.7740160102130234 -1.4812980284115005 5.9516047604810227 149 135 122 1.1242522627575815 12 4206 5 743 4 1062 6 6290 13 573 1 1141
2531 -1.6171194527547976 -1.0216441273606267 5.0402689026490703 143 137 139 1.3991266230398252 12 4207 5 748 4 966
2532 -0.30626167847990271 -1.0821587844995224 4.7011124502826238 134 120 112 0.94728376777744394 6 7678 12 6508 5 767 4 1048 13 624 1 1156
2534 2.2171678831582282 -1.290385128953319 5.9273516553376417 23 23 28 1.321691667273569 6 4025 12 776 5 821
2535 11.720420413709331 -2.4078517270186035 12.859474865172 135 118 108 1.3546344388109215 6 4445 5 835 10 6591
2536 1.6733663611818441 -1.2028257716631496 5.6754725562240846 79 67 56 0.84350195653939097 12 4302 5 849 13 663
2537 2.6077543836303523 -1.291686376377206 5.9849512618273701 144 126 114 1.1209124563909747 12 4308 5 851 13 664
2539 1.8170616947871756 -1.1786952886659054 5.7606636875433583 36 29 23 0.54096621912036724 12 831 5 875 4 1164
2540 2.1447010553743104 -1.1427915106786919 5.8787506725761318 33 28 24 1.0466714536724289 6 4109 5 918 4 1206
2541 0.30849230351970153 -1.0078926167055429 6.2372504974437737 99 90 82 0.79660330855602079 6 6263 5 921 1 1237
2542 0.90423000997024738 -1.0085362915878899 5.0931217725982325 178 164 151 0.48572148814774069 12 4357 5 923 13 763
2543 10.233830542574578 -2.0462374762189071 14.229576277329926 188 197 206 1.0039460151432236 12 4468 5 924 4 1209
2544 12.343163358319606 -2.2434273044870698 14.86917554018255 70 68 73 2.0412883108374968 6 1422 12 999 5 925 10 6641
2545 2.062853668330439 -1.1051889440222811 5.8375062285783477 47 43 39 0.93686910473045271 6 4124 12 4397 5 935 13 764
2547 0.054604821959705785 -0.87514702215149898 4.7497253705468117 162 143 125 1.014305465775821 6 7750 5 966 4 1221 13 814
2548 3.87959170846531 -1.1041245468729197 3.6745869618431879 82 68 59 0.38087198808714468 2 5909 6 4241 5 979
2549 0.74825123172774122 -0.8961170898585411 5.0641768518008963 47 35 26 0.74878695974523568 6 6287 5 985 4 1263 1 1340
2550 4.0477337147126295 -1.0765214496587736 3.4274103576566044 0 0 0 1.7645003765418281 2 5899 12 4314 5 1005
2551 1.9505506435448638 -0.97239338002403386 5.7792855425143062 39 35 36 0.65467242354815414 12 4442 5 1008 13 842 2 4004
2552 3.3090269231916336 -0.93953875388752262 6.017423372374421 114 96 84 0.19492284472229071 12 4501 5 1054
2553 0.8041032304479272 -0.68715577896090907 5.0060533681768851 98 79 62 0.51737532456588076 12 1111 5 1100 1 1446
2554 0.93469428764013562 -0.68940873495798738 5.0356577597849856 167 150 135 0.51270047036956135 6 6409 5 1102 4 1384
2555 3.9673549878064556 -0.82902480896436237 3.4760445094481436 48 30 16 2.0856580870676322 12 4490 5 1152 1 1572 6 7972
2556 -1.5450558840883608 -0.47520147824535391 4.8341792146677518 52 47 45 1.2310682567671336 12 4559 5 1155 13 998 1 1455
2557 -0.71238865577136146 -0.51728168492574644 4.581703328799942 48 39 34 0.83681630086273051 2 4189 5 1171 1 1485
2558 2.2718496034655153 -0.6771927286204289 5.7840565625020988 168 158 148 0.41581777681159676 12 4580 5 1175 13 996
2559 -1.8569654834393048 -0.40550585955747281 4.9937588948403224 113 103 94 1.3884219607570782 12 4603 5 1204 13 1044
2560 -1.8569654834393048 -0.40550585955747281 4.9937588948403224 113 103 94 1.3884219607570782 12 4602 5 1205 13 1043
2561 1.2739266725411527 -0.57759032173966562 5.0634339844284497 146 126 99 0.41695844749239663 2 4163 5 1215 13 1050
2562 -0.56590499159257712 -0.47902101956974452 4.5623094677963385 88 81 73 0.78373167339990391 6 7803 5 1216 13 1059 1 1525
2563 -0.63651415253175925 -0.45308383276578434 4.5550586287890518 161 152 135 0.54011506266284925 2 4242 5 1231 13 1073 1 1534
2564 1.1787340736693954 -0.51123747969037536 5.0657854019613024 161 141 117 0.81161467077511551 3 1299 6 6522 12 4632 5 1244 13 1093 1 1564
2565 0.44415658447123979 -0.45074713444656905 4.7887939280102287 103 94 87 0.26875580322732495 12 4656 5 1262 13 1118
2566 -1.7962759614284776 -0.32289439555151533 4.8855910381571865 57 49 46 1.5249855151250662 12 4683 5 1266 4 1491
2567 0.54631946135436227 -0.43979725487012283 4.8295468118956588 97 87 78 0.24359809780994093 6 6492 5 1273 4 1538
2568 1.1296378351892096 -0.44616767591401468 5.0544362842278963 164 146 126 0.48090157618331181 12 4688 5 1292 13 1155
2569 2.2011824555790893 -0.48186917303401644 5.304942203104245 157 142 130 0.59694553702981568 12 4699 5 1303 13 1160
2570 2.2011824555790893 -0.48186917303401644 5.304942203104245 157 142 130 0.59694553702981568 12 4698 5 1304 13 1161
2571 2.5737747246857072 -0.47486903970443239 5.5172403193995114 26 17 9 0.49820534331401706 12 4716 5 1315 13 1167
2572 0.45782427893970606 -0.38791533365632253 4.7743624911012992 128 110 96 0.36202359239442128 12 4711 5 1322 13 1187
2573 -1.7518571659840607 -0.24021253631190428 4.8572440408106292 116 105 101 0.091636696163984094 12 4751 1 1595
2574 3.9581920291041808 -0.58273111513531761 3.5568191254135901 37 22 15 1.7568427710991532 12 6782 5 1345 4 1663
2575 2.2692871753704464 -0.38224015000612449 5.3086726579293533 152 134 120 1.1469937250768485 6 1476 5 1373 13 1237
2576 -1.7524611470378584 -0.19658489875493884 4.8678884901944635 46 37 32 1.6270545619120604 12 4789 5 1381 4 1607
2577 0.78511419373749125 -0.30469213810332818 4.8509302021754328 35 25 16 0.29350728241105867 6 7983 5 1395 13 1261
2578 2.7807389523167076 -0.33945755411563089 5.5469226448400715 134 115 101 0.52607890930364931 6 4588 5 1411 11 5355
2579 0.032939625296162067 -0.24629864853060032 4.5437810164715646 183 173 164 0.31873361841668862 12 4800 5 1429 13 1311
2580 6.0453413162245431 -0.31841472436944446 8.0646226015722515 68 53 47 0.7168922684965513 12 1635 5 1438 10 8150
2581 0.48175810492351695 -0.2388188378878508 4.7534304246870249 143 124 109 0.61775479737702854 2 6330 6 6590 5 1444 4 1706 13 1320
2582 2.3386927758150469 -0.26705147781982908 5.2970526590340254 159 143 130 1.0123748666904528 12 4841 5 1461 13 1326
2583 2.3386927758150469 -0.26705147781982908 5.2970526590340254 159 143 130 1.0123748666904528 12 4842 5 1462 13 1327
2584 2.2524795636999402 -0.26012199621742504 5.312651010867194 122 100 86 0.40651330516067019 7 8650 5 1464 13 1333
2585 0.50331225693762049 -0.19920205363050048 4.7458559258402655 142 121 107 0.93086642182955437 2 6355 6 6607 5 1474
2586 5.2833200417503612 -0.17490000116694229 8.4736676682927232 103 84 75 0.5591361767780535 2 4516 5 1477 13 1321
2587 6.2664456944462312 -0.23584353246124726 8.1900842518039312 135 112 96 0.85169907228428687 12 4880 5 1478 10 8180
2588 -0.79216545301226615 -0.14189986678006308 4.5093834215290576 108 86 73 0.80176092339226779 6 7944 5 1486 13 1364
2589 2.2419004402877531 -0.19666915618013689 5.2783120340043626 119 98 77 0.73176225468046929 12 4877 5 1498 13 1367
2590 3.3283625094721878 -0.19454466942504567 5.8911601098900306 141 116 96 0.3795603331443414 12 6927 5 1499 13 1365
2591 0.66392189141481195 -0.15292020519298238 4.8385688138754794 38 28 24 0.6448614868300141 12 1684 5 1503 4 1755
2592 -0.6917788303331821 -0.11425945748598625 4.481107617091503 84 66 55 0.57062548900349208 6 8842 12 4883 5 1512 13 1389
2593 7.5097507661389775 -0.084421085743371829 9.0240920374212727 17 11 13 2.4058663320347544 12 6953 5 1523 10 8251
2594 0.39672828396439647 -0.11682632495139034 3.3483569560645963 15 12 13 0.5794838364056546 6 8012 5 1602 4 1847
2595 6.1231197284045269 0.21461853777757289 7.9822269558716732 78 68 59 1.4997029539568383 12 4995 5 1650 10 8267
2596 5.4076214372474425 0.21125925181042804 7.6027074708707083 140 126 117 1.1378097246789458 6 2057 5 1655 4 1885
2597 -1.1310277040875245 0.12315453003911611 4.5496304926728826 172 153 138 0.68605814368965157 2 4720 5 1658 4 1874 13 1525 1 1859
2598 5.4402294395649609 0.24971732944538849 7.7762138707459956 15 8 2 0.61563372442857278 12 5006 5 1662 4 1889
2599 0.36598728667257957 0.11021920964627868 4.6568312130516434 64 46 35 0.38562085963421916 6 8074 5 1671 4 1894
2600 -0.79857003789770697 0.13666812752451388 4.4438259496328012 116 86 66 0.79199138904618838 12 2040 5 1685 4 4618 13 1540
2601 3.7707246580812264 -0.095336063933999876 3.3223023382564527 27 20 10 1.2833485031673513 6 6847 5 1699
2602 0.3404741035330035 0.18900195737607914 4.6814773234069786 13 12 10 0.98628913646003813 6 8092 5 1719 4 1951
2603 5.4915721321035518 0.44833882459549385 7.7711844772925343 22 12 2 1.5591349696084473 12 5081 5 1749 10 8302
2604 -1.7046562333254611 0.2747585117725333 4.7228339376168105 104 84 67 1.2880352749184754 12 5079 5 1751 1 1924
2605 0.35133382057411816 0.065091083758464563 3.3384018224084948 40 36 33 0.83914441262175377 6 8069 5 1754 4 1987
2606 2.6573629326756527 0.26216202353767371 5.3581975552812962 133 112 93 1.0526881672857151 7 8777 5 1764 13 1596
2607 2.7402595950580384 0.26198664992536513 5.3991910705879258 162 141 121 1.6467745376943901 7 7858 12 7070 5 1765 13 3981
2608 6.1447319189657348 0.51068901365164332 7.9516427949155881 59 49 39 0.49299465596110731 12 5100 5 1778 10 9284
2609 6.1188162582539372 0.51038233236236974 7.9162885497398134 59 49 39 1.268280325946666 6 2245 12 5101 5 1779 10 9285
2610 5.4379021543522308 0.56968290273698052 7.7500445264998641 98 78 69 1.2187370173820726 2 4785 6 5109 5 1806 10 9276
2611 2.0393662724087736 0.39711247695254392 5.4162088526593175 104 93 87 0.74978258866601832 7 8793 5 1839 13 1658
2612 2.0393662724087736 0.39711247695254392 5.4162088526593175 104 93 87 0.74978258866601832 7 8794 5 1840 13 1659
2614 -1.9054824183877341 0.38690255041255101 4.7749370879819892 35 30 27 1.0776035014572096 12 5154 5 1845 4 2058
2616 -0.8014211181965738 0.32831850689145164 4.3687092678059702 23 14 7 1.1554285286062167 6 8108 5 1852 4 2088
2617 5.3977334181690866 0.65641315502813247 7.5327845103439204 133 119 110 2.3186284985191765 12 2323 5 1874 1 4514 6 8265
2620 5.4789983667972022 0.70878426077684198 7.7686355884775349 94 76 64 1.0213863142948545 7 6763 5 1889 10 9296
2621 -1.8305463256450296 0.52483317101950577 4.7082137800617234 57 40 32 2.0204280323141641 12 5278 5 1978 4 6504
2622 -0.99962191649530463 0.48329123701686266 4.4127651080654688 115 98 88 1.066756714180833 6 8186 5 1989 4 2225
2623 0.4685973644501194 0.51373156176281665 4.5890839501770859 120 99 82 1.0503357583786113 6 6990 5 2006 9 7960
2624 -0.95954754001742448 0.51180151375053806 4.3914471772948378 107 89 77 0.71262648335943302 6 8205 5 2018 4 2252
2625 -0.9373757516439436 0.53187947083677756 4.3731184003146222 123 104 92 0.4514572116402365 12 5319 5 2045 13 1839
2626 -0.9373757516439436 0.53187947083677756 4.3731184003146222 123 104 92 0.4514572116402365 12 5320 5 2046 13 1840
2627 -0.90308604320437236 0.54150031552018785 4.3621231618060596 72 56 41 0.40571508585699229 12 5334 5 2052 4 2275
2628 0.49183166134263162 0.56670591090151423 4.5807927957105044 110 91 74 0.51054684292230956 2 6667 5 2053 4 2273
2629 3.4726274326977169 0.80950537423388425 5.7622289348396025 167 140 119 1.1214619046982339 12 5367 5 2087 13 1864
2630 2.3830530965427821 0.77848320982491837 5.4146965193740408 51 40 34 1.0503814493157526 6 7139 12 2586 5 2101 1 2256 11 8115
2631 -0.79442303230568723 0.59976184183258319 4.3015903912098752 149 119 96 0.54239347886504119 6 9003 12 2598 5 2102
2632 -0.87434710061769749 0.62295275823755425 4.3481500466922949 151 132 117 0.29232388236382789 2 2380 5 2114 4 2331
2633 -0.87434710061769749 0.62295275823755425 4.3481500466922949 151 132 117 0.29232388236382789 2 2379 5 2115 4 2332
2634 5.4725016733574767 1.1651735509126089 7.3350978219735801 143 122 105 0.94068925056754626 12 5420 5 2141 10 9385
2635 2.3546679478911425 0.85212713060814016 5.4008243034215591 86 72 63 1.1938367472840741 6 7178 12 2637 5 2154 4 2362 13 1918 2 5077
2636 -1.5077604374259699 0.71192590594459859 4.5768012851966011 108 90 76 1.122306901432623 12 5453 5 2160 4 2378 1 2303
2637 2.6349396832345051 0.85291832265128464 5.3047027399841955 32 19 10 0.87977077030429274 12 5444 5 2167 4 2371 13 1932
2638 2.5318830580685203 0.85137339491943886 5.2778619642198272 63 49 39 1.0743989215678433 7 9502 5 2170 4 4901 1 4659
2639 2.845632628757123 0.83172204584093934 5.1446479863495602 163 141 120 0.96325449889783199 12 5448 5 2174 13 1939
2640 -1.8575237096517063 0.7571312708452449 4.6751236546448895 53 40 34 0.566340698747274 12 2698 5 2179 4 2402
2641 2.5664009993082626 0.90069772360997469 5.297537527097818 79 61 47 1.1328034222518795 12 5471 5 2195 4 2398 13 1961
2642 2.5664009993082626 0.90069772360997469 5.297537527097818 79 61 47 1.1328034222518795 12 5472 5 2196 4 2399 13 1962
2643 4.1383276827839204 1.0776094421261539 6.1806467754026677 36 24 12 1.5722585132329208 12 2702 5 2207 10 10007
2644 -0.88478643282210978 0.83437896015254442 4.3161221510871002 59 41 25 0.52510219458755181 6 7221 5 2317 4 5000
2645 1.3204481451607963 0.94301834283691099 4.6366477902411454 62 52 43 0.95375790957028117 6 7270 5 2329 4 2525 13 2092 11 8703
2646 1.3378088851304495 0.96069320315361972 4.6287689256780427 111 101 92 1.1082560219659621 6 7284 5 2350 4 2538 11 8705
2647 3.4098076994371249 1.1975528053367037 5.6465447545885805 110 83 64 1.1630186314717479 12 7376 5 2351 13 2099
2648 6.0537939473061941 1.670522241001495 7.5615055182729964 99 80 65 1.9960298780243164 12 2900 5 2387 10 9466
2649 -0.78697130463988663 0.92568173930364495 4.2408846829191003 141 122 105 0.48947363717453313 2 5266 5 2419 13 2171
2650 -0.88722926356576903 0.93859529233690964 4.2681098642334865 51 34 18 1.0685192646401238 6 8435 5 2427 13 2182
2651 0.52508445162980077 1.0120074384737652 4.506722538990104 165 142 126 2.8163157252716537 3 7050 5 2428 9 8113
2652 2.7914180843445018 1.1794009047436382 5.1147639178491495 109 80 56 1.8772242168323725 7 8944 5 2430 12 5661 11 7697
2653 1.3466871150514597 1.0626556749202523 4.6349333906673387 89 63 38 1.3106644454224694 6 7328 5 2439 11 8506
2654 0.44523475444102384 1.016547625690571 4.4684485303954018 175 152 136 0.9087135298112079 3 7054 5 2441 13 2184 2 6871
2655 2.5684251197904731 1.2619196699091577 5.2283978647047906 76 58 42 1.6541778613964961 12 5691 5 2468 4 2616 6 7353
2656 -0.82150587747453407 0.97438460036253871 4.2146027824342198 80 64 48 0.65862206010091884 12 5705 5 2470 13 2213
2657 0.36986978209695781 1.0610222277770547 4.4304790135619703 172 150 136 0.42665493817012456 5 2485 9 7069
2658 -0.87421117289857042 1.0267879750474547 4.2485226249839645 144 123 102 0.97388030034857354 12 5746 5 2521 4 2690
2659 0.4177144184806712 1.108521434772785 4.4549882815583102 94 76 62 1.3610254571962666 6 8481 5 2522 13 2251
2660 2.255160996394503 1.3630173015138767 5.3809157933278469 30 19 13 1.1486225053327115 2 6931 7 9565 5 2525
2661 2.4128957406071789 1.3566785284551721 5.2557594180602862 140 126 113 0.99351966532505476 6 5674 7 9570 5 2537
2662 -0.57221395834308231 1.1586693830632422 4.1830806189810232 151 135 119 1.139723369460943 6 8554 12 7571 5 2641
2663 1.6408383305196541 1.2520744699233703 4.1487341027066069 131 121 120 0.0067928316265633837 7 10267 5 2691
2665 12.926655963112568 -7.2686309896375727 14.690360393123902 104 108 119 2.1764313184459398 6 267 5 3272 13 3021 1 335 4 188
2666 12.594440981426057 -6.9231044598515945 14.431780972908751 165 181 194 2.3484066603034255 5 3283 4 235 13 36 1 372 14 130 10 6277
2667 0.0092740201781778553 -3.7570443677048897 9.9577221324546024 126 127 132 1.4235841251657451 12 3882 5 3296 13 3033 1 296
2668 0.2785676152115541 -3.639899003370128 9.6598858291861553 61 62 66 0.92683415406682901 2 3497 5 3306 13 63 1 3398
2669 -0.40164802352006501 -3.6106384195337426 10.006897928186323 75 84 91 0.91935005205353393 12 6298 5 3307 13 62 1 3390 14 139
2670 -0.15962881357394654 -3.5565386467351878 9.9628816298527667 130 131 136 1.064664620798619 12 3906 5 3311 13 3037 1 3403 14 146
2671 1.0826246430242246 -3.6233760561362076 9.9839598270796426 127 123 124 1.8600057992308245 12 3914 5 3324 14 167
2672 1.2024386900048103 -3.4850815615340953 9.8972327660411885 147 143 143 1.4226735822966463 2 3521 12 6316 5 3341 13 3058
2673 0.20624827210895641 -2.5266230981834594 6.8446957707858944 58 62 73 1.1317938621019346 12 3927 5 3364 13 145
2674 11.776267216407556 -4.7593243157514333 13.286553900296029 121 121 126 1.4748930328923613 6 3952 5 3407 4 3712 13 3089 1 3657 11 5323 10 7973
2675 12.375168867910563 -4.5732887303505612 12.771441146693491 86 81 85 1.219432378537739 6 4000 5 3419 4 577 13 195 1 734 11 3527
2676 12.125254798618222 -4.5351255738457867 12.857136175476862 116 111 111 1.0135918161490736 6 3998 5 3422 4 576
2677 -0.17414421552540862 -2.5167423546410128 9.5444164010943808 57 58 64 1.5603799519396904 12 4024 5 3432 4 3667 13 201 1 652
2678 11.662202656314173 -4.5626319607502266 14.191551830424254 137 136 141 1.5614462294364486 6 4015 5 3442 4 3752 13 3104 1 3681 14 336 10 6347
2679 11.644283961396312 -4.4618534956412219 13.776201798629206 117 115 120 1.6350364797441912 6 4019 5 3447 4 593 1 747 14 355 10 7992
2680 11.666238003189649 -4.4954079203692077 14.121345172392783 57 57 65 1.3260186832643546 6 4020 5 3449 4 3756 1 3690
2681 12.414702292921616 -4.2610814863230386 12.679650416060339 132 124 122 1.0162993333006856 6 4067 5 3467 4 3785 1 3707 14 391 11 5361 10 8006
2682 -0.43477152515658191 -2.3714174693126044 9.6855472112304248 128 126 131 1.8564705228522722 12 4051 5 3470 4 3691 13 3120 14 345
2683 11.986374547841345 -4.2231060410947494 13.002842660167826 131 126 123 1.0926360691315575 6 4065 5 3473 4 3783 1 3705 14 387 11 5352 10 7999
2684 11.840271002717291 -4.1488367196645388 13.152926648153827 114 108 108 0.60470184054895504 6 4079 5 3483 14 398 11 3563 10 8003
2685 -0.14194377250556031 -2.2721528598971052 9.4783014500108269 147 139 137 1.123527908622389 12 4072 5 3493 13 3145 1 3670 14 381
2686 -0.11973412130775057 -2.2375606396914831 9.4561823777305065 86 80 81 0.9400303043268321 12 4088 5 3498 13 263 1 724
2687 1.8619374821910704 -1.9276737565724285 5.8457689857004436 149 141 130 0.83621900928634108 6 6043 5 3516 14 541 4 686
2688 -0.037953864820137573 -1.7825612852814052 6.5897217918340374 111 102 98 0.5639689798699925 12 6400 5 3520 13 3190
2689 0.23063224863104076 -1.7895710691841371 6.469925923094765 59 58 56 0.48581268260541055 12 6398 5 3523 4 3791 13 3198 14 511
2690 0.22858213078638751 -1.7890376873426614 6.4626146750149909 59 58 56 0.44746429489093459 2 3676 5 3524 4 3792 13 3199 14 512
2691 2.6953866283412471 -2.0147163498166654 6.1982929195194494 175 185 194 1.1208755903748679 12 8027 5 3527 4 5972
2692 11.633077618764053 -3.8240957405065585 13.652693272086331 64 59 63 1.5276669785001089 12 6426 5 3528 4 3844 1 3757 10 9120
2693 -0.50015085897799594 -2.0372487497372971 9.5085083156318735 132 124 122 2.1342585426941505 6 6047 5 3530 13 299 14 419
2694 -0.21661643082311446 -2.0639276994592697 9.4956419668898153 126 117 118 1.6848484918176136 12 4122 5 3531 13 3181 1 3702 14 431
2695 1.8613340884835385 -1.8539987399412381 5.8305647108983694 152 140 128 1.1993011167119443 6 6069 5 3536 4 740
2696 1.8613340884835385 -1.8539987399412381 5.8305647108983694 152 140 128 1.1993011167119443 6 6070 5 3537 4 741
2697 1.7918578499488551 -1.8340718266722875 5.8069273451349304 147 135 123 0.88129506435445304 6 6067 5 3541 4 745
2698 1.7918578499488551 -1.8340718266722875 5.8069273451349304 147 135 123 0.88129506435445304 6 6068 5 3542 4 746
2699 0.11871719214853982 -1.7061551156820292 6.4777173983115182 99 88 82 0.39177140073543271 2 3694 5 3558 4 3802 13 349 1 865 14 538
2700 0.62958131164911757 -1.6412953178624192 5.9585487741434937 43 37 37 0.71532892294033557 6 7685 12 4095 5 3577 4 766 13 380 1 941
2701 2.123430280056855 -1.7758657895698646 5.8558814704555919 100 85 74 2.3842397298815823 7 9137 5 3582 13 393 1 989
2702 0.64262971257378698 -1.5566312835361933 5.916910843884116 95 78 68 0.8785612801513274 6 6050 12 4119 5 3598 4 3880 13 424
2703 1.7487019507817902 -1.6165232369953533 5.6924130964073623 60 56 53 0.89491969942249194 6 7733 5 3613 4 3912 13 3271 12 6435 1 3865 14 640
2704 1.4572361793645197 -1.544051216457218 5.2777038819122577 151 138 122 0.064320528287425544 6 6094 5 3616
2705 0.59266455951940711 -1.521234163048784 6.0766108368792562 112 99 90 0.41612145732937755 12 4143 5 3622 4 3890 13 451 14 618
2706 1.2037655685679589 -1.4850803585945165 5.3210238387605893 138 124 115 1.0915227799719429 3 5921 6 6097 5 3631 4 906 13 482
2707 1.2045268425826825 -1.484699951370744 5.3230661329838229 138 124 115 0.944173213702164 6 6096 5 3632 4 905 13 483
2708 0.33947643174166525 -1.461520188741684 6.3544960401642685 68 65 60 0.45677674892339798 2 3772 12 6481 5 3644 4 3909 13 3286 1 1022 14 635
2709 3.0456595074159609 -1.6424989927033227 6.1071823472960372 127 116 107 1.0184784422049289 12 6476 5 3679 13 3304 1 1089 14 670
2710 -0.49443899970497363 -1.181788942406476 4.6983864705616556 58 54 55 0.79061730091784033 12 6468 5 3692 4 3957 13 545 1 1078
2711 -1.2561112975874655 -1.0579371103352579 4.8676445099996704 109 103 103 0.44505940495160817 2 3869 5 3733 1 1100
2712 1.9663838851066848 -1.3774564015188988 5.8168361338482288 103 94 85 1.2747528576184486 7 8433 5 3747 4 1061 13 596
2713 0.84437933303388402 -1.1975787507691695 5.1164839077405109 131 117 106 0.48092916706405131 2 5963 5 3759 4 1070 13 3374
2714 2.9588680044755442 -1.4288901526905391 5.9871384341096867 124 110 99 1.1634236272568934 12 4247 5 3760 4 1091
2715 0.73491923889109856 -1.1917452019253041 5.2306119854043915 103 92 82 0.88117282193572077 12 6526 5 3763 13 3373
2716 2.8840240922871452 -1.3929655872430082 5.9932904148365012 132 120 108 0.96208684036562364 12 4260 5 3770 13 631
2717 2.9066569359286771 -1.3638241401472475 5.9784848389931087 145 131 120 0.79043708619598951 12 6545 5 3778 4 1127 6 4078
2718 0.35187828979441066 -1.0867712787435235 4.8996743991893874 48 39 40 0.75802607607110151 6 8680 5 3782 13 3395 14 784
2719 0.6086157074408316 -1.0983415202281062 4.9745107787355591 52 45 39 0.70157619006734628 12 6538 5 3787 4 1115 13 662
2720 0.7672925448581378 -1.1131711804891813 5.0982113622078327 147 138 129 0.19454613180961841 12 4275 5 3788 4 4053
2721 11.640833411783321 -2.3523950607264159 12.704679065782251 142 126 113 0.65589345381286168 6 4457 5 3790 4 1174
2722 0.69465556362410541 -1.089814622181577 5.0254430339364635 97 90 84 0.77873382674447089 12 6550 5 3791 4 4059 1 1228
2723 3.9406466036959298 -1.2776078739200651 3.6380382058140981 147 120 101 0.71387450092858884 6 6353 5 3792 4 4120
2724 0.38728856410300322 -1.003620082941062 4.9111288233933656 150 133 117 2.0559539885991973 6 6169 5 3809 13 3420
2725 1.7256997744596614 -1.0851582238482496 5.6765491338367147 176 161 148 0.96651338858641334 12 6591 5 3832 13 760
2726 1.7256997744596614 -1.0851582238482496 5.6765491338367147 176 161 148 0.96651338858641334 12 6590 5 3833 13 759
2727 1.6993264872783769 -1.0537919460321015 5.6713677006567842 46 39 33 0.85919991160397358 12 6607 5 3854 13 3446
2728 0.51321543366442524 -0.92868624187712867 4.9432539212748123 142 123 108 0.78866749272382397 6 8716 5 3859 4 4114 13 3460 12 8133 1 1302 14 862
2729 1.8872098469037919 -1.044380374128616 5.7474135911756603 42 35 35 0.76575052642977326 12 6614 5 3862 4 1240 6 4127 13 3456
2730 0.24168706958027414 -0.90440891920967359 6.2432232531441079 22 18 15 0.58927432569825666 6 6305 5 3868 1 1292
2731 1.840752159649619 -1.0000740504939563 5.7322001321514815 30 30 30 0.54283221614747557 6 6379 5 3874 4 4144
2732 4.1445184482736757 -1.1001861958833385 3.3335002725982452 102 84 74 0.70613308548049647 2 7298 5 3880 4 1333
2733 2.0476076972055282 -0.979776656534461 5.8186181105126522 37 34 31 1.0742434771490359 6 6416 5 3890 4 4157 1 1352 14 885
2734 2.2949115966242517 -0.98154310325892569 5.8799759595617065 154 141 132 0.63164089495774878 7 8538 12 6646 5 3897 13 3493
2735 2.792659124517074 -1.0155549919129525 5.8248108657652296 152 136 121 1.1231901132833997 6 6459 7 8550 12 6643 5 3898 4 1298 1 1372
2736 3.9915273938152938 -1.0570235716580612 3.5557228782174741 141 117 106 0.88683437313158642 2 7308 5 3899 4 1349
2737 4.1181406965525476 -0.99951651129604291 3.3615457562605418 164 146 133 1.8615062869201042 12 6586 5 3922
2738 1.7257397007335458 -0.84123035825496228 5.6447161534214283 27 20 14 0.47264584715378621 12 6672 5 3927 13 3530
2739 1.8478029152500159 -0.84436774853467278 5.6623154780578782 145 131 117 1.0842256864398356 12 8171 5 3934 4 6195 13 3536 14 948
2740 1.8516708160392477 -0.84352032291107704 5.6730572654500797 145 131 117 0.78871693615028571 12 8170 5 3935 13 3535 14 947
2742 11.697693545912889 -1.4934627763265957 12.755423533373538 151 135 119 0.87802397799439191 6 6668 5 3950 4 4235 1 4124 14 866
2743 2.5154700125160296 -0.85235977795869045 5.8990243477392523 145 130 111 0.59145261334115218 6 6500 5 3953 4 4225 1 1420 14 967
2744 11.739236758522299 -1.4743478628248012 12.650084953527474 135 119 106 1.2328226893634044 6 4594 5 3956 1 4131 14 874 10 8193
2745 2.3269559529202706 -0.77813881270471463 5.8652296353853757 38 31 24 0.80103306800709151 12 6709 5 3970 4 4251 13 3562 1 1449
2746 0.7233969314287807 -0.62293595202789009 5.0652472365018522 127 109 95 0.21530866406231899 12 4546 5 3996 4 4267
2747 2.7928473847148751 -0.69892128529396103 5.762044376056572 140 131 116 0.53992794848683068 6 6568 5 4022 4 1468 13 1002 1 1516
2748 -1.7590158603192232 -0.37928512723650853 4.9096666875653181 47 42 38 1.9519625266344431 12 4622 5 4061 4 4300 1 4199 14 1088
2749 1.7866844656750871 -0.56979397905540563 5.1830402267427891 128 112 99 0.8824438636430284 12 6759 5 4064 4 1505 13 1066
2750 -1.8625950961337499 -0.35567818319847788 4.9748769019704344 150 143 135 1.4730003426033462 12 4646 5 4070 13 3642
2751 -0.87381400905662332 -0.37662054314386234 4.536343436860431 120 112 105 1.8608119971801209 6 7815 5 4100 1 4256
2752 -0.91100317914278373 -0.3556097917243074 4.5666352974759841 42 32 30 1.144318836880738 6 9314 5 4105 14 1160
2753 2.6214733483936592 -0.47422649292168556 5.5147052808874131 142 128 119 1.0482652292275105 12 6815 5 4126 4 1599 6 4535 13 1169
2754 2.6199702750611307 -0.47576166377273471 5.5128148459940087 142 128 119 1.0283996845593253 12 6816 5 4127 13 1170
2755 -1.9056643672318114 -0.20522373459159504 4.9537820271918518 49 41 38 1.4661610877483762 2 6359 5 4165 4 4411 12 6858
2756 2.1495743979240283 -0.36554771113239798 5.2929833211012856 94 77 69 0.63021437243032186 6 6637 12 6857 5 4176 4 1650 13 3712 7 9282
2757 -2.0817268231041068 -0.16720965441396665 5.0322840939661546 78 70 68 1.5684106831580713 12 6886 5 4181 13 3724
2758 2.4829572760460241 -0.34897395000988024 5.4367827707712992 167 149 137 1.0648049118087932 6 6651 7 9295 12 6878 5 4190 4 1667 13 1258 2 6271
2759 -2.045948078987617 -0.15065694519639877 5.0372757168534212 78 69 64 1.602317174874121 12 6895 5 4197 13 3744
2760 5.4914020964745403 -0.33422044608856621 8.0783238139303375 32 22 22 0.70123237744107814 6 6739 5 4211 14 1195
2761 5.9603413114393708 -0.3527363705994615 7.9663043443939783 37 28 29 0.64219878728961366 12 4837 5 4216 4 1703
2762 1.1225260476642083 -0.27169918412029115 5.0149163027997954 177 155 132 1.345657482933178 7 9749 5 4224 4 1688 1 1695 11 8330
2763 1.9758775775725606 -0.30449182529830071 5.151423851603341 137 123 112 0.58091195897908399 12 8285 5 4226 13 3756
2764 1.632340126310448 -0.21959175029802411 4.9847198551778078 126 104 81 1.3027007250104277 12 8299 5 4264 13 3805
2765 2.1449327073303732 -0.17057150434030249 5.2349300266507672 52 33 17 1.0801966934805023 6 8056 12 6929 5 4279 4 4518 13 3819 1 4358 14 1297
2766 6.0870545872914521 -0.055816519937172779 7.9818604028061477 142 132 122 0.80372408356630676 12 6957 5 4311 4 4541 6 6813
2767 -2.073547963512028 0.061965391083714252 5.0091497409702326 137 123 112 1.8123503797986098 12 6970 5 4323 13 3862
2768 5.9011526042299662 0.039058095916957358 7.9077395752687503 147 135 123 1.6814740918228073 12 6978 5 4332 4 4557 6 8146 1 4385 14 1311 10 9221
2769 0.0058529853024651413 -0.015336098056535911 4.5106733240746371 177 161 146 0.2790724350702482 6 8889 5 4343 4 4556 13 3871
2770 5.6074350038728848 0.087443716620572265 8.0258650071932003 19 13 13 1.1229058268599015 6 4933 12 6984 5 4345 4 4563 1 1806 14 1316
2771 5.6021179237147241 0.085785135793667033 8.019561911962958 19 13 13 1.0484114846036641 12 6983 5 4346 4 4564 1 1807 14 1317
2772 5.4911866235139213 0.13032224222904232 7.9562510965967776 83 70 61 1.0290213342072874 12 6994 5 4355 14 1331
2773 5.6334567141163587 0.11682478229268056 7.7223224125824199 143 135 125 0.20639169568495472 12 6995 5 4360 14 1336
2774 0.0027467556905207413 0.060957470730833796 4.501037401088305 155 130 111 0.32229086881172675 6 8050 5 4373 4 1870
2775 2.6667677373682084 0.075556576090942809 5.4107846522358276 113 89 65 1.5013117318768241 7 8743 5 4374
2776 -0.81288482930791006 0.10335376373416408 4.4578274432954048 133 109 93 0.36887504768720719 6 8891 5 4380 4 4603 1 4422
2777 6.3789495428387761 0.25683159580684239 8.0467665756018398 157 140 122 1.3735127098564586 12 7027 5 4384 4 1895 14 1375 10 9261
2778 0.39014540279066828 -0.025307080045700488 3.3108210226059427 149 137 125 0.49677652580475296 6 8898 5 4390 4 1911
2779 3.3120761574024491 0.15300139285544251 5.8237671715715207 154 128 105 0.46218639464919015 2 7623 5 4393 13 3917
2780 5.699312232077455 0.29530977306331235 7.7619637506527548 87 66 49 0.7236275481369846 12 7040 5 4394 10 9914
2782 -0.0025084836749981743 0.12035590413896596 4.4773493797580777 156 135 118 0.30544997345388741 6 8912 5 4403 13 3929
2783 -1.7889012024741135 0.22479024188530872 4.7798458185477415 160 133 114 1.5371833623620395 12 7047 5 4413 4 4628 14 1422
2784 6.3829905334415988 0.4116878898411655 7.9552292019553308 156 137 121 0.66257952430477007 6 2207 5 4429 14 1425
2785 6.1255341815710604 0.44582348797234556 7.9504700424973374 45 35 25 1.2932359019067134 12 7073 5 4438 4 1980 14 1438 10 9936
2786 6.037303853257062 0.46228723203939676 7.8904805890665424 159 147 138 0.67993825093758675 12 7083 5 4448 10 8324
2787 5.9523144188439341 0.48426798065379345 7.8257756951695088 33 24 16 0.36682340292112825 12 7093 5 4455 4 1999 10 9274
2788 6.2955417218817473 0.61274138964053293 7.9355490093196144 111 97 80 1.5305202047272002 6 5132 5 4485 4 2051 1 2004 10 9956
2790 3.9637883253903459 0.062807366475750262 3.2259335985830022 0 0 0 0.099329686087014216 2 7637 6 6953
2791 5.9307267384189348 0.62852811667107966 7.7802545726606835 41 31 21 0.9373380792983198 12 7126 5 4492 4 2067 14 1535 10 9954
2792 5.7298892378635253 0.62426440981268816 7.723608101500484 132 113 96 0.3335447921917214 12 7131 5 4494 10 9951
2793 2.8384343920588817 0.37346512495928691 5.3009586439717227 143 130 115 2.0052159359464219 12 7117 5 4497 11 8070
2794 5.3886589161123659 0.73044752619595332 7.4431667294829138 32 21 15 1.1584100927432561 12 7167 5 4526 1 2086 6 7052 10 9957
2795 -1.8323417957140715 0.45570733804896918 4.7270095453994223 18 13 9 1.0717138073302326 12 7169 5 4528 14 1606
2796 -1.5981869145540166 0.50746672940879267 4.6234093318479594 93 74 60 1.3208813205603551 2 4973 5 4562 4 2207 1 2148
2797 2.3436133851677341 0.65937309975532954 5.4767449087464586 81 67 56 0.51747543820251007 6 8291 5 4590 4 4798 1 4589
2798 -1.6674732623414781 0.57177747837030379 4.6253989496804735 129 106 92 1.3273107138758606 12 7241 5 4596 4 4811 1 4590 14 1693
2799 2.3643161527199736 0.67517438430422616 5.4493445018893674 99 82 72 0.17143665932707294 7 9471 5 4598 4 2262
2800 4.7036296835411395 1.0319338301081693 6.9566414220883503 28 19 10 0.61618257942478605 12 5390 5 4649 14 1728
2802 1.3260795909637708 0.73829336780882548 4.6727976214106919 163 141 114 0.46084738910323853 12 5442 5 4678 13 1938
2803 -1.6775644058746468 0.73436379090265658 4.6035606886291482 94 76 62 1.5904540765625246 2 5104 5 4683 4 4912
2804 -1.7284170515924926 0.7676654167716308 4.5872908310176168 136 113 97 1.4481876720208895 12 7312 5 4699 4 4933 1 2335 14 1789
2805 2.5139171176092274 0.92951472961193304 5.2909573081247476 118 93 75 1.0997011576256073 2 6740 5 4703 4 2416 13 1988
2807 5.4434087377152247 1.3801826446975405 7.5800545913759763 79 68 62 1.844387259954076 12 7311 5 4709 14 3897 10 10398
2809 3.9275543755420941 0.53252065902469647 3.1685147287820121 150 141 132 0.18123028923650195 2 7800 6 8383 1 2373
2810 5.4639442154708426 1.4622750577858454 7.5643667871236193 64 50 39 1.6387718741897996 12 7338 5 4727 14 1829 10 10036
2811 6.0449478198301358 1.4764815186721247 7.593543466159911 85 67 53 1.7968713551815418 6 5476 5 4728 14 1831 10 10041
2812 0.8615212320093657 0.87613998200125454 4.6716268530279983 167 146 127 0.88929159199691044 6 8391 5 4730 4 4963 14 1842
2813 5.4132134225750619 1.4279193667774097 7.2614001110832849 147 128 114 1.4593643110367498 2 6787 5 4734 4 2466 10 10040
2814 3.9170224594574368 0.60916237260075579 3.1602654431061552 156 151 147 0.39852843372786045 2 7841 1 2420
2816 5.5956992971252077 1.667330023144185 7.6974678156541456 68 54 45 1.6733940910899749 12 5614 5 4784 14 1875
2817 3.3552521172888246 1.1880549359344601 5.4819208134835682 146 119 100 0.081915767233025572 12 8597 13 4315
2818 2.7673005168734934 1.1177572941313416 5.2219730180391535 20 11 2 0.53826186519768049 7 8924 5 4792
2819 1.340006181601235 1.014786608424975 4.5364803261072053 161 133 109 1.1874126651199211 12 7414 5 4814 13 2150 4 2579
2820 1.340006181601235 1.014786608424975 4.5364803261072053 161 133 109 1.1874126651199211 12 7415 5 4815 4 2578 13 2151
2821 1.306902532892855 1.0492287767919468 4.6749109164163096 144 117 90 1.4384937571144636 7 9906 5 4818 14 1913
2822 2.4136644236188909 1.2908448074080439 5.2763238045690821 134 115 101 1.5728237256063531 12 7458 5 4854 13 4384 1 2532
2823 2.4004691887989273 1.284990247849386 5.2484834195188519 134 115 101 1.5371782469384525 12 7459 5 4855 13 4385
2826 13.070088315434219 -7.2776584967473914 14.58349680093041 87 91 102 2.5424093270837584 6 6033 5 5384 1 3405
2827 12.835171091958824 -7.0980308343657148 14.666340902267645 97 99 111 2.2199357764692267 6 6046 5 5386 4 5766 13 3025 4 3526 1 3418 14 2867
2828 12.786726316594644 -6.5166877320062397 14.105952075140067 54 58 70 2.1570137445161826 5 5403 4 3559 13 4949 1 3474 14 2892 10 7953
2829 -0.15292360805517333 -3.4380226553424631 9.9160967277177221 95 96 101 1.0119245119468416 12 7954 5 5429 1 5415 14 2895
2830 -0.15236894087498776 -3.4387820200967942 9.916121642094156 95 96 101 1.0152395172161048 12 7955 5 5430 1 5416
2831 0.17274044581693937 -3.4225500799371824 9.7536471470042763 142 145 150 0.95598446662016934 2 7242 13 4958 1 5427 5 5433 14 4639
2832 12.437988194794801 -6.0227126050769151 14.365630011409353 85 88 103 2.1397149390812591 5 5446 4 5829 13 4963 1 5467 6 7739 14 2911 10 9781
2833 0.12348036322683803 -3.326421317192338 9.7540240975116124 124 131 137 1.0712603621236567 2 5809 5 5449 14 2906
2834 0.12176738620696426 -3.3416049191933754 9.7939072691389075 124 131 137 1.9777125944388463 2 5810 5 5450 4 5775
2835 0.22293007106088997 -3.3358291399566626 9.7078293801274871 113 122 129 0.56049443504857877 2 5808 5 5451 13 4965 1 5440
2837 -0.42916138212321198 -2.5737284802362548 9.8418093674647427 114 113 118 0.82447835782015866 12 6370 5 5529
2838 -0.34258585343225229 -2.5704000217961318 9.7823623101764401 135 140 146 0.68133587867257461 5 5530 1 5500 14 5818
2839 12.481923571164568 -4.294478485026004 12.641582005696753 65 59 59 1.3537352713081567 6 6330 5 5549 4 5943 14 3034 11 6577 10 9112
2840 -0.082166363394703623 -1.9543986865903489 6.5743054731234594 60 59 64 0.98409572172610049 6 9243 5 5559 4 5908 13 5028 1 5549 14 3060
2841 11.890808712649525 -4.1677493332376212 13.043498364745099 36 35 40 1.0972845836380449 6 6343 5 5563 4 5948 1 5567 13 6354 14 3040 11 5358 10 9110
2842 1.1546172578507512 -1.9019941465622563 5.3976246899814573 79 69 67 1.5807497447908321 6 7644 5 5566 13 5037 12 8006
2843 0.66688782240508537 -1.8654191748076192 5.6391489930649064 98 98 98 0.75441290730129207 6 8635 5 5572 4 5929 14 3105 15 191
2844 0.33470839314058537 -1.8555910978058208 6.5972665663046728 135 118 108 1.0182505370456949 12 8030 5 5590 13 3184
2845 -2.2247812625396279 -1.0467690482867791 3.9711888601824676 83 74 75 2.0178171326724228 12 9012 5 5642 4 7276
2846 2.3660025631088542 -1.6510117520236469 5.9502676471480926 157 140 127 1.1246416389909648 12 9026 5 5644 4 3945 1 1053 14 650
2847 1.626181235993478 -1.5323231296362814 5.6550523877808283 149 136 120 1.1210916979799439 12 8061 5 5651 13 5121
2848 -1.8608377859538463 -1.0846090045970422 5.2066699593668506 107 123 138 1.4036556048561117 12 8084 5 5672
2849 -0.35498824734937356 -1.1405159877272788 4.7152547846800061 45 43 46 1.8537957149036282 6 9256 5 5683 4 6047 13 5154
2851 1.6951214401892853 -1.2984291218313737 5.6938670380107386 61 59 60 1.0080262492868086 12 9054 5 5708 13 5166
2852 2.1134282800007687 -1.2992640490096421 5.8693334241771957 132 122 114 1.4376927675013491 7 9188 12 6548 5 5715 4 1111
2853 2.3180695704350858 -1.3109050728502736 5.9336492908831557 64 54 48 0.947078097810792 7 9706 5 5717 4 6094 1 5753 14 3288
2854 0.1369760500548079 -0.96892351801136822 4.7877813373596068 155 139 124 0.56779996397794419 6 9279 5 5735 4 6121 13 5204 14 3343
2855 4.0748212506561767 -1.134021160615899 3.426722184220313 88 75 66 1.5106613693550102 2 8244 5 5750 4 6189
2856 0.13796797039862063 -0.86126699403336726 4.7757351558704366 153 134 119 0.67053190782534244 6 8702 5 5751 14 890 4 4128
2857 10.227787206377819 -1.8239585765254283 14.103516319468676 183 192 194 1.8875208339712088 12 8173 5 5755 4 6158 14 4849
2858 10.229287925196042 -1.6347657044220625 14.338340943938594 178 187 192 1.3676283095837023 12 8188 5 5776 4 6183 14 3320
2860 2.5746480361347821 -0.81848268059810669 5.8726106858092866 162 140 117 1.1246918872774179 6 7949 5 5810 4 4247 1 4156 14 989
2861 -0.69703871771088055 -0.51120874124801485 4.5703282267027312 44 31 25 0.78176219175531703 2 7483 5 5846 14 3476
2862 0.23021523542281014 -0.47148672713465106 4.7097138541012873 27 18 10 0.48690137917614462 6 8807 5 5886 14 1124 13 5351
2863 7.9472664726326459 -0.67640994720233394 9.400220563036509 59 62 67 0.44265795036426114 12 8265 5 5907 14 3482
2864 0.18094963045847789 -0.32500421415394409 4.6196385481611077 41 32 27 0.31871596455894108 6 9348 5 5935 4 6309
2865 0.75961287128001387 -0.32700074202023144 4.9136294678048058 158 146 132 0.33588186216573673 2 6283 5 5940
2867 3.9612739210901564 -0.35660005115894777 3.5616492900239543 122 97 77 0.061296296835281525 12 8296 14 1339
2868 5.9647235661384288 -0.069298987712824972 8.0192283220816201 154 132 113 1.4902718906310537 6 6803 12 9185 5 6003 4 4536 1 4363 14 3598 10 10308
2869 1.4762050655981629 -0.081880714264310456 4.8031104371914797 161 143 119 0.91070701467050952 12 9186 5 6017 13 5444
2870 0.38709140636623279 0.0082595910048949006 4.6748047414510845 147 133 122 0.7251935923029259 6 8901 5 6026 4 4571 1 1819 14 1362
2871 2.4101603893025181 0.12696482283885424 5.375658362524816 43 29 20 0.83652388898896723 2 6458 5 6061 4 4623 13 3916 1 4437 14 1398 7 9353
2872 2.7786995260566894 0.18362471729596805 5.4053922672533421 155 138 122 1.481632589909611 12 7044 5 6074 4 1934 13 3941
2873 -1.7353599135591278 0.27483710736682604 4.754439578823777 118 92 74 1.7442723791676595 12 8400 5 6092 4 6434 14 1474
2874 5.61792671522237 0.47029328039571311 7.6417814285961931 126 104 86 1.6511071179453223 12 8404 5 6101 1 4476 14 3707
2875 1.3303573587209843 0.25843722277286857 4.7588350329321703 29 21 18 0.40561474876275072 6 8949 5 6109 4 6452 14 3730
2876 4.3682627777598766 0.51162300061235699 6.9351019834229772 115 91 70 1.9118719114090557 12 8415 5 6118 13 5542 10 10825
2877 2.3709335645242309 0.38652634935401559 5.4575442365681077 48 34 23 1.1660392188064648 7 9830 5 6124 4 6463 13 5546 1 6090 14 3739
2878 2.5030459115258168 0.39177553810625138 5.3984323924910065 59 45 36 1.5644572836280204 7 9831 5 6131 4 6469 14 3745
2879 2.758487754910242 0.39554553817967214 5.3396226722456799 54 36 20 0.14687493067204629 2 7679 5 6137 13 5553
2880 0.13409868645765821 0.36308112205061455 4.4371739498917249 42 28 19 0.75274528401694174 12 8430 5 6148 4 6475 14 3768
2881 3.8084750595578258 0.26133583482051231 3.4331852398105882 155 137 123 0.49829018437270722 2 8496 1 4584 14 1681
2882 0.1212636771129183 0.4871339988349847 4.4571877006386265 95 76 62 1.1107591345971135 6 8980 5 6183 14 1675
2884 -0.76175533754522018 0.55685741038844849 4.3115552062412146 166 157 150 0.38287091352697511 12 8491 5 6205 1 6168 14 3827
2885 -1.6721252296100697 0.63480496001125597 4.6155377677625138 79 61 47 0.99586356197923953 12 8503 5 6213 4 7675 14 3831
2886 3.470693569490392 0.86230697229636433 5.7516336849336405 169 147 126 1.3831358414114867 12 8516 5 6228 13 4175
2887 -0.92663338369154435 0.66900760525247005 4.3887686154299645 140 121 106 1.0488685352761407 12 8531 5 6241 1 6206
2888 1.2993754702334339 0.73574863186767869 4.7462001936906004 166 135 105 0.82602539429119304 6 9036 5 6245 4 4891 13 4205 14 1762 11 8828
2889 -0.88596071184640302 0.68795245412027461 4.3433477544700398 60 44 31 0.9630454937088353 6 9508 5 6252 14 3876
2890 -0.86020056642882281 0.70000962514885434 4.3253201524489251 156 134 120 0.9293925268499692 6 9512 5 6265 4 6593 1 6219
2892 6.0689584354472075 1.611400012706897 7.682406111023484 90 71 56 1.9216501350407995 12 8580 5 6327 4 4984 14 3957 10 10423
2893 -0.89050142793801546 0.86821200937219256 4.2894191889353595 85 66 51 1.6572008789463797 6 9076 12 8595 5 6336 4 6656 13 2119
2894 2.7225078051024294 1.1202149262017553 5.2085697078441155 122 106 91 1.6072885926561202 6 8425 12 9377 5 6340 1 2459 11 8184
2895 2.4810573708684678 1.1313401740407272 5.2383177878603089 53 36 29 0.71559136802974965 12 7392 5 6343 13 4320
2896 2.4810573708684678 1.1313401740407272 5.2383177878603089 53 36 29 0.71559136802974965 12 7393 5 6344 13 4319
2897 2.6159970363058673 1.1271846741537761 5.2221692838776974 45 31 19 1.4211943844434849 7 9898 5 6347 1 4742
2898 -0.89179114350511246 1.0015221702824664 4.2574996084993471 79 58 41 1.4815585771597981 6 9959 12 7476 5 6398 13 4398 13 5779
2899 -0.86377903596250749 1.1812796709596487 4.2166112517226191 122 103 84 1.4152694062924569 6 9656 5 6498 4 6791
2900 12.728064537133969 -7.3605691318837279 14.361989149542334 77 81 93 2.4170740758791429 5 6814 4 7112 13 6273 1 6688 14 4615 10 9765 15 35
2901 12.728064537133969 -7.3605691318837279 14.361989149542334 77 81 93 2.4170740758791429 5 6815 4 7111 13 6274 1 6689 14 4614 10 9764 15 34
2902 0.24690393087916224 -3.8292269852975211 9.7323944832848177 109 112 119 1.0287139018968268 2 7223 5 6820 13 6280 1 6685 14 5776
2903 1.0337635198965154 -4.0036864737961064 10.01378906928811 129 128 133 1.4932558635221662 5 6824 4 7099 1 5386
2904 12.549064665257117 -6.7127241956554036 14.463084096864117 76 79 94 1.6013055787197217 4 5780 13 4948 1 5437 14 2884 14 4627 10 9773 15 73
2905 12.537963495671235 -6.7001386722400715 14.452568094812692 76 79 94 2.0808115613544449 5 6827 4 5779 1 5438 14 2885 10 9774 11 7378 15 72
2906 12.752480319015607 -6.6089573426263444 14.159806440376721 107 107 115 2.5200369194924455 6 7716 5 6828 14 4630 1 5441 11 6477 10 9775
2907 -0.13338485755882881 -3.6680707642105213 9.9873917328776454 138 141 147 1.4432337614239725 12 7941 5 6833 13 6283 1 6687 14 4623
2908 -0.03672231210861604 -3.4845683244553229 9.8957846392781548 146 149 154 1.183794398772569 12 8957 5 6841 13 6290 1 6702 14 4633
2909 -0.4341748704169005 -3.3740624075933043 9.9543891781872684 120 125 131 1.5407501818106057 12 8961 5 6847 13 6294 1 6707 14 4636
2910 -0.46010898566319397 -3.3081018856009319 9.9569111658268472 68 74 86 0.94260662205590184 12 8965 1 6711 14 5787
2911 -0.46010898566319397 -3.3081018856009319 9.9569111658268472 68 74 86 0.94260662205590184 12 8964 1 6710 14 5786
2912 0.013912195077382228 -3.3476221179177212 9.8313277218518067 128 136 141 0.84766203083920255 12 7966 5 6855 13 6301 1 6713 14 4643
2913 12.41307995143193 -4.8424093071480918 12.752806879807846 120 118 119 1.6942459977978612 6 6258 5 6895 4 5896 1 5520 14 2993 11 6549 10 9099
2914 11.984440254016876 -4.7898489324764739 13.131918181654799 113 112 108 1.4169596221825447 6 7780 5 6899 1 6774 4 7208 14 4685 11 6546 10 9793
2915 11.90859742881417 -4.7972029069504041 13.276046695359611 137 136 137 1.4771426383968718 6 7779 5 6900 4 7207 13 6327 1 5524 14 4684 11 6545
2916 11.796341843775281 -4.6942756442212019 13.380715672686678 62 62 72 1.1569494987817435 6 7785 5 6909 13 6331 1 6786 14 5824
2917 11.696242994114266 -4.7071177159136681 13.603645841164212 141 137 136 1.8522305256406242 6 8736 5 6911 4 7219 1 6785 14 5823 10 9794
2918 -0.54848468817425977 -2.5503858361702716 9.7868555363317959 144 143 149 1.6911203548693317 12 8014 5 6915 14 5817 13 5008
2919 11.64122176326909 -4.6147177566372575 13.928106416173309 139 137 140 1.4661502451422734 6 7795 5 6917 4 7222 1 6793 14 4691 10 9799
2920 -0.008437948389847072 -1.9811030115417414 6.5815376790261011 139 132 124 1.2228132092794162 6 9242 12 8985 5 6925 4 7213 13 6359 1 6802 14 4730
2921 2.043096978119753 -1.9704815992529607 5.9238488679969912 110 106 105 1.4411833504633005 12 8016 5 6935 14 4765
2922 1.7830270195060387 -1.7094177810170239 5.7465879223728829 136 126 116 0.96288413543403251 12 9013 5 6964 4 7286 13 6388 2 8881
2923 2.6314741370542558 -1.7783926887644896 6.0885576753911161 147 130 120 1.4450707574239958 7 9687 5 6967 4 6014 1 3852
2924 0.39478767196937742 -1.5048236714895102 6.3155841533684178 77 72 70 0.93652737932843255 12 9032 5 6977 4 7295 13 6404 14 4801
2925 1.9450368582937836 -1.6095758733538754 5.79771369709532 148 132 116 0.89116356454148005 6 8690 5 6978 4 7305 13 6407 1 6879 14 4809
2926 -2.2132509723053975 -0.96813398574021292 3.9942366820107353 93 87 87 0.15453487462029919 12 9022 5 6993
2927 1.6415893768097458 -1.3532304768928858 5.6183675914587869 111 93 81 1.2753594224605946 12 9732 5 7009 13 6428
2928 0.069506521405702182 -1.0829171836807108 4.8151892743391453 48 39 31 0.47421043771937033 12 9048 5 7016 13 6450 14 4863
2929 4.1335254725100281 -1.3358638355271073 3.2996878393361451 93 80 69 1.443154552007607 2 8860 5 7017 14 3362 15 397
2930 0.12109521158127312 -1.0695622785221961 4.8008711138674167 120 107 99 0.41812924633593102 12 9053 5 7020 4 7332
2931 4.1898383196504572 -1.3071798649090658 3.3117147166301959 65 53 41 1.8023322052183506 6 9750 13 5191 14 891
2932 10.328384895744138 -2.1152615016999849 14.452780410492158 73 76 89 1.4971436190742453 12 8148 5 7046 14 4825
2933 10.328384895744138 -2.1152615016999849 14.452780410492158 73 76 89 1.4971436190742453 12 8149 5 7047 14 4824
2934 1.3403432491425018 -0.74989135405966523 5.1972075295285656 123 105 88 0.85259968439071665 12 8181 5 7091 4 6210 13 5278 1 5856 14 3429
2935 2.1235531275021771 -0.79470606231016516 5.7859306860328195 38 36 37 1.0288893406952717 12 9097 5 7095 4 6214 13 5280 1 4148 14 3419
2936 -1.0171584825275066 -0.44098224599110691 4.6501102178452998 32 38 24 1.4598375200197629 12 9121 5 7126 4 7427 1 5882
2937 2.610375136851403 -0.6136817457531305 5.8211653434990627 144 131 115 2.16232349902638 2 9346 5 7131 13 6557 14 4991
2938 -0.98104562140024698 -0.4240197075305126 4.6241974383358411 93 93 83 1.2866964071468503 6 9306 12 9125 5 7133 13 5347 1 5890 4 7433 14 4996
2940 2.0241731275520833 -0.26988784232059732 5.1929487396073881 38 20 8 0.83445254445429207 6 8894 7 10192 5 7189 4 6334 14 3583
2941 4.0132127185878446 -0.38518104949033694 3.5447520737659923 188 167 150 1.5427930160575072 12 9155 5 7207 14 3621
2942 3.9805449317617301 -0.39018959488180488 3.339000618464254 94 69 53 1.3175773851530375 2 8966 6 9404 1 7109 14 3631
2943 3.8584702210975985 -0.3534912485783433 3.5340825181077049 117 85 70 1.7659097812752771 6 9408 5 7212 1 7110 14 5082
2944 1.8265408911070646 -0.15125759309894288 5.1021981676024275 159 141 122 0.63526586156137499 12 9175 5 7214 4 7533 13 6650 1 5991 14 5066
2945 6.0779490523366508 -0.099169726198143959 8.036158919778007 45 28 20 0.80360093375936348 6 8118 12 9182 5 7215 4 6367 1 5985
2946 6.0775076615605892 -0.10019527387141425 8.035095194593282 45 28 20 0.62200448128327424 6 8119 12 9183 5 7216 4 6368
2947 5.4830570554716118 0.24136214612500545 7.8455766535125617 66 57 52 0.78455197828705414 12 9205 5 7246 4 7556 14 5094 10 10608
2949 3.4667241332584053 0.18130711039658456 5.8836839052430809 169 151 134 0.78003046326056424 12 8376 5 7259 4 4631 13 6695 3 9377 1 1893 14 3685
2951 2.810554202186486 0.23164928844068128 5.3549953243368602 122 106 90 0.3972471815651375 7 10048 5 7272
2952 2.810554202186486 0.23164928844068128 5.3549953243368602 122 106 90 0.3972471815651375 7 10047 5 7273
2953 -1.6877031596330867 0.31171181433528017 4.7624929403157461 165 152 143 1.726981733774436 12 9905 5 7286 4 8394 1 7910 14 6193
2954 0.38314375458875799 0.33572223024806797 4.5663021504791788 28 15 7 1.5053023897343825 6 9440 5 7302 4 7619 1 6098 14 3754
2955 3.9493919654911886 0.12485837641785008 3.3211029182149696 130 113 97 1.9265713647547773 2 9028 5 7312 4 7631
2956 -0.94519476602840835 0.45659054282336248 4.4047870553676454 124 105 90 1.378551666663091 6 10125 5 7326 4 7647 13 6757 1 7186 14 5205
2958 -1.862000028422627 0.61079189634320352 4.7125738976041633 92 78 69 0.50190047097596768 12 8489 5 7343 4 7667
2959 6.2678467592185498 1.2264458635637245 7.8016558788165637 102 87 72 1.9892418280982187 6 8368 12 9300 5 7371 4 6557 10 10657
2960 5.4600348683882842 1.281277505827636 7.7076778565214834 33 26 18 1.4097040581978646 12 9311 5 7385 10 10860
2961 -1.8063198082072487 0.81150932357757721 4.6115089811006413 107 89 74 1.3047738850224979 12 9341 5 7404 4 7733 14 5288
2962 -1.7687135428758161 0.82287361967620232 4.5918797813370729 61 45 32 0.88336932431452952 12 9346 5 7407 4 7736 14 5292
2963 -1.7688227291691596 0.82340605310048454 4.5927047247956825 61 45 32 0.87637382182382495 12 9347 5 7408 4 7737
2964 0.33929475380392454 0.96164674245000925 4.4382400977480776 173 150 134 0.50764983006857711 2 9101 5 7445 13 6855
2965 2.2936833875883806 1.3704226420477643 5.3696023413336791 82 66 53 1.2540091996945038 7 10254 5 7488 4 7807
2966 0.084563683446712445 1.1696729667013099 4.2294480127993213 144 123 104 0.9001848650056935 12 9465 5 7524 4 7855
2967 0.1089977053161546 -3.9309281358369565 9.8094529010353622 105 112 120 0.30637776918200138 5 7729 14 5772
2968 12.761323732290419 -6.9781837578612391 14.69948904652593 160 176 191 0.85301679432174005 6 8665 5 7730 13 7294 1 7589 14 5778 15 1378
2969 13.074213263625767 -6.7555000290415554 14.215823818142885 114 116 128 1.7993509216855872 5 7733 4 7145 13 7295 1 6714 14 5781 11 7381 15 943
2970 -0.32027910827349021 -2.9059500504135301 9.870559129000549 128 133 139 1.4535437806615767 12 8980 5 7755 13 7308 1 7605 14 5802
2971 11.744767043948606 -4.8841491129315981 13.641037011857787 126 124 127 1.8786620688539801 6 8726 5 7763 4 7203 13 6322 1 6769 14 4679 10 10264
2972 12.481719294103346 -4.7818971031638196 12.642455591635027 44 46 58 1.1409997528021074 6 8732 5 7764 4 7210 13 7316 1 6778 11 7973 10 10270
2973 11.632435137989058 -4.5396118310942564 13.698048273462117 45 42 49 1.7383944142514021 6 8745 5 7770 4 8150 1 7639 10 10272
2974 2.7225080971939684 -1.9704394986273741 6.2105106504755456 54 53 58 1.2465810207103902 12 9707 5 7792 13 7356 1 7677
2975 0.085341418312701478 -1.5132982878510741 6.4489996054539427 93 80 71 1.1703567046653915 2 8265 5 7815 4 7283 13 6396 1 6867 14 5902
2976 4.1899497474962804 -1.5030837993165946 3.5429944014437087 90 103 112 1.0554419261689181 12 10209 5 7833 4 7335 13 7385
2977 1.4051162231663832 -1.299677364143436 5.3194730451698033 157 141 126 1.7123603705073287 6 9285 12 9729 5 7841 13 7388
2978 0.41295741894696564 -0.94547836692240872 4.8975949321597181 151 133 119 1.454428805244077 12 9749 5 7865 4 7362 13 7418 14 4899
2979 10.271745316435796 -1.7485832905218441 14.296367091878398 85 84 92 1.362375801328036 12 9095 5 7881 4 7374 14 5956
2980 2.7509087310250422 -0.89103047261174018 5.8141696544209909 104 88 73 1.7917014819188728 12 9091 5 7898 14 4933
2982 1.3918960926796782 -0.74057416108636231 5.1624656750717373 154 138 115 2.061667454267047 6 9758 4 8829 13 8093 14 6024
2983 1.3318666977506262 -0.66538306322059171 5.0188873074530109 41 28 19 1.0059662085103107 5 7924 4 7417 13 7469 14 4969 11 8880
2984 1.3425532357734957 -0.66651985892391519 5.0477893801377594 41 28 19 1.354272773079811 6 9339 5 7925 4 7418 13 7468
2985 4.1110669758133058 -0.7808339368076882 3.4181478985997469 108 94 81 2.5511389188519917 6 9365 12 9780 5 7941
2986 1.2691574904301703 -0.54108126291592362 5.0273668281089767 149 131 107 1.0677700442761073 7 10168 5 7951 13 6564 1 7025 14 4999
2987 1.2691574904301703 -0.54108126291592362 5.0273668281089767 149 131 107 1.0677700442761073 7 10169 5 7952 13 6565 1 7024 14 4998
2988 2.73272510970809 -0.59556470907860293 5.8166659343529519 139 130 114 1.2257233640301481 2 8953 5 7955 4 7452 13 7481 14 4994
2989 3.880365127535673 -0.65991028085464976 3.6114792306467653 86 55 36 1.0204822077550837 12 9795 1 7060 14 5029
2990 1.6924255821180272 -0.48223848038646322 5.1083038480851064 93 74 59 0.9609766879028484 12 9817 5 7964 13 7496
2991 1.2203023663522075 -0.45315649970343963 5.0335391937334188 163 145 121 1.8977849717533009 12 9142 5 7968 11 8883
2992 1.4807541269281295 -0.4470029399033611 4.9474416564609864 156 142 123 1.0092355296301561 12 10298 5 7969 4 8313 13 7500 1 7047 14 6088
2993 2.2703572768612386 -0.17058831002717689 5.2875630306724961 135 108 90 1.387530260757597 12 10319 5 8006 13 7532 14 6129 1 7098
2994 3.9906734941934152 -0.19173804049221804 3.7065335024924599 175 167 164 2.0478330372575808 12 9862 5 8016 4 8376
2995 3.7830833224049112 -0.14939122534375898 3.4022308186619865 153 133 122 1.0695878958774363 6 9827 5 8030 1 7136
2996 5.8378375400443598 0.34756146806826194 7.795245259418337 146 121 101 1.2931105222144661 6 8970 12 9893 5 8035 4 7580 1 6051 14 5113 10 10831
2997 2.0226269413621738 0.34345374477575891 5.4016084406724252 52 43 36 0.13432000673386063 12 9906 5 8053
2998 2.2187411610021242 0.43250213806134863 5.4443610547641486 47 36 30 0.91152053722624138 7 10216 5 8068 4 7622 6 9460 14 5171
2999 3.4227945458018434 0.71158887091332912 5.73968935879632 148 122 99 0.57157496406731656 12 9937 5 8090 13 7616
3000 -1.7246554201791906 0.67403779969253219 4.6167439005888733 117 94 78 1.4697342941661899 12 9965 5 8110 4 8460 14 5246
3001 -1.7246554201791906 0.67403779969253219 4.6167439005888733 117 94 78 1.4697342941661899 12 9966 5 8111 4 8461 14 5247
3002 0.32446919471087371 0.68716068985511702 4.4914558638445987 105 86 71 0.84719342193303615 12 9968 5 8115 4 8468 13 7634 14 5265
3003 5.3997380497500886 1.2949180318878417 7.3023789636111553 115 96 80 1.6734573807333459 12 9979 5 8116 14 6276 10 11003
3004 -1.841155176605616 0.79069543924477315 4.6317606458662004 37 28 20 0.89972793380408544 12 9337 5 8118 4 8487
3005 -0.88773308543085472 0.739931607252446 4.3361882558225462 60 46 33 1.2053985527810565 6 10155 5 8119 13 7651 1 7252 4 7721 14 5284
3006 5.4095199489908055 1.3897159108090205 7.4011892850839125 25 17 12 2.1629035237072913 12 9984 5 8123 14 6951 10 11006
3007 5.3990586997439891 1.3865077722133723 7.3857419244940825 25 17 12 2.0338550502400579 12 9985 5 8124 10 11005
3009 3.384619483607159 1.0525935916271647 5.6539963704907574 155 130 110 1.3052629572173704 12 9983 5 8126 13 7653
3010 -0.85563826874326732 0.81392015946278784 4.2983549067922873 148 123 103 0.51983914570583378 6 10167 5 8136 4 8506 14 5303
3011 -0.85821350443802702 0.85986167760849286 4.2877393256267027 107 86 65 1.9681651720950457 6 10175 5 8149 4 8522 14 6311
3012 5.4849656732525416 1.6219069153320862 7.3897540538369997 127 109 95 1.4808634448368119 5 8154 14 5336 10 10877
3013 -0.82244991257994604 0.93142675210770198 4.2362801606537888 94 78 63 1.9928683686570672 6 10184 12 9400 5 8159 13 6866
3014 -0.82244991257994604 0.93142675210770198 4.2362801606537888 94 78 63 1.9928683686570672 6 10185 12 9399 5 8160 13 6865
3015 -0.92757793901844843 1.0924797442311804 4.2431955914533965 0 0 0 1.7820696861608025 6 10204 12 9455
3016 0.38290726669301184 -4.2334674624696023 9.7892599127956288 109 111 123 1.5409028942467908 2 9256 5 8348 4 8695 1 8171 14 6597
3017 13.027357100415328 -6.9578642492705489 14.198525485478593 163 179 195 1.3726024502819141 1 7590 14 6605 11 7941 10 10556
3018 12.068330373395558 -2.8424913722117324 14.483819054743739 74 70 71 1.5167740563046459 5 8421 4 9173 1 8673 14 6690
3019 4.0332719840238553 -1.3503450648486113 3.4910945202080876 145 136 129 1.7825917577960408 6 9311 5 8428 4 7360
3020 0.38156621704154875 -1.0139742489794079 4.9048899566846842 135 117 103 0.6329091450876636 6 10044 5 8440 4 8791 13 8063 14 5972
3021 -0.33515946498105331 -0.91975244464642136 4.6220423269395239 164 146 132 2.177847890602485 6 10241 5 8443 4 8794 13 8067
3022 1.4669350993062535 -0.53863688039038404 4.9465628330591516 157 142 121 1.0045535050779162 6 9781 5 8495 4 8300 1 7032 14 6074
3023 2.1466090155008448 -0.51308727518483144 5.2919251456989613 165 151 137 0.94558926416881794 12 10292 5 8497 4 8306 13 7491 1 7822 14 6076
3024 2.1411984731926919 -0.51333686884882135 5.2802768700140001 165 151 137 0.92124011108199078 12 10291 5 8498 13 7492
3025 2.5853115583427413 -0.52358764926844681 5.5158984083914699 60 47 39 0.69602772930101775 12 10295 5 8499 4 8850 1 8361 14 6811
3026 1.4694372333001233 -0.065309803317024559 4.8211126778910627 161 143 121 1.3356053621416952 2 9393 5 8537 13 7546
3027 5.4278914922889294 0.13988651761330709 7.6205368493662071 98 88 78 0.79332077310436588 12 9878 5 8546 4 8369 14 6151
3028 4.0316563059466679 -0.19638824342205555 3.2695426887310872 149 139 137 2.0827348275680428 6 9826 12 10569 14 6182
3029 3.7702463001039481 0.011526977992321261 3.5295834725724222 57 41 26 1.6704647529905785 6 9848 5 8566 14 6204
3032 12.986472026195381 -6.4952160166627984 14.25672782868811 62 66 78 1.4678050797767785 6 9271 5 8767 4 8717 13 8405 14 7182 15 1668
3033 12.635631922480149 -6.3139181076838957 14.60880843485576 158 175 191 1.9506308259540504 6 9276 5 8771 13 8406 1 8198
3034 2.200612745484174 -1.7412283627602496 5.9069747754731372 0 0 0 2.0349975126516333 3 9718 6 10043 2 9590
3035 -0.91180829536323116 -0.35998194554494783 4.5673621484956808 35 27 24 1.3948560026561514 6 10391 5 8875 13 8125 1 8359 14 6819
3036 -0.79543341430999326 -0.36469998507147178 4.5499132401031446 40 32 29 1.1726080314891671 6 10392 5 8877 1 8732 14 7324
3037 -0.79543341430999326 -0.36469998507147178 4.5499132401031446 40 32 29 1.1726080314891671 6 10393 5 8878 1 8731 14 7323
3039 1.5626943243548894 -0.12020254956882974 4.8029425330434323 75 59 43 1.4625603716857862 12 10729 5 8912 13 8554
3040 2.8016159179323354 -0.093861529563356624 5.4658791213208335 151 135 118 1.1328262109637337 12 10564 5 8914 13 8557 2 9822
3041 5.4992417749085645 0.047513774348065155 8.0383200849005298 99 71 51 1.7289936109827901 12 10570 5 8915 4 8882 14 7351
3042 6.156809954565075 0.061140112443756514 7.9811411994254362 162 150 136 0.63437444701194146 12 10572 5 8916 4 8886 6 9842 14 7356
3043 5.4993748172386887 0.2996735359924641 7.6774164721480025 112 98 87 1.1397436918493793 12 10580 5 8923 4 8899 14 7375 10 11093
3044 2.389028236585633 0.2531908399606953 5.3662759221130516 44 30 21 0.48451481064682472 12 10585 5 8930 13 8166
3045 5.7747220981764826 0.52079254096835781 7.7565902337794697 124 103 84 1.2859808141722111 12 10591 5 8934 10 11098
3046 5.4988791399527228 0.64818031626071093 7.8209259031606733 124 104 93 0.14824326237833818 12 10352 5 8940 10 11100
3047 5.5179493432912707 0.65354804546415335 7.8502704451890084 124 104 93 1.2311854735805394 12 10353 5 8941 14 6890
3048 5.4745684851800362 0.95381179406102112 7.8861978348780424 111 91 80 2.2702653892833804 12 10609 5 8951 10 11187
3049 2.8952592721826247 0.67548501916572712 5.2063769842448284 160 136 111 1.0434840022969627 7 10345 12 10613 5 8956 13 8603
3050 0.55690186083944182 0.7444872774910094 4.5741892054941804 166 149 139 1.0389838129601559 6 10320 5 8967 4 9289 1 8463 14 6942 9 10048
3051 13.159394495679066 -6.477370607638214 14.112581032109652 157 174 190 0.42967066360144479 6 10040 5 9043
3052 1.8098443580854355 -1.3621048725658262 5.7464872942239529 34 33 32 0.85049836235433507 12 10688 5 9089 13 8723
3053 4.0608246383591498 -1.1688674176155438 3.5099731963717806 175 157 147 0.76009995557595234 12 10693 5 9109
3054 4.0890002027451349 -1.0385606607181093 3.3637934875702076 128 107 90 0.9353819903241023 2 9908 5 9113 4 9204
3056 1.477320096177023 -0.50871212738656946 4.981777083066401 153 137 114 1.9187902347697514 7 10455 5 9133 13 8743
3057 5.5933705712293964 -0.029893217941341151 7.9165940471132954 39 37 38 1.4620222639221916 12 10732 5 9147 4 9486 14 7688 10 11176
3058 6.0943776750034742 0.23392631058864022 7.9010139997904334 63 53 44 0.78782391063698909 6 9849 5 9159 4 9257 1 8404 14 7374
3059 1.4470052051379887 0.18381244006035588 4.735479301889197 161 144 124 1.4787670900633869 6 10421 5 9166 13 8575 14 7387 4 9497
3060 2.9731147619517779 -0.38529358914995099 5.5836088293340564 156 138 121 1.4428537483184962 12 10838 5 9288 13 8902
3062 3.7495640776346617 -0.14601244121913243 3.5166193050689851 178 173 169 0.056879140737599088 12 10842 14 7703
3064 0.4198007273410192 0.2398976013996913 4.6039237031225815 180 158 135 1.708345112185008 6 10484 5 9307 4 9666 14 7711
3066 -0.79677626862331308 0.34614934236336953 4.3994958741032173 62 51 45 1.0618977519833648 6 10558 5 9319 1 9130 14 7938
3067 -0.91457339959959705 0.43324590667349666 4.4019655668468998 149 130 116 0.91442429414997461 12 10848 5 9325 4 9762 13 8921 6 10560 1 9133 14 7942
3068 -0.8647752076503894 0.73835123846700701 4.3560108131429391 90 76 63 1.5967172165491648 12 10754 5 9340 13 8932 14 7963
3071 0.25723530449432969 -0.067919866739902274 4.6666069873362597 12 12 14 0.10522156424681664 6 10555 13 9001
3072 0.25723530449432969 -0.067919866739902274 4.6666069873362597 12 12 14 0.10522156424681664 6 10556 13 9002
3073 12.728111056086819 -6.8045772022862989 14.271042748201204 75 77 89 1.3937061881235655 1 9196 14 8157 10 11214 15 2292
3074 12.730162739279459 -6.8061494205370421 14.273302120123814 75 77 89 1.4987045829008458 1 9197 14 8158 10 11213
3075 2.091462318624008 -1.9239737330828612 5.8712167876051318 78 74 73 1.422708703868617 7 10478 5 9463 4 9734 13 8989
3076 2.8704390803598012 0.61576081066632993 5.3039201559305686 152 126 103 1.3051851170460027 12 10921 5 9484 13 9019
3077 12.678354736453553 -6.0710431452037588 14.055204524964978 62 64 76 1.6304232516612371 1 9371 14 8288 10 11243 15 2361
3078 12.678354736453553 -6.0710431452037588 14.055204524964978 62 64 76 1.6304232516612371 1 9370 14 8289 10 11244 15 2362
3079 5.8676940586412014 -0.52580145481172891 8.5592488909402196 29 44 66 0.49276580031285977 12 11041 14 8344
3080 1.8058998375413311 -1.10695182762738 5.7118848096127168 153 138 119 2.3479770371542883 3 6076 2 6032 5 3820 6 6335 7 9195 4 1198
3082 3.7545589457674966 0.66624419374324551 3.3443114655024808 31 22 13 1.8458229195853737 6 7268 5 2324
3083 3.7857801909441049 0.34612503259807798 3.4155905353701064 136 126 116 1.2648996446772807 6 8298 5 4611
3084 1.3063827047214038 0.68854136130186006 4.7718930305362388 74 57 41 0.58384535655277947 6 8311 5 4654 4 2325 11 8671
3085 3.9220524458433639 0.52067947328863484 3.1912883803652417 0 0 0 0.62294975587399426 2 7788 6 8381
3086 2.5745344176190752 1.6232496916303265 5.1093984003750288 107 98 93 1.6278200176204445 3 8204 5 5055
3088 -0.021373774443803395 -0.21569733520927839 4.5461571678293549 106 92 81 0.72133579839457562 6 10086 12 10312 5 7991 4 8333 13 7522 14 6117
3089 2.0471135345765026 -1.6484944796902308 5.8643198684367466 58 44 29 1.3883070308594947 5 9265 4 9435 13 8880 1 8923 14 7872
3090 0.018364473397662284 0.20403191588890904 4.3627428976924039 153 131 107 1.8998721820117588 6 10530 5 9305
3091 0.41684683069144163 0.23946749661816469 4.5950877331095006 180 158 135 1.9788563470204927 6 10485 5 9308 14 7712
3092 1.8975408008440287 -0.23221485338345421 5.1516087874134291 154 137 119 1.198557308052417 7 10520 5 9476 4 9837 1 9240 14 8183
3093 -0.11504476249528225 -4.130990015272558 9.9980293158880045 130 130 138 1.1029238211915762 2 21 13 14 1 198
3094 -0.15151020861156775 -4.0273873142592391 9.9797354949195167 88 91 98 1.3987291807343289 5 60 1 220 13 17
3095 0.95735929116052287 -4.109470708264209 9.9832693290817343 126 126 134 1.6793982320367256 5 80 4 91 1 268
3096 -0.23990308980457759 -3.8047055339569358 9.9662358487999239 133 131 132 0.55205788758357599 5 103 1 269
3097 -0.23990308980457759 -3.8047055339569358 9.9662358487999239 133 131 132 0.55205788758357599 5 102 1 270
3098 0.40614434654096548 -3.9018318115570114 9.7265953743541438 140 139 144 2.00391800009174 5 95 4 99 13 33
3099 1.3602258026089875 -4.1413594372626568 10.130904392634202 97 96 104 2.3468940854079943 5 98 4 114 13 34
3100 -0.022339947728164555 -3.6114094037418751 9.9368943797835279 121 117 122 1.1826887170407359 12 58 1 329
3101 0.59824766751873204 -3.5172216184096166 9.7712651859652446 160 158 161 1.5333564907179644 2 3511 5 175 4 226 1 385
3102 12.553922178462715 -6.893969117079477 14.381418085138396 180 197 206 1.7592159117923571 4 234 13 35 5 3284 10 6278
3103 0.64189679871725569 -3.4287136100444453 9.7666082488308028 154 156 155 1.4857624154091065 2 3523 4 257 1 419 14 186
3104 -0.59899747398216419 -3.23932563882201 10.364060778336443 79 79 77 0.52997173366029637 5 215 1 426
3105 0.12991619882146521 -2.7454322753281146 6.9888342256319511 54 58 67 1.6514642681915408 5 191 4 282 13 112 12 3900
3106 0.81853512620141577 -3.3148522901972792 9.8141352006959632 106 105 106 1.4010306176063416 12 3951 4 303 13 116 1 477 14 215
3107 12.613215821343385 -6.175521877575096 14.540839486854539 192 204 219 1.4192922894704492 5 3328 6 454 4 354 14 190
3108 0.1475079452240971 -2.5209152222887297 6.8227559361235848 47 53 65 0.31800602419053225 5 255 4 363 1 572
3109 0.23178723031794563 -2.8326242678187623 9.5724919809012494 150 153 158 1.3875683821496718 5 294 4 400 13 164 1 584 14 266
3110 -0.04535335153083847 -2.787216329408007 9.7716631586029195 110 115 119 1.6644957953624824 5 304 4 406 13 173
3111 -0.381891402056109 -2.5988157203918196 9.8288005710994639 124 117 109 1.2030377437257402 12 321 1 624 14 298
3112 0.078088458274424344 -2.4810343600539557 9.4296063903027161 58 47 43 0.46488448031864615 5 371 1 675
3113 -0.27983800454515501 -2.3185998821538836 9.5847904282249967 143 126 116 0.74893827478563213 12 4063 1 698
3114 12.124619444527578 -4.5370995451724294 12.852721421317488 138 134 135 0.96323474106991458 6 3997 4 575 11 3526 10 7988
3115 11.689074282441617 -4.450533884929035 13.172895799668089 70 70 78 1.0793832086159294 6 744 4 584 11 3521 10 6345
3116 11.689074282441617 -4.450533884929035 13.172895799668089 70 70 78 1.0793832086159294 6 745 4 585 11 3522 10 6346
3117 -0.088610732138653531 -2.1525629349115456 9.4545835395489508 169 164 159 1.6203152160019756 5 451 4 586 13 284 1 752
3118 -0.13920862358991073 -2.0864946611617912 9.4744540583147625 170 164 158 0.76070190217233202 5 466 1 767
3119 12.882123352842731 -4.4614104538126105 12.634080090367423 130 124 124 1.0170948371537545 5 3441 6 795 4 607 13 3108 11 804
3120 13.0654423505654 -4.495057890705886 12.651149453269653 82 76 76 1.3536775033440698 5 3435 4 608 1 759 10 6368
3121 -0.18921279345546746 -2.0355882990366081 9.4758467903122678 154 150 139 0.45662106419212489 5 484 1 783
3122 12.296994182692403 -4.2773571539069328 12.734322800784454 148 143 139 0.97793410744510267 6 4060 4 623 13 3123 1 784 14 386 11 3560 10 8000
3123 0.052608197462811646 -2.0287557459550363 9.3297314241963019 133 116 104 1.4739204582620855 5 494 4 625 13 320 1 797
3124 -0.12905347217596647 -1.7706424790265891 6.7479021901361884 94 81 73 0.6144064831989221 5 468 4 627 1 828
3125 12.301148388852335 -4.2351194368304199 12.666634959705798 79 73 73 1.3387984051109878 6 4068 4 630 1 788 10 8005
3126 -0.26304182144086263 -1.959269348656933 9.4209675747380359 156 147 140 1.9267632676008919 5 522 6 6086 13 331
3127 -0.24125305167462757 -1.9777575779987004 9.5772316772138755 166 158 155 1.4126054146199645 5 523 4 635 13 330
3128 -0.18524119016686702 -1.9787126833929563 9.528686580569703 156 148 144 1.5367097571293022 5 524 4 637 13 335
3129 -0.050614484556343486 -1.9866590901154701 9.3903976887780907 162 156 146 1.7100898213423199 5 517 4 638 13 324 1 806
3130 -0.04267233034402329 -1.9939831526490819 9.4454269955009007 162 156 146 1.6499011519638536 5 518 4 639 13 325
3131 0.00429817243959002 -1.9930418904337635 9.3621410356241181 171 165 154 1.5249856700201119 5 515 4 640 13 326 1 807
3132 12.140281562010355 -4.1588943056683174 12.828713237271629 122 114 112 0.74872193572861101 5 397 4 653 11 3566 10 6374
3133 12.738382492956017 -4.1911131083998061 12.561346658839241 119 111 109 1.3936521996646891 6 4096 4 661 1 814 10 6388
3134 0.10880477046083875 -1.9670760328964414 9.3491630072066965 70 58 51 1.8499290845113396 5 530 4 668 1 826
3135 -0.14506312355852527 -1.9361397850567437 9.4991263995207351 164 155 144 1.4320124605477844 5 539 4 672 13 344
3136 12.658934502400353 -4.1362269159301324 12.550214783515928 76 68 66 1.0692459266354357 6 864 4 677 10 6391
3137 12.121368069951917 -4.0238094329645717 12.894595180154147 75 69 72 0.89399335801675506 6 877 4 700 13 268 11 3587
3138 12.121368069951917 -4.0238094329645717 12.894595180154147 75 69 72 0.89399335801675506 6 878 4 701 13 269 11 3588
3139 -0.097792752377464653 -1.8725031181580611 9.3889137733783006 175 168 160 1.6196006974293469 5 564 4 706 13 363 1 853
3140 12.201871374747208 -3.9950057855197487 12.750816419760344 84 79 78 0.83489659540441274 6 887 4 711 11 3593 10 6392
3141 -0.22787418736063364 -1.8390146036682204 9.465461199441517 106 92 83 1.5586911175882123 5 576 4 719 13 371
3142 -0.026544328547799811 -1.8582582149929272 9.3475786316197205 78 65 57 1.7615154410086113 5 572 4 720 1 857
3143 11.825088848995753 -3.8985799637929954 13.066309686671138 170 165 162 0.65675138202579764 6 4139 4 734 13 279 1 856 14 441 11 3596 10 6398
3144 -0.31669228439573266 -1.7902163581595516 9.5333912656566628 166 156 147 1.4560899630505262 5 597 4 748 13 392
3145 12.245664798474008 -3.8759724726372546 12.746704646224629 146 135 131 0.79047083028356768 6 921 4 758 11 3608 10 8021
3146 1.7024839111081032 -1.8080656581355146 5.7503584912896102 162 150 137 1.9412079474569215 5 3548 4 761 13 3219
3147 13.114428104893943 -3.9709928233711707 12.607724593351053 138 134 135 1.7140555343884805 6 4164 4 764 1 872 14 460 11 883 10 6429
3148 -0.18297889187718033 -1.7595289124381854 9.4501675410770929 92 78 69 1.5024722027318027 5 615 4 775 13 411
3149 -0.18297889187718033 -1.7595289124381854 9.4501675410770929 92 78 69 1.5024722027318027 5 616 4 776 13 412
3150 -0.076759021267816918 -1.7624359727125156 9.3469865020216023 92 79 70 1.7147091552228508 5 611 4 784 1 890
3151 -0.076759021267816918 -1.7624359727125156 9.3469865020216023 92 79 70 1.7147091552228508 5 612 4 785 1 891
3152 1.6954369025449814 -1.7609087012796099 5.7223333418928881 149 137 125 0.30047275349331359 5 3568 4 787 14 582
3153 12.558604873039981 -3.8103384172685049 12.480639404594468 144 137 134 0.86918012880338003 6 961 4 791 1 883 14 482
3154 -0.25780436231773252 -1.5164348295343151 6.5605033894540457 157 143 130 0.63874626108403076 5 3605 4 796 1 957
3155 1.7782271791220459 -1.759823852595799 5.7678624591906269 152 140 126 0.81404554069290003 5 3572 4 799 13 3232
3156 1.7782271791220459 -1.759823852595799 5.7678624591906269 152 140 126 0.81404554069290003 5 3571 4 800 13 3231
3158 2.0685915468018279 -1.7795245670265545 5.9018459138491925 145 127 113 0.33609230420529723 6 6115 4 819 14 589
3159 11.926713832866124 -3.6072839591531913 12.941523175723114 141 128 120 0.80386083766049976 6 1006 4 835 11 898 10 6430
3160 2.4177766368554701 -1.8090423215935687 6.0354161367167931 166 148 134 0.26791771637414158 5 3584 4 838 13 3243
3162 0.96830516446834292 -1.4591110325180987 5.2194821260659205 143 130 121 0.62358490477943163 6 3677 4 897 13 474
3163 2.2542049994944451 -1.6618161554981095 5.9462858992691432 136 119 103 1.3325667462547468 5 623 4 907 13 457 1 1041
3164 11.760392555387511 -3.2892279216122522 13.377563448070381 174 163 159 0.62863678647322585 6 4306 4 919 14 548 10 8049
3166 0.51171882166887506 -1.3900451230863642 6.281335517142506 80 66 57 0.34012025346128122 5 699 4 938 13 517
3167 -0.45690313091141022 -1.1829620482385947 4.6956654636246835 36 32 29 1.1282496831146871 5 696 4 940 13 546
3168 11.863361781553712 -3.1499099844354785 12.914241038248896 136 127 120 0.63591928963968158 6 4333 4 960 1 1043 11 3685
3169 11.872636942788876 -3.1514853904928044 12.92351314172886 136 127 120 0.64880812964904033 6 4334 4 961 1 1042 11 3686 10 8055
3170 0.75606577914327122 -1.335536008862886 5.2601795165070513 148 135 126 0.78776032146888542 6 6099 4 968 13 539
3171 1.4027059653361593 -1.4145171292325514 5.3499331708411662 147 130 120 0.44240672198976666 5 3683 4 973 13 533 6 6147
3172 11.722949495133443 -3.0015647528285765 13.293964734863582 152 141 136 1.9439693821317199 12 4231 4 996 10 6475
3173 11.698123793566019 -2.8586175365163022 13.661545723557669 159 155 156 1.7390591208564736 6 1222 4 1050 10 8074
3174 12.200274397836482 -2.8204048829257791 12.571743721247017 52 46 46 0.9599856002350825 6 1240 4 1065 11 3728 10 6506
3175 12.033830093144617 -2.6847736636430466 12.699520699720264 59 51 44 1.0838481391303418 6 4410 4 1089 1 1132 11 5469 10 9151
3176 12.289021133222786 -2.6680955417930248 12.482973052332635 150 137 128 0.92687786059796906 6 1293 4 1103 1 1144 11 3747 10 6558
3177 11.713188201719362 -2.5726238464380118 13.205992192418304 76 65 64 1.3461233436516846 12 4335 4 1116 1 1157 10 8100
3178 11.713188201719362 -2.5726238464380118 13.205992192418304 76 65 64 1.3461233436516846 12 4336 4 1117 1 1158 10 8101
3179 11.59080143613051 -2.4824420746380564 13.440889578676224 71 61 58 1.1666613129868302 5 811 12 4371 4 1131 1 1172
3180 11.560829793402764 -2.4788018818565032 13.411250180657277 71 61 58 0.96788558863632213 12 4372 4 1132 1 1173
3181 11.727890255982349 -2.4750977725927323 13.462112941736473 152 142 132 1.5675976736981592 12 4378 4 1151 1 1180 10 8114
3182 12.501694398555253 -2.462214992674169 12.305034656403405 152 139 130 0.96907267088659377 6 4460 4 1168 1 1212 10 8128
3183 11.744933935649168 -2.3705313906490018 12.811856828673871 144 126 114 1.1115565023427214 6 4456 4 1175 11 3766 10 8122
3185 2.1131376828569328 -1.0861004609586904 5.8280465942499493 36 28 21 0.50575995236337423 5 948 12 6613 4 1233
3188 1.8516797353856744 -0.97243873158088356 5.7186318513200298 124 111 102 0.6712351346614458 6 6393 4 1283 13 835 1 1346
3189 2.8012557941100127 -1.0575343254269647 5.8475341527778717 157 140 125 0.588225778720188 6 6450 4 1286 1 1351
3190 12.43951624236303 -1.9645916331112798 12.255843438088359 137 124 115 1.2663220057147675 6 4544 4 1290 11 3805 10 8163
3191 1.9595961736777707 -0.9596197600925167 5.7365232178120866 133 123 111 0.64160348809807177 6 6411 12 4450 4 1291
3192 11.585159827809889 -1.8551214554205133 13.592223802895537 128 118 108 0.81862023486364111 6 4547 4 1293 1 1314
3193 0.73266827721612082 -0.7606532675953237 5.1287917291075544 114 95 80 0.69570367697287272 6 6357 4 1328 1 1407
3194 2.5353423301515359 -0.90598281124254676 5.9321144856966246 155 141 124 0.6305842845341878 5 3925 4 1332 1 1406 14 932
3195 12.337755367114539 -1.606317688624705 12.24971010095525 115 105 95 0.74806709013369055 4 1356 1 1401 11 3821 10 8194
3196 1.9294468563281217 -0.79213139555499956 5.7189101709344481 37 31 30 0.83659334319582523 5 3958 4 1361 13 3553 1 1427 14 982
3197 -1.2915056220153092 -0.48926700879581014 4.7641518869187323 27 20 12 1.1446449264924772 5 1156 12 4551 4 1393
3198 12.239209495756072 -1.4735065882939313 12.432077531915718 31 24 17 1.1529638462944181 6 1571 4 1395 1 1422 11 1236 10 6706
3199 12.24018481340522 -1.4655943993518348 12.343712979593422 110 97 88 1.1912687483733639 6 4609 4 1405 10 8197
3200 2.1796016984051212 -0.74640302664255764 5.8226616531629602 142 129 120 1.4568839181960271 5 1109 4 1416 1 1465
3201 11.658715437084775 -1.3374295766705024 13.018063110433561 54 44 42 0.77092205025559613 5 3972 12 6741 4 1421 1 4149 14 903
3202 11.576752895116883 -1.3335282594369602 12.924519189545906 54 44 42 0.51519378592548914 5 3973 12 6742 4 1422 14 904
3203 -1.5826615439486584 -0.43085359527423434 4.8472344809769909 37 27 18 1.6653983369461725 5 1198 12 4596 4 1424 13 1035 1 1482
3204 12.548821121528611 -1.4023096791591261 12.030418506958798 109 97 85 1.248687038088274 6 1590 4 1436 11 3842 10 6717
3205 10.389556092715134 -0.95893884599891144 13.39611636549494 178 171 163 1.0704315472065045 5 4051 12 4690 4 1482 14 970
3206 11.554949571869297 -0.90764575895494892 12.80498522302902 43 38 33 1.0787228920944247 5 4079 12 6817 4 1526
3207 0.14293969772239584 -0.42499407658912342 4.6619215962009211 160 143 128 0.4409222128417673 5 1272 4 1529 13 1136
3208 10.605960826235641 -0.7510096693890107 13.3480736362507 142 141 139 1.1110205664439723 5 1265 12 4743 4 1541
3209 10.605960826235641 -0.7510096693890107 13.3480736362507 142 141 139 1.1110205664439723 5 1264 12 4744 4 1542
3211 1.3777119132216511 -0.41723577972963827 4.9757160153455464 164 149 130 0.87221566975928377 6 6578 4 1598 1 1632
3212 -1.6478396399488529 -0.17355449055762018 4.8075764155414431 116 103 94 1.8178170721959843 12 4809 4 1641 1 1652
3213 0.036529380622452534 -0.24441916453184079 4.5455907609307342 140 130 121 0.53722114192651882 6 7960 4 1678 13 1312
3214 3.9012634552424688 -0.5592844699977777 3.4996963613021004 158 131 112 0.53761527152441491 6 8030 1 1713
3215 2.4951458433757492 -0.32442734805131307 5.4279446065427184 57 41 28 0.27538101828474998 6 6661 4 1694 1 1699
3216 2.4951458433757492 -0.32442734805131307 5.4279446065427184 57 41 28 0.27538101828474998 6 6660 4 1695 1 1698
3217 5.7599182809155653 -0.19962708753960334 8.0657246218657157 154 123 95 0.7169072848913296 12 6931 4 1748 1 1722 10 9866
3218 0.78811298413048902 -0.14769179338806415 4.8688783046691926 38 27 17 0.67660908756889648 12 4884 4 1761 13 1379 1 1746 14 1296
3219 -2.7813313128630335 -0.13472990680892288 2.5769407479299442 112 98 87 1.2858089400503476 5 1541 4 1772 1 1781
3220 -1.4390071697547013 -0.2555347289188723 1.8711606873483664 5 8 12 0.68385729810670326 4 1779 13 3863
3221 7.5517937389929877 -0.092201731644187088 8.9680250062220743 23 14 14 1.3123906497876363 6 4902 4 1784 1 1754 10 9237
3222 1.7217229717903488 -0.037761230160979098 5.0361217051599674 179 161 141 0.40637635434571795 5 1581 4 1828 13 1440
3223 -0.81123070579095047 0.033673241259748674 4.4769420534384485 151 123 105 0.53527555853938258 5 1607 4 1832 13 1474 6 8010 1 4393
3224 2.355630133891196 0.0021646233380496552 5.3244837913491248 63 46 34 1.4625058268038644 6 8094 12 4964 4 1851 11 8379
3225 1.6960763872874178 0.0033991858145943424 4.98822712694278 82 66 50 0.28807362674156622 5 1613 6 8083 4 1857 13 1468
3226 5.4096304386112273 0.17794099192337287 8.0539616010517587 32 19 11 1.3262093899094909 2 4652 4 1861 14 1344 10 8219
3227 -1.105793579983783 0.1386671561791715 4.5429418789990796 127 100 79 0.38821929643791425 5 1669 4 1887 13 1535
3228 2.2701481126852818 0.13501787400831156 5.3852603767080565 63 48 41 0.69764836858455859 6 6808 4 1902 1 1886
3229 2.6581637553691739 0.16590829023186163 5.3530004486592144 163 142 125 0.26332793118541692 6 4932 7 9368 4 1930
3230 4.1782396656742433 -0.13665464902731231 3.2825432969152923 41 32 23 0.47852361584794578 12 6987 4 1932
3231 5.4428035221539046 0.40062378873995774 7.8181571692484217 140 117 99 1.4775011181406632 7 6693 4 1952 10 9258 6 5042
3232 0.18308874950349069 0.083200738306456662 3.4389820584484987 37 33 31 0.91733184327243189 6 8067 4 1988 13 1617 1 1967
3233 2.8526621450468963 0.2554883043359002 5.3371838508481826 174 153 132 1.2823097261367411 6 6902 4 1994 1 1962 11 7528
3234 5.9250883352161496 0.48509352808377321 7.7890262837738247 37 27 17 1.0965705438524742 6 2238 4 2000 10 9275
3235 2.4703577992857966 0.27948828656275704 5.3821686435400045 94 76 66 0.94585788513300439 6 6892 4 2004 13 3983 11 7522
3236 7.6665571380448538 0.5674128793051223 8.3476663337992907 56 47 40 1.182001834568535 5 1791 12 5114 4 2026 1 1981 11 5720 10 9311
3237 4.0761789239678246 -0.02832218445469515 3.0714489297584082 115 99 83 1.4781734672358755 2 7612 6 6910 1 2018
3238 4.1717913596507472 -0.045678363804034838 3.0004696982406434 0 0 0 0.099480232553740194 3 8441 6 6911
3239 7.6091403100159036 0.60702823283441609 8.5198721203465873 29 19 12 1.7721076059637695 5 1803 12 5120 4 2034 1 1991 10 9313
3240 7.6897224166543703 0.67861401933250498 8.4672990472126717 83 63 48 1.1138335087661226 12 5146 4 2065 1 2015 11 5742 10 9327
3241 5.9871632834741515 0.62889758567465015 7.79208002758606 160 147 132 0.67885944328874848 5 4495 6 2299 4 2068
3242 -0.44914026630939052 0.332224559496542 4.3479886065603939 41 24 16 0.35961792150685268 6 8939 4 2102 1 2041
3243 2.3073967833907347 0.44283233311108722 5.4351410200796524 50 36 27 1.591184468655831 6 6974 4 2111 1 2058 14 1581 4 4728
3244 -0.1740245609239322 0.33848718803515504 4.3646780363572679 37 24 15 0.6778173138157827 6 8144 4 2112 13 1704 12 5162
3245 6.7295120942711719 0.73349231671870996 8.0912504697393022 39 29 19 1.0879509293977947 5 4509 12 7154 4 2115 14 1565 10 9325
3246 2.5927973662293935 0.46852696915423048 5.3718939499914127 52 35 25 2.0578600030699925 7 8808 4 2127 11 8078
3247 -1.3684015655925312 0.42705030729141713 4.5374556919442224 61 48 39 0.83643272204178765 2 4912 4 2139 13 1734 1 2089
3248 -1.3684015655925312 0.42705030729141713 4.5374556919442224 61 48 39 0.83643272204178765 2 4911 4 2140 13 1735 1 2090
3249 -0.99935912165993956 0.4145176141017522 4.4277709628071813 78 61 45 0.53872170126476937 5 1937 4 2149 1 2103
3250 0.88779293240671553 0.43073689776158242 4.7577375601167589 47 33 18 0.62450026052183405 6 8210 4 2150 13 4061
3251 -1.3469508550017142 0.43917968808737012 4.5250512888260683 97 84 75 0.96111618819577682 5 1944 4 2160 13 1746 1 2101
3252 -1.3469508550017142 0.43917968808737012 4.5250512888260683 97 84 75 0.96111618819577682 5 1943 4 2161 13 1745 1 2100
3253 2.3614963137426233 0.52952205979329436 5.4564223467492781 45 31 22 0.55939747884780366 6 7012 4 2173 1 2128 11 8083
3254 2.3614963137426233 0.52952205979329436 5.4564223467492781 45 31 22 0.55939747884780366 6 7013 4 2174 1 2127 11 8084
3255 -1.112640716022717 0.44187335164452873 4.4433375294018074 101 87 74 1.0481268556445515 5 4548 4 2180 1 2132
3256 -1.6154321358853316 0.48164921696779411 4.6340660634110344 128 105 89 0.91884702526556195 12 5251 4 2189 13 1769
3257 -0.90041899963475447 0.44806424555312935 4.3805342285026931 147 126 111 0.58107973706300919 5 1964 4 2196 1 2147
3258 6.1010244609836919 0.92780677157687208 7.8698480585709598 167 152 140 1.13244361189875 5 4570 12 7218 4 2212 14 1647 10 9982
3259 6.8982017830854723 0.93657331963382351 7.9692509361167216 145 126 109 1.2778887258287133 5 4573 4 2215 1 4568 14 1650 11 6854 10 9994
3260 -1.5302205524467711 0.51121134834113402 4.5686086546371314 118 102 89 1.8206920289672712 5 1988 4 2220 13 1801 1 2159
3261 -1.5302205524467711 0.51121134834113402 4.5686086546371314 118 102 89 1.8206920289672712 5 1987 4 2221 13 1800 1 2158
3262 -0.87314722256136656 0.49199600508848013 4.3746622277018137 96 77 62 0.87185970148064784 12 5294 4 2237 13 1806
3263 5.8526363459856539 1.0005672779890555 7.6252440818610223 87 70 52 1.6133996890449147 6 5275 4 2257 1 2182
3264 2.6233526395321571 0.66153850302726158 5.3461149875415517 67 49 35 1.037289089129974 7 8843 4 2263 13 1829 11 7585
3265 -1.1779291064283279 0.62388172202643055 4.4945182323481268 15 7 5 1.5992088397271469 3 2611 5 4640 4 2309 13 4173 1 2248
3266 -1.1779291064283279 0.62388172202643055 4.4945182323481268 15 7 5 1.5992088397271469 3 2610 4 2310 13 4174 5 4639 1 2247
3267 1.2048834041358936 0.68929123209246379 4.8027891554393491 94 74 59 0.61918330545090383 6 8309 4 2321 13 1886 12 7273 1 2266
3268 6.8469180934489815 1.2409329152587929 7.8563596005277665 126 107 90 1.6952094314209472 5 4661 4 2329 1 2276
3269 -1.1647304042078823 0.67178763230504779 4.4582110580285601 142 125 115 0.94442810079401818 5 2147 4 2358 1 2286
3270 -0.25467028666943692 0.65551287724392848 4.3376207043344648 156 135 116 0.99565907546374821 6 8304 4 2359 13 1927 12 5433
3271 6.3960330759598856 1.352745900154851 8.0959663743883823 131 114 98 2.4181888872631774 4 2363 10 9401
3272 6.6842243512428583 1.3791994172396953 7.9464421049735625 138 119 102 1.5938092166318343 12 7300 4 2387 11 4299 10 9410
3273 -1.2587251522877703 0.74437430184585196 4.5026259573570115 16 16 18 1.2727262637547694 5 2198 4 2409 1 2331
3274 0.37052064240842436 0.76384221833236143 4.4929944379103564 11 11 8 1.1707152296157877 2 6737 6 8355 4 2414 14 1798
3275 1.1763584583834463 0.82125622936545351 4.7468317184346347 159 129 101 0.69313112191704018 6 7195 4 2417 13 1993 1 2347 11 8681
3276 5.9185419803098291 1.4506192025259381 7.6619089441376254 44 28 18 1.4016425830201336 12 8554 4 2431 14 1817
3277 -1.4411146239852417 0.77445524643953667 4.548869770505573 145 127 114 1.371272656691924 2 5136 4 2433 13 2013 1 2349
3278 2.4463565477879778 0.99662842696334297 5.3345601609679107 69 52 36 0.90601674065051951 6 7225 4 2456 1 2376 11 8160
3279 0.67339461652064592 0.84947136363667664 4.6005454485455868 171 146 126 1.6396516706916648 6 7214 4 2468 9 8782
3280 6.3353568413403361 1.6451312952732691 7.8146896073444614 82 63 47 1.1886327528552296 5 2333 4 2512 12 2836
3281 1.4884624191978326 0.91938044327878665 4.5128245771310862 130 105 84 0.9753119992237439 6 7271 4 2526 11 8473
3282 0.3380478416201243 0.91723982819399552 4.4487385766456073 157 139 127 1.7203650607017713 5 4782 4 2543 13 4312 1 2456 9 8808
3283 6.2205811390310437 1.7420716897488078 7.6839403092889809 120 101 84 1.3934949675519999 5 2412 4 2563 10 9485
3284 6.2205811390310437 1.7420716897488078 7.6839403092889809 120 101 84 1.3934949675519999 5 2411 4 2564 10 9484
3285 2.3363611810891793 1.1875099747817728 5.3066866242713422 90 76 65 0.91321429842387147 6 8436 4 2568 14 1900
3286 2.5087467719070653 1.1883180008829679 5.264957188607581 51 37 26 0.6629817063134269 7 8938 4 2573 11 8190
3287 6.0501844334329089 1.7737973215924363 7.6414528046176144 79 58 41 1.22446807944367 5 4824 4 2574 10 10072
3288 6.0501844334329089 1.7737973215924363 7.6414528046176144 79 58 41 1.22446807944367 5 4823 4 2575 10 10073
3291 0.35192924692277489 1.0686472125851685 4.4203082966717178 74 57 42 1.0141639746773372 5 2499 4 2661 9 8146
3292 0.35192924692277489 1.0686472125851685 4.4203082966717178 74 57 42 1.0141639746773372 5 2498 4 2662 9 8147
3293 2.4485079244694057 1.3375685229203302 5.2698866117924457 78 62 47 0.80922243316691467 6 7389 1 2568 7 9566 11 8218
3294 -0.41703733474675558 -4.1080659541887865 10.124550196893189 131 132 141 0.92917231113728427 5 3268 1 3338 14 68
3295 12.844181869938618 -7.9150955523870863 14.620673991644887 144 148 160 2.3015086957377977 5 3250 4 3474 13 3017 14 63 1 3359 11 5202
3296 0.2772898633460506 -3.8311991755813066 9.7280111636545001 110 113 118 0.60622115297001011 2 55 13 41 1 284 14 114
3297 12.711855330309335 -7.7724057966973392 14.50151596129685 175 191 206 2.1311531955744472 4 3481 1 3364 10 6264
3298 -0.56563982867832052 -3.5355436335567907 10.257157347118209 75 69 69 1.0230442028487476 5 163 1 3402 13 77 14 142
3299 -0.042364581505998533 -3.5484664065832279 9.8544353429813647 62 60 63 0.89019875960407702 5 3312 1 3407 13 3038 14 2888
3300 0.47780894389758805 -3.5987121939095879 9.6870927668612321 134 124 122 2.1086598741538469 2 5789 4 3516 13 3039
3301 -0.2610233219186448 -3.3612852076633351 10.089324379973116 100 97 98 1.9688647481253068 12 3926 4 3530 13 3053
3302 0.27753195154697535 -3.3454866041810902 9.5541109689771648 44 42 45 0.66131788956934989 5 3330 13 96 1 3449 14 182
3303 0.81638571326063336 -3.3740757269039423 9.8208329413360023 169 169 171 1.3926209083682834 2 5807 4 3553 13 3061 1 465
3304 12.979120792351823 -6.5891485815650288 14.313495640675056 64 64 76 1.7458922014136729 6 6101 4 3560 13 4950 1 3475 14 2893
3305 0.31271268851254258 -3.1708355291669803 9.4904586182854764 133 126 120 1.7403622883618173 5 3354 4 3561 1 3497 14 219
3306 0.20475713485732322 -2.711754730704186 6.9302734114214175 52 60 73 0.48176290905661984 5 5455 4 3565 13 4970 14 2959
3307 12.45440487565064 -5.7675269358901362 14.061997785641449 119 118 123 1.0188280797097786 5 3350 4 3621 13 3064
3310 12.861337369390055 -5.5492979856899636 14.08770625462631 48 51 63 1.4702685363114132 6 3875 4 3656 13 3072 1 619 14 243
3311 12.699892565499528 -5.3961621073580961 13.891611371713957 48 52 64 0.65710242680242903 5 3369 4 3663 13 3074
3312 -0.051787976158901683 -2.5244747230528715 9.4625472637362709 118 116 117 1.7450512728881495 5 3431 4 3668 13 3102 1 3625 14 322
3314 -0.49826789180628489 -2.3659725757349355 9.7089262377700063 99 86 78 2.1286722963647082 5 3469 4 3688 14 343
3315 -0.43612315070027058 -2.371056826939169 9.6850689931273735 103 89 80 1.9341081038960684 12 4050 4 3692 13 3119 14 344
3316 11.817379112873873 -4.9001997207752366 13.403665985219018 144 140 139 2.184048578992257 5 5506 6 6244 4 3702 13 3081 14 2983
3317 -0.33974289955378217 -2.3081977506724627 9.6109840478439086 150 133 123 0.98988477307265488 12 4067 1 3658 14 371
3318 11.684213288076727 -4.7226373333008009 13.397851338308328 148 144 149 1.7138618059771784 5 5514 4 3715 13 5003 1 5527 6 7782 11 6547 10 9098
3319 -0.068707140413448442 -2.2541435775749847 9.4193569604947545 151 134 124 1.2312583666109154 5 425 4 3723 1 3675 14 385 15 157
3320 -0.099139287217817923 -1.9596021996027473 6.6697635376841289 125 113 101 0.93892642997354547 6 7623 4 3724 14 444
3321 -0.13656211546677471 -1.9575058535272716 6.8475986184497213 131 118 109 0.7479117175306893 5 401 4 3727 1 3692
3322 -0.10369980436379062 -2.1905496516676166 9.5147647456418003 90 79 75 1.8026547497990542 5 3510 4 3746 1 3686
3323 11.886298580175145 -4.525263535789751 13.185799653339201 128 122 122 1.0738876019236281 6 6297 4 3750 1 3679 14 338 11 5337 10 9103
3324 11.845174177740988 -4.411404339601134 13.215900914446236 112 107 110 1.0470092135571627 6 4022 4 3759 13 3105
3325 -0.086564644558634829 -2.0876589548950348 9.4460831479015184 165 162 162 1.5093815009370126 5 472 4 3763 1 770 14 423
3327 0.094474576760853524 -2.0296093317013222 9.3224848152234845 50 35 27 1.4110526803887116 5 3555 4 3781 1 3715 14 459
3328 12.006161146893758 -4.2308323020630976 13.022405288844279 147 142 138 1.0343139641067307 6 4066 4 3784 1 3706 14 388 11 5353
3329 -0.020975002304097268 -1.9078005079989531 9.3783763652985304 166 154 147 1.7068885560550084 5 548 4 3806 1 3736 14 493
3330 11.995943976877109 -4.0302005445092028 13.000172995680551 135 128 125 0.83827432501905264 6 6360 4 3812 1 3730 14 3051 11 5376 10 8016
3331 12.398827183688274 -3.996334630027008 12.564756048801277 135 129 129 1.0057555996854066 6 4131 4 3820 1 839 14 436 11 3598 10 8020
3332 0.6574124726861843 -1.6808903473427568 5.6022355563190684 164 160 157 0.19955332937850864 5 3551 4 3821 13 3220
3333 12.488755162192739 -3.9919617497808599 12.474727037723888 141 132 130 0.94416937687940639 6 4134 4 3822 1 3742 14 438 11 5385 10 9119
3334 13.050179319572651 -4.0600678310984391 12.611389889514376 69 63 63 1.225979202913885 6 4150 4 3829 1 3748 11 5395
3335 12.224755078991519 -3.893775751213373 12.820929870314309 59 54 53 0.77102351395023438 6 6384 4 3840 1 3752 11 5389 10 9121
3336 11.692313788475804 -3.7674841864510169 13.593498539854769 81 75 72 1.5299544696435712 12 6431 4 3850 1 3766 14 466 10 8022
3337 12.008754134777702 -3.7482595650505468 12.881847519826948 139 132 129 0.71785468399914698 6 4177 4 3851 11 5399 10 8024
3339 11.694953544610987 -3.7324380881921084 13.744297376483726 123 117 114 0.80369245051420413 6 4184 4 3860 1 3769 14 479 10 8025
3341 2.9892791427874692 -1.8510106342847763 6.106258442326026 134 130 127 1.7341191432197423 12 6418 4 3893 13 5092
3342 2.0162953643838497 -1.6920926478614196 5.8471179879170254 153 137 121 0.22570733098610396 6 6139 4 3897 14 619
3343 0.10944096787591345 -1.4119701992119644 6.4318215730593318 143 128 117 0.83609900389105363 5 3660 4 3921 1 3867
3344 -0.84328380320836915 -1.1803337430854237 4.7667284153812934 61 52 47 2.2148741719011027 5 3675 6 8622 4 3930
3345 -1.7356257977763987 -1.0636034919413258 5.0431742592919191 139 126 117 1.5860639054686798 5 3714 4 3933 1 1061
3346 -1.3683589843147537 -1.1092779588828225 4.9030011774125599 44 35 30 1.1536093091103552 5 3700 4 3934 1 3899
3347 -1.781424722886056 -1.0622039640102963 5.1385829142910042 121 108 99 1.3520105157653994 12 6499 4 3935 13 562
3348 0.64903756469827178 -1.3915582963862512 5.6252121816335876 81 74 68 1.8349932354235641 5 3678 4 3947 13 509 14 662
3350 0.62923874701541882 -1.3698570291361216 5.9513921655776931 90 81 74 0.43317163044162982 5 3703 4 3963 14 674
3351 -1.1929287092912526 -1.0556144661981957 4.8432536496276128 111 95 82 1.1381874163734076 5 3739 4 3970 13 3361 1 3930 14 745
3352 -1.1929287092912526 -1.0556144661981957 4.8432536496276128 111 95 82 1.1381874163734076 5 3740 4 3971 13 3360 1 3931 14 744
3353 0.66659747556524263 -1.3392674475869601 5.8064281822969033 78 69 65 0.23886559823787998 5 3716 4 3972 14 692
3354 2.0319447302246734 -1.5107816289550395 5.8202854581704058 52 41 39 0.95306818302856322 6 7757 4 3974
3355 11.721162565516789 -3.0308811471657227 13.751218265332195 109 105 100 1.3070312453825457 6 6501 4 3978 1 3902 10 9140 14 3168
3358 11.79000521835618 -2.9753914139104007 13.159634656610894 154 142 128 0.78225596453129254 6 6506 4 3990 1 5690 14 3179 10 9141
3359 2.1869752578118278 -1.4346055640117426 5.9371192406104738 55 44 40 1.0979380777467995 5 3732 6 7775 4 4007 1 3948
3360 12.189601733465128 -2.8757040234899085 12.602082892163187 144 135 130 0.87669703554914424 6 4384 4 4008 1 3925 10 8077
3361 11.694567080365022 -2.7326738396329238 13.82454775394884 153 146 140 0.89620240077375135 6 6539 4 4021 1 3940 14 3206 10 9148
3362 3.8809715312896707 -1.4944823134762419 3.7725427842772641 149 123 106 1.0134709770768373 6 7777 4 4028
3363 2.0019015165572269 -1.2902190501706585 5.8657577760934734 49 43 39 0.71438969593477353 5 5714 4 4044 1 1195 14 763
3364 12.23030125900419 -2.5107694274703416 12.525523349234501 151 138 129 0.98860739268288322 6 6571 4 4065 1 1189 11 5480 10 8119
3365 0.47986947949730013 -0.96197605920478479 4.9501276652592514 27 20 12 0.83982217317890484 6 8710 4 4096 1 1287
3366 0.36626579277106547 -0.92954054130872121 4.895180387522692 36 26 17 0.58386460068395696 5 3849 6 8705 4 4104
3367 1.6978841304277519 -1.0489502077989785 5.6732405366626741 52 43 32 0.59862397992336092 6 7829 4 4119 14 3349
3368 0.057622363359584372 -0.86011270117566752 6.2989106226225031 149 132 116 0.79834472959630576 2 6130 4 4127 13 3478 14 846
3369 12.227248349450763 -2.0404239569871745 12.44770506501497 149 136 127 1.3340424811742868 6 6624 4 4147 1 4046 11 6691 10 9182
3370 2.6991003004993357 -1.0464963046503524 5.9370929322608088 77 65 56 0.64467945378191782 6 6448 4 4158 1 1349 14 872
3371 2.6991003004993357 -1.0464963046503524 5.9370929322608088 77 65 56 0.64467945378191782 6 6449 4 4159 1 1350 14 873
3372 12.244547203755753 -1.9431087117033039 12.442016099228049 142 132 123 0.92960514169631203 6 6632 4 4162 1 4065 11 6699 10 9188
3373 1.7586006600286637 -0.9085261133677125 5.660777169462297 35 26 19 0.52514517155016927 6 7876 4 4174 14 911
3374 1.7586006600286637 -0.9085261133677125 5.660777169462297 35 26 19 0.52514517155016927 6 7877 4 4175 14 912
3375 1.382702465695193 -0.84956881005094331 5.2170794814726902 160 143 127 1.1046871495321773 12 6662 4 4181 13 896 1 1395
3376 11.606026023855767 -1.6131019492121588 13.557755514530237 139 126 117 1.2102368570177615 5 3921 12 6717 4 4195 1 4094 14 832
3377 11.61660563040631 -1.6089782765048477 13.683476672394134 76 69 63 1.0811561200270201 6 6652 4 4201 1 5815
3378 12.506283732843615 -1.6925071299298851 12.01024696186626 134 120 107 0.52889319429706472 4 4207 1 1394 10 8185
3379 1.1412344053432246 -0.75302802596606222 5.1303946856415061 154 133 114 0.80547758433223715 6 7866 4 4221 14 994
3380 2.5231183843793654 -0.85187890656384657 5.9108334534577063 162 147 126 0.74398441420121664 5 3954 4 4226 1 1421
3381 12.246716092631349 -1.5542781936180521 12.349794805413449 133 123 113 1.0897210146985887 6 6670 4 4238 1 5833 11 5537 10 9207
3382 12.166399484560639 -1.5271034535808101 12.448096545259281 145 132 124 1.0866559805784246 6 6671 4 4240 1 4130 10 9208
3383 -1.6832638692281077 -0.46706636760387943 4.8822811786941633 59 44 35 0.4639992787805346 12 4560 1 4163
3384 12.003720941203248 -1.4824232376980289 12.552616500290851 148 135 126 1.3352569430331331 6 6674 4 4248 1 4134 10 9209
3385 2.3241070459561257 -0.77767274383750995 5.8617056190763748 50 43 35 0.81307903941672077 12 6710 4 4252 1 1450
3386 12.248012449582253 -1.3620042626165423 12.317275831829532 135 122 113 1.4596315824392931 6 6695 4 4275 10 9217
3387 -0.2975074248935588 -0.51595827811950001 4.5601274967939718 22 16 4 0.51303203470295011 6 8761 4 4294 1 1515 13 1034
3388 2.110681442337325 -0.66902920861890691 5.747347062846706 148 136 122 0.74644175481236752 2 7469 5 5848 4 4296
3389 11.494717436869268 -1.2032094667359308 12.908089615946899 159 142 132 0.45693519686465928 5 5833 4 4297 14 3393
3390 4.0800199926930709 -0.92212290571570144 3.3444695221469973 48 37 31 1.2249833164432948 6 8833 1 4229 14 1093
3391 1.2987607910630283 -0.62221140686034793 5.0336064668163818 163 145 125 1.1828286050033692 7 9715 4 4304 13 3596 1 4208 14 1072 11 8586
3392 -1.3814694143640678 -0.40600000367506789 4.7543104719904505 34 23 17 1.2823660183885859 12 4617 4 4306 13 1071 1 1519
3393 -1.2634019147791886 -0.41911916586608661 4.7233741651670673 43 36 26 1.6519907406309777 12 6750 4 4309 1 4209
3394 -1.2634019147791886 -0.41911916586608661 4.7233741651670673 43 36 26 1.6519907406309777 12 6751 4 4310 1 4210
3395 11.730677893956909 -1.1679889036084814 12.573964852634436 146 129 114 0.33980359052981529 5 4008 4 4315 1 4182
3396 11.598764496991917 -1.0929021470968963 12.895782474962758 43 38 35 0.64411482762250982 5 4040 12 6791 4 4328 14 971
3397 -1.7092081177801055 -0.3467332151999431 4.8147446673333816 37 28 23 0.48178528937285453 12 6788 1 4232
3398 -0.12316377251618207 -0.48357393466741283 4.5825807808412629 134 122 109 0.32537275007611438 5 4060 4 4332 14 1108
3399 11.555745371745534 -1.0639746439931754 12.55710040162554 157 140 124 1.2063690025206524 5 4045 12 6796 4 4337 14 3420
3401 0.028191540803718329 -0.47635609585101768 4.6179071939559435 150 132 118 0.47508586413339443 6 8793 4 4340 14 1119
3402 -1.5225213557741744 -0.3441002259159005 4.7529151236021869 65 55 44 1.6340303673395269 12 6795 4 4342 13 1125 1 1545
3404 0.14166135705606248 -0.46474857345313708 4.6748385127311733 148 131 115 0.33513288783792505 5 4082 4 4349 13 3648 14 1130
3405 -1.3551415717132089 -0.33436075293347817 4.7036520741425374 30 21 14 1.1156013998731327 12 6800 4 4357 13 3677 1 4252
3406 -1.7242030990211141 -0.2436100759926986 4.848952019952109 112 99 89 0.3573531838673496 12 6838 1 1596
3407 -1.4752569721130806 -0.26062390537270042 4.7424855645974349 167 154 145 1.1586858435194558 2 4477 4 4396 1 1604
3408 -1.3656042484848689 -0.27226988488449178 4.6993083660615964 56 43 34 0.58459621767316106 2 6308 4 4397 1 4279
3409 -1.3268066289468214 -0.27155264187963224 4.6900838279428196 164 148 140 0.86551107369277069 2 4460 4 4398 13 1210 1 1606
3410 -1.2365321487638716 -0.27841886424754947 4.6560785163186269 167 151 138 0.60772578767834007 2 4447 4 4401 1 1608
3411 -1.0782222967492354 -0.28635080967875437 4.6182233292978969 151 132 124 1.1029896406495587 6 8780 4 4410 13 3702 1 1619
3412 -1.3991058818659616 -0.24952949037494837 4.7246995907457645 43 29 18 1.6881524904942546 12 6842 4 4415 1 1624
3413 2.388052982628305 -0.47027902614942013 5.4114075099289174 154 136 122 0.4678387551320069 5 1313 6 6620 4 4418 1 1625
3414 -1.2866375583828205 -0.25115101850392596 4.6740818971531448 69 58 50 0.9266225800018445 2 6328 4 4422 13 3711 1 4294 14 1216
3415 0.51808442191788884 -0.28934332994092909 4.7659636033071546 37 27 24 0.40056571174098782 5 4189 4 4468 13 3731 14 1242
3416 -1.1040935689911759 -0.1826749058632825 4.618337883470045 179 156 140 0.78680437635514233 5 4228 6 8811 4 4469 13 3778 1 1679 14 1256
3417 -0.35437215133267591 -0.19869069304577172 4.4721504804280032 175 156 142 0.52524853559918305 6 8835 4 4487 1 1709
3418 7.4762751043520304 -0.10201275444843697 9.2214201730616221 93 97 109 1.6455592217899444 5 5990 4 4522 12 8326 14 3584
3419 -0.38099680429076027 -0.085262544640561377 4.4462792808045206 127 111 98 0.40852879771988693 6 8862 4 4524 13 1407 12 4907
3420 2.4632670003741697 -0.142501082679235 5.3470162464057758 163 142 123 1.1477523080196048 6 6718 4 4531 1 1765
3421 7.638241588575216 -0.04902029930544978 8.9207919405991376 50 29 17 0.90692499985705055 5 4308 12 6961 4 4540 1 1767 14 1285 11 6753 10 9243
3422 7.5872682199892694 0.071392347594797997 9.0931287644738781 169 147 131 0.74799595333405999 5 4333 12 6979 4 4558
3423 7.5361475559454183 0.087708793788146 9.1385251335384581 143 125 111 1.2790792708839351 5 4334 12 6981 4 4560 1 1794 14 1306
3424 5.4533948719023941 0.15420357424679501 7.6168808485047306 162 149 140 0.66517228771380599 6 8164 4 4594 1 4402
3425 2.3134037429620582 0.094038343691230819 5.3600784617017547 65 51 42 1.2835860747329704 7 9795 4 4609 11 8017
3426 0.39151187771650503 -0.053303628005957747 3.3225284027839885 138 128 118 0.29135582675470778 5 4375 4 4611 14 1430
3427 1.6191828227222742 0.096530625954746846 4.924011000668977 80 70 58 0.72307536475381051 6 6784 4 4619 14 1402
3429 0.74384033327164523 0.18244834603352911 4.8071405167823746 71 56 46 0.69431118312070639 6 8100 4 4641 1 1909
3430 0.40402221602709115 0.030379947319425574 3.3259418746882274 21 19 12 0.40545320392943868 6 9400 4 4653 14 1506
3431 2.3629047130144705 0.31884114403525271 5.4358770136435606 77 59 49 0.99880965026555746 12 8409 4 4676 13 5536
3432 6.1117712178769192 0.54094900098897969 7.8509145759810961 159 146 134 0.89819405404572317 6 5110 4 4681 14 1487
3433 0.24258555054788161 0.11884564043456117 3.3967567789468025 152 141 125 0.42800043646415054 6 8923 4 4685 14 1555
3434 2.3633652700336811 0.34451597069207512 5.4101795836407751 79 61 51 0.75130619778459806 6 8196 4 4688 1 2003 14 1530
3435 6.7137241032531092 0.62432562578828077 8.0966833479239018 69 57 43 1.0306832024937485 5 6122 12 7122 4 4702 1 4498 14 1519 11 6822 10 9958
3437 -1.3063249873504239 0.41136257380458363 4.4840686066202204 46 36 27 1.0206347961487092 5 1915 4 4740 1 2077
3438 -2.3239858111979559 0.30299644969548684 3.5252877643417477 17 13 8 0.66462261473046969 4 4752 13 6749
3439 -2.3239858111979559 0.30299644969548684 3.5252877643417477 17 13 8 0.66462261473046969 4 4753 13 6750
3440 -1.2327963474068575 0.42835041225804887 4.4827773382925109 108 95 86 0.64654640478184477 5 4534 4 4754 13 4081 1 2102
3441 6.6935206712011217 0.85236386760730509 8.0309714623638797 51 43 31 1.0499131371864379 5 6163 4 4760 1 4541 14 3771 11 5775
3442 1.2223421092094924 0.46328432142346748 4.8334545196005907 166 145 118 1.1629907316700678 12 7181 4 4763 1 4549 14 1632 11 8807
3443 1.2194880344151646 0.46186615737625208 4.8269821990837354 166 145 118 1.3237895861874205 12 7180 4 4764 1 4550 14 1633
3444 6.8161984337974033 0.89109834559427514 8.0145867251510605 136 115 98 1.2469703831707586 5 6172 12 7201 4 4771 1 4554 11 6851 10 9987
3445 3.9509297286645291 0.24207885827516529 3.3010724445798183 140 119 102 2.5298989187044914 2 8494 4 4784
3446 6.2309238545842511 0.93299474750449973 7.9023462142072143 150 136 127 0.85550869377598171 12 8463 4 4787 14 3795 10 10360
3447 0.92096688792354664 0.5376497989958624 4.7676967882849892 168 146 123 1.77180319472967 2 8518 4 4791 1 2170 14 1679
3448 1.4398068898961582 0.52841640167632309 4.6338676793211642 172 151 122 0.66660147024277561 6 8267 4 4797 14 1689 11 8658
3449 1.2176252897071165 0.57376363280076448 4.7991991028140619 182 161 134 1.1060149656194882 6 8268 4 4805 13 1824 2 6654 1 2188
3450 -0.55278991703151192 0.51313571178880579 4.3243597272886447 73 55 41 0.46593117547709789 6 9466 4 4807 1 4594
3451 -1.4279988076381422 0.5890639593723086 4.5867929185907235 129 108 91 1.4923050828394964 2 2315 4 4825 1 2196
3452 -1.1300712501110808 0.58181487672670573 4.4720709629470692 103 83 66 0.75128717496686892 5 4614 4 4834 13 4150 1 4608 14 1709
3453 -1.1300712501110808 0.58181487672670573 4.4720709629470692 103 83 66 0.75128717496686892 5 4615 4 4835 13 4151 1 4609 14 1708
3454 -1.0291795607355114 0.60493525922153246 4.4339039302250569 80 59 42 0.69304635746239718 5 4633 4 4848 1 2243
3456 -0.84727969538967662 0.59536158466534062 4.3274342661227445 99 80 65 0.79011891779741261 5 4641 4 4853 13 4169 1 2250
3458 -0.25589218228751553 0.62131386191016502 4.3361053656050421 157 135 119 0.89728810421298155 6 9016 4 4866 13 4184 1 4642
3459 6.7598593865130132 1.3051814162714395 7.9323564765285388 137 119 99 1.4407044424361781 5 6247 4 4883 14 3866 11 6895 10 10396
3460 3.9271356134987183 0.44440938515157274 3.1880780575812757 109 97 85 0.54760721251982025 2 8538 1 4665 14 1773
3461 -1.8119107745242526 0.72603810841444716 4.637035979198429 123 100 81 0.73834914737862745 12 5460 4 4905 14 1765
3463 3.9489804184169399 0.52967483165144258 3.2330294491214842 0 0 0 1.9443067758847525 3 8626 5 4707
3464 6.44653545306811 1.4949583828155373 7.8675101952728648 35 20 11 1.4900456577952774 5 6291 12 7327 4 4937 14 1822
3465 6.2437175799886155 1.4994284971311218 7.6687232687154125 100 83 67 2.0379186452324562 5 6301 4 4950 14 1834 10 10044
3466 6.5259747465817677 1.5409696035099227 7.8658040864321945 105 87 70 1.8103428917267452 5 6302 12 7341 4 4952 10 10412
3467 0.66686702469958314 1.0316741081474217 4.5448808633182836 173 152 135 1.7641398001094277 6 9105 4 5046 1 2497
3468 0.6746507554865715 1.0369989856980744 4.5612409853875677 173 152 135 1.5388955578717214 3 8047 6 9104 4 5047 13 4356
3469 -0.054939356829488362 1.1732255839087999 4.2204334925595708 152 130 116 1.9889064631857003 12 8707 4 5198 14 2083
3472 0.22793990174603967 -4.1417646843981428 9.8264431689137446 129 130 136 0.76260059250750378 5 5379 1 5360 14 2854
3473 0.19104707489648987 -3.7945478891516768 9.7585509127380767 95 95 98 1.0911818932455712 5 5394 1 5382 13 4944
3474 0.77149641532417723 -3.8941982317797197 9.8448320368303559 131 127 128 2.0633838854382822 2 5776 4 5730 14 2874
3475 -0.3977696444881525 -3.551632203857737 9.9645000282638847 124 120 119 1.0621658945845802 5 5413 1 5402 14 2883
3476 0.27537810052598416 -3.6132313636150988 9.7429405925436274 116 115 113 1.9634530411036319 5 5411 4 5749 13 4951
3477 -0.59668028107673243 -3.5206783067269534 10.381057922003951 153 154 159 0.84366612723439982 5 3320 13 3043 1 6698 14 4629
3478 0.28116856037670662 -3.4141823337818509 9.6245516337654617 127 123 123 1.0119844692354394 5 5435 13 3046 1 5430 14 4642
3479 0.53160649273709026 -3.4897925539467467 9.7113478775494286 106 99 97 1.9036939929430505 5 5431 4 5769 1 3439 14 2902
3480 12.986988475701089 -6.9682878005920657 14.242520353239685 123 139 146 2.2669413403848897 4 5770 13 3027 1 3427 14 131 5 3282 11 3388 10 6281
3481 -0.19406686693659775 -3.3371648905097322 10.0147278413117 142 148 154 2.5019851350932254 5 5448 4 5771 13 4964
3482 0.26564937015412377 -3.2749883416042151 9.6311152410567633 111 107 103 1.9238924149940453 5 3345 4 5778 13 107 1 5445 14 2910
3483 -0.15128911131677986 -3.202700743616393 9.8533319837148436 123 127 130 0.67916976966018605 5 5459 1 3478 14 2914
3485 0.0019949467447549218 -2.8325608942132674 9.7608647599600644 145 154 161 2.1109447066793332 5 5503 4 5841 13 4994
3488 -0.22232440967675049 -2.5790807380282637 9.7315344307214815 144 148 151 0.7029579258892521 5 5531 1 5501 14 4683
3489 -0.11794772330984638 -2.4672199359856832 9.5813292772733938 31 20 16 1.7198603134130235 5 5541 4 5878 13 5016
3490 -0.59926381894444636 -2.3161239997170151 9.69499846890937 142 126 115 1.4042556213187862 5 5562 12 6401 13 3128 14 3016
3492 11.827211350347195 -4.8733382148706612 13.255564466250325 123 119 120 1.4264557313057216 5 6894 4 5888 14 4680
3493 12.980910806563541 -4.7476113693927919 12.724328611710423 52 50 55 1.7016040819571181 6 7793 4 5911 13 5007 1 5538 11 6561 10 9800
3494 0.76036669740593554 -1.8882223695671616 5.3749471361060515 125 121 122 0.53021092188643526 5 3477 4 5921 13 3157 14 3092
3495 0.12616655934374832 -2.0716714278091835 9.3002483495471751 147 130 116 1.3746488604617959 5 3538 1 785 14 443
3496 0.74442798613668937 -1.8073451746112379 5.3867423832740524 126 121 117 0.66865016223216045 5 5577 4 5939 13 5052
3497 12.525711081656469 -4.3147069050767533 12.681022164348175 81 76 73 1.7899793868597551 6 6331 4 5942 13 3114 14 3033 10 9113
3498 -0.11150226781347017 -1.7410839595823933 6.70086596460464 152 140 128 0.92062043196635079 5 3539 4 5951 13 3208 1 6831 14 3119
3499 11.567038811029688 -4.0392367193542507 13.988567910258272 138 134 133 2.2308385510906175 12 8042 4 5966 1 5585 14 3049
3500 -0.39534330485291969 -1.7953156107184862 9.553344640316169 168 167 164 1.7795970682473199 5 5627 4 5974 13 3239 14 3103
3501 11.687573946638183 -3.8698972936068468 13.109163145469774 115 109 109 1.0594016096474916 6 6375 4 5976 1 3750 14 3059 11 6589
3502 -0.29741545315104817 -1.8014725294723437 9.4965767304521531 158 153 149 1.6280329919029812 5 5628 4 5978 13 5080 14 3109
3503 -0.29741545315104817 -1.8014725294723437 9.4965767304521531 158 153 149 1.6280329919029812 5 5629 4 5979 13 5081 14 3110
3504 12.434794631250879 -3.932467503294665 12.533771532404158 52 46 46 1.243595911542217 6 6376 4 5980 14 3061 10 9122
3505 11.869762049910092 -3.7487577516464401 13.019197537013905 113 103 101 1.450514158071277 6 7863 4 5993 1 5627 14 4737 11 6600 10 9123
3506 11.724817466716329 -3.703586779880327 13.26135040005545 139 131 128 0.71707785805364255 6 6403 4 5995 1 5631 11 6602 10 9126
3507 1.8633297035130933 -1.7653601423778797 5.7857760539853285 147 139 128 0.65203591275131489 5 5610 4 5996 13 3236 1 3813
3508 0.2119713756002633 -1.545250013803477 6.414429029115154 136 129 123 0.3823322260292833 5 5636 4 6002 13 5100 1 5658 14 3178
3509 0.66462310909133415 -1.4734283921331153 5.8073499424667068 79 70 63 0.43366732682952724 5 5646 4 6018 13 3284 14 3211
3510 11.669744770865327 -3.3940876918379805 13.78482704280875 113 103 101 2.1752532445562158 12 8080 4 6020 10 9828
3511 2.2960290482155079 -1.676868835894695 5.9194197751163928 40 35 31 1.0462075529557582 6 7749 4 6023 1 3871 14 3209
3512 11.683510934473471 -3.2916600883849378 12.978960495440727 110 104 98 0.8035123169638354 6 7909 4 6025 1 5666 11 6617
3513 1.6373800605655489 -1.5350864115220209 5.6711938922446743 156 140 124 0.80767188990206373 6 8685 4 6030 14 3236
3515 -2.2489704491950904 -0.9003450388449441 3.840467061571879 115 70 53 0.90991137186479654 5 5693 1 1107 14 774
3516 -2.2235455828093951 -0.90280678529788005 3.9681667744312406 167 126 108 0.2091885170044373 4 6036 13 5161
3517 -0.65857149850200591 -1.142640325492106 4.7160173663058851 60 52 50 0.43750536487087383 6 8642 4 6037 13 3344
3518 12.312426593865846 -3.016666296617343 12.560287851535056 156 147 140 0.7924498546372809 6 7941 4 6050 1 5694 11 6651 10 9834
3519 -0.15778527871372849 -1.1332129228336654 4.7244007000953481 41 36 33 0.86670549539555708 5 5695 4 6051 13 5159 6 9258 14 3279
3520 11.597259564819383 -2.9349419178705172 13.930291966827854 115 110 109 1.316805106730033 6 6515 4 6054 1 5696
3521 11.877119244429297 -2.6708112238775672 12.865752118704185 41 35 37 1.1405017485021645 6 7963 4 6078 1 5725 10 9839
3522 4.2540925738043738 -1.5058750243485335 3.1831007062940939 148 122 105 1.6295502058876932 6 8724 4 6085
3523 11.982347812350998 -2.5821681206226268 12.780064580200028 146 134 122 1.0839575750478727 6 6560 4 6093 1 3960 11 6673 10 9152
3524 2.3185903460219794 -1.3128862559557926 5.9392002830851869 72 61 55 1.7230041233720219 7 9705 4 6095 1 5754 11 8321
3525 0.098107152467306225 -0.99763254422802161 4.7815524209920381 32 21 15 0.39545812510094497 6 9274 4 6107 14 818
3526 4.1858655846986101 -1.4042329453227627 3.2530550078766023 133 106 93 0.75600985211942251 6 8744 4 6118
3527 4.1539708470392025 -1.3331020790747772 3.3925668985683752 113 99 90 1.3287403571924361 5 7019 4 6135 13 5185 14 3366 15 396
3528 12.114474088224981 -2.1980392061751584 14.53015861593795 84 80 80 0.053757848764018235 6 8003 4 6143
3529 12.236199451045612 -2.1487335034562114 12.470676968720989 150 137 128 1.0270764734063973 6 8005 4 6148 1 5781 11 6685 10 9172
3530 1.9011546080453496 -0.96656103893784784 5.7316489490928202 47 43 44 0.59711472982768865 12 8146 4 6166 13 5240 1 4082 14 3368
3531 3.8662918656998855 -1.1502072648976596 3.7326643671452677 158 132 117 1.8316056525315521 2 8251 4 6174 1 4113
3532 0.75824181485675046 -0.60040104122956706 4.9859868648767449 166 145 128 0.90037065505895642 6 9334 4 6232 1 5872 14 3470 13 5309
3533 -0.77540881057842359 -0.46939713388683718 4.5825385125397071 149 135 122 0.68636004399452166 5 5858 4 6237 13 3620 1 5878
3534 -0.80233630973460568 -0.421379708333459 4.5746606777011269 160 153 143 0.35258888660928417 5 5879 4 6244 1 5894
3535 10.66597820325492 -0.93025865465536572 13.516431078830159 211 212 216 1.800848546006639 5 7127 12 6809 4 6247
3536 0.18054876732768882 -0.47827353608625534 4.6850589482230465 93 84 78 0.86607752978310315 5 5878 6 9330 4 6248 14 1120
3537 -0.38989139741112788 -0.42570878470906776 4.5309931146308093 157 147 137 1.2220945040997555 12 6775 4 6256 13 3661 3 6501 1 4250 14 3495
3538 -1.314387252808396 -0.3357481478024798 4.6955393109883463 29 21 14 1.31451381356014 2 6275 4 6257 1 5904
3539 -1.185901675882101 -0.28615390185456036 4.6453517519438483 159 140 130 0.70609394615059262 2 6303 4 6283 13 5378 14 3531
3540 3.8026565563902563 -0.68418298778174402 3.0532083569704889 20 18 23 1.9595490805823923 5 5900 1 5954
3541 2.3430369090449172 -0.34530842918329757 5.3616840822065441 107 90 72 1.0104130284738857 5 7180 6 8032 4 6320 1 1674 14 3566
3542 -1.0585831515048478 -0.16608624506313163 4.6039818446633127 125 110 103 0.51299272117023531 5 5973 4 6326 13 6628 14 1266 1 4336
3543 2.0279902911855667 -0.26853581099702906 5.1997867340401829 78 62 47 0.45001476052043393 6 8893 4 6333 14 3582
3544 -0.38014678033680094 -0.098240771994520443 4.4591973235995699 162 144 132 1.277230740418748 6 9366 12 8318 4 6359 13 3833
3545 -0.40005809513722257 0.10157958390664326 4.4116076547128937 167 151 138 1.5717516272516823 2 6486 6 9800 12 7015 4 6402 13 3922 1 6032
3546 -1.68427128631723 0.20560034875493671 4.7639271756137722 158 132 118 0.63370922883964775 5 7258 4 6404 14 1412
3547 7.8482037936293176 0.3298851218320088 8.7803182402465865 40 37 34 1.4179673614944202 5 7256 12 8380 4 6408 1 6038
3548 7.8482037936293176 0.3298851218320088 8.7803182402465865 40 37 34 1.4179673614944202 5 7257 12 8379 4 6409 1 6039
3549 2.4900625651655144 0.14728969207251649 5.346713639399983 57 42 33 0.90421788645355861 6 8943 4 6414 11 8646
3550 8.0233307386454733 0.40020062691539871 8.8004058867887274 150 130 114 1.1997219779905586 5 6073 4 6420 14 3675
3551 -1.7886530078062797 0.26016499346384681 4.7604842423066032 156 131 111 0.91383354726924859 5 6080 4 6424 14 3701
3552 6.5984493614836435 0.3779114819951998 8.0800812839264502 155 130 110 1.2065018041465831 5 7265 12 9221 4 6425 1 6059 6 8215 14 5117
3553 -2.5006401744185451 0.12082541681116049 3.10941341105505 72 62 50 2.1314559918684548 5 6106 4 6443 14 1540 1 4485
3554 2.789637782561428 0.29388481100871178 5.4140539046570089 171 152 135 0.87239722327796709 5 7287 4 6448 14 1512
3555 0.27252874163028767 0.11832789452776724 3.3927859387029704 18 20 19 0.56523118114656257 6 9412 4 6455 14 1557
3556 -2.7379099235651627 0.097406345808671968 2.5596523257174053 158 155 150 1.3905938825503508 5 6121 4 6460 14 1594
3557 -1.1306728988655725 0.39087958059495265 4.4562436376867751 95 78 67 1.0145701751410481 5 7313 4 6474 13 5571 1 6109 14 3767
3558 0.78222052663816632 0.43001833578189991 4.7130588703973659 22 13 6 0.9876159954241337 6 8973 4 6489 13 4064 1 6117 2 7708 14 3781
3559 1.3065797978980449 0.45341060623317414 4.8021276068082122 176 156 132 0.45799602437448944 6 9467 4 6493 14 5201 11 8919
3560 1.3065797978980449 0.45341060623317414 4.8021276068082122 176 156 132 0.45799602437448944 6 9468 4 6494 14 5202 11 8920
3561 -1.7979814654332809 0.49828179234890418 4.6863190106582762 106 93 81 1.151711252540212 12 8458 4 6500 14 1640
3562 6.7775671557218446 0.98659855459539703 8.0054811978274625 148 129 112 1.3805614425849961 5 6188 12 8468 4 6513 1 6137 14 3801 11 7630 10 10366
3563 -0.18471141950211611 0.52326587689946313 4.3859919454202858 145 126 111 0.82388137703855469 6 9870 4 6520 13 5615 1 6153
3564 6.6228566358468859 1.0941091327400441 7.9812565065896424 141 123 109 1.3615554719659737 5 7346 12 9282 4 6531 14 5223 11 6864 10 10645
3565 6.3871280031500799 1.1398866887481598 7.8783614433416682 153 132 115 1.3604319063217436 5 7360 12 8499 4 6539 14 3825 10 10379
3566 -1.6098232217949802 0.6390604686235255 4.6120395260617446 68 52 39 1.0007198972045557 5 6215 4 6541 13 5639 14 1727
3568 6.4617005074976595 1.2360365409111884 7.88559196915529 175 154 137 1.065240164350115 5 6230 4 6559 14 3854
3569 6.733749309057103 1.2681745784325247 7.9687065154635475 21 14 3 1.5498367298203419 5 6235 12 8523 4 6564 14 3858 11 7645 10 10389
3570 6.740203428479659 1.2678952720498364 7.9753091746850293 21 14 3 1.5777285078850216 5 6236 12 8524 4 6565 10 10390
3572 6.3149661654985048 1.3570388942344283 7.8286502675830585 65 52 35 1.7786474185557946 5 7392 12 8542 4 6587 14 3879 10 10662
3573 0.66982798200614857 0.74943047009961794 4.6211865942810686 134 109 89 0.823474696890936 6 9521 4 6589 14 3882 9 9587
3574 1.295006151579738 0.79969891399959092 4.7217566697686273 167 133 101 2.026000956606568 7 10229 4 6596 14 3898 13 5689
3576 0.085238632840965001 0.74726461405150402 4.3196822583249048 161 133 112 0.64149963903136076 6 9531 4 6606 14 1810
3577 0.78709235692793822 0.81296600044525524 4.5996952571147025 168 145 127 1.3633909155986765 6 9054 4 6608 1 6234
3578 1.2861966466919192 0.8450821049559718 4.6985449963366737 170 134 102 1.0554185961817273 2 8578 4 6615 11 8932
3579 -0.03808368749891694 0.78774279109280143 4.3093445159709933 144 121 106 0.9661011595435417 12 9345 4 6619 14 3920
3580 6.870043825619474 1.5881717475023089 7.8325503125036837 152 129 115 1.8968368957753654 12 8566 4 6625 1 6243 14 3931 11 7674
3581 0.76964117400439114 0.90326656705533859 4.6178634623779855 104 80 62 0.69100039144721437 6 9552 4 6630 13 5712 2 8593 1 6249 14 3940 14 5306
3582 1.408716263297962 0.90385348124648424 4.5821363312235599 47 38 27 1.8650113061216387 6 9557 7 10079 4 6631 13 5716 1 6250 14 3943 11 8941
3583 -0.046095536765608736 1.0401782279900991 4.2512822319665116 143 121 107 1.2742335877247821 12 8646 4 6718 14 1995
3584 0.70787627345309723 -3.7899304923451309 9.8392522695220492 95 89 91 1.2552053817523201 2 8195 5 6829 13 6282 1 6693 14 4626
3585 -0.036722312108616428 -3.4845683244553229 9.8957846392781548 143 144 146 1.1837943987725783 5 6842 12 8958 1 6703 13 6289 14 4632
3587 0.65521707789236294 -3.5580635511475731 9.7860621142584971 89 84 81 1.1601176005487819 2 7233 4 7127 1 5420 14 4637 15 62
3588 0.1728338601174001 -3.4235284658825145 9.7523462791680267 164 165 170 0.9472560948458888 5 5434 13 4959 1 5426 14 4638
3589 0.42862082290807052 -3.3544314308502519 9.5298726389335524 69 64 70 1.7349033894361308 5 6848 4 7140 14 4645
3590 13.074213263625756 -6.755500029041551 14.215823818142873 89 92 101 1.7993509216855412 5 7734 4 7144 13 7296 1 6715 14 5780 11 7382 15 942
3591 0.010452266769503893 -3.2351986472271572 9.814473046455138 143 152 159 0.17455549409061652 12 7972 14 4651
3592 0.010452266769503893 -3.2351986472271572 9.814473046455138 143 152 159 0.17455549409061652 12 7973 14 4652
3594 0.033050203326747518 -2.2406119905197497 6.7231313797733803 128 123 120 0.81320639494990543 5 6903 4 7186 13 6332 1 6762 14 4699
3595 12.543874565342792 -5.0742860195153225 12.947390932671015 121 120 125 2.3040579988866114 5 6885 4 7196 14 5809
3596 -0.5450045494226643 -2.3554109130628995 9.7895351652839828 127 117 108 1.919282573891544 12 8031 4 7199 13 5022
3597 12.717815002655515 -4.8550886714435926 12.686760855181582 150 149 155 2.2626114317458721 6 6268 4 7209 13 6323 1 5526
3598 0.74489661725787726 -1.9805521225915337 5.4139546126310281 127 126 131 1.3576632080693904 5 6921 4 7214 13 6348 14 4736
3599 12.286968069311014 -4.7363564540004166 12.811444393669506 54 52 57 1.8537934095139876 6 7786 4 7215 13 5002 5 6904 1 5529 14 4689 11 6553 10 9796
3600 11.682907567824406 -4.7636135326129159 14.133943098360298 118 116 117 3.2418902383078638 5 6912 6 8737 4 7217 1 6782 10 10268
3601 13.226341325541959 -4.7293487567742964 12.760014731511463 95 93 98 1.2994067166160153 6 7797 4 7223 13 6334 1 6797 14 5828 11 7435
3602 12.484940182725088 -4.5709070986203599 12.642128338391647 35 36 41 1.1377887900836632 6 8747 4 7226 13 7324 1 6798 14 5829 11 7428
3603 13.463130905247397 -4.536100408602632 12.688194469502827 77 78 83 1.5408237093798363 6 7820 4 7233 13 6343 5 6922 1 6819 14 4708 11 6582 10 9812
3604 -0.35948458288510271 -1.9953383907645335 9.5502940081622771 68 55 47 1.7926359988766749 5 5602 4 7236 13 5060 14 4733
3605 13.254912100661169 -4.2966379768634697 12.647272731747702 148 142 142 0.81313273119620888 6 7835 4 7245 11 6590 10 9117
3607 12.075896629044667 -4.1139154736519252 12.959105084678018 143 136 130 0.95306179266295332 6 7833 4 7249 1 5579 14 4723 11 7446 10 9811
3608 -0.34514841787759187 -1.8860719512603028 9.5456708983019016 162 158 157 1.782248548786677 5 6961 4 7250 13 5070 14 4743
3609 -0.34514841787759187 -1.8860719512603028 9.5456708983019016 162 158 157 1.782248548786677 5 6960 4 7251 13 5069 14 4744
3610 1.954594796806552 -1.8725381583364511 5.8321935214998613 130 123 115 0.84510761278761171 5 6945 4 7259 13 6377 14 4775
3611 2.8179986043615894 -1.8761187705920894 6.0752788155170059 128 123 119 1.1527161385976372 5 6956 4 7284 1 5661 14 4791
3612 12.193708670562428 -3.5940487552206615 12.837582570884861 115 102 96 0.9307465332286825 6 7889 4 7289 1 5642 14 4755 11 7464 10 9824
3613 -2.4975363571432743 -0.90869623058191373 3.2604742625095424 67 55 39 0.2046254060237786 5 6990 1 5692
3614 0.66014121652988877 -1.4292558872656429 5.7705589568377995 145 127 115 0.47476262273499198 5 5656 4 7304 13 5123
3616 0.69115348045568137 -1.3304859223305587 5.3702191542583764 157 147 135 1.0582889654337126 5 7001 6 8675 4 7315
3617 12.074357233249298 -3.1339586010390663 12.800044852605382 169 160 155 0.62820581063659053 6 8826 4 7316 1 6880 14 5892 11 7488 10 10290
3618 0.66880667801836258 -1.3116750053966288 5.4319110265464712 167 155 143 0.9995531361217973 5 5678 4 7318 13 3337 14 3260 14 4818
3619 0.66881966292367401 -1.3120240398178502 5.4306511706469403 167 155 143 1.1764479075831715 5 5679 4 7319 14 4819
3620 12.261301702925223 -3.0970554383853117 12.812214285186869 32 32 38 0.84572088376610977 6 8829 4 7323 1 6883 14 5897 11 7490
3621 3.7968918077225089 -1.4971742004373236 3.8050376534979176 140 131 124 1.7636999971603124 5 7831 4 7330 1 6919
3622 4.2425794448304748 -1.518450243069118 3.4823055238291141 94 104 114 2.1001963549373976 5 6994 4 7333 13 6423 14 3321 14 4869
3623 4.2351181138047194 -1.4699539402961002 3.4092379902128083 82 90 101 1.157472092575524 5 7834 4 7340 13 6436 14 4877
3624 4.10498073109461 -1.434088324963813 3.5186480788649495 64 68 77 0.23638733977079013 5 7008 4 7344
3625 0.46795986342970558 -1.0312972764016644 4.9374298326068464 108 94 85 1.0661477902053103 5 7039 6 9283 4 7347
3626 4.1496024829753111 -1.3904014528613378 3.2750986178867123 141 132 125 0.60199078015148166 6 9743 4 7354
3627 1.3605980374092981 -1.0742998129875612 5.2920834754618813 140 123 103 1.328032318282496 6 9305 4 7359 1 5779
3628 1.3450425186098971 -0.84623459210261132 5.2232889597176477 130 112 95 0.89263944426583564 12 9085 4 7393 13 5263 1 5829 14 3397
3629 0.21341010601633686 -0.43452379620727954 4.7002531406103571 136 126 110 0.61234302130985374 5 7151 4 7456 13 6578 14 3501
3630 4.2734699404940377 -0.74963426290868584 3.0409904062681141 119 94 74 1.818684579254408 6 9368 13 6574 1 7057
3631 2.8328662669130282 -0.49134648867740749 5.5400224130548663 55 54 52 0.39264930117767061 12 8259 4 7483 13 5363 14 5017
3632 -1.3030741537792259 -0.22185614614659202 4.6828702149810599 136 119 108 1.3022716267018133 2 7570 4 7501 1 5944 14 3561
3633 -2.4714835473258252 -0.2374791470786464 3.0004319835906306 176 167 158 1.221698644010742 5 7179 4 7504 1 5961 14 3594
3634 -1.0743940849487426 -0.11928362355549953 4.6048727330208274 126 105 88 0.76144434422007023 5 7201 4 7520 13 6638 1 5973 14 3596
3635 0.35513216382413021 -0.18536664590449634 4.6904677875464129 95 79 66 0.90890913074923374 6 9789 4 7521 13 7527
3637 7.6002844450846778 -0.14419396105552423 9.1504419251378479 16 25 45 1.279372386462245 5 7209 12 8320 4 7530 1 7090 6 8936 14 5046 10 9909
3638 4.2554009095794552 -0.45229477749075359 2.9961328359284569 137 108 90 0.75789078913912389 6 9401 13 6643 1 6003
3639 5.5645668924352538 0.18458556033939583 7.6161394808267566 50 40 30 0.36346233017948376 5 8022 4 7554 14 5089
3640 5.4653936280671047 0.23212246824727895 7.6936878303256977 157 140 130 0.87127223480369853 5 7247 4 7557 10 10607
3641 2.0286936764548544 0.14784670095674299 5.3880064612868477 75 65 56 0.94086215913016036 6 9424 4 7564 14 5115
3642 2.0473535580463968 0.24256008572680871 5.4144315358506576 31 22 15 1.2639126256045989 6 9436 4 7587 14 5131
3643 4.0642848585178148 -0.11328882960499331 3.0526334330203895 136 123 107 0.89467124297330758 6 9438 1 7154
3644 4.0004795170192455 -0.098314250532771874 3.1266740889350824 127 110 94 0.83878841039668894 6 9437 1 7153
3645 -0.27605996412756245 0.25374410275685416 4.3980172952700451 188 171 150 2.1129634099317811 6 9822 4 7608 13 6726 1 7157 14 6197
3646 6.2343102074282166 0.54504582952795433 7.8866590510005894 44 30 19 1.0744510848756954 6 8989 4 7611 1 6079
3648 0.0045150740855030014 0.29654134123364073 4.3731877653649844 53 39 30 1.0537124119709003 6 9833 4 7616 14 5169
3649 -0.1314879601381673 0.30597747224129757 4.3444952296078672 68 46 31 1.3240282604716085 6 9832 4 7618 13 6734
3650 5.6150027241114691 0.63198837693523413 7.521917819995064 143 122 105 1.8327451680930171 6 8258 4 7620 1 4510
3651 0.77554266405809269 0.37473826667043636 4.6987374162610376 32 24 13 1.0389827404880851 6 9448 4 7625 13 5561 1 6105
3652 -1.395311917727688 0.40504579867546403 4.5620793158061117 96 84 72 1.3516234773058098 2 7715 4 7628 13 5566 1 6104
3653 6.9092620280893531 0.84288966226262207 7.9681712385960521 151 135 119 1.413521642134894 5 8076 4 7640 10 10636
3654 -1.2827431367140063 0.50967136339448782 4.5556263934447117 113 97 82 1.3811507965934704 5 7329 4 7650 13 5600 1 6128 14 1666
3655 2.0606257668004426 0.60869298532060689 5.4149596120903611 54 37 24 1.5503501381765958 6 9008 4 7651
3656 7.1311886913671509 1.0236680095362236 8.1464324104210402 117 98 83 1.9496857146496218 5 8586 4 7654 14 6230
3657 -1.8044261042793406 0.556883856589798 4.6770918056175015 117 98 81 0.77814620345163832 5 7333 4 7656 14 3803
3658 -0.9972469006305007 0.52123392729444418 4.4479932499139014 53 39 30 1.336363105690596 6 9856 4 7657 13 5612 12 8471
3659 6.7232495188977843 1.0426882375702327 8.0041618572430782 44 36 25 1.9049396970807486 5 8092 4 7660 14 5215 11 7634 10 10642
3660 6.3128697940229426 1.0789572151275084 7.881503440820782 112 91 74 1.2290885208254723 5 8094 12 9943 4 7666 10 10852
3661 -1.1883619282629787 0.63177753116162449 4.4837503063534303 22 18 16 0.38863759481090154 5 7361 4 7681 14 5239
3662 -1.1883619282629787 0.63177753116162449 4.4837503063534303 22 18 16 0.38863759481090154 5 7362 4 7682 14 5240
3663 0.6650677350009373 0.69934116615614972 4.6219868240487187 166 145 126 0.58781240209282004 6 9907 4 7691 1 7231 14 5259
3664 6.8888288263195054 1.2898361961502931 7.8937138847505333 134 116 99 1.8457449457150092 5 7382 12 9310 4 7692 1 6204 14 5257 10 10660
3665 1.5117105030310998 0.71131381499633539 4.6162311002548844 175 141 113 0.65369829032508298 6 9519 4 7695 1 6209 14 5266
3666 7.6645231961203999 1.48708841831295 8.3064280068517213 104 84 69 2.0065746449874937 12 9327 4 7707 14 5279 10 10670
3667 5.926525533597828 1.3872852597030323 7.6444740955992483 148 129 114 1.4623701444073653 5 7398 4 7714 12 9330 14 5282 10 10666
3668 6.3863468175641103 1.4272693845700786 7.8369605901846944 137 118 103 1.8676330943045087 5 7399 12 9331 4 7715 14 5283 10 10667
3669 -2.5565142086051971 0.5013718383767527 2.9843908658293476 73 65 54 1.3938310307845869 5 7411 4 7740 14 3922
3670 0.48236597166082046 0.90963912203422992 4.5118564983958267 157 139 125 1.5792388127181833 6 9937 4 7749 1 6261 9 9793
3671 1.4178079016465206 0.93413071332120912 4.5311836963184033 157 135 111 0.85816691657084376 6 9942 12 9368 4 7751 1 7291 14 5328 11 9003
3672 -1.2520824631336065 0.87152892830804718 4.4370439292188077 135 114 97 0.91381704147941767 5 7429 4 7754 13 5726 1 6259 14 3953
3673 -0.078634364099947424 0.8862034126783489 4.280368441332258 111 88 70 1.1233877472338045 6 9941 4 7758 14 5335
3674 0.47665684778993439 1.0632755062597707 4.4749310260303075 162 141 124 1.3698279729487997 4 7797 14 5375 9 9806
3675 -0.047061430973179941 -3.8711953015740517 9.9205215736651553 72 70 75 1.2808461706669692 5 6818 1 6680 13 6279 14 5774
3676 0.32053129114854401 -3.8017393643542485 9.670219516665048 77 82 88 0.85123009720487375 5 6823 13 6281 1 7579 14 5777
3677 0.30055156567517632 -3.3528479406189842 9.5404368876923602 87 85 91 1.7018133156401523 5 7745 4 8096 1 7594 14 5788
3678 0.3438895733336344 -3.2704944007247621 9.5665742756113197 124 116 113 1.3752207172933184 5 7750 1 7597 14 5790
3679 0.27102908822651767 -3.1308624902684112 9.5763197612861504 109 104 98 1.658206977232997 5 6863 4 8109 1 7600 14 6619
3680 0.1251052294666587 -3.103753866021274 9.766879981003596 140 147 155 1.1827091543450523 5 6871 4 8113 13 6312 15 956
3681 12.97373588657423 -4.9865371523965178 12.737841288300078 98 98 103 1.4532944039775872 6 9301 4 8141 14 6632 10 10271
3682 13.356998822428897 -5.0115425862922347 12.854684095843263 147 148 152 1.3437608011009741 6 8733 4 8144 13 7313 1 7634
3683 -0.13232502008207722 -2.204168034928963 9.4329991265148969 122 111 107 0.99405418901520159 4 8147 13 7343 1 7642 14 5835 15 1405
3684 -0.10739939494392306 -2.118734718155781 9.4588627526095799 163 163 161 1.5253623666192671 5 7787 4 8154 13 7345 1 7652 14 6649
3685 11.693809702516003 -4.3965494922871411 13.218855454819151 102 105 114 1.2651225800300498 6 9309 4 8155 13 7326 1 7649 14 6641 11 7979 10 10565
3687 -0.21878619073670164 -2.0022595666274143 9.5376329490575298 174 169 164 0.16812408559921194 4 8162 13 6372
3688 -0.013580254704775863 -2.0164921861476195 9.3914470751751953 183 174 165 1.5672326567449113 5 7796 4 8163 13 6370 1 7658 14 5854
3689 11.562790477320824 -4.2088321644055267 14.192881280789685 69 72 81 1.5492072646312254 5 7781 6 9315 4 8164 10 10275
3690 -0.11947121003619976 -1.8946497623031047 9.4448093395222976 120 112 103 1.5061770083486237 5 7807 4 8168 13 7357 14 5863
3691 11.750178963980016 -3.9519574176508998 13.548443479114143 129 118 112 1.2734532568509234 6 9320 4 8170 1 7668 14 5843 10 10279
3692 -0.71504030212636249 -1.1076589902408005 4.737053617019332 159 146 137 0.93563012066253171 6 10026 4 8191 1 7720
3693 1.2951163168451441 -1.294088391748166 5.317026112795797 157 139 125 0.2709524262182415 6 9717 4 8199
3694 4.1757645759860944 -1.57987376355769 3.538226499473101 87 95 106 1.5334883389730043 12 9702 4 8202 13 7377 14 4855
3695 12.184828007585175 -1.7153422594870253 12.445569933092784 136 126 116 1.0119883652720469 6 9384 4 8247 1 7783 11 8049
3696 1.2171114087620278 -0.71945534349421347 5.0650457687147314 174 159 140 1.9512923604957955 5 8474 14 6023 11 8965
3697 4.003848042760608 -0.94016957155928105 3.3939477439451928 102 90 78 2.2139798480963218 2 9597 5 8471 4 8273
3698 2.757424289943017 -0.66248669743162836 5.7812983809354188 134 122 106 0.47057184965866661 5 7940 4 8290 13 6545 1 7019 14 6040
3699 -1.2559835321920607 -0.28303982094175573 4.6616813579494032 100 86 77 1.2502180368759779 2 8992 4 8307 13 7505 1 7829
3700 5.4738397656476261 -0.30912984599638987 8.1359305297306097 56 42 39 0.95732060483704717 7 10045 4 8332 14 6094
3701 -2.3761336978326026 -0.16860571046774392 3.2469165364087447 69 60 49 0.14185676734547428 4 8334 13 7530
3703 1.6684872942212094 -0.11054577806523537 5.0046133377787587 62 45 29 0.79402431910811477 6 9804 4 8355 14 6140
3704 7.8623444342553848 0.016829834464098706 8.7561889905152022 140 109 81 1.9722571838864187 5 8536 4 8360 1 7107 11 8093 10 10829
3705 7.8834189486999433 0.010784061101721754 8.7798293328816595 140 109 81 1.3363378478856109 5 8535 4 8361 10 10828
3706 3.8274760247004087 -0.2920031366436675 3.5483435774176089 0 0 0 2.3246369994449121 2 9373 12 10316
3707 0.40173608352702445 -0.50517416037004081 -0.52961886148272264 0 2 1 0.35119473517241506 5 8529 4 8372
3708 3.8741474621302237 -0.16151592402920104 3.3712607885504124 163 140 132 0.91634118156060851 6 9828 1 7900 14 6184
3709 -1.6877031596330867 0.31171181433528017 4.7624929403157461 147 129 116 1.726981733774436 5 7285 12 9904 4 8393 1 7909 14 6194
3710 -0.038710089359118793 0.26761749153938325 4.4977327494713535 15 11 11 0.7377325458335342 12 9239 4 8400 14 6199
3711 0.0019463632323750701 0.2699025838498868 4.4564194389780543 150 128 109 0.2322908693393857 5 8052 4 8401 14 6202
3712 -1.1174369286393062 0.30840894825652276 4.4776975364089022 48 36 27 0.82083015121952463 5 8058 4 8404 13 6731 1 7164 14 5158
3713 -0.94331996157149489 0.30111641267659145 4.4000422942798076 87 70 60 0.99353859686775192 5 8059 4 8405 13 7590 1 7923 14 5164
3714 6.8055245064732732 0.65676991493477099 8.0440571005917398 153 135 115 1.1882373398136867 5 8573 12 9913 4 8412 1 7929 14 6203 11 8435
3715 -1.0893184437263148 0.39425355585194716 4.4615708746159237 114 98 85 0.31729978601308695 5 8070 4 8420 13 7598 14 5192
3716 0.6818539278659117 0.46990117243976198 4.6803648657837265 115 94 77 0.61310038564208624 6 10131 4 8425 1 7187 14 6223
3717 0.64014398691394403 0.52435369703328849 4.661896572016321 105 73 58 0.79848182985532934 6 9874 4 8431 1 7192 5 8086 14 6232
3718 -1.002912397669969 0.56122751460745279 4.4373891020679617 104 85 70 0.7575432278068831 5 7344 4 8447 13 6774 1 7199 14 5224
3719 5.637557458741866 1.0717275889720919 7.439613721412246 147 126 105 2.0159227022559132 6 9039 1 6172 10 10991
3720 6.7481466514019361 1.1726680360623027 8.0125854845382847 47 38 29 1.5601622405156346 5 8099 12 9956 4 8452 14 6248 10 10653
3721 -0.45616932491501594 0.69260268719342188 4.3188633399221228 126 100 83 0.91978936642446141 6 10151 4 8473 13 6807 1 7240
3722 5.515827633627655 1.378920391148571 7.3470910308765607 38 28 19 1.6667821536896443 5 8125 12 9986 4 8486 14 6285 10 11007
3723 6.7491452108655281 1.5835800107468185 7.9139930190452459 165 146 129 1.2431077005304034 5 8135 4 8495 14 6294
3724 -0.92998931963918752 0.84374377761556496 4.3399782667255771 119 98 81 0.88382567406409029 5 8144 4 8511 14 5312
3725 0.01349868940923965 0.86605312360558706 4.2946197604703231 99 76 60 0.89873643982708817 12 10384 4 8515 14 6307
3726 0.35304877311812527 0.90064063580885123 4.4589517513674943 157 141 127 1.3930503133747032 6 10177 4 8517 14 6308 9 9931
3727 0.0024257199825979958 1.0351830355639327 4.2543423356583547 89 76 60 1.4427544512425445 12 10397 4 8545 14 6345
3729 1.3386725326593327 -4.1425068163981642 10.200781411438257 100 100 108 1.3378236750593322 5 8354 4 8704 1 8176
3730 0.787306169032022 -1.8869581631247581 5.306812061123888 85 83 84 0.22255436341637255 5 8387 4 8739 14 6658
3731 11.71707452479971 -4.1286160208981686 13.187000414963036 128 120 118 1.249325641939236 6 9749 4 8746 13 8004 1 8231 14 6646 10 10790
3732 0.75793065189234188 -1.6743603399066258 5.1144536014313724 65 57 55 1.0929382030908965 5 8395 4 8748 14 6675
3733 2.0758512329362842 -1.8637892799881384 5.8536259593150008 69 58 52 2.60601890129292 6 9708 4 8751 1 7676 14 6671
3734 11.767442608082597 -3.3834408496557336 13.312774391368817 146 133 124 0.59184303859385001 6 9760 4 8762 1 8657 14 7214 10 10797
3735 11.765253033086829 -2.6460383861075214 12.865434886285009 105 97 95 1.4075658352414342 6 9784 4 8785 1 8288 10 10807 11 8384
3736 0.16968709134295284 -1.0278582455559955 4.8028170879867336 139 119 108 0.63980310338267554 5 8841 4 8790 13 8058
3737 -1.0964705018486631 -0.43445583458618531 4.6507364513073313 112 103 88 0.99057966888101678 5 8490 4 8835 1 8343
3738 2.758037207190243 -0.59513200621047435 5.6116235849402498 162 146 130 1.214922385320061 5 8866 4 8845 1 8352
3739 1.591254288118948 -0.39819312707330801 5.0100262713192727 76 62 47 1.2438656127516772 5 8890 4 8856 14 6831
3740 -1.6694011385637761 -0.17349507607816772 4.8262401864325239 103 86 78 2.0039505617511604 12 10309 4 8859 14 6837
3742 6.3652040185545449 0.21750637244396281 8.0141313103560119 138 120 100 0.97325698094611113 6 9450 4 8895 1 7883
3743 6.5462236886533134 0.44073398775157535 8.0738461468484495 146 125 104 1.001261018610933 5 8929 12 10586 4 8901 1 7902 14 6877 10 10982
3744 6.5542312865169539 0.57238234829246126 8.0576140847357589 153 132 111 0.72013996170047379 5 8936 12 10595 4 8906 1 7915 10 11102
3746 6.5638980912762577 0.78202080809582042 8.0423872357357062 165 144 125 1.6613779032659295 5 8944 12 10605 4 8918 14 6898 10 10986
3747 0.54796941644097652 0.47280498703912105 4.6236075224300004 128 107 90 0.7869486674438293 6 10311 4 8929 1 8435 14 6914
3748 6.9302238625672503 1.1722659143136567 8.0440349188587579 139 118 97 1.8840257962906966 5 8959 12 10617 4 8940 14 7416
3749 6.7661348474722294 1.4916313399100274 7.9488865447682562 59 46 37 2.0349738251050491 5 8615 12 10380 4 8950 14 6953 10 11009
3750 -1.680485502724232 0.77998094510290161 4.5655227468966277 57 45 33 1.271374141971314 5 8609 4 8951 1 7975 14 6944
3751 12.434173040838536 -5.6520656352065615 14.081040278547196 97 96 102 1.4611026719124849 4 9109 13 8409 1 8625 14 7184 10 10784
3752 -0.00082096884663612757 -1.9275179458233782 6.5860848221285462 137 127 118 1.1544577203920139 5 8794 4 9124 13 8418 1 8225 14 7209
3753 0.98362385339221836 -1.9668521913715686 5.3482395324113305 134 129 125 1.3442343499321534 5 9057 4 9125 13 8698
3754 -0.048190441026629616 -1.6865923799821421 6.5070358592811912 143 128 115 0.87917106498361464 5 8800 4 9130 13 8429 1 8649 14 7215
3755 1.9488607597963079 -1.9266083941670942 5.8938536514302156 151 141 131 1.7894544226452109 4 9131 13 8426 2 9582 1 8651 14 7218
3756 -0.013495924778938961 -1.5276323197546209 6.4659575530182343 145 131 120 0.67664274947499314 5 8808 4 9138 1 8248 13 8026
3758 11.813034019312562 -3.5430223094576818 13.687204843351667 39 43 58 1.118633177997042 6 10066 4 9146 1 8654 14 7604
3759 11.813034019312562 -3.5430223094576818 13.687204843351667 39 43 58 1.118633177997042 6 10067 4 9147 1 8655 14 7605
3760 11.996256917593213 -2.8705003401625411 12.784463465599165 153 143 134 1.1761778618191765 6 10083 4 9168 1 8671 11 8639 10 10804
3761 1.7772885300481867 -1.3454644479572477 5.709617058387316 144 140 139 1.3755603553039242 6 10386 4 9172 14 7254
3763 0.0083002099758030523 -1.0537337176756323 4.7491588336289343 163 150 141 0.62468634965473713 5 8837 4 9180 14 6735
3764 0.44455752933259468 -0.81493711877776764 -0.43596611197601981 159 133 107 1.5531244968256144 5 9097 4 9194
3765 0.44455752933259468 -0.81493711877776764 -0.43596611197601981 159 133 107 1.5531244968256144 5 9098 4 9195
3766 0.729016464453911 -0.71313031790055104 5.0574501753257719 119 100 85 1.6091780075185127 12 10515 4 9199 14 7297
3767 1.6364264223503757 -0.61004225779988275 5.0863410719521163 61 48 40 0.99102676037737913 6 10275 4 9216 1 8346
3768 -1.4261560681418 -0.33620542529491299 4.715543061660135 24 15 10 1.260560348615047 12 10535 4 9222 1 8723
3769 -0.15016562925525692 -0.44268664597749158 4.5318400935775038 85 73 60 0.77010898775731329 6 10265 4 9223 14 7313
3770 2.3005857408441752 -0.54867380916347996 5.3487979095115774 121 107 96 1.1670979866011111 6 10278 4 9229 13 8522 14 7310
3771 -0.35080518421512946 -0.36564540756601416 4.5096290520378037 43 34 30 1.9096330735887412 6 10402 4 9231 1 8735 14 7328
3773 6.0943776750034786 0.23392631058864044 7.9010139997904405 78 64 53 0.78782391063696056 5 9158 4 9256 1 8403 6 9850 14 7373
3775 -1.0707524806122664 0.39534737470897641 4.4145986873406846 94 76 62 0.98635572043397479 4 9273 13 8595 1 8777 14 7405
3776 6.570475891219294 0.99620408814006578 8.0283216325981019 173 154 137 2.1445592863042529 5 9180 12 10749 4 9281 14 7728 10 11110
3777 6.9202134315844654 1.3772599514393684 7.9935627846660262 141 120 103 1.6205570860089951 12 10753 4 9287 5 9184 14 7740
3778 0.12484662521645667 -2.0714951848158205 6.6062915048209874 140 131 126 2.0487147632193472 5 9055 4 9417 13 8415 14 7596
3779 0.70550739733221612 -1.9058104614290092 5.6264806321426972 130 124 124 1.2715457526954441 6 10359 4 9421 14 7603
3780 4.248221676221104 -1.7006485212401696 3.3723313136658275 136 132 129 2.3909428527398897 6 10379 13 8714
3781 11.752255178383663 -2.9216968766311786 13.522307946129986 52 52 60 1.5387757136309514 6 10082 4 9443 1 8927 14 7617 10 10955
3783 -0.23690014483033006 -0.36454206289179403 4.4787163033813107 20 11 6 1.0154074361113723 6 10403 4 9472 14 7330
3784 -1.0995801785404784 -0.0051118193730568875 4.5744754309941893 163 142 123 1.0812699290543422 5 9149 4 9484 13 8761 1 8748 14 7363
3785 -1.0995801785404784 -0.0051118193730568875 4.5744754309941893 163 142 123 1.0812699290543422 5 9150 4 9485 13 8760 1 8747 14 7362
3786 -0.37677935647810001 0.33299084067227486 4.3920093605761066 68 50 35 1.3939886513374193 12 10744 4 9506 1 8773 14 7719
3787 0.43238843001065524 0.70595924126099563 4.5424893757935561 32 30 31 0.37914118832964588 6 10492 14 7739 9 10170
3788 1.3655417923717306 -2.0980750304042846 5.5757194243816119 134 135 139 0.97227708813871205 5 9253 4 9595 14 7861
3789 4.1169836265176194 -1.406144311239331 3.3992577596129281 22 26 37 1.776597987797762 6 10520 4 9630
3790 0.50867710857486559 -0.89812675023995858 4.9231220454343614 157 140 124 1.0783556224043096 5 9275 6 10465 4 9633
3791 1.4692514355267068 -0.54384997034833049 5.0302105437139506 145 129 110 1.2755255176749265 5 9284 4 9643 13 8899 1 9111 14 7907
3792 -1.4039435707697618 -0.17513130169302649 4.7063077644933777 138 117 100 1.6876300636715591 12 10839 4 9648 1 8961
3793 0.61804522895727776 -0.071560021664046417 4.7775507035982203 32 26 26 1.1636922711403823 5 9294 4 9654 1 8975 14 7922
3794 7.7347303873612239 0.14540784831474302 8.9464642164596384 155 121 96 1.2561978707248573 5 9416 4 9657 14 7923
3795 7.5936125242767689 0.13478328569670267 8.7800259878711682 155 121 96 2.1533667820153339 5 9417 4 9658 1 9123 14 7924 10 11183
3796 -0.066465545355286509 0.57669810827293189 4.3672326886307333 78 59 45 0.68036472448953556 12 10851 4 9677 14 7953
3797 2.7406656061556411 -1.8997505010285067 6.1039258679353914 104 102 103 0.63574749122371421 5 9396 4 9736 14 8037
3798 5.8108175598329774 0.006767575536546451 7.758242524573518 121 105 93 2.1186738525950748 5 9477 4 9752 14 8187
3799 1.8218908989047389 -0.55943297593921404 5.1974943745026412 151 133 119 1.6304468238549923 5 9533 6 10552 4 9831 14 8180
3800 0.43482414598677405 0.53988491430313346 4.5515533103910641 154 135 118 1.3458252119019056 3 9967 6 10563 4 9844 14 8103 9 10204
3801 -1.0691859440427447 0.69796065790744732 4.4120801274901265 157 136 119 1.08302836359244 5 9489 4 9849 13 9105 1 9341 14 8201
3802 2.221959489751157 0.18998611548107164 5.3155194775846999 58 44 35 1.6745808997865121 5 9614 6 10611 4 9958 14 8349
3803 2.1661505331748336 0.18080792984222882 5.2124563761741545 58 44 35 0.79915926291217998 5 9615 4 9959 1 9404
3804 2.4423673045332639 -0.94680979781179753 5.9482426353337923 52 46 42 1.4951601259837686 3 7508 2 6095 12 6663 5 3914 4 1310 6 4297 7 8566 13 3509 1 1388
3805 2.5845086986477122 0.82275306919359226 5.30154272551398 107 91 78 1.5907956243842014 6 5320 7 8865 4 2350 2 7780 12 7287 7 9499 13 4199
3806 -0.35157989282328689 -4.1124079388528685 10.102544118737619 137 140 147 1.1347652294073844 5 3269 1 191 2 3470 13 13 14 70
3809 3.9464947287993271 0.2119009514680294 3.212021128659464 102 87 75 0.81696591438835808 2 9039 1 4579 14 3805
3810 1.0310443819275834 -3.9293951647101473 10.047314770221274 95 91 92 0.68984836960457818 5 5397 4 5734
3811 3.9008774633190528 0.5172031361802738 3.1138236195703617 151 143 135 1.364306381106374 5 7403 1 6237
3813 0.94823108833756398 -3.7635569370901534 9.9436308738802666 112 106 106 0.64267513589335579 2 8197 1 6701
3814 1.1661178469587092 -4.0325341703080966 10.174889299385743 132 131 136 1.4922912502548666 5 8766 4 9088 1 8177
3815 12.906879610618454 -7.3454786589186556 14.668327480866054 197 207 216 2.2938171584797864 5 53 13 18 1 323
3816 0.23261234530131952 -3.9737797380325346 9.7917058118618758 101 105 114 1.163974985437382 2 3472 13 23 1 252 14 91
3817 0.23262069339161368 -3.969713536446366 9.787995973068556 101 105 114 0.32573970680512909 2 3473 13 24 14 92
3819 12.797543496876042 -6.4264909314883027 14.218273955964348 123 122 127 0.98678918742342714 5 145 13 69
3823 12.890403844173653 -5.8227540424508639 14.188560968077747 42 44 56 1.2381086108083186 5 213 13 115
3824 12.68493785923898 -5.2696800722844266 13.844975102834081 54 57 62 0.84611694184073638 4 481 13 147 1 3627
3825 0.36690089404009346 -2.4092843230094707 6.9124384237110084 67 68 72 1.0497100748920143 5 291 12 3968 13 176
3826 13.517886744660732 -4.7975945302492473 12.732954143654176 186 196 205 1.9700616365416554 5 332 13 189 11 790 10 4100
3827 13.460998940682551 -4.6129113660281931 12.681275492081362 75 74 79 1.7266033828875456 5 353 13 204 11 809 10 4117
3828 0.021966333177517838 -2.1168560390106443 6.631019641654178 66 62 62 0.31145372540195604 4 493 12 3998 13 212
3829 -0.056737869332316837 -2.0293200890292185 6.588878504374331 48 45 47 0.47352898195258425 5 380 13 226 1 718
3830 -0.15171818443164464 -2.1459033282755642 9.4591091471394932 155 147 144 1.6516150508129745 4 583 13 283 1 751
3831 0.21853296007176998 -1.8284854637349548 6.4720898468043231 105 100 96 0.50564510991924516 5 445 6 3556 13 302
3832 -0.84556051021681689 -1.9603422993600272 10.219958067680551 110 96 93 0.74561707869676885 13 336 14 442 6 6085
3833 -0.74017363233377542 -1.9458958240218949 10.01744042817691 167 156 150 1.611391092482668 5 535 13 337 14 452
3835 -0.12684201247066182 -1.7698717261301329 9.3778552253560079 152 142 133 1.2951788621096005 5 608 13 406 14 517
3836 -0.12684201247066182 -1.7698717261301329 9.3778552253560079 152 142 133 1.2951788621096005 5 607 13 407 14 518
3837 -0.16771172391270261 -1.5493009596670821 6.528650517094527 46 41 38 0.69586332871753331 12 4133 13 415 14 578
3838 0.99997094336980186 -1.382467619300398 5.212792311556961 143 129 118 0.47275112998028296 3 5957 5 679 13 519
3839 2.692121826419823 -1.5831469993583656 6.0782062199113183 126 109 91 0.34655260761751844 5 3691 13 524 14 684
3840 -1.7865601015291581 -1.0615069315605239 5.1087497862298621 0 0 0 0.76526689337788589 2 597 5 715
3841 4.2771531056987877 -1.5017225339426066 3.1333705240415535 80 50 32 0.76613529222107113 13 580 1 1233
3842 1.9820814015548271 -1.3794139184271597 5.846489995428362 127 118 108 1.0481752547868477 2 5947 5 3748 13 597
3843 -1.9752459751545601 -0.95976665166645958 5.2106925505599397 124 118 115 1.7959295889517897 5 772 12 724 13 621
3844 4.6396967967645093 -1.3769921604288211 2.6601273033628972 176 148 130 0.66019773890314359 13 665 1 1330
3845 4.6396967967645093 -1.3769921604288211 2.6601273033628972 176 148 130 0.66019773890314359 13 666 1 1331
3846 1.8788096058172874 -1.2031407272313994 5.7811874253528446 178 166 154 1.54579148093796 2 3852 13 679 3 7453 8 6856 9 9011
3847 -0.25776088249817219 -1.0128608252249047 8.2491430878200269 165 149 136 0.98059392771305198 4 4064 13 716 1 3976
3848 3.4995142765135014 -1.2612295995938314 6.2109619136424801 137 128 117 1.3527531759937101 2 5998 4 1216 5 919 6 1031 13 737
3849 3.1927141814219038 -1.1871488861747539 6.0497707364425342 118 99 84 0.67240816931056713 3 5972 5 941 13 772
3851 2.9458178635079526 -0.72617583668734476 5.8570615092290668 149 128 109 0.56925847815545805 2 6151 5 1169 13 991
3852 -1.3975708599146219 -0.43503602428513743 4.7594013176165104 143 132 126 1.1640759238437912 4 1443 13 1046 1 1490
3853 -1.3975708599146219 -0.43503602428513743 4.7594013176165104 143 132 126 1.1640759238437912 4 1444 13 1047 1 1491
3854 -0.63658000511215895 -0.45300658705103852 4.5548438142595726 156 144 131 0.6865944561521008 5 1232 13 1074 1 1535
3855 -0.53014177871936319 -0.41994029623941131 4.5408729142866644 90 86 77 1.0245342898915162 5 1252 12 4628 13 1115 1 1562
3856 -0.38481676030628414 -0.36102226504348506 4.4990671323576521 41 34 28 0.56192923910049264 4 4388 13 1182 1 1599
3857 0.81624320388569216 -0.2808319398227056 4.8777869274874224 136 119 111 0.40969773266508563 2 4433 4 1666 13 1288
3858 -0.79015537969831851 -0.20157420559673092 4.5183497175479097 71 61 51 0.93410715019097745 6 7915 12 1584 13 1318 1 1689
3859 5.3417008071196888 -0.14091689396970083 8.3897353174459823 132 103 85 2.5043374460919798 5 1491 13 1339 10 9187
3860 1.9846497168438764 -0.21178727062240713 5.1590864074822127 135 114 95 0.62822170691220869 5 1490 12 4867 13 1358
3861 0.78486718279153123 -0.14861035080094645 4.8561352562111351 49 35 26 0.26815982792534915 4 1762 12 4885 13 1378
3862 -1.1012504234631715 -0.097513286777033734 4.5775381263374886 72 54 42 0.91979507339885247 2 4600 6 7940 13 1383
3863 0.76966177926457702 -0.035704110010401802 4.8484112379229565 129 111 102 0.8607882702118087 4 1816 13 1436 1 1800
3864 -0.32300993230125036 0.029427260188110455 4.4309388598829038 140 126 115 0.26691193681735464 4 4580 13 1483 1 1831
3865 3.3407083168513712 0.07916519293393115 5.8467937299558317 151 124 97 0.76338580709945025 3 8512 5 1640 13 1485
3866 -0.67711789196717509 0.083938536707777872 4.4418452034309821 151 128 113 0.40153262788446725 6 8034 13 1506 1 1855 12 6998
3867 4.2385794685150815 -0.20262008533552589 2.8252365722957782 0 0 0 1.0484352614420676 3 8939 4 1933
3868 4.4496952851331422 -0.12512427266100867 2.5597948984114494 111 95 80 0.40199278278883149 13 1603 1 2016
3869 -1.4595221595919319 0.3708596079295659 4.5762156385544452 17 10 2 1.1763175477933425 4 2086 13 1696 1 2027
3870 -1.4595221595919319 0.3708596079295659 4.5762156385544452 17 10 2 1.1763175477933425 4 2087 13 1697 1 2028
3871 0.92371276572692884 0.38692125317937687 4.7399289391537716 48 34 23 0.61984978119866263 4 2119 13 1711 1 2066
3872 2.846975459420122 0.47045635848659845 5.2351262990388543 159 137 114 0.67857129974048014 4 2152 13 1725 11 7572
3873 -0.61697906745322617 0.38130718948408121 4.3472725298128099 83 67 54 0.81887593644013457 6 8152 13 1730 1 2085
3874 2.963837633670102 0.53589231065787724 5.2698418219366019 160 136 110 0.98256505449158971 7 7928 12 2439 13 1760
3875 -1.3289375912309707 0.52679996515613348 4.5609858879955096 67 51 36 0.94287604035824957 5 2010 13 1811 1 2167
3876 0.66114555736339087 0.59252043283836042 4.6529339493081645 151 118 99 0.21780418180295888 6 7047 13 1843 9 8726
3877 0.66114555736339087 0.59252043283836042 4.6529339493081645 151 118 99 0.21780418180295888 6 7048 13 1844 9 8725
3878 1.1776427240372318 0.67255531574939509 4.8138589413862016 53 35 19 1.4042558271621526 6 7097 7 9858 12 5377 13 1877 11 8669
3879 2.6936057349959008 0.92630281720400665 5.2167077371865771 117 98 81 0.57113820689601169 6 5396 12 7317 13 1994
3880 -0.16964430096141156 0.79781242806718256 4.3217827030093252 97 74 56 1.2403841427700957 6 8376 13 2049 1 2390
3881 -1.4092404947748352 0.82977314214615139 4.4964677684412688 114 95 80 1.5334145579062322 4 4978 13 2063 1 2397
3882 -0.60919432187288924 0.79878131580203138 4.2733933036710772 155 129 112 1.3305269722887905 4 2489 12 5560 13 2064
3883 2.7701900158937622 1.1332963891431085 5.1278526799247937 113 91 68 0.67481024802158684 13 2130 1 2470 11 8186
3884 1.3339394015662969 1.047696318688309 4.6471691164854674 128 102 75 1.102678601307584 6 7322 7 9541 13 2156 11 8711
3885 -0.30240406163284689 0.95180468180253741 4.2668807655761114 158 135 117 0.39649802475247853 6 9103 13 2183 1 2499
3886 1.359026213388566 1.0642254565317861 4.5208056453760008 107 86 65 1.2481041072148373 4 2612 13 2196 1 2520
3887 -0.66405097879888564 1.006932712873573 4.2176336729651434 156 133 119 0.58484510882892327 6 9134 13 2234 1 2562
3888 -0.70721123298940158 0.37666648563535493 0.21851645254786201 114 92 71 1.1830915511972309 5 6747 13 2820
3889 13.076470481882815 -7.0933054875672612 14.409502535311013 108 107 113 2.0104354116314922 5 3279 13 3023 1 362
3890 -0.052025834404667237 -3.7597384593870595 10.007384623489511 138 137 143 1.2749338359762674 5 3295 12 3885 13 3031
3891 13.320804744567518 -6.0992063473106981 14.103529841422548 86 85 93 1.4681871418836006 4 3610 13 3056 1 3552 14 206
3892 13.320804744567518 -6.0992063473106981 14.103529841422548 86 85 93 1.4681871418836006 4 3611 13 3057 1 3551 14 205
3893 0.052717111060490707 -3.054905484513939 9.6999190607265309 126 129 134 1.560766183836519 4 3581 13 3070 1 3522 14 226
3894 11.684714578022509 -4.6523110136582932 13.290399834744381 58 53 59 0.97617387309617409 4 3721 13 3094 14 320
3895 13.572456605446845 -4.6998242049960979 12.739911842725899 183 194 198 1.0932286678891223 4 588 13 3100 1 746 14 356
3896 -0.38102711558334734 -2.4956751973377345 9.6063606110128479 72 70 73 0.52421415069252675 5 3433 13 3101 1 3619 14 315
3897 0.25637475256589221 -2.0395744728119829 6.4917112640309735 132 127 123 1.4444624887132094 2 5845 6 7620 13 3136
3898 -0.78008878604865273 -2.0948142739102975 10.176245047148177 93 79 77 2.0109920780663986 4 5924 13 3176 14 3046
3899 1.717841377819326 -1.8909269917925242 5.7886180763760251 154 136 122 0.89610165815564491 4 691 6 6039 13 3201 14 546
3900 -0.65751325557195628 -1.6761377834275688 9.4878385309838809 166 157 150 0.90198922968399498 4 3849 13 3253 14 3125
3901 -0.59773071462204097 -1.6735225330014423 9.4171857316472742 149 141 138 1.7752684741692324 6 7736 13 3258 14 527
3902 -0.1877533388494223 -1.707712810507614 9.3919967506148421 156 151 145 0.73916293744315587 4 3861 13 3261 14 532
3904 4.3855711153171253 -1.6956130194384613 3.0254614957489321 144 130 123 1.3718890935873103 13 3278 1 1122
3905 3.0518195213233104 -1.6433925747084603 6.1118628700759832 99 83 73 0.18948970239592069 2 5898 13 3305 1 1090
3906 -0.70007686816767389 -1.1798987716530767 4.7224960341343731 89 84 81 1.4694024222528104 6 8627 13 3317 1 3906 4 3941 14 711 5 3681
3907 -1.6403015080881387 -1.0983811605532359 5.0702003564790434 82 81 87 1.3557785721436115 5 3695 12 6483 13 3321 4 3919
3909 1.572636706004702 -1.409859283254185 5.5657022805643006 60 52 49 1.0247880559003866 5 5675 12 8085 13 3330
3910 -1.0655947699872328 -1.0620456807594427 4.8235259035829472 138 123 116 1.0312861623717724 4 3977 13 3362 14 748
3911 -2.1644529090395621 -0.91114139671769467 3.9691453142347135 83 74 67 1.8215037014387543 5 5694 12 8073 13 3366
3912 4.3586912717593451 -1.3764430653260042 2.9683352163338221 116 91 76 0.4533573654609433 13 3392 1 4052
3913 -0.29895228241975152 -0.93147107271877561 4.6706610675478677 161 144 126 0.8209699616853946 5 5734 13 3430 1 4022
3914 2.7935509003336354 -0.75593364390117124 5.7776584757012355 164 147 129 0.56970658591168377 5 3986 13 3577 14 1033
3915 4.2403721712549158 -0.91647292711099815 3.0494822147425684 56 37 22 0.48204857758576991 13 3578 1 1549
3916 4.24154837772421 -0.88283616931291298 3.0942404299770345 53 35 23 2.0119250442093555 3 9535 13 3587 1 4253
3917 -0.48596325057025291 -0.45737172914064772 4.5519083869926265 130 123 115 0.566612445728224 12 8222 13 3634 1 4236 14 1110
3918 -0.48596325057025291 -0.45737172914064772 4.5519083869926265 130 123 115 0.566612445728224 12 8221 13 3635 1 4237 14 1111
3919 -1.0393034310214533 -0.40787595190378945 4.6453656836272827 73 71 58 1.3503428582482055 4 4331 12 4621 13 3645
3920 4.554665600731707 -0.70595892479780731 2.5812171308247622 147 118 100 0.075029516007414199 13 3692 1 4339
3921 -1.5324075965122093 -0.2353325005460537 4.7638846812144928 56 48 38 1.1947840391693563 4 4417 13 3709 1 4288 14 1211
3922 1.3958777197801648 -0.33694928110848466 4.9216415621727068 162 144 120 0.68446505344743047 6 8873 13 3715 1 4331
3923 1.4119725824683198 -0.33727706308726224 4.9487954626405246 162 144 120 1.6409483724254947 6 8872 13 3716 1 4330 11 8774
3924 -2.0980524268836742 -0.0093619477104257415 5.0101969530370916 102 85 72 0.98334799052474198 2 1679 12 6937 13 3831
3925 4.5435921882247872 -0.33368434122655061 2.4987766783679231 165 137 115 0.14769272792036719 13 3881 1 1890
3926 2.3295088559301234 0.05838907476272738 5.3649479801135556 67 53 44 0.70780173174371308 4 4597 13 3889 1 4411 14 1374
3927 4.5171834794224859 -0.28115224332837907 2.5178050902864388 96 85 79 0.038407281548227465 13 3907 1 4459
3928 1.6032004389353389 0.12622901280155496 4.9477281619877882 143 121 105 0.49409370775740835 7 9787 12 7031 13 3925
3929 4.4473296570722969 -0.21745271628092072 2.5305644525192421 94 78 65 0.51904233464632743 13 3933 1 4480
3930 4.2439114085793532 -0.16369676334947719 2.7821429972351197 124 110 97 0.90392389320520294 3 8945 13 3945 1 4484
3931 4.42996074919653 -0.17218267074046861 2.5831601318432487 155 140 125 0.38045414088054075 13 3956 1 1989
3932 4.42996074919653 -0.17218267074046861 2.5831601318432487 155 140 125 0.38045414088054075 13 3957 1 1988
3933 -0.40171180350887986 0.17361259550412891 4.402735558404772 156 140 127 0.84970350779037152 12 7048 13 3964 14 3704
3934 4.3831600626859339 -0.11206989108700179 2.6496810606876582 147 131 116 0.60364559538205109 13 3988 1 4503
3935 4.4121597438988234 -0.11293083506486933 2.6200501224319783 46 29 19 0.4918427666210376 13 3990 1 4507
3936 4.4681781490689465 -0.062723931456260262 2.5342535493953635 161 152 143 0.50885788353528338 13 4010 1 4524
3937 2.1385137345609366 0.39397753184487572 5.4701943946036158 109 95 82 0.77519633623941475 2 6564 5 4488 13 4013
3938 4.4059036873237272 -0.041611912436290928 2.6097010120606821 151 133 119 0.52079289343350765 13 4017 1 4527
3940 0.67954104955350814 0.37135069855792491 4.6574742607246149 41 28 19 1.0718353587832397 6 8957 13 4046 14 1589
3941 -0.98016447987803135 0.41015891253124187 4.4275399336974237 103 87 74 0.5584292281421207 6 8947 13 4074 14 1621
3942 4.4606300038590234 0.20625865179723563 2.4854835917874625 161 154 146 0.44290912975339386 13 4127 1 4636
3943 4.3567179822149464 0.23549560381550028 2.6319991760797499 153 139 130 1.1413109584936139 13 4133 1 2261 1 6186
3944 2.4869954081792285 0.7516254112872609 5.3865754718088485 90 76 65 0.82641116148602567 4 2301 13 4153 1 4630
3946 4.300189111209729 0.35994540942679948 2.6841954521289049 164 147 137 0.18351757649136241 13 4208 1 2326
3947 -1.3458019459263819 0.73132885260359615 4.5017980827312698 136 116 105 0.65914264430457459 4 4922 13 4235 1 2325
3948 -1.1636142861050705 0.73665673641901463 4.4396440133252542 145 127 116 0.93476470099462305 4 6600 13 4244 1 4674
3950 4.0874272078626781 1.2990997950607559 6.5414693350310786 123 91 68 1.4344257668005271 2 7854 12 7349 13 4275 10 10668
3951 -1.3220853762585882 0.86328562782315355 4.50569268731061 31 26 22 0.71881425399280952 5 2313 13 4294
3952 -1.0919938557980844 0.9062372606528506 4.3664072704495478 161 139 118 0.50637970146386257 5 6346 13 4331 1 4749
3953 1.4691006248758283 1.0332126126216117 4.4967052061388753 101 79 57 1.0954279556823745 4 5045 13 4354 6 8443 1 2498 14 1925 11 8713
3954 0.71703155971590027 1.1452780367457709 4.5554280075408782 154 133 116 1.5660910779196113 3 8083 4 5105 13 4410 1 2586
3956 12.725255638992492 -7.2341991597664359 14.193389702939267 184 194 204 2.4210030539631266 5 5381 13 4941 10 9071
3958 1.0809777113173631 -3.2598663256920632 9.9018285697563222 147 151 154 0.68205893634398251 12 6328 13 4974 1 3535
3959 12.586183952718789 -5.3416441701092783 14.02374370400708 95 90 87 1.5088374560332352 5 6882 13 4982 1 5505 14 2964
3960 12.586183952718789 -5.3416441701092783 14.02374370400708 95 90 87 1.5088374560332352 5 6883 13 4983 1 5506 14 2965
3961 -0.0085239540419981275 -2.8133147592547054 9.6652039096896551 140 145 151 1.1971346285840265 5 5502 13 4995 1 5478
3962 1.1524445659755789 -1.8991953047907504 5.3915323141428697 108 100 97 1.4779684193623479 6 7643 12 8005 13 5038
3963 -0.43525373395258843 -1.9854685125041385 9.5061229855698013 116 103 94 1.8175353482633299 4 7235 13 5059 14 4731
3964 0.19410666688848272 -1.7517732552566354 6.4710075925107899 139 130 121 0.64783022108331301 5 6946 13 5068 1 5603
3965 4.7872942198624244 -1.8420349222847543 2.6696055855084873 89 72 62 0.93994447114052637 13 5075 1 5697
3966 1.3637574553317613 -1.6528546781308562 5.4108793850277452 55 44 38 1.253279785141006 2 8238 6 8663 1 3820 14 3194
3967 1.359599887554181 -1.2733679302438519 5.3257269670472489 130 113 95 0.84853691494302286 4 6073 13 5162 14 3278
3968 4.8026469029516576 -1.4130821970083411 2.5842434567072599 109 95 84 0.67914047764830554 13 5173 1 4060 14 892
3969 4.199200615335247 -1.342818831816917 3.3603978652357247 113 98 85 1.362023524947841 5 7018 13 5183 14 3363 15 398
3970 4.8052855460352175 -1.3037624748723164 2.5475905651234134 116 108 101 0.099099328867436567 13 5205 1 4100
3971 -0.979980275646954 -0.42469036642274011 4.6208140570848508 88 89 73 0.56370966384379761 12 9126 13 5348 14 4997
3972 -1.1851798270539164 -0.28618978964941033 4.6490111689133418 131 119 107 0.80018673884784197 4 6282 13 5377 14 3532
3973 1.9181631411560138 -0.26135134522673076 5.1838790575587783 140 118 96 1.5828638688080308 2 7554 7 10011 13 5404
3974 4.3710259982455213 -0.52689762048533662 2.7531142551928687 159 145 134 0.81975866053854896 13 5409 1 5997
3975 4.5467264773791989 -0.37265742376691885 2.5293381103374508 168 138 114 0.20588757427976764 13 5455 1 4428
3976 2.6411210589500187 0.067525645714901661 5.3846213056567249 103 79 55 0.51106197836089429 2 8442 12 6999 13 5476
3977 -1.0762362945352772 0.11443967557254003 4.5525719058328384 143 125 111 0.47562961679791654 4 6392 5 7245 13 5486 14 1387
3978 4.4342683714773923 -0.20603009387613755 2.5681536396776803 67 51 38 0.43079602695255731 13 5511 1 6073
3979 -1.1302580976718553 0.18617173594966954 4.5272897817757176 161 138 122 0.95326189544608586 4 6418 13 5516 1 6049 14 1440
3980 -0.77522702307938585 0.18208656110534918 4.4258026871592158 165 143 127 0.38840415166691078 5 6077 13 5521 1 4456
3981 4.2949270004197215 -0.022664832505125236 2.7714251795771778 131 110 93 0.39020850086291936 13 5547 1 6107
3982 4.2949270004197215 -0.022664832505125236 2.7714251795771778 131 110 93 0.39020850086291936 13 5548 1 6106
3983 0.46510472445396384 0.40397648920963858 4.6106194261101194 57 43 34 0.72375936802124985 4 6482 13 5572 1 6114
3984 -0.67180634254790406 0.48388126089948363 4.3359743670081698 68 49 35 0.48157699157693412 6 9854 13 5604 14 3804
3985 4.5407703694283832 0.15495370694957455 2.4176720910155911 142 142 138 0.658793912217287 13 5608 1 4622
3986 4.3702602794039054 0.21872371688806125 2.6031236164450737 159 149 139 0.29182506762874205 13 5620 1 4634
3987 -1.4390050434243429 0.65584539685278798 4.5512172674567193 93 75 60 1.1270871286787003 4 6561 13 5651 1 6188
3988 -1.3439402705362586 0.6931116609588015 4.5251427754022906 152 136 123 0.6529615087372278 4 6582 13 5671 1 6203
3989 0.2201739426969696 0.93413425195169242 4.400227195568136 155 132 114 0.9282382003753985 12 8607 13 5736 14 1891 9 9309
3990 0.80010483267113486 0.99865831575786479 4.5903046188234047 147 126 109 0.93924196331800824 2 8614 13 5745 1 6278 4 6668 14 3985
3991 0.71503626630608697 1.0969823776600138 4.5648031901419559 150 129 110 0.18004320574189325 3 8738 13 5772 14 4031
3992 1.2413737692523632 1.2223751625129791 4.6502436071580942 113 91 68 2.2279360240731645 7 10108 13 5798 11 8953
3993 -0.84300692345597583 -3.9778165374020782 10.994227246778154 156 156 164 0.99895616196587389 5 6819 13 6277 14 6598
3995 0.81521035549115139 -3.7348075086606571 9.8962263465050704 130 133 138 0.66883215892084991 13 6288 1 5408
3997 0.92992581374638261 -3.3178715500844245 9.8455745247854818 109 105 104 0.53162278418792563 12 7974 13 6306 1 5455 14 4659 15 84
3998 12.716642858279707 -5.0547226455235261 12.810700010434806 133 131 132 1.6497756138689181 5 7757 13 6319 1 6766 14 5811
3999 13.142217053576235 -4.8605819619375952 12.795501233857037 147 142 140 1.2629799374380573 6 6283 13 6328 1 5533 14 4690
4000 4.8007481980177831 -1.5175786881461064 2.6134404458967584 114 95 81 1.131543404097191 13 6429 1 6937
4001 4.5127914450100812 -1.1711780448422553 2.7110030012476352 97 92 88 0.014286244428520887 13 6497 1 6990
4002 4.8121689634763962 -0.94359697325592884 2.4754486783160319 129 113 100 0.14415714543613711 13 6528 1 5906
4003 4.5561124947451939 -0.89708225726428314 2.6366028066313358 104 79 59 0.49518827766221041 13 6535 1 7038
4004 -1.1780236405130562 -0.45088555805844716 4.6986200057633392 132 124 111 0.46202603442313733 12 9117 13 6551 1 7007
4005 -1.1780236405130562 -0.45088555805844716 4.6986200057633392 132 124 111 0.46202603442313733 12 9118 13 6552 1 7008
4006 1.4169690131290189 -0.57759884053600019 4.9827577980144078 127 109 87 0.20363653006812168 5 7946 6 9345 14 6055
4007 -1.1026300892082534 -0.26374966208857853 4.615499825789743 73 63 53 0.80764382484992248 2 6316 13 6606 1 5929 14 3547
4008 4.3560572386603855 -0.50949705929791889 2.7797275964550296 122 94 72 0.1136607959598717 13 6635 1 5998
4009 2.8086676979518019 0.0043748688220505219 5.4202941978188974 179 167 151 2.3324237672147752 3 8507 6 9419 12 9872 8 7521
4010 0.11725807851667414 0.046598960749148655 4.5503317142543365 134 117 101 0.47011837349268354 4 6389 13 6683 14 3661
4011 4.1842607073223634 -0.2264427378164818 2.7311680653557664 48 35 27 0.95739094812262615 13 6689 1 7143
4012 -1.3108446254715347 0.63979898152869841 4.536534094567588 19 15 12 1.4343183800777115 4 7679 13 6791 1 7210
4013 -1.3108446254715347 0.63979898152869841 4.536534094567588 19 15 12 1.4343183800777115 4 7680 13 6792 1 7211
4014 -0.67918168218105768 0.61624134228023242 4.2997860427514869 93 76 60 0.6019566459528165 5 7368 13 6793 1 6193
4015 -0.88899503970773752 0.68075056986992522 4.3450702529348106 68 52 39 0.81776804588661656 12 9315 13 6798 14 5271 1 7238
4016 0.32843703267540886 1.0024151694467811 4.4374986463997583 148 127 110 1.2992409987530005 13 6867 9 9800
4017 1.4240292505895107 1.0558825076257496 4.5356445468077524 143 121 98 1.6032673166199607 4 7778 6 9594 7 10248 13 6871 1 7316 14 5358 11 9005
4018 -0.71206952492827291 1.2081638498440943 4.1409889720980759 67 59 48 0.98064154226131939 6 10018 13 6959 1 6409
4019 12.431475335434905 -4.8936666220118665 12.839164284423898 141 135 137 1.7592739682440002 4 8142 13 7312 14 6634
4020 -0.33278863215773991 -2.7433205015459388 9.7883288241202031 142 143 147 0.10081394374866534 13 7314 1 6743
4021 -0.026883864797552948 -2.6031953307706779 9.6089131095191345 137 141 145 1.9811673898736089 4 7185 13 7320 1 6754 14 5820
4022 13.554502205813183 -4.7751505074378029 12.839092161576229 87 87 94 1.0827899752658785 4 8151 13 7321 14 6640
4023 12.481054728291872 -4.5698051976550849 12.636030172743753 68 65 71 1.0182514692700724 4 7227 13 7323 1 6799 14 5830 11 7427
4024 0.021106466024523984 -2.1473765202734465 6.6529865639998871 80 78 81 0.99954571925318003 4 8727 13 7325 1 8211 14 6643 15 1676
4025 11.705552518639843 -4.4030802790880363 13.232363938921543 58 59 64 0.75183261528508227 6 9310 13 7327 11 7980 10 10566
4026 1.1812694113899311 -2.0433312986818222 5.4436066813956581 192 197 200 1.4260357690472631 6 9688 13 7332
4027 0.61162382817015959 -1.5835345123475166 6.0150703464010551 140 123 113 1.0687873763719244 5 7810 12 9718 13 7364 14 5900
4028 4.5580634541282681 -1.2211704541109392 2.7178272164875699 151 147 143 0.15599044241499899 13 7421 1 5838
4029 4.7479087385079444 -0.94087340744643289 2.5086956983663553 143 120 106 0.46981600873034368 13 7470 1 7036
4030 4.2587894579337213 -0.83979156913935249 3.0212894935836987 160 131 113 0.50009864546114979 13 7477 1 7040
4031 2.8096039371432893 -0.58822896690801629 5.752073823871509 144 132 118 2.1971804221274671 2 8956 12 9810 13 7487
4033 0.4039125723525912 -0.41165128608986717 4.7710316962575083 135 118 102 1.2830065007359723 4 8304 13 7498 14 6084
4034 -0.42265078643890464 -0.23211509240872963 4.4816921897926747 123 108 95 1.1707778444585715 2 9000 6 10079 13 7517 1 7842
4035 4.3061966018043005 -0.13049180317505343 2.7519587967848369 67 49 37 0.50122669381441187 13 7578 1 7163
4036 2.7410048511998912 0.26318363271707385 5.3482943917841101 144 127 107 1.3307986556738733 7 10212 13 7585 14 6188
4037 4.316801090959129 -0.089529756950227496 2.7196341903782115 119 100 83 0.59099929882109015 13 7586 1 7171
4039 4.3322867165958847 0.0051989984547242962 2.7020410473165186 137 116 99 0.52780463229850716 13 7594 1 7181
4040 4.3809147343343833 0.16703761531983036 2.6962788148741921 125 107 93 0.52312224314331512 13 7608 1 7200
4041 4.3809147343343833 0.16703761531983036 2.6962788148741921 125 107 93 0.52312224314331512 13 7609 1 7201
4042 4.4175997672529794 0.21895822343857624 2.5220923789703793 163 156 148 0.7727313184976905 13 7619 1 7220
4043 1.3032702193322223 0.66147624252236592 4.7608440289907783 42 28 17 0.92968297735392513 6 10148 13 7628 14 6252 11 9046
4044 4.3462155291848825 0.41463315755722141 2.6335729368503364 146 137 130 0.13767261744597997 13 7643 1 7979
4045 4.3728451540618432 0.47964561526337451 2.555223758960822 151 142 135 0.22273956048243526 13 7657 1 7997
4046 4.419957338029592 0.46784559271859977 2.4905656776047063 140 131 124 0.22097784757361424 13 7658 1 7279
4047 1.2316049549101908 0.98230106057319699 4.6621853824878592 65 55 43 0.63411029655153761 2 9096 4 8523 14 6314 11 9056
4048 1.5864622436023887 0.99028068853290319 4.5777712589459982 40 30 26 2.2110407004857837 4 7760 7 10431 12 10387 13 7675
4049 0.068267702141013853 -3.4370938867183543 9.8060782065124243 100 98 101 1.2852957151365425 5 8358 13 7977 1 8187
4050 4.3797083651074127 -1.7799383599494412 3.0179472390838464 131 122 117 0.67188578017473533 13 8023 1 8275
4051 1.3948729538899887 -1.5097610302825852 5.4029745046984639 108 92 79 1.5250689719474892 4 8767 5 8403 13 8036 14 6697
4052 -0.78231519425602691 -0.44927029851036548 4.5769752785008482 129 118 108 1.2978584536164735 5 8494 12 10284 13 8112 14 6798 1 8345
4053 -0.67889651056601519 -0.44860506318489074 4.5324510168762586 145 134 116 1.257562475075283 5 8865 12 10524 13 8114 14 7307 1 8716
4054 2.1092755604788245 -0.40943279656701931 5.1597795338934169 0 0 0 0.17171226551060734 5 8894 12 10546
4055 1.3865126122553395 0.084468736047895454 4.8253542040246895 154 137 115 0.38485767884788802 13 8162 11 9080
4056 4.3696168155018391 -0.091261637590592831 2.6547370731327398 122 106 91 0.78390465769160866 13 8169 1 7932
4057 -1.3456439973211649 0.41089242260378905 4.5165078352659114 53 43 33 1.0119005963441978 4 8917 13 8188 1 8432
4058 -1.2787490009542262 0.45574672002598055 4.4929861057517133 44 31 25 0.48632437851662108 4 8927 13 8194 14 6911
4059 -1.4519902167914018 0.57349389819608487 4.5977079738697828 110 93 75 1.5722904272750644 2 9437 4 8936 13 8204 1 7949
4060 -0.4086771994927203 0.80346955035703327 4.3006777196727279 30 28 29 1.193070655702362 2 9464 13 8226 1 7989
4061 -0.4086771994927203 0.80346955035703327 4.3006777196727279 30 28 29 1.193070655702362 2 9465 13 8227 1 7988
4063 -0.38423094602012714 -1.0601643760496842 4.6949774204756585 116 98 86 1.1925079815199873 4 9170 5 9094 14 7265
4064 -1.1590222071426524 -0.35050276195454849 4.6256575964236442 27 18 11 0.62497000830083671 4 9469 13 8525 1 8728
4065 -1.2580477395786913 -0.27253625308655149 4.6664091486584107 114 103 91 0.68437879149295311 4 9233 13 8533 1 8736
4066 0.57869985734043805 -0.29037069441155805 4.7759412959884422 48 39 34 0.81329537108986316 5 9139 6 10409 13 8543 14 7342
4068 -1.4152864782146723 0.35141595639008283 4.576497324574766 40 30 21 1.47553867672894 4 9268 13 8590 1 8420
4069 13.146064541098145 -6.4328423413899714 14.011584857498896 195 204 211 1.385392123541642 4 9403 13 8689 10 11072 15 1901
4071 4.4631858721736721 -1.1673974904004003 2.7632187980093699 127 120 114 1.0621810967008991 13 8734 1 8704
4072 -1.0916832115429593 -0.18220337240170567 4.6076585204020173 124 101 85 0.9274197649507353 2 9817 13 8753 1 8963 14 7682
4073 -1.0916832115429591 -0.18220337240170562 4.6076585204020182 124 101 85 0.92741976495069522 2 9818 13 8754 1 8962 14 7683
4074 -1.4198737585356598 0.2529258344424537 4.5894802110832504 141 119 95 0.56164274846786078 4 9498 1 8767
4075 -1.4198737585356598 0.2529258344424537 4.5894802110832504 141 119 95 0.56164274846786078 4 9499 1 8766
4076 -0.60288349279098608 0.4015308546971027 4.3518231214564516 105 86 72 2.1225890365210707 4 9672 12 10847 13 8781 1 9002
4077 1.6484889002733398 0.4546848731618281 4.799681888235579 88 75 66 2.2142449375073836 7 10462 13 8782
4078 -0.29323785555365767 0.53473393117926094 4.350460848988658 108 87 70 0.61387588638171131 4 9514 13 8790 1 9007 14 7736
4079 -0.29323785555365767 0.53473393117926094 4.350460848988658 108 87 70 0.61387588638171131 4 9513 13 8791 1 9006 14 7735
4080 -0.86502445475193634 0.7367166662912541 4.3550886965739206 77 61 48 1.6721321109074954 5 9341 13 8933 14 7964
4081 -0.73906279997884328 -0.031321926141742486 4.484658132016774 163 145 135 0.66123783872189623 2 9998 13 9003
4082 -0.73906279997884328 -0.031321926141742486 4.484658132016774 163 145 135 0.66123783872189623 2 9999 13 9004
4083 4.4496365790049381 -1.7057151632825256 2.9277473197308725 139 135 131 0.78728555491125718 13 9066 1 9299
4084 1.8513110003035833 -0.2236189970683711 5.0798111449483523 140 122 102 2.1198334583748681 2 10090 12 10965 13 9085
4085 -0.12449293487890378 -0.080643074379406959 4.5718776657762348 13 12 17 0.52754079854811531 12 10969 13 9091
4086 0.48361472570221337 -0.23285598091303075 4.7584189938030947 151 130 115 1.2083986959619781 3 9357 2 8994 13 7520 5 8523 6 10092 4 8869 14 6115
4087 2.6851643566812253 -0.61392305468220454 5.8476765466152001 56 46 42 1.2611265292155722 2 6184 12 4620 13 5335 5 5867 4 4345 1 4240 14 3483
4088 -1.5332239564261043 0.64079925975660745 4.6046127364121281 53 43 34 1.1525709376848503 4 4852 12 8506 5 6216 4 6546 13 4172 1 4627 14 3839
4089 1.4635732444862852 0.32489633063691309 4.6854533807384122 90 66 41 1.6479061761570442 6 6914 5 1849 13 1670 2 6567 7 9806 11 8381
4090 1.8354889228691142 -1.719724274531963 5.7481205820486023 31 29 28 1.0817766182542503 6 6104 4 3881 13 402 5 556 12 6411 1 991
4091 2.04222340267123 0.44462523165176282 5.3751699386366676 165 145 129 0.66251177152598706 12 5169 6 2210 13 1695 12 7144 7 9411
4092 0.73443752096847659 -0.14736382908911 4.8578257361867827 140 126 114 0.79582333378252657 3 9035 2 9007 13 6644 5 7208 4 7529 1 5982 14 5062
4093 -0.58647772399097686 -1.179296710823214 4.7030626535352473 40 37 36 1.3445190916915637 6 8634 12 8071 5 3690 4 3950 13 3323 14 719
4094 0.69148147036229157 0.64382631025961246 4.654224223843217 171 147 126 0.47627148706329853 3 7923 2 7751 13 4163 6 8294 4 4849 1 2254 14 1731 9 9269
4095 2.1374770459900385 -1.091758733380191 5.875754010601228 22 15 12 1.0811871592284421 2 3933 12 4416 6 6372 5 949 4 1234 13 777
4096 2.1394700255177153 -0.094916089015622054 5.249550298564686 50 37 30 1.4586875343220176 4 9248 12 10563 3 9753 2 9821 5 9148 13 8556 14 7358 8 8236
4097 1.8612142656767907 -0.32121809577781069 5.1821885064222384 150 128 102 1.4234178481827053 3 8460 2 7536 13 3733 12 6880 6 6636 5 4205 4 1670
4098 2.5481913351188705 -1.2655404952274483 5.905497148811266 68 62 56 1.5206850337718716 7 8495 13 675 6 4084 5 861 4 1166 11 7315
4099 2.1318379485483514 0.3921181219962338 5.4568016868868456 108 93 86 0.94324172135215301 12 7114 5 4487 13 4012 6 5038 5 1841
4100 2.865723802305006 -1.5027176298371667 5.9905641345050746 68 58 56 1.8054225608185399 3 8294 2 7310 13 3348 12 8095 5 5690 14 726
4101 -1.3407075170506582 0.64924263109306612 4.5419520702368805 147 130 111 1.371680554634596 3 5237 2 7767 13 4180 5 4652 4 4865
4102 1.4070279525849338 -0.37745842117301959 4.8940576832683691 169 155 134 1.0280645506563888 2 6248 7 9737 13 3705 3 8451 12 8268 6 8865 5 5936 1 4316 14 1218 11 8593
4103 0.64796384289812403 -0.42968159334174116 4.8790609042643407 55 46 39 0.39379252274934734 5 1287 6 6510 4 1553 13 1153 2 4274 12 4686
4104 2.7121555314450272 -1.5920862298319545 6.0408435633532633 131 123 114 1.6832063006872653 6 3939 5 685 4 984 13 514 12 6485 7 8442 11 6396
4105 2.5091373678676616 -1.0721223716210679 5.9443650533565311 137 121 107 1.0169938931688771 2 6056 12 6622 13 3463 6 6420 4 1267 1 1328
4106 2.2865976266648937 -1.0605627333605725 5.9076207761882635 71 70 70 1.8346197314288386 3 8333 2 7383 12 6621 4 1262 13 3462 5 3865 6 4185
4107 12.48742801812916 -6.2292701467302134 14.21622044768861 59 61 65 2.1709448670258622 4 5809 5 5423 13 4955 1 5457 14 2904 11 6490 10 9080
4108 12.920707561661455 -6.6164304210102411 14.157449292353364 70 71 75 2.32058560524142 4 283 5 3298 13 60 1 432 14 149 11 570 10 6286
4109 -2.5356238572393912 -0.95464927461190374 3.2830932185118717 0 0 0 2.9939603296070105 4 3858 5 637
4110 -2.249756518006687 -0.92134257306518808 3.8827952588381938 0 0 0 0.38876158524401305 4 925 5 724
4111 -2.5057774302467966 -1.3564629783163329 3.311839775942572 0 0 0 0.35503826120097071 4 5852 5 5513
4112 0.134328223106776 0.70066476659761778 1.6015484594675944 146 125 104 0.18119427809273636 5 5170 13 4686
4113 -2.3740926172631167 0.57640256161189596 3.7816043231103733 33 32 28 1.9242870991538812 5 7387 13 6809
4114 1.6577967308003021 0.03493174540707257 4.9936440646862463 140 115 91 0.16593772327423256 7 10320 13 7557
4115 -2.2380575173951809 0.23877305390025394 3.6148549518462509 0 0 0 0.42563148619315083 4 8910 5 8572
4116 2.4301854593344756 -1.7394722449016249 5.933100214847558 141 124 108 1.9402688496412317 5 9398 13 8993
4117 14.84281732652356 -6.2062864193565748 15.518371717643923 182 192 202 0.79443505466637931 5 9384 13 9059
4118 -0.054810201517789425 -3.713359602193143 9.7480133882531543 146 146 149 1.3147701339934152 4 3491 1 297 14 128
4119 -0.97380858768766498 -3.6351122140774157 10.649011024966587 126 124 127 1.1701693563355622 4 3500 1 301 14 126
4121 -0.76588023928744264 -3.2728391381364128 10.267547549451038 50 40 38 1.4269394707912346 4 3533 1 392 14 168
4122 0.49906608414642878 -3.4098719813601157 9.5786237687906759 170 168 169 0.96817344630366586 4 3536 1 404 14 179
4123 0.59364977818519704 -3.3979708975555583 9.6233972165078736 167 163 160 0.81437124911211123 4 258 1 420 14 185
4124 0.55205679064386093 -3.3554411371324528 9.590229454454299 114 110 105 0.73477072958535838 4 3542 1 431 14 192
4125 13.088880089290573 -6.6840072397946493 14.339080480718318 112 112 120 1.7794574310698363 5 3299 1 433 14 150
4126 -0.73952141739120758 -3.1234852375161384 10.199425966736859 172 167 164 1.0862729141218523 4 278 1 459 14 200
4127 -0.11069062433570767 -2.9032793748728176 9.5634277157246288 128 133 137 1.2519584015878509 4 3596 1 539 14 242
4128 0.34357888022704935 -2.5785800166505917 9.2626342762029914 157 148 140 0.37000472420362268 4 3669 1 654 14 319
4129 13.102732849102264 -4.1337621680025665 12.626064005272429 141 135 135 0.97967920759448546 6 900 1 837 14 421 10 6412
4130 11.814964903338028 -3.6304712839434305 13.069177850126565 38 34 33 0.55124660914961865 6 993 1 922 11 3620 10 6424
4131 11.709406886172626 -3.6148176918290398 13.175275624541207 40 32 35 0.59861650518886067 6 4207 1 926 11 5408 10 8032
4132 11.709406886172626 -3.6148176918290398 13.175275624541207 40 32 35 0.59861650518886067 6 4206 1 927 11 5407 10 8031
4133 12.138763534219416 -3.6132281826914228 12.90164462472398 94 84 75 0.75905266807515959 4 841 1 942 10 6436
4134 12.138763534219416 -3.6132281826914228 12.90164462472398 94 84 75 0.75905266807515959 4 842 1 943 10 6437
4135 12.233912506943511 -3.6039479203324918 12.674047852221463 136 125 119 0.89584921537135898 4 843 1 947 11 3636
4136 13.240109736581637 -3.6697841054222273 12.556045528798665 120 114 114 0.86521751812333003 6 4266 1 965 14 510 11 3677 10 8050
4137 11.750771985038069 -3.1200878570787012 13.329388068697389 151 140 135 0.7511717778557655 4 3968 6 4340 1 1047 14 570 10 8059
4138 4.4088844329692884 -1.8112808052804137 3.1176710815247586 0 0 0 0.024875503746198104 6 6126 13 3240
4139 -1.0726004337941883 -1.064895951627687 4.7980561270850313 138 120 106 0.76219633671023457 5 3741 1 1104 14 749
4140 12.094687962108081 -2.8117555901049163 12.668776193784247 65 57 57 0.94513075064117935 6 1239 1 1108 11 3727 10 8083
4141 12.507162349515175 -2.7651051153453623 12.353979229553023 34 28 28 0.66737258017244061 6 1272 1 1125 11 3741 10 8095
4142 12.883165770649635 -2.7584054362525778 12.349463103502375 67 58 52 0.67830694698302063 6 1299 1 1142 10 6571
4143 12.883165770649635 -2.7584054362525778 12.349463103502375 67 58 52 0.67830694698302063 6 1300 1 1143 10 6572
4144 11.760186513231325 -2.5502080167065668 13.097525046593001 144 127 117 0.4982591782106997 4 1121 1 1163 10 6559
4145 4.5324105798140275 -1.6487979153185348 2.8067450990727636 125 112 106 1.2117945348078565 13 3292 1 1164
4146 11.717161685977665 -2.3876503252397199 13.371605518494558 136 121 107 1.6274651256747994 12 4409 1 1206 10 8123
4147 0.29103485140947688 -1.0481281192832874 6.2573602155027537 70 61 56 0.66268342172878769 5 894 6 6246 1 1221
4148 1.4027171244188148 -1.120198863065754 5.3041511622331212 160 143 125 0.64448950731362997 4 4075 1 1248 14 804
4149 2.6122999212998455 -0.8869236241798244 5.934291649901863 172 154 132 1.411809021917348 4 4211 1 1414 14 949
4150 11.595720661796777 -1.4036903499154867 13.5765066711553 52 45 39 1.2819091058276539 5 1082 12 4587 1 1416
4151 4.2408489850643551 -1.1080169853801627 3.3675140786651929 0 0 0 0.63141696089606092 4 4196 13 866
4152 -1.732391455417212 -0.46033653520086493 4.8816640470380825 33 18 11 0.21650264888265663 5 1159 1 1447
4153 1.1192322246281829 -0.6745845788460616 5.0973390753128598 181 164 146 1.1339945437731018 1 1470 11 8766
4154 4.0044794203227116 -0.97928072342901928 3.2693538182623767 65 51 38 2.0335629397752095 12 6593 1 1492
4155 4.1125672198639371 -0.99443277384136097 3.1458749719038552 141 125 110 2.1928535478541691 2 7307 13 3547 1 1494
4156 12.531490322826517 -1.1274991624889903 11.970346957266853 83 74 65 1.0018629786179885 4 1497 1 1521 10 8233
4157 12.567855383306147 -0.87263700207306205 11.851486814536818 159 150 141 1.3903142045747288 6 4708 1 1586 10 8266 11 5599
4158 13.098137170980909 -0.71128520404740936 11.925085999678144 143 126 116 1.9633936304523196 6 4806 1 1633 10 6851
4159 13.464937298202013 -0.56094475700534252 11.975393095091858 161 145 130 1.8363074062673743 6 4872 1 1665 11 3949 10 8314
4160 0.66936475774202697 -0.27388301716164376 4.8285214774300931 44 35 28 0.7097186051040566 4 4473 6 7986 1 1686
4162 5.7598628649148953 -0.19956779624550336 8.0658261881004325 145 113 88 0.88061605368138463 12 6930 1 1723 10 9867
4163 1.2852137167855169 -0.21120757660301695 4.9722247948763449 176 159 139 1.564176732011668 2 1457 1 1728 11 8334
4164 6.1003068971857477 -0.19181298049480747 8.1105709883182655 155 133 109 1.461095642530281 6 4805 12 4898 1 1729 10 9196
4165 8.1138364938499361 -0.091044505985857602 8.6919896628977789 54 38 23 1.6293755855337198 5 4307 1 1770 10 9253 11 5625
4166 -1.4403461257846879 0.11951833215685492 4.6438927044909795 165 145 133 1.5438662360898601 4 4591 13 1502 1 1835
4167 9.8085355293890437 0.27770263900661207 9.7654531016888431 121 89 68 0.036951212387377703 1 1856 10 8360
4168 10.432479318053241 0.34971113719913516 9.7447426220315343 26 10 3 1.8580582775344479 6 5075 1 1878 10 8382
4169 8.4399007778806556 0.34948342676979555 8.7391369031635904 55 37 23 1.5232169294921072 6 2204 1 1891 10 6939
4170 4.0140282946600152 -0.1490040551778882 3.0867835888070512 26 18 12 0.5430685206468614 6 8136 1 1946
4171 6.8250595850858851 0.59617858540475099 8.0674422550874301 144 127 114 0.95072590186923089 5 4482 12 7113 1 1999 11 6819
4172 2.4128136442704418 0.42355682822496477 5.4205906587218822 82 65 55 1.4236458985616827 7 9414 1 2037 14 1575
4173 8.0924309236472514 0.75319299541258955 8.2314055686299703 72 54 34 1.4707275346847348 6 7071 1 2062 10 9349
4174 8.2506739733207421 0.75708080423234581 8.3765069153688216 72 54 34 1.3081966134599561 1 2063 11 6842 10 9348
4175 -1.3063249873504239 0.41136257380458363 4.4840686066202204 42 32 23 1.0206347961487092 4 4741 5 1914 1 2078
4176 5.464824913198421 0.72763710036186469 7.4032299681327869 52 37 24 1.0229687618066887 12 7168 1 2091 10 10349 6 8282
4177 4.0832493705900879 0.078872976322984761 3.1006610380047275 129 112 94 0.83121892336222858 3 9028 6 8223 1 2108
4178 2.5083921032380099 0.50403017598008182 5.4087039095867953 77 64 56 0.87084271418938319 6 7000 1 2114 11 8085
4179 5.1248008917577899 -0.0766159545953677 2.2078363721517178 125 115 103 0.49176561082904896 13 4036 1 2134 14 1638
4180 -0.43451818539211789 0.44924135496218232 4.3547551188237179 54 36 26 0.25553176316914378 4 4778 1 2155 14 1659
4181 6.8518667767996089 1.1269183388208495 7.8743334849598385 130 112 98 1.5341610179484213 4 2287 1 2224 10 9383
4182 5.4328081772431815 1.1606984470840465 7.3552020207217899 95 74 57 1.1223869198602907 5 2135 1 2279 10 10008
4183 2.3961332073059922 0.87022506306166814 5.4013520984389691 21 11 3 0.66957900576745244 4 2369 1 2308 11 8135
4184 7.4884653813288518 1.4418272846645421 8.2895237995528284 86 71 58 1.8415835611128399 4 2383 1 2320 10 9416
4185 6.7716454123699306 1.511056910806436 7.9400698442027737 27 17 7 2.4878306829357868 12 7329 1 2367 11 5896 10 9426
4187 4.0148593823381731 0.54152642383742511 3.2657849872127209 0 0 0 1.6240831781508067 4 2412 5 4716
4188 -0.54420859520687936 -3.7880957867147882 9.806902411270471 79 79 81 1.6461165439622816 4 3466 1 3361 14 93
4189 -0.12433963634354667 -3.7012458780769353 9.7476652179709724 150 149 154 1.4771381641749726 4 3488 1 3378 14 124
4190 -0.72882714332363596 -3.5992946361401255 10.336850769718076 91 79 76 1.8386741181194559 4 3502 1 3389 14 2880
4191 0.5663913211861662 -3.6021528176020881 9.6318507225652645 84 80 79 1.279853344567476 4 3518 1 3417 14 155
4192 12.668424710065681 -7.045845055133114 14.495011555667659 98 102 113 1.6744944845717895 13 3026 1 3419 14 2868 10 7945
4193 -0.68979697944622553 -3.3176367743341957 10.137199983123335 50 45 42 1.7321107633787076 4 219 1 3433 14 162
4194 0.48195408703468928 -3.4566903932546222 9.5676748799830804 102 94 91 0.80678980148338963 4 5768 1 3440 14 2903
4195 -0.65123265075335279 -3.1673695771648416 9.9979514133952367 163 162 160 0.77532930197804883 4 3546 1 3457 14 191
4196 -0.10174548436246017 -3.1699382590319156 9.6307399231358186 144 147 152 0.66579204172234396 4 3550 1 3480 14 203
4197 0.60326211978775302 -3.292739951732897 9.6178694378974203 157 161 163 1.0142410987214434 4 5788 1 3488 14 2917
4198 0.65350825429702963 -3.2962280613794008 9.6170947494701995 114 113 109 1.0254108671704543 4 3556 1 3490 14 207
4199 -0.70821203241005382 -3.0057124722834625 10.063092118051994 165 165 163 1.1768735185712789 4 3571 1 3510 14 220
4200 0.59654908121161987 -3.009403125729794 9.5551533175443133 160 167 177 0.50938369557142193 4 5825 1 3556 14 2957
4201 11.996745507860139 -4.9896550047257247 13.157211921073234 139 137 138 1.6153661688660463 4 3687 1 3636 10 7970
4202 0.39321785966337991 -2.2823304804654421 6.7862649312938688 189 199 209 0.48772184759673809 4 3662 1 3642 14 367 15 145
4203 12.343041958827921 -4.85133507328782 12.863690482424852 138 138 140 1.6406731408909117 4 3709 6 6257 1 3652 14 2991 11 5326 10 7975
4204 0.29665124509104718 -2.3956313881103646 9.1559073324143139 134 124 114 0.30848153839077502 4 5891 1 3655 14 3022
4205 0.29665124509104718 -2.3956313881103646 9.1559073324143139 134 124 114 0.30848153839077502 4 5892 1 3656 14 3023
4206 12.02639962793172 -4.7194195171611186 13.069441702818299 52 51 57 1.1965703220304156 6 3971 13 5004 1 3663 14 3000 10 7980
4207 0.031654372371093475 -2.1957475069570296 9.3780388215849637 157 139 125 1.1907872132716399 5 3509 1 3688 14 3043
4208 0.098791595112465991 -2.0293353632056186 9.3271591295457377 38 24 14 0.88072809677175756 5 3556 1 3716 14 458
4209 12.40896315594807 -3.8680093375983255 12.663612191803647 124 119 115 0.82334553376693298 4 3846 6 6390 1 3762 14 3072 11 5394 10 8023
4210 12.427854501220118 -3.8720181518515808 12.682776747065251 124 119 115 0.93311979778731147 4 3845 1 3763 14 3073
4211 -0.081315729656143421 -1.7884895158427114 9.2378776225643602 161 151 139 0.38893605875197695 4 5987 1 3764 14 3117
4212 6.399183618529916 -2.4380085959963043 3.1492709447683298 101 100 114 1.1020842444764427 13 3116 1 3765 14 555
4213 12.993465217320086 -3.9030639795120643 12.581081284079568 41 40 46 0.74009063915761208 6 6402 1 3767 11 5413 10 8038
4214 11.712186610251008 -3.7031498011212678 13.091487594667546 114 110 107 0.48080895257481576 6 6401 1 3773 14 4740 11 6599
4215 0.11396251255098877 -1.737600099791716 9.1492617538151233 166 162 163 0.37000419107721433 4 3862 1 3783 14 535
4216 -3.3231435760394668e-06 -1.7199771189884974 9.1735535387463027 170 165 158 0.28903432021449377 4 3866 1 3785 14 536
4217 -3.3231435760394668e-06 -1.7199771189884974 9.1735535387463027 170 165 158 0.28903432021449377 4 3867 1 3786 14 537
4218 1.3633885117367475 -1.6521096705950242 5.4095617500091322 55 44 38 1.2892933592495446 2 8239 6 8664 1 3821
4219 12.2815182264673 -3.1426997097816063 12.604825350122102 140 135 129 0.58984261983885722 6 6491 1 3885 14 576 11 5449 10 9139
4220 5.2035854250861675 -1.8611263079896168 2.5685647557513502 66 55 50 1.2486103995018523 13 5077 1 3920 14 720
4221 12.195566293147809 -2.6957616139479459 12.549213687546581 153 143 134 0.92840118388121129 4 4032 1 3950 15 338
4222 11.988487579784172 -2.6658491788107037 12.740188295550338 56 48 46 0.61968817616611693 4 4033 1 3951 10 9149
4223 11.988487579784172 -2.6658491788107037 12.740188295550338 56 48 46 0.61968817616611693 4 4034 1 3952 10 9150
4224 12.012670368777581 -2.5913315592513184 12.719768331676438 140 129 118 0.39179574290090308 4 4048 1 3958 10 8103
4225 11.773862529183461 -2.5058115399344496 13.276687593023679 161 148 135 0.71625630476782776 4 4061 1 3965 10 9154
4226 -0.32366317263556915 -0.93274320270612154 4.6770570646237575 165 147 127 0.7091008802444273 4 6114 1 4020 14 3339
4227 11.659953922038278 -1.955203471390776 13.790125257472198 75 68 60 0.77321143712525142 4 4152 1 4044 14 3293
4228 -3.0543404999944648 -0.58485800058923987 2.2803966586773576 163 142 117 1.061633160827065 4 4069 1 4073
4229 4.2149539945244667 -1.2937823960520398 3.221855537931674 0 0 0 0.2577758544811809 2 8223 6 8770
4230 4.9636779945573899 -1.2208882613264529 2.4900515437179878 94 76 62 0.81879743086568435 13 5234 1 4144 14 1017
4231 -1.7324309515903982 -0.41855961288205018 4.8248184917420289 38 25 16 0.9873884676148551 4 4270 1 4181 14 1070
4232 5.263423009382759 -1.1568833617822629 2.39288248829128 112 90 76 0.74074507667275802 13 3521 1 4189 14 1059
4233 5.4243953936945646 -1.1671567864602894 2.3487292555735428 137 115 94 0.40055676832385551 13 3516 1 4192 14 1064
4234 5.0182806499710653 -1.1092125876877852 2.4547884078364413 118 100 86 0.36588305916647151 13 5264 1 4196 14 1075
4235 5.2768551008758466 -1.1022429999320404 2.3735308567759019 94 75 58 0.52185493077103917 13 3545 1 4222 14 1090
4236 4.0800199926930709 -0.92212290571570144 3.3444695221469978 47 38 31 1.2249833164432982 6 8832 1 4228 14 1092
4237 0.81986326334382698 -0.5437469413389997 4.953164718272336 167 146 126 0.87532516378754566 6 7913 1 4231 14 1095 4 1480
4238 5.9090751224554072 -0.67254489534813278 8.2544710897252216 99 115 131 3.0071611430070297 6 6680 1 4248 10 9146
4239 12.502626272028314 -0.85167396261866157 11.968534908121052 136 127 118 1.5110336674711693 6 6756 1 4263 10 9246
4240 11.672786572991646 -0.69405754683430665 12.436327032221572 28 20 15 0.20362282943791485 4 6300 1 4268 14 3481
4241 -1.7003886254008633 -0.25089704011884817 4.7752719591835238 73 56 46 0.89185367365263668 4 4386 1 4271 14 1180
4242 -1.6461599148802468 -0.25285770431828236 4.8079614778525359 82 65 57 1.0810218037367019 12 6832 1 4272 14 1181
4243 -1.5286171575785912 -0.26303235514442802 4.6979885462578865 130 117 109 0.83969190722259857 4 4394 1 4278 14 1186
4244 5.1815807115101 -0.9105295338020869 2.3712226188375651 91 76 63 0.93605626429649058 13 5324 1 4292 14 1197
4245 5.1815807115101 -0.9105295338020869 2.3712226188375651 91 76 63 0.93605626429649058 13 5325 1 4293 14 1198
4246 -1.2949887537272973 -0.25156870609349136 4.6480343308472074 71 56 49 0.74035796897681383 4 4423 1 4295 14 1217
4247 -0.43850606806902626 -0.30313256912488773 4.4814343051935319 0 0 0 0.38980940553687593 3 6560 6 8812
4248 1.2156121185034343 -0.32691596873430134 5.0370367569628689 173 149 123 0.25413711526945698 5 5946 1 4323 14 1229
4249 -1.1461749414997273 -0.12507806147470019 4.6091444989015216 14 11 6 0.9358166778836029 2 6386 4 6332 1 4343
4250 1.0282492682357334 -0.13737921339650849 4.9818203290909588 164 142 121 0.71511687370562382 5 5989 1 4357 14 3609
4251 6.0940232661225862 0.020871617167917841 7.9339001232309139 167 154 137 0.71619755114351402 6 6848 1 4379 14 3615
4252 6.0940232661225862 0.020871617167917841 7.9339001232309139 167 154 137 0.71619755114351402 6 6849 1 4380 14 3614
4253 2.3459955009288134 0.12669889004286553 5.3633049669063491 82 68 59 1.2407709535491365 7 9799 1 4436 11 8031
4254 6.700730599296632 0.32203283211378697 8.1473927465142566 29 19 9 0.68122156465345163 4 4630 5 6066 1 4441 12 8383
4255 -2.5046157658368928 0.14424303806509442 3.0927357652474701 79 70 61 0.94370340853348267 4 6453 1 4491 14 1564
4256 4.0834966912119457 0.060567453641552166 3.5969749907206339 0 0 0 0.93380139731733613 4 4695 12 8396
4257 6.2607754355841143 0.76413694469955984 7.9131640623976365 101 84 68 1.1793867746916757 5 4523 1 4525 14 1583 10 9968
4258 6.2325915918328709 0.81568779450981022 7.929697599870944 159 143 130 1.3516470660443656 4 6488 5 6160 1 4533 12 8447 14 3765 10 10354
4259 5.1922856823358403 -0.093435017224569372 2.205208025123838 97 85 73 0.77570099488281008 13 5554 1 4537 14 1629
4260 8.2512605893200277 0.87154514527783489 8.3530829083669111 80 59 40 1.2742816217715529 1 4545 11 6853 10 9996
4261 4.1497934663526355 0.17566850480824145 3.4259085286783613 0 0 0 0.94636508328738334 4 4756 12 8424
4262 6.6242416398006574 0.94624621275189713 8.0165486336579388 160 139 122 1.460447702684631 5 6182 12 8460 1 4566
4263 -1.2005349354721506 0.53882339414131541 4.5222226659228841 123 104 89 0.72669806671467452 13 4118 1 4586 14 1688
4264 -0.87861298425476653 0.52941695781842779 4.3825290215579642 125 103 89 1.0042621015489015 4 4812 1 4593 14 1695
4265 4.2018802051804141 0.34973812819359651 3.4229472720912621 0 0 0 2.3795389053442682 4 6532 12 9270
4266 2.5678570132817438 0.86448902675619843 5.3207747499963673 65 53 39 1.2360589903369712 4 4900 1 4660 11 8450
4267 3.9271356134987183 0.44440938515157274 3.1880780575812757 100 90 80 0.54760721251982025 2 8537 1 4664 14 1772
4268 -2.9676569642187811 0.31502258605918221 2.3253540450188872 187 177 165 0.27993013714153148 4 7716 1 4677 14 1801
4269 -1.3029035311026835 0.87117577401706803 4.4580157222290921 149 131 117 0.75937030015035112 4 6642 13 4307 1 4722 14 1865
4270 2.3858044503479823 1.2133533636636513 5.304926918598639 31 18 10 0.75463615051863109 4 5035 1 4760 11 8504
4271 2.4751429169584269 1.2412155144774613 5.2737521512382779 78 64 53 1.7363198064715968 7 9908 1 4773 11 8507
4273 -0.58614122685840475 -3.7257126386949309 9.8008328559812021 141 141 141 1.3639914830259217 4 5717 1 5372 14 2862
4274 -0.92978508008022454 -3.7717664361870376 10.624739840250999 131 130 135 2.0043137420293031 4 5723 1 5375 14 4620
4275 -0.68581651375658703 -3.633499640813914 9.9949579565834092 143 132 128 1.4870454078771138 4 5727 1 5380 14 2873
4276 0.6640041020141787 -3.6243295077774751 9.7322727939861551 170 171 177 0.50420796603874896 4 7119 1 5412 15 57
4278 12.792858453933913 -6.6395365573892047 14.195423565648646 110 109 117 1.5101280002557607 1 5442 11 6476 10 9776
4279 0.017994624281429283 -2.7722420486536334 9.5504597300712462 139 141 140 1.5054700087835249 4 5846 1 5483 14 2970
4280 -0.51013504129426213 -2.5167613118646566 9.5243828797117391 135 122 114 1.1365234060562692 4 5864 1 5499 14 4682
4281 0.26892165345912172 -2.5954977869753768 9.2562265212417199 172 163 154 0.80436011650151373 4 7188 1 5509 14 4688
4282 0.38986867679380005 -2.3360849872490692 6.8177065266008103 191 204 217 0.74692099338326623 4 5863 1 5510 14 3011
4283 -0.017995027227981186 -2.172235523620146 9.4113539791667922 70 53 43 1.3435307099351037 5 5587 1 5554 14 4721
4284 12.904743858961075 -4.1387900771938257 12.644692767339109 127 117 113 1.701450215598804 4 7255 1 5588 11 7452 10 9818
4285 0.066655260523007465 -1.9047763093414465 9.2067977011320252 172 167 162 0.55375036330568161 4 5964 1 5595 14 4748
4286 0.0096166275115664446 -1.8129796445806874 9.1954745132059692 177 169 158 0.36850700450046014 4 5982 1 5619 14 3111
4287 0.0096166275115664446 -1.8129796445806874 9.1954745132059692 177 169 158 0.36850700450046014 4 5981 1 5620 14 3112
4288 13.28043468829717 -3.8001752050127746 12.610912926519505 129 123 120 0.71876691379712676 6 6426 1 5637 11 6613 10 9131 15 242
4289 13.528943642283606 -3.7123774848402324 12.5630740667764 69 65 69 0.59334477909955918 6 7897 1 5649 14 4761 11 7475 10 9830
4290 12.496842965689748 -3.3147636366698308 12.49406218947291 131 122 117 0.50547159585607915 6 6474 1 5673 11 6626 10 9136
4291 11.750154296994959 -3.2147325755563179 13.699525056530863 36 37 42 1.4223392145963369 4 6034 1 5674 14 4773 10 9133 6 6478
4292 11.640520454788097 -3.1443912417335325 13.696368190808975 163 156 151 1.0587361756698557 4 6038 6 6487 1 5679 14 4776
4293 12.452553878924506 -3.0093618660724895 12.45612954375636 141 134 128 1.0068234819456616 6 7945 1 5700 11 7497 10 9835
4294 -0.78827679113447446 -1.1357243516867044 4.7476147696305677 43 35 32 0.59584938090450656 13 5147 1 5702 14 3267
4295 5.395791365351986 -1.8612911269511609 2.5048216867646529 58 49 42 1.2975824548733617 13 6384 1 5708 14 3268
4296 12.368086915898276 -2.8238122632083598 12.492596398689381 107 100 92 0.45255137845298693 6 7958 1 5718 11 6659
4297 5.3364276800560582 -1.7674797950802774 2.5000491287945499 16 17 21 1.9146183449725651 13 6400 1 5730 14 3283
4298 5.3364276800560582 -1.7674797950802774 2.5000491287945499 16 17 21 1.9146183449725651 13 6401 1 5731 14 3284
4299 11.801381653972033 -2.1395729838951687 12.756541046869643 134 118 105 0.63193150047881497 4 6145 1 5775 10 9855
4300 12.29839564465181 -1.6769162325175868 12.270532772503941 153 144 135 0.55272672666090983 4 6201 1 5822 11 6706
4301 8.7935421173748782 -1.6067424149094045 4.2993968865533834 95 90 86 0.63324498472053903 13 5212 1 5826
4302 4.7672547971087678 -1.2468665981048996 2.5449485630673729 148 148 148 0.4077774690795431 13 6477 1 5841 14 3423
4303 5.326333319337631 -1.2734905031953017 2.4092070063235544 139 138 134 0.79117901728856477 13 6482 1 5850 14 3436
4304 2.7710097611191418 -0.79483946514752368 5.8145356784065392 114 97 79 0.83008652218507351 5 7098 1 5864 14 4952
4305 12.248177632164115 -1.2546973305138442 12.282178774234106 108 95 86 0.52865238095197176 4 6238 1 5867 10 9893
4306 5.4231606982984371 -1.0540619052315656 2.3311646134040402 127 103 86 0.39473559906352867 13 6521 1 5898 14 5004
4307 -1.0440616407993719 -0.26140788309661944 4.6194023258479007 67 52 45 1.0764975936671324 13 6608 1 5932 14 3551
4308 -1.0440616407993719 -0.26140788309661944 4.6194023258479007 67 52 45 1.0764975936671324 13 6609 1 5933 14 3552
4309 13.016449337803447 -0.69166173190654412 11.926331624652477 152 136 121 1.934735441431475 6 8104 1 5935 10 9927
4310 5.7334372803142619 -0.38586655412081383 8.0857178087558168 71 83 99 0.43851462739261321 5 5949 1 5953 14 3522
4311 5.2552995496414106 -0.60379683675280527 2.2874168227292739 110 93 75 0.49172694123345284 13 6632 1 6000 14 3624
4312 2.7012457763432929 0.11850548998732269 5.4358525409117417 127 106 85 0.94706757688752019 7 10042 1 6035
4313 7.8253793756250589 0.45200417388357073 8.6112049036640173 117 107 98 1.2268899671258657 5 7270 1 6065 12 9231 14 5120 11 7597 10 10342
4314 6.7376921992826375 0.52906221210260052 8.1042526387574156 128 117 108 1.0106614454283323 4 7601 1 6075 14 5138 10 10627
4315 -0.39833869216524753 0.28603731368787716 4.3463555740637139 51 37 27 0.39520984135818943 4 6461 1 6085 14 3741
4316 7.9810209132345102 0.67989099277935994 8.2378612239645133 117 94 76 1.2228277536983236 6 8277 1 6096 10 10355
4317 6.5834336937289901 0.69311646737233401 8.0140235651097615 161 140 124 1.0095925495055216 5 7305 1 6097 14 5165 10 10352
4318 0.95014799640721859 0.43954693984839283 4.7981363820274652 156 135 115 1.5048812249729158 4 6487 1 6118 14 1624
4319 -1.5850247259840742 0.59306739355012095 4.5809725191926516 57 41 28 0.61292790537345665 4 6534 1 6161 14 3818
4320 0.81359395309745941 0.76202765363582659 4.6446732284412828 174 156 136 0.5884137998106872 4 7703 1 6220 14 5277
4321 3.8299251223842994 0.35322809721764076 2.5130515979008203 157 145 133 2.3025500169139606 4 6584 1 6225
4322 1.4692310612035666 0.86066313878747591 4.5221934048995891 160 124 95 1.1093649448791623 6 9551 1 6242 14 5296 11 8936
4323 -0.72018620785084719 -3.3429742094750625 10.188695738422776 157 156 161 1.1693985654443424 4 5764 1 6708 14 4635
4324 -0.48976888527094137 -3.236543130881222 9.6135506102705985 0 0 0 0.12621681877112706 5 6854 13 6299
4325 -0.48976888527094137 -3.236543130881222 9.6135506102705985 0 0 0 0.12621681877112706 5 6853 13 6300
4326 0.18333490622525894 -3.193267426555439 9.558474966283443 139 144 147 1.0869453565132241 4 8104 1 6721 14 5791
4327 0.056149349931741699 -2.5863213952520607 9.436003262582803 144 152 155 0.87874468169156883 4 7187 1 6755 14 4686
4328 0.048903962720129923 -2.1868193410954508 6.6660392638416806 94 95 99 0.67110032070499115 4 7189 1 6767 14 4707
4329 12.786485286500007 -4.6373568524894901 12.72042767017591 112 108 109 1.2340192541683972 6 8751 1 6801 10 9803
4330 -0.034375813134179478 -1.7326923216011847 6.5496152017742713 152 138 127 0.62161363614634102 4 7240 1 6833 14 4763
4331 13.51804273782933 -3.9112288820361973 12.611610003583491 99 98 105 0.78790650848423271 6 7879 1 6848 14 4745 11 7466 10 9826
4332 12.423342951392623 -3.6643865949348258 12.587279408982164 132 122 113 0.58576866710551645 6 7882 1 6856 14 4750 11 7461 10 9823
4333 12.517018882532327 -3.4974767309819144 12.4115025308254 101 92 87 0.52045666269269319 6 8813 1 6866 14 5871 11 7470
4335 12.953327878984595 -2.862441079682589 12.363722203473115 152 143 132 1.1307997152813083 6 8841 1 6903 11 7503 10 10293
4336 1.4636784260325464 -1.3008052275498803 5.4005591042854402 164 147 129 1.8861987380145289 4 8778 1 6911 14 5937
4338 13.604435967971018 -2.0012800315075103 12.237117318399564 120 111 104 0.87275323458859233 6 8886 1 6961 11 8050 10 10304
4339 13.43016838578267 -1.9347302146460537 12.231862869426649 158 145 136 1.2616241579799172 6 8029 1 6966 11 6705 10 9873
4340 13.530570042728861 -1.8046786712975409 12.262100194729397 149 136 127 1.2338378089245317 6 8037 1 6974 11 6711 10 9878
4341 -1.1374571068143826 -0.48290840702088023 4.690190028474106 46 39 29 0.65018028663532768 12 9793 13 6540 1 7000
4342 -0.26395512007952671 -0.55053343237395214 4.5957308336465221 175 156 139 0.18399380731122605 4 8269 13 7471 1 7004
4343 5.042307489798687 -1.072850532677468 2.4453239770782402 151 139 127 0.94200587703196226 13 7450 1 7015 14 4992
4344 5.145928012207162 -1.0801093282555021 2.4233357486191962 144 126 112 0.88102777802551735 13 7451 1 7016 14 6057
4345 13.648015410077505 -0.97562283018565465 12.044813470044382 121 114 106 1.4461128060393298 6 8924 1 7034 11 7562
4346 13.428723025900794 -0.39506345018395034 11.919062211967907 164 147 132 1.7754806370869893 6 8139 1 7074 10 9939
4347 1.9705288816912323 -0.12031504016439404 5.1507438840637425 93 76 66 0.92408443646971383 13 8148 1 7102 14 6137
4348 3.9684964080500267 -0.37182064107014229 3.7190426456722165 0 0 0 0.21152320743329073 4 8351 12 9838
4349 7.8605999778531421 0.39861808205176968 8.7398067715522014 142 121 104 1.4549204242016933 5 7264 1 7134 14 5111 10 10340 12 9218
4350 7.7008151734269363 0.42236726394688195 8.713313776175271 163 137 117 1.0371848893517048 4 8389 5 8039 1 7135 14 6171
4353 7.0648092199403685 0.61548500778535309 8.21330712344629 37 30 24 1.1889604836437606 4 8407 1 7165 14 6886 5 8937
4354 3.9339193286727738 0.0076626912981814718 3.4713736571443148 0 0 0 0.85521863175793267 4 7604 5 8049
4355 4.0472636280880696 0.17078819417951585 3.5687121195892471 0 0 0 1.488843728724921 4 8422 12 10350
4356 6.828335110393569 1.1189625659617808 7.9732533925082594 145 122 106 1.466076535589945 4 8448 1 7205 11 8461 10 10855
4357 2.7608741750341852 0.78635979497045949 5.2886785580824149 142 120 102 2.2243254603371541 5 7370 6 9914 1 7221
4358 6.7940746197199102 1.4243681031973028 7.776493024935581 117 101 86 1.0748406953288898 5 7401 1 7250 10 10669
4359 6.8799726538695811 1.5093950955768278 7.8555482123921996 52 39 30 1.8791402996663162 4 7728 1 7257 14 6289 11 8482 10 10673
4360 6.804728540736372 1.4957561227084095 7.7770335199198568 52 39 30 1.986640086831188 4 7729 1 7258 14 6290 10 10674
4361 3.8770345835095101 0.54859828152365719 3.2255338341578206 165 161 152 1.3544826843080864 6 9548 1 7260 14 5291
4362 -1.1893930280511402 0.838287467882469 4.438416881774077 34 31 30 1.608370497385434 13 5720 1 7273 14 3935
4363 0.76248908799718551 0.96736221785563026 4.607677049137771 114 94 77 0.66823027556573045 4 8524 1 7294 14 6313
4364 -0.83853484286888991 -3.9854020535645391 11.048388057762258 145 144 149 0.76168912099172947 13 6276 1 7571 14 5771
4365 0.22158797180859297 -2.7202522068219928 9.3523153105342089 111 104 98 0.85811313662177102 4 8129 1 7611 14 5810 15 1392
4366 12.221738190004912 -3.2726702831535204 12.809769554504991 17 19 26 1.7464347591853553 6 8819 1 7696 14 5878 11 7477 10 10287
4367 -0.70034468990352561 -1.1589372663447683 4.7250702182848086 87 79 77 0.41621938680302634 4 8769 1 7710 14 5929
4368 12.151001819281397 -2.7614544828944116 12.605798315252144 26 20 20 0.46097838126635254 4 8205 1 7724 11 8023 15 1459
4369 -0.72728109629912829 -1.0468654193015501 4.7179254379316928 157 139 130 1.2575280312751569 4 8194 1 7741 14 5946
4370 1.4980322507912749 -0.66119022999328991 5.0179855754864739 128 121 105 0.70157496818843834 6 10071 1 7806 14 6785
4371 4.8839491607563108 -1.0670159152974041 2.4613726264356068 160 148 136 0.742670031931283 13 7449 1 7810 14 6054
4372 13.538312426207881 -0.7512826579864138 11.941702612766825 73 64 62 1.6722783313499161 6 9422 1 7831 10 10617
4373 13.306038035769641 -0.64962731080926961 11.929152237951598 158 142 129 2.029919042493423 6 8929 1 7836 10 10328
4374 3.8957922467986705 -0.099656311842993173 3.4554376179564601 0 0 0 0.32096055218044606 4 8388 5 8559
4375 6.5444782798115684 0.57256202646794319 8.0470373887226092 158 137 120 0.50697965347631879 4 8907 1 7916 10 11103
4377 5.9499768149313343 0.67784981089632579 7.6971816003506079 112 97 82 0.63180383306131493 6 9483 1 7935
4379 0.73894113959368624 0.82476767616698332 4.6237167347490615 157 136 115 0.91882180569604355 4 8952 1 7978 14 6956
4380 -0.28538108696402109 0.81208227982839953 4.3352289713711896 21 17 16 0.91737257289765839 4 8957 1 7992 14 6297
4381 1.4168774426103197 1.002075128243215 4.5224621687704527 142 118 94 1.0615088794454748 4 8526 1 8017 14 6326 11 9059
4382 -0.31389472066357299 -3.7339550602712483 9.7078421449820453 153 147 147 1.1012013979580224 4 8702 1 8174 14 6602
4383 -0.59133894386181263 -3.1626466964593507 9.6877905829078745 136 127 120 1.5041459432851234 4 8710 1 8190 14 6614
4384 0.22685117866103471 -2.8462780033835289 9.3666544077214304 104 95 86 0.97795257422526782 4 8721 1 8201 14 6624
4385 12.326500102111957 -3.2004643591433561 12.628621368246613 136 129 123 1.4345760941996333 6 9769 1 8264 14 6672 10 10802
4386 5.1681274663074666 -1.5187068514613555 2.4810044961046214 50 34 26 2.036211754409829 13 8473 1 8315 14 6751
4387 5.4798516800444688 -1.5643159860034266 2.4302384451978134 134 127 121 0.4711648187961579 13 8468 1 8316 14 6750
4388 2.5728998294657233 -1.0015191827503465 5.8851210702502756 151 134 118 1.710799048045307 4 8815 1 8324 14 7286
4389 5.1664923501541482 -1.3803520426515172 2.4754958914647287 28 20 17 0.36048164830621027 13 8060 1 8325 14 6009
4390 4.9771714681973291 -1.2882419458157295 2.5338958218305891 108 101 93 0.3262135685219697 13 8497 1 8327 14 7291
4392 5.1980214846328776 -1.0043045829246511 2.4028340006311817 54 44 34 0.40168937458246851 13 8509 1 8353 14 6812
4394 2.8181528464419201 -0.51239556321267987 5.5494475414576465 58 55 53 0.52286351995724134 4 9237 1 8364 14 7320 6 10099
4395 2.8205064560746642 -0.25485104105214945 5.4692340715445917 44 34 25 1.7450133883264884 6 10110 1 8379 14 7346
4396 7.3212947857378339 0.18323498784740294 8.8631597290348854 22 21 17 1.6534032145772912 4 9253 1 8400 14 7366
4397 10.149786653864986 0.29594269790083189 9.6455976198762396 113 86 69 1.8651237932618849 6 9864 1 8407 10 10842
4398 5.1492913079332725 -0.13954930684582006 2.2232258166618055 117 109 96 1.8291404391927679 13 8585 1 8429 14 6901
4399 -0.75075391516897394 0.46543040319079404 4.3274652397716915 135 112 98 1.1150591708042992 5 8950 1 8436 14 7409
4400 2.8144980176816472 0.77786651437897647 5.2314738598013859 94 84 75 1.2806177105193768 6 10156 1 8457 11 8997
4401 12.683030088432494 -3.9856344187594952 12.52365869127266 100 90 88 1.2318004933698357 6 10062 1 8646 14 7601 11 8631
4402 11.736285339210509 -3.83444855800371 13.423604521274221 78 70 67 1.2667493338587938 6 10063 1 8650 14 7600
4403 11.985005500788237 -2.864591618674408 12.775586777497443 153 144 137 0.73734198933613926 4 9169 1 8672 11 8640 10 10805
4404 5.1090951161359826 -1.6034163469741241 2.5330590732682463 150 147 142 0.64376871670335956 13 8721 1 8686 14 7275
4405 4.7395585839116965 -1.26385228029531 2.5491792073560502 144 144 146 0.07113627454601873 13 8729 1 8698
4406 5.2198849573002342 -1.2801571869869384 2.4129863078452209 141 140 138 0.95440484935610825 13 8732 1 8701 14 7296
4407 5.2198849573002342 -1.2801571869869384 2.4129863078452209 141 140 138 0.95440484935610825 13 8731 1 8702 14 7295
4408 12.414035212377783 -1.3545053685479453 12.271181326209458 125 115 106 1.4191795445283688 4 9207 1 8709 10 10971
4409 5.7509713634532238 -0.33707092768412228 8.0241861217010158 48 34 31 2.416180223728098 12 10555 1 8740 14 7332
4410 7.9026882092239683 0.1625154786115916 8.7760080814241288 22 22 20 0.070948492666921631 1 8755 10 11095
4411 7.9026882092239683 0.1625154786115916 8.7760080814241288 22 22 20 0.070948492666921631 1 8756 10 11096
4412 11.983714766562779 -3.4147751575066989 12.903125624663748 134 121 113 0.838160312535986 6 10268 1 8918 14 7865 11 8913 10 11074
4413 2.5435320480594243 -1.5409897769842051 5.9920385887390299 155 137 117 2.0307927889963628 4 9619 1 8929 14 7877
4414 12.3849104551251 -2.5350850849797983 12.44337494012542 138 125 116 1.031706167132038 6 10277 1 8933 11 8806 10 11080
4415 12.378827644142415 -1.6809292649175174 12.332133941966267 139 130 121 0.7206185978652736 4 9461 1 8945 10 11085
4416 12.378827644142415 -1.6809292649175174 12.332133941966267 139 130 121 0.7206185978652736 4 9462 1 8946 10 11086
4418 -0.5013889083119194 0.68371165754681473 4.306393684101498 119 96 78 1.0939681159761967 13 8930 1 9009
4419 5.1963350811005746 -1.7049956939087274 2.5471107593670586 102 83 69 1.4039963736967664 13 9069 1 9223 14 8050
4420 11.937284065523714 -2.3099785872679264 13.45005104739988 149 133 120 1.1542793069499087 4 9738 6 10478 1 9226
4421 5.9120545209264259 0.020490308267238744 7.8811310688766705 113 96 86 1.8547654356970991 4 9751 6 10487 1 9242 14 8188
4422 11.898248962608982 -5.295512512219112 14.015542624183411 178 197 214 0.72517865014544336 1 9289 14 8234
4423 11.920490365703953 -3.2400052963420682 13.081902463718365 121 114 108 1.0387063281315909 6 10472 1 9295 10 11221
4424 -0.92488131564236054 -0.091157859859259727 4.5512904954315241 10 11 15 1.309335746841092 13 9089 1 9325 14 8186
4425 1.1785094965307192 0.13712246519330554 7.8141444071191986 14 13 18 2.4246921328651658 5 9413 1 9326
4426 1.1785094965307192 0.13712246519330554 7.8141444071191986 14 13 18 2.4246921328651658 5 9414 1 9327
4427 2.5169742905982662 -1.3216002053339033 5.9087550126949475 55 49 45 1.3604297527871518 2 5960 5 3781 4 1124 13 3387 1 1214 6 7812 7 9201 14 767 12 6553 3 7416
4428 1.2108627980591109 -3.6961570174394334 9.9750908839241443 71 71 73 1.398379217241505 5 6839 1 5423 2 7230 12 7947 14 2896
4429 0.67264194600810789 -0.27501832888598299 4.8361400249048527 24 18 14 0.81823154200698733 3 4536 2 4442 13 1293 1 1687 4 4474 6 7987
4430 13.147079057336629 -6.1655156430177254 14.01340845933151 181 194 204 1.9069347805017418 6 8687 4 7165 1 6733 5 6845 13 6296 14 4647 10 9784 15 100
4431 -0.76236559243175062 0.55743778359688156 4.3138515309240315 162 156 150 0.59333577109220637 12 8490 5 6204 13 5629 1 6169 2 7745 6 9872 14 3826
4432 5.8484093331216256 -0.15810228304049245 7.9852348589488402 72 57 45 1.2848827806651328 6 10300 1 8967 12 10728 5 9292 4 9479 14 7684
4433 0.067722777914534016 -3.507672866907396 9.8326459443754199 97 98 99 1.2235380436260923 2 3516 13 84 1 360 5 3317 12 3908 14 157
4434 0.074112139129883736 -3.6813743653123212 9.8867946336511405 90 90 93 1.4150927928459722 2 7228 13 6285 1 6691 5 6832 12 7940
4435 4.2839808448386885 -1.6742750239224935 3.4417780987811049 18 18 26 1.5806395658603736 6 8699 1 1129
4436 4.2839808448386885 -1.6742750239224935 3.4417780987811049 18 18 26 1.5806395658603736 6 8700 1 1130
4437 4.5476333578933064 -1.7041195984010704 2.8007863106426165 98 78 67 2.5402603545772786 13 3276 1 3947
4438 4.2335897374574305 0.072751248958140308 2.8678260582607331 133 117 101 0.24197321956051362 3 9354 1 4551
4439 8.34622523323827 -1.9517761400116964 4.5358358323472165 139 138 139 1.8664972105196362 13 7381 1 6928
4440 4.4522557999879142 -0.23957998657635998 2.7943875801064681 0 0 0 0.076681599794155592 4 7568 13 7564
4441 3.6671951406251466 -0.18512906369034052 2.7990492665707341 33 29 26 0.45713776339647905 4 8385 1 7147
4442 3.9169689279881457 -0.72089909032076438 2.7462383374432267 185 163 146 1.0917279520353291 4 8316 1 7840
4443 4.386878453024404 -0.04504956712725456 2.8837130968747351 0 0 0 0.19367023904753167 4 8406 13 7589
4445 3.5468161757997985 -0.73923663590530997 2.8543255494958912 125 116 109 2.270619647971249 4 9232 1 8368
4446 0.10620096866733159 -3.5655078130162661 9.8182118152404421 91 89 90 1.4513562751695555 2 3509 13 74 1 342 5 155 12 3901 14 148
4447 0.25125330820295216 -2.847211648393527 9.3646513649781777 106 95 89 0.84563074764926827 1 3571 4 3614 14 261
4448 11.611565351547137 -4.6312436420529668 14.354829834329866 112 111 114 0.82476013918804025 6 735 14 331 10 6343
4449 0.39126212889678275 -2.3363402208344501 6.7131312354966113 76 79 86 0.53006667110578831 1 3622 4 3650 14 351
4450 0.39126212889678275 -2.3363402208344501 6.7131312354966113 76 79 86 0.53006667110578831 1 3623 4 3651 14 352
4451 12.231934143912518 -3.7182653021469743 12.913592321776092 37 30 27 0.49644078357438093 6 4203 14 489 11 5412 10 8036
4452 12.231934143912518 -3.7182653021469743 12.913592321776092 37 30 27 0.49644078357438093 6 4204 14 490 11 5411 10 8037
4453 11.896886990730978 -3.6032212839979696 12.989520574581546 123 104 97 0.78804320549042972 6 4224 14 494 11 5414
4455 4.0532011643579882 -1.291965522001189 3.2041849280334747 0 0 0 1.1819172107065656 1 5802 5 7030
4456 -2.9885144089073381 -0.56630444240196764 2.4576829795256621 148 125 104 2.0058838977525686 1 4085 4 6128 14 1044
4457 -2.8108907637791547 -0.39937879486591099 2.6469252771743332 60 49 37 1.6434218563352754 1 5885 5 7115 14 1179
4458 -2.7772344959931474 -0.3864865028183368 2.6335834561449514 117 103 90 1.7232589211119083 1 4244 4 6231 14 1202
4459 -0.4367193201315574 -0.3030384053084248 4.5120033330415694 86 70 57 0.069435215917816095 1 4310 14 1220
4460 7.4283891460308595 0.12009526628464678 9.2075844227055619 116 90 75 0.73179304070392615 5 4342 12 6986 14 1308
4461 5.3058351084378277 0.18195728436709332 7.7577210733438662 29 24 18 1.0359943242982543 4 1869 5 4370 14 1349
4462 6.1956983744253931 0.47928111102940413 7.9711056243082075 158 139 118 1.9629427142285583 12 7084 14 1459 10 9280
4463 -2.5027036930044573 0.083810253330892925 3.1128185453066042 59 49 39 2.2065877178160931 1 1922 4 6429 14 1509
4464 5.1137679608181781 -0.23976879311202878 2.2404396610711741 90 77 68 0.82572942259416582 1 1996 13 5517 14 1532
4465 7.561842186250761 0.72351108975682021 8.6297918801653761 86 68 56 1.1332755600985076 12 5157 14 1536
4466 3.9532976477628106 0.043621615767372793 3.3126188494819369 0 0 0 0.79917911891337723 4 4709 5 7295
4467 6.713613377902754 0.78879628318019002 8.0632565557195388 35 22 6 1.2346545084090927 1 2083 5 6152 12 8442 14 1586 11 5756 5 4525 10 9973
4468 6.6229219521281015 0.84175463150659713 8.0187248071762962 153 131 108 1.2797402541605813 5 4542 12 7189 14 1612 10 9978
4469 1.4308028870147911 0.43082353041007554 4.6467336077163299 171 145 118 1.6317255083326911 7 9390 14 1634 11 8647
4470 -2.5066174335322047 0.29080631599307966 3.0615731643242916 65 56 45 1.0023000319580451 1 4578 4 6511 14 1691
4471 0.37652899656550126 -0.39861784440581738 -0.51531890831485938 0 0 0 1.4204586605635072 4 7613 5 8046
4472 7.5797785676104121 1.2542296328291069 8.4465771701491832 99 81 67 0.80129006687291282 4 2299 5 4637 14 1717 10 9391
4473 7.6402306749665509 1.3045480616305025 8.485538544392254 24 15 7 2.0975237175914465 4 2314 12 7277 14 1732 10 9398
4474 -0.084277451055329106 0.60231034759551028 4.3368782329422233 48 32 19 0.37459703894330093 1 4637 6 9489 14 1737
4475 5.4770133699711296 1.2075540692402631 7.6514231038482201 70 57 49 1.3514331530358825 12 5411 14 1740 10 10380
4476 6.223677533615656 1.2587674749278042 7.8372572432065679 148 127 108 1.5011613143370917 4 2334 5 6239 14 1745 10 10387
4477 -2.5098177434807742 0.46523103130082194 3.028605977396654 78 68 58 1.7711183865088256 1 4679 4 6605 14 1803
4478 6.1007576121840463 1.4437261989442174 7.6575707664206094 34 18 3 1.4157411409138574 4 4936 14 1818 10 10407
4479 6.244477268184907 1.7072514688802383 7.6922796311635553 137 111 90 1.829644943167628 4 5012 5 4797 10 10065 14 1892
4480 -0.077249889326313104 1.1932319171712462 4.2373958258396671 60 44 31 1.0512102684175317 12 7574 14 2098
4481 12.232439507318389 -5.1348938607372725 13.73093090286147 122 114 112 0.58140365750357004 4 3684 14 2974
4484 5.0637976847689385 -1.8158577129521587 2.7820999084007534 19 13 17 0.68205227586454709 4 7312 14 3270
4485 -1.0785886226068404 -1.0303409640314627 4.8249571719067523 78 60 46 1.4477673652893313 4 6048 13 5163 14 3281
4486 1.3576515218092222 -1.2049405762276395 5.3110717806584473 117 99 78 0.30508627881690764 13 5169 14 3306
4487 1.3599948166882971 -1.2039901596055023 5.3172814765907592 117 99 78 0.54099455929421936 1 5749 13 5170 14 3307
4489 -0.26819717509141838 -0.88053866952126958 4.6395039948796422 145 126 109 0.67188026631700293 1 5789 4 6130 14 3355
4490 0.064717988769937229 -0.81764251022338441 6.2905939287691117 74 56 42 0.58486838729214774 4 7370 13 5242 14 3358
4491 2.7090688835326708 -1.0031395986465967 5.9032645440215026 78 66 54 1.2997719240490955 7 10000 13 5245 14 3374
4492 -2.6933441703924506 -0.54959820621744604 2.7990926482341116 160 142 120 2.3860877776723295 1 5818 4 8231 14 3465
4493 1.7706166906355061 -0.53003343489232724 5.1924702196536803 110 96 85 0.82011781906804693 1 1576 4 6261 14 3489
4494 4.1271418543504028 -0.72198971279969859 3.3250061647388298 178 165 156 0.29686140458096294 12 9101 14 3545
4495 1.2712890755296555 -0.14213813224642782 4.9675227435197726 148 131 111 0.82012032637212195 4 6360 14 3611 11 8893
4496 5.8614213291359771 0.48314315041421191 7.7945934568323532 161 131 104 0.47636643365509429 5 6103 14 3705 10 10333
4497 6.2236565792759881 0.93227583607548392 7.892618997678631 154 136 116 0.85829648971466443 12 8462 14 3796 10 10361
4498 4.2068689206350891 0.24292433605144054 3.4502995734350033 0 0 0 2.3782626315412392 4 4779 12 9256
4499 -0.63984823319827089 0.55996245996925986 4.3311462239241463 95 76 62 0.42236788626469624 1 6170 5 6207 14 3828
4500 1.5610836625533115 0.6971570164437968 4.6269874036322136 45 28 21 1.2745019340998582 4 6570 13 5656 14 3864
4501 6.8628526183657872 1.5751726735409202 8.1812203170488598 48 32 19 0.98440336693532071 5 6292 12 8556 14 3913
4502 6.8628526183657872 1.5751726735409202 8.1812203170488598 48 32 19 0.98440336693532071 5 6293 12 8557 14 3914
4503 5.4603393599865662 1.6914440436529237 7.4332616965507379 63 43 32 1.8660464806951165 5 6366 14 3992 10 10436
4505 -0.047093898425265734 -3.0151474923114221 9.5877564829233872 136 137 139 0.99714625460342832 1 6729 4 7163 14 4666
4506 0.035677944989291499 -2.2396139905806463 6.7260599867008022 110 105 102 0.1990466683047375 1 6763 13 6333 14 4700
4507 0.2561775660584204 -1.9194260436787203 6.4415829519657981 105 91 82 1.0663701424583791 1 6821 4 7232 14 4739
4508 2.1755837269000122 -1.2767747481258926 5.8566419936818361 0 0 0 0.026802650336763011 4 7342 7 9990
4509 5.0361834096349574 -1.5928460362607904 2.7642963552713935 140 132 129 2.2075752789547884 4 8212 14 4878
4510 10.232424157722871 -1.3825633054253648 14.237644170077758 140 130 121 1.5117062056720283 12 8209 14 4896 5 5804
4511 0.73892711194840111 -0.95359732178099987 5.0314374495559413 130 116 107 0.79517149888788252 4 7364 5 7866 14 4903
4512 3.8024502990163995 -0.098006314681797421 3.6113393098520779 85 78 70 0.25359628900981973 12 9196 14 5127
4513 4.1219789588102733 0.44615091832329384 3.6837531479054735 152 138 127 0.69742888608857379 12 9942 14 5248
4514 3.9166611539742853 0.64198543895438176 3.3129773937981009 0 0 0 1.3856551044900185 2 9463 5 8140
4516 0.67184007585028893 -1.8635798312634104 -0.11191064022762937 0 0 0 0.75997051709586372 4 8698 13 7969
4517 0.67184007585028893 -1.8635798312634104 -0.11191064022762937 0 0 0 0.75997051709586372 4 8697 13 7970
4518 10.428556888791682 -1.3325036643218833 13.996472511310053 144 134 125 1.1267079660306807 5 7906 14 5986 12 9799
4519 5.1071954807389606 -1.4354584800378705 2.4984771611977759 102 92 88 0.95694689047718695 1 7775 13 8053 14 5994
4520 10.571120904824436 -1.0336736830868467 13.499719767259576 114 104 96 0.78053365711590983 4 8283 12 9816 14 6011
4521 10.571120904824436 -1.0336736830868467 13.499719767259576 114 104 96 0.78053365711590983 4 8284 12 9815 14 6012
4522 1.1908501036579213 -0.60556213405486736 5.1148642295637199 0 0 0 1.0909237426852061 3 8965 7 10301
4523 1.1327292275706353 -0.43381534106612563 5.0653971336193377 0 0 0 2.0588826093954027 1 7830 7 10306
4524 5.375127428567712 0.17656892675289609 7.9087540956649578 43 35 29 0.93780112207069322 4 8368 5 8017 12 9880 14 6150
4525 0.39407536758237655 -0.079491709856112411 3.3398947567466806 15 16 15 0.46136866109020058 4 8373 5 8547 14 6172
4526 3.9405920250334594 -0.19578513509629047 3.1978776841606713 0 0 0 2.0160995909093717 1 7898 5 8553
4527 1.4181979990219347 0.92011373549209141 4.6737947149980856 0 0 0 2.0864462909566099 5 8143 7 10351
4530 0.20574701611202734 -2.9699809877862982 9.3351124743815976 106 95 91 0.82437078098495997 1 8199 4 8117 14 6622
4531 12.72821837928335 -3.5972192934743408 12.454326803799773 141 124 114 1.0100860133979499 1 6863 14 6661 11 6615 10 9827
4532 -0.71788537601645031 -0.91608687255438248 4.7070396886509505 163 142 125 0.24637023632800417 1 7759 4 8789 14 6743
4534 1.4992064735470276 -0.66130709923057918 5.018903653289847 0 0 0 0.57095090354534406 1 7805 6 10072
4535 0.43616141276643455 0.61568367256861412 4.5538350175903535 114 96 82 1.8307459852093881 2 9439 14 6927 9 9915
4536 11.342332713968574 -3.7376309739751057 13.851638019790139 96 92 93 0.93627384289210136 4 9429 10 10949
4537 3.101099963141956 -1.8774032264094962 6.1507511194047151 157 167 178 0.39803113654896655 13 8433 14 7231 15 1714
4538 2.7950059374369385 -1.7114911675312581 5.9681438683704053 131 118 108 1.2814337434177054 1 8268 5 8813 14 7238
4540 11.535243788660983 -1.8874977775178507 13.64794033879814 81 72 65 1.5856196854023519 5 8849 12 10258 14 7266
4541 5.386836810892615 -1.6314837471618435 2.4668037470692732 26 31 35 1.9517345061494007 1 8304 14 7276
4542 5.386836810892615 -1.6314837471618435 2.4668037470692732 26 31 35 1.9517345061494007 1 8305 14 7277
4543 7.2893247195475084 0.18008262752176035 8.805979637702853 25 21 20 1.6477984158272156 5 8917 14 7367
4545 3.7786535263889975 -0.05982150823408644 3.4591620754667964 30 21 16 0.78602963542610871 6 10425 14 7392
4546 6.9637502881438564 0.97566958633581469 8.1397234020500182 136 113 90 1.3710589296046367 5 8953 12 10610 14 7408
4547 10.247825363683326 -1.4487467789339881 13.575961436952317 196 201 196 0.1321595389911695 12 10518 14 7648
4548 -0.057868707190020741 0.19876392907461241 4.2241587785693149 138 117 98 1.07918628850985 4 9664 14 7709
4549 -0.057868707190020741 0.19876392907461241 4.2241587785693149 138 117 98 1.07918628850985 4 9665 14 7710
4550 0.40197550986683356 0.37324634636628573 4.573762822979961 0 0 0 1.7877894139661761 6 10427 13 8594
4551 1.4683291966703271 0.98123740207849797 4.5714194613526029 90 66 42 1.0554593770254337 4 9526 6 10440 14 7747
4552 -0.38914457991233414 -2.2375785647069422 9.6315359484009342 134 116 102 1.8502409146045629 4 9594 13 8875 14 7854
4554 3.426410675996721 -1.7142098322267452 6.3545774351156217 115 102 93 0.22923751083881158 5 9267 14 7875
4555 0.29476981014573073 -0.072690005901186489 4.7313581966722564 12 12 12 0.77894027424201762 4 9749 14 7919 15 2148
4556 0.29476981014573073 -0.072690005901186489 4.7313581966722564 12 12 12 0.77894027424201762 4 9750 14 7920 15 2149
4557 7.473953317361886 0.64284564189154092 8.5214560499514622 40 31 23 2.1020351957095027 1 8994 10 11106
4558 3.822513767763378 0.13487419515362961 3.4742995476244287 117 98 83 2.2984572573770543 2 10004 12 10915 14 7939
4559 7.4544378702324554 1.3364418519826256 8.271110799941912 31 18 9 1.7335056746544844 4 9520 12 10923 14 7959 10 11189
4560 -0.10646877463275925 -0.089133070659315972 4.5721089979825953 8 9 13 1.2836753586579559 4 9838 14 8079
4561 2.8109141429797027 -0.51379343114657039 5.5412076750392165 53 50 49 1.0722330536756925 4 9236 1 8363 14 7319 12 10299 5 8881 13 8526 6 10098
4562 12.487527495817849 -5.6006143821226564 14.088600223219885 125 123 128 2.283514370282044 6 3855 4 3640 14 2944 4 5853 13 4973 10 9090
4563 5.4135357378137394 0.81799985345723059 7.4226171897756883 124 101 84 1.7467580274988075 6 9896 1 7943 14 6218 12 10359 5 8583 10 10984
4564 1.3851099216939016 -0.67370573442911219 5.0164961250099154 47 40 31 2.1006787283420225 6 10069 1 8339 14 6784 12 10266 7 10300 5 8480 13 7465 13 8100
4565 2.6318047198811718 -1.8517791557908736 6.1574959590286218 131 119 107 1.8762116388254264 5 8802 4 9141 14 7229 12 10481 13 8431
4566 4.8880225376161706 1.3573371720093401 5.8478611525126274 23 11 2 1.1275423572808576 5 4819 14 1918
4567 0.83417472233992918 -3.8237534324173419 9.8776471618987731 74 73 77 1.3451612909075277 2 9262 5 8356 13 7975 14 6606 12 9665
4568 1.6801885760922803 -0.11053947407612341 5.0245590876675958 56 44 31 1.4927276861557603 12 10322 4 8354 13 8149 14 6139 5 8911 6 9805
4569 0.84838897983771089 -3.8770242404402566 9.9363292884917751 92 87 84 1.9382947303575611 12 6294 14 138
4570 -2.2149899628529419 -0.90899528277448427 3.8316787086943997 74 48 33 2.2221468189415985 4 6033 14 771
4571 -0.87369904701206025 -3.3565007031622844 11.179019186666398 0 0 0 0.29020289753491813 4 8099 12 8973
4572 0.55495541802024451 -1.2099661660889824 -0.30223083625979985 39 42 44 2.263178387753475 4 9424 14 6758
4573 5.3855531324995196 -1.7456096016173701 2.4897435842634779 24 29 34 1.4731139243707343 1 8295 14 7264
4575 12.893848340191433 -6.4165726049624014 14.028731431077595 173 168 172 1.9604665974271711 6 400 11 593 10 6295
4576 12.991324715457266 -5.0038370468338691 12.711118713875075 129 134 141 1.2618438672346342 6 661 11 733 10 4045
4577 2.1058346385536897 -0.17336876434174597 5.2295475366164732 64 43 22 1.0981582940119992 7 1414 11 735 9 6233
4578 11.694669990843389 -4.4381546942113088 13.428828357596901 175 161 148 0.2704127714744104 6 758 11 776 10 4063
4579 2.2237186142381815 -0.14547362610752357 5.2645764708650518 59 33 20 0.59334051388362574 7 1451 11 794 8 1058
4580 13.478739511788364 -3.9306055011170735 12.63049371479266 95 92 94 1.0920574564965644 6 990 11 923 10 6449
4581 12.194124927128335 -3.4625647507989985 12.856735287634805 180 162 148 0.48091486509291875 1 988 11 948 10 6452
4582 11.760584162872462 -3.2876912971689474 13.169519544388516 201 182 165 0.50505997113172185 6 1111 11 967 10 4213
4583 12.87731076675195 -3.3099277957921389 12.480146326472642 195 185 176 0.63572043328751426 6 1130 11 1001 10 6470
4584 12.532788830004426 -3.0958417816236601 12.420713110657987 147 137 127 0.52599966245452889 6 1180 11 1024 10 4250
4585 11.766722804293551 -2.6301428385118384 13.033439851166477 67 51 38 1.0888574881516808 6 1286 11 1069 10 4336
4586 11.766722804293551 -2.6301428385118384 13.033439851166477 67 51 38 1.0888574881516808 6 1285 11 1070 10 4337
4587 12.484790610317864 -2.7702024701894263 12.418407094936759 67 59 54 0.51419300761618703 6 1271 11 1072 10 6538
4588 13.448559433955541 -2.6972246852910602 12.426376188490849 167 154 148 0.80114161784208404 6 1330 11 1111 10 4427
4589 2.3220144405986853 0.18884952373829872 5.3984373790445064 50 34 19 0.76789666576915216 7 1886 11 1117 8 3785
4590 13.680918951825861 -1.9126031136981079 12.234089784453698 140 135 132 1.0127986847604529 6 1509 11 1217 10 4581
4591 13.584516684362125 -1.4567223672357921 12.07698389744119 106 101 97 0.63903801447740305 1 1460 11 1273 10 6736
4592 7.8134244989608073 -0.44713874052876224 9.1736476404697971 203 208 212 1.2217412579898506 12 1585 11 1279 10 4608
4593 7.7464262563721702 -0.28618866962115147 9.0721203238760975 192 195 201 1.1029505048979484 12 1674 11 1328 10 6742
4594 7.7464262563721702 -0.28618866962115147 9.0721203238760975 192 195 201 1.1029505048979484 12 1673 11 1329 10 6741
4595 12.673735268547027 -0.95881223087110889 11.930150095130758 182 168 155 1.4313719915168097 6 1712 11 1335 10 6786
4596 13.44910431783615 -0.74337876459643337 12.036470880745503 166 150 137 1.4336273043573258 6 1812 11 1391 10 4792
4597 10.291579886243397 0.18065461368642832 9.8003360248530793 130 100 76 1.558111960060347 6 2149 11 1523 10 6941
4598 2.3036938787885677 0.70896431385338587 5.4627919682846038 139 114 94 0.66106714807367972 7 2330 11 1535 8 1752
4599 6.7242705791839494 0.48035945855733025 8.1385017591448339 56 41 28 0.6254244287713252 5 1761 11 1542 12 5091 10 9291
4601 1.9256620477803463 -1.5708675791572213 5.7714688800526011 80 62 47 0.22494832828539191 7 3774 11 3051
4604 11.711779783605058 -4.1976169975509814 13.333881160533807 162 143 126 0.53236022478390299 6 816 11 3557 10 6363
4605 11.675518321614145 -4.0678302348475919 13.50686706152236 169 150 134 1.011980088328883 4 675 11 3570 10 6375
4606 12.143537292037228 -4.0262580039755731 12.819109794145797 82 72 70 0.62296079895619971 6 879 11 3584 10 6385
4607 11.654152692908328 -3.7651196304882433 13.445312251821916 73 57 42 0.80755408233126824 12 4107 11 3613 10 6411
4608 12.267087553236884 -3.7342308266311153 12.856984615910328 167 150 140 0.70115161237045021 6 986 11 3621 10 6427
4609 12.339595548332175 -3.7306724722803954 12.605646767400881 60 51 46 0.95885366912223258 6 978 11 3622 10 6426
4610 13.545788178603054 -4.0620078020809842 12.633205007230428 125 126 130 0.52190455036687278 14 454 11 3626 10 8040
4611 11.769975231634985 -3.0805879451811546 13.120278203742712 182 163 146 0.75908589532126614 6 1155 11 3690 10 6466
4612 2.4552672017511963 0.022095022174865059 5.3183964085236797 174 149 127 1.6469288736458736 7 4555 11 3700 8 5299
4613 12.308603184698967 -3.0742258152823987 12.750501844640302 137 127 117 0.5546345608922717 6 1182 11 3702 10 6478
4614 12.540191668804294 -2.9694503907057954 12.426435431552454 175 165 156 0.58646809706111191 6 1208 11 3718 10 6492
4615 12.542077515116068 -2.943311447880069 12.350548812089196 138 131 125 0.4909619392174191 6 1218 11 3723 10 8079
4616 12.542077515116068 -2.943311447880069 12.350548812089196 138 131 125 0.4909619392174191 6 1219 11 3724 10 8080
4617 12.57634488241627 -2.8516039006068508 12.233940318236671 179 168 161 0.53507079915570976 6 1244 11 3734 10 6513
4618 12.614500727491249 -2.8105182682000041 12.225595658956006 63 53 52 0.61490690805447779 6 1257 11 3738 10 8089
4619 12.331206903827107 -2.7400134420605862 12.534006668423366 58 49 42 0.69892490519244033 6 1274 11 3740 10 6537
4620 11.761541639839212 -2.5622736566912212 12.89096813117707 186 167 151 0.71938252440357775 6 1310 11 3746 10 6553
4621 12.58870433214657 -2.7078140044386472 12.348276037529683 116 102 93 0.71705286610775165 6 1297 11 3749 10 8107
4622 12.58870433214657 -2.7078140044386472 12.348276037529683 116 102 93 0.71705286610775165 6 1298 11 3750 10 8108
4623 13.586018703885612 -2.7533951043008984 12.438690125806557 76 70 72 0.37230230826097316 6 1325 11 3772 10 6607
4624 13.574773540122566 -2.586199621377868 12.391471473593134 136 123 115 0.82461337879014884 6 1368 11 3777 10 6621
4625 13.452936209310053 -2.3710966383427992 12.321862241312758 178 166 154 0.396928553128926 1 4023 11 3790 10 8145
4626 12.285445975911221 -2.0456361581517282 12.374776125875803 160 148 136 0.72631038027636252 4 1269 11 3794 10 6645
4627 12.613003628088972 -1.4140241876632673 12.080438151314034 118 108 98 1.0126114065023879 6 1591 11 3841 10 6716
4628 7.698540054867645 -0.037048012371959885 8.904337412344006 139 106 75 0.99051790350762436 12 1848 11 3921 10 6805
4629 10.203813748578611 0.24787950464819192 9.7898583700723147 142 110 85 0.1844158921489196 11 4034 10 6952
4630 6.7355761866550266 0.57933314411502423 8.1053394331040032 148 129 112 0.72493442759259241 5 1807 12 2230 11 4062 10 8365
4631 8.0564737180844563 0.61562833122989846 8.3266853987067755 62 44 30 0.49270927864250447 11 4093 10 7004
4632 6.8254738442529881 0.8505112136227102 8.0254642579475739 133 108 83 0.6873573565331984 12 2430 11 4146 10 8434
4633 6.6988116396900583 1.0951693290868327 7.9983841383644725 65 53 41 1.4729907531821411 11 4210 10 8479 5 2063 12 5345
4634 6.8433010435139714 1.2701852627109975 7.9388482985009583 122 101 78 1.7179520249878071 5 2146 12 2632 11 4262 10 8512
4635 2.7835958270516046 1.2442528965272373 5.0868364502091703 140 107 74 0.022255914412712855 7 5289 8 5761
4637 12.434780480299434 -3.7506845499037693 12.554017622766866 63 56 53 0.61816303367885983 6 979 11 5410 10 8035
4638 13.570368652451881 -3.5331636325663331 12.524336030159656 139 133 131 0.75122111480623477 6 6470 11 5443 10 9138
4639 11.975995599879763 -2.5045048225063775 12.70972503163264 171 152 135 0.8276435146848744 4 4062 11 5478 10 8111
4640 12.528528984803415 -1.6891355325262425 12.225826963215155 176 163 154 1.0317891305199789 6 4581 11 5530 10 8188
4641 8.1265163138609218 -0.026413215376396185 8.700865577422757 175 141 113 0.73168688998582054 1 1786 11 5645 10 9259
4642 16.735982522834036 0.18347450441554752 12.998070355814045 187 177 165 0.23305581542880344 11 5723 10 8421
4643 6.6474364176259639 1.1454377761333672 7.9796733602678467 154 136 111 1.0378061798458118 11 5812 10 8487 12 2566
4644 6.7508442312545176 1.3990012864503818 7.9551202208909571 47 31 18 1.4840724078544072 5 2200 11 5870 10 9413 12 2691
4645 7.6916233244881917 1.4886431632817752 8.2884162601405755 144 118 95 1.1440412349596156 5 2221 11 5877 10 8553
4646 6.7543450439877608 1.451947031845197 7.9411224770407651 52 34 20 1.6075534027366476 5 2240 12 5504 11 5878 10 8549
4647 12.832286290794993 -7.8478499304385947 14.501190389019744 211 228 248 0.063892711388839812 1 5369 10 9064
4648 12.444401226755842 -6.3926557700969058 14.260863918146143 145 139 140 0.47144373243639176 12 7939 11 6485
4649 12.201684972481015 -4.1411376404907001 12.834339692516474 190 177 168 0.68785626420542412 6 7830 11 6584 10 9810
4650 13.325916398307029 -4.1195255901775578 12.638872115123949 152 144 142 1.7303823398442286 6 7853 11 6601 10 9819
4651 12.471686691508646 -2.6799022892631768 12.380843480548439 175 159 146 0.79997593381142218 1 5732 11 6674 10 9841
4652 13.614738728200173 -2.9152505034347844 12.440976709370714 121 117 116 0.44761080563495764 6 7967 11 6675 10 9846
4653 8.1459692645883059 -0.88875885389302622 9.5529442748337523 66 57 50 1.5683266713850557 6 6694 11 6704 10 9861
4654 13.475977894327828 -1.0901446924159823 12.075284764941921 177 167 157 0.64307157185945163 1 5895 11 6737 10 9241
4655 2.3968893287338329 1.1806816863060778 5.313709296992883 49 36 28 0.050816430733018184 7 6942 11 6975
4656 2.5103324387470423 1.2753418547664261 5.3011496576308019 80 59 42 2.3314281798765326 6 2958 11 7010
4658 12.233513617346608 -2.6488474757694132 12.557040822796555 166 152 139 0.80259379464483283 1 6913 11 7504 10 9840
4659 2.5082860820430035 1.1523101488054952 5.2692580018255137 45 32 23 1.1908033236178361 7 8073 11 7682
4660 2.826307979670966 1.1670714899055394 5.0907933440790885 125 90 58 1.9088567662985121 12 5655 11 7696 7 8941
4661 1.4224999734993775 1.3212524538630794 4.4477596143566185 149 131 107 2.163962729173635 7 8242 11 7814
4662 1.1338559477268262 0.27887537116771216 4.9073686925130895 167 151 128 0.78067265477192316 7 8733 11 7987
4663 13.377941059184892 -3.5901149858836758 12.600136053281885 192 181 175 1.001461038468608 6 9336 11 8008 10 10288
4664 13.154923974294981 -3.0917523712212196 12.497140573597317 78 73 81 0.92918646853189746 6 9776 11 8021 10 10580
4665 2.3903265678277497 0.62593409729944471 5.4486702159627063 57 43 32 1.19516503991582 5 4580 7 9456 11 8098
4666 1.4183964188074059 0.98827556199703714 4.5110882766773184 173 150 118 0.89589673756172794 6 2853 11 8185
4667 1.3743805483022065 1.0586641465508648 4.5861178056728749 176 147 117 2.1974505017333064 6 5584 11 8197
4668 1.2098256784774641 -0.55460718334803061 5.058901901662618 60 47 30 1.0123285176593968 7 8513 11 8314
4669 12.067513184665405 -4.685946665477549 12.988960555545294 49 45 43 0.80335024987989134 6 9737 11 8363 10 10786
4670 13.649175621603534 -2.7530230227134682 12.431086290861444 109 104 108 0.41130384773128648 6 9359 11 8393 10 10586
4672 12.021066224509623 -2.501745611302495 12.730985346239002 162 143 126 1.9153916761562495 1 8683 11 8644 10 10958
4673 1.3454473028413803 0.92524875597256062 4.6044413427584816 24 17 9 1.1416899716464404 4 2516 6 7255 11 8699
4674 1.3510037688461118 0.97829706610974898 4.60867388624425 37 23 10 1.3663989317449683 4 2545 6 8416 11 8843
4675 1.5002081462185737 1.0968195612155325 4.4989992024612571 180 165 142 1.4173506826002662 6 9129 11 8854 4 6702
4676 12.229318982041164 -3.4193007093402232 12.470551481250491 175 161 150 1.7185038476554217 6 10404 11 8914 10 11076
4677 1.4178780220280081 0.87108690989448423 4.547351635636562 120 102 78 0.72506016844060017 4 6627 6 9550 11 8935
4678 1.2532535165550787 0.96186182680383436 4.5448806154183812 49 45 36 1.5330036300830694 4 7757 6 9570 14 3963 11 8946
4679 1.1502422007864073 -0.6551150515225137 5.0855377076415396 51 37 24 1.8894514771681556 7 10163 11 8966
4680 13.202486743600508 -3.7824511175733915 12.620408059931426 123 120 128 1.1813757073659203 6 10469 11 8987 10 11220
4681 1.3813694194842907 0.70993083578450134 4.7437407848943813 175 152 120 0.97035485854750225 4 8464 14 6264 11 9050
4682 11.909141578030656 -4.6888491091808548 13.142685922775465 58 54 61 1.2419702780785298 6 7787 5 5517 1 5532 11 6551 13 3092 14 3001 10 9100
4683 2.627461218542483 1.1988692753376762 5.2127680465743307 38 28 21 2.5605423281867701 6 7330 11 8503 7 8942 4 2580 12 2958
4685 1.3053583974591436 0.86039230723567584 4.6876255989400635 174 140 102 0.16627344213781353 2 2537 11 6856
4686 -0.12046519768236005 -2.3655901998983992 9.4850544146353659 107 98 92 1.426293344402757 5 5556 13 5019 1 5519 14 3019 1 3653 4 5887
4687 12.849578999406509 -6.4706872912752269 14.018210229520147 0 0 0 1.2185578910739898 11 585 12 3880
4688 11.832355165914564 -4.0551421448000839 13.126487322550654 49 44 41 0.21894296626836032 5 424 11 824 10 6377
4689 5.5599562826656248 -0.56394481344531799 8.3562328316012593 165 172 178 1.9121711582670282 2 1135 12 1478 10 6507 7 4589
4690 5.5988759394587184 -0.54947536333247227 8.2671250137146686 56 67 85 1.377721317211918 7 4594 10 6516
4691 5.5184792250666286 -0.52647150814644972 8.3804763693675941 62 77 97 2.1425364879033451 2 1187 10 6522 7 4606
4692 5.5462014960083961 -0.52135711307736454 8.331719529112446 168 175 182 1.8282381940126569 2 1197 12 1503 10 6526 7 4607
4693 5.6418192990833393 -0.54421517242542738 8.2849804146598967 97 117 146 1.9229277127733351 2 1161 10 6527 7 4600
4694 5.5258222779643758 -0.48000570923479591 8.2989286503954798 174 177 182 1.9152053112275265 2 1248 10 6554 7 4625
4695 5.6299086953071154 -0.498454509498652 8.2545272052846883 97 117 142 1.9082648219826808 2 1230 10 6563 7 4616
4696 5.5736708295202249 -0.45718721145747815 8.2693592293666871 31 46 65 1.5733831049993532 2 1271 7 1811 10 6574
4697 5.5736708295202266 -0.45718721145747843 8.2693592293666907 31 46 65 1.5733831049992528 7 1812 10 6575 2 1272
4698 5.7413421502383493 -0.49969123943281285 8.2155331949801731 98 117 141 1.4843519446915803 2 1223 7 1786 10 6578
4699 10.320606328762784 0.19312349282803365 9.7616773560311998 109 78 59 0.44859073809922001 11 1532 10 6943
4701 11.76065320293964 -4.9202644372177033 13.362296832791237 155 149 149 0.61130633243700572 11 5320 14 285 10 7971
4703 7.9726509256239622 -0.1508658223672722 8.6857199406066989 42 29 22 1.2323936606060606 5 1518 11 5613 10 8262
4704 6.7740213582011561 0.48366830063216787 8.1344576281762322 144 122 101 0.72766224738095719 5 1766 12 5092 10 8342
4705 6.7740213582011561 0.48366830063216787 8.1344576281762322 144 122 101 0.72766224738095719 5 1767 12 5093 10 8343
4706 5.4124091362842357 0.65579193189230112 7.4315578061026333 53 48 41 1.4195294585879823 2 2018 6 2316 10 8350
4707 6.742634139443668 0.57965432378871395 8.1138854728132674 149 128 106 0.84787430942914854 5 1808 12 2229 10 8366
4708 6.3666670758139974 0.70021688630492407 7.9610250829535234 146 120 93 0.59733491127662519 5 1883 12 2335 10 8380
4709 6.901748881178821 0.97825295116329714 7.9640040493661965 93 72 53 1.1859929689447928 5 2013 12 5296 10 8466
4710 7.5789177156440308 1.4988535614436651 8.3734526202595507 120 95 75 0.032096632446218694 5 2215 10 8551
4711 6.4608505489328172 1.573067520256398 7.7665904125027314 110 86 60 0.76374768356389688 5 2309 10 8585
4712 3.2796648385564748 -0.94700996211341382 6.0102754123332183 169 152 142 0.17759777013446748 7 4235 10 9038
4713 5.4213548982987625 -0.27456644705375866 8.1678482493877258 51 42 44 1.9646775330162034 2 1380 10 9160 7 6556
4714 6.1558504769384461 0.70081287606482423 7.9295755910331271 119 98 77 0.69926124651468913 5 1880 12 5172 10 9305
4715 6.1558504769384461 0.70081287606482423 7.9295755910331271 119 98 77 0.69926124651468913 5 1879 12 5173 10 9306
4716 6.0939676400678637 1.1271902627991019 7.8162536137356424 159 144 125 0.86120093036006784 5 2082 12 5369 10 9373
4717 6.8373909444302345 1.0935537347455231 7.8826196322009769 122 101 82 0.42692308737079654 5 2072 10 9376
4718 6.1393115154493509 1.2302840608328296 7.7942264375397201 135 109 88 1.4570819221327611 5 2130 12 2627 10 9389
4719 6.1393115154493492 1.2302840608328292 7.7942264375397174 135 109 88 1.4570819221326528 5 2131 10 9390 12 2626
4720 6.1079645943805021 1.3121531630114425 7.7348384178713019 0 0 0 2.943602394885652 6 2654 12 5450
4721 6.6307843016724819 1.4669053135011889 7.9078122677668992 150 129 108 1.7126841754760822 5 2251 12 5512 10 9422
4722 12.664865731690711 -4.5783587554943015 12.607546091283334 155 144 140 1.0433969619895465 6 8750 11 6564 10 9802
4723 13.591575295137423 -1.1286580236118375 12.034730167697177 128 118 109 1.748668629966742 1 7020 6 8080 10 9911
4724 13.358229221762342 -0.85137332199821691 11.991871548724106 170 156 145 0.81330623833166327 1 5917 11 6748 10 9920
4725 7.8460585940331748 0.19762532847676859 8.7335892487119651 31 26 22 0.60892021470942437 14 3644 10 9934
4726 6.6343064277450114 0.47216639815887845 8.1004388965434604 168 142 110 1.0845574758661067 5 6096 11 4030 12 8402 10 9941
4727 6.1372631226959093 1.062840467647117 7.8903338671866257 156 140 122 1.3992217731744585 5 6202 12 8482 10 10000
4728 6.3090644261506785 1.3516722031706974 7.9293313265809777 131 109 88 0.98833048457858774 5 6261 12 9317 10 10025
4729 6.9348884908436164 1.5118239734017502 7.801639894827451 100 76 50 1.6213935462795552 4 4944 12 7333 10 10046
4730 5.2569929273703311 1.5224134521741144 7.4995192891279094 105 88 72 0.80311999901963194 2 7858 12 5563 10 10048
4731 5.5092119647683964 1.515500156360621 7.2759997961376701 66 48 26 1.8822451602682253 5 4762 12 7369 14 1861 10 10053
4732 12.463187303629343 -5.0694884821311295 12.825948815195227 146 142 141 0.61064631074271469 1 6764 10 10263
4733 12.151387158553598 -4.8055705454473845 12.818498999099395 176 170 170 1.0376879899744353 4 7205 10 10266
4734 6.4617700577363468 0.43102339505237802 8.0482966284014523 169 142 115 0.91130535783288746 12 9230 14 5123 10 10338 5 7269
4735 5.5662729455614866 1.1470012683854383 7.7212005629308429 71 58 49 0.20995864352647808 5 4643 10 10372
4736 6.089776808651596 1.7346552890225824 7.6352794226726548 135 111 87 1.9171649655908805 5 6363 12 7404 10 10434
4737 13.094093159285118 -6.9545635005526778 14.282073722241677 228 218 215 1.4675661924618704 5 8352 6 9263 15 1666
4738 5.4060645745410154 0.38632217674942859 7.944193300546325 125 99 81 1.0088514435586455 2 8466 12 8391 10 10615
4739 5.8882321141820535 0.96734661602373895 7.6705067841675909 105 86 66 1.2891407217602917 5 7335 12 9273 10 10640
4740 6.7446356731756465 1.1718945117067752 8.0069654206750833 31 24 16 1.1749093905502046 5 8100 12 9957 10 10654
4741 12.950514616638747 -1.5518857260093482 12.081257991011546 183 165 151 2.3671135787384276 1 8950 11 8817 10 11089
4742 5.5571949536397529 0.68860175586218886 7.6108204057315225 44 37 29 0.49614648406838785 12 10745 14 7401 10 11186
4743 5.9573569906259394 -1.1288354091462247 8.8079050389747451 124 134 140 1.6949510357199717 2 6113 6 6608 5 3943 10 9820 12 6706 7 7753
4744 16.708999459392025 1.2174508564632043 12.707276779229344 170 158 146 1.0557771852376128 11 1768 10 7136
4745 15.445539271323824 2.2720188141698316 12.445755395480617 0 0 0 1.4392176253534594 1 2323 6 5460
4746 3.5837802306965698 -1.3675974179526993 6.1298095778103967 81 88 106 0.42606127755336687 7 10174 10 11163
4750 2.0041795868540735 -1.7996363162318016 5.8756753921261202 150 134 121 1.4586186754220525 8 2994 9 5826
4751 2.0417869974924123 -1.7840075521552661 5.878721214760362 194 178 165 1.2708670007227525 8 3001 9 3547
4752 1.124600860381253 -1.5262744375237562 5.2805968562965617 177 167 158 0.71168799300385766 3 426 8 3076 9 394
4753 1.3077500505129269 -1.5012021230845856 5.349079918188739 203 193 183 1.1034977034228739 3 440 8 3083 9 3755
4754 1.2883025528194698 -1.2139106068373362 5.2844662829341962 191 177 164 1.264232461554428 3 618 8 3190 9 3903
4755 1.6034470282391771 -0.96285039838289688 5.620216022112853 218 202 186 1.0302768601795285 3 840 8 3381 9 7489
4756 1.8379739491955456 -0.3223725230090152 5.186248148386472 192 171 144 0.83444863953708237 3 1500 8 3567 9 4160
4757 1.989166171008582 -0.17253234416460339 5.1930571303555437 91 65 43 2.0000074161922958 3 1638 8 3642 9 6256
4758 1.989166171008582 -0.17253234416460339 5.1930571303555437 91 65 43 2.0000074161922958 3 1639 8 3643 9 6255
4759 1.0921800613290349 -1.7568037696747751 5.32078245348342 162 153 146 1.1758980319119028 3 3666 8 4819 9 5929
4760 1.7747801971502 -1.6060051193325868 5.6673718106542292 190 187 182 1.9714829652276391 3 3703 8 4875 9 5865
4761 1.2889044774369776 -1.2796140640680929 5.2967105155322844 178 168 158 0.70536854533211812 3 574 8 4945 9 6007
4762 1.1020562267469272 -1.2554152828775946 5.2151314014392582 172 158 149 1.3438637608236128 3 3820 8 4957 9 6052
4764 1.2223821902888441 -1.1460948551822592 5.2425733810286674 135 118 103 1.0233253127716424 3 660 8 4985 9 6060
4765 1.2366774473430404 -1.1268984021452004 5.2451168656336309 199 183 167 0.94530116372310491 3 676 8 4991 9 6064
4766 1.1520665485349588 -1.0932254397701684 5.2021328607642277 208 200 189 1.3074453496311429 3 707 8 5002 9 3985
4767 1.8896690119589867 -1.1746915396147655 5.7937201833823622 47 40 34 1.7169149666668053 3 3882 8 5009 9 7427
4769 1.1681787645254258 -0.92118525579291033 5.1750275942335948 177 165 151 1.2623254654233167 2 713 3 4036 8 5041
4770 1.1674271630357071 -0.91955923356038261 5.1743821970979447 177 165 151 1.8396223764089334 3 4035 8 5042 9 6142
4771 1.1474245257405444 -0.87661366936340102 5.1568072709476418 200 186 173 1.5658634450067515 3 904 8 5063 9 4066
4772 1.2141259307149965 -0.54449202625329374 5.0608225718797764 134 119 102 1.4729163678466168 3 4296 8 5136 2 4176
4773 2.0532747522835266 -0.26082727202538369 5.2460473031325128 127 98 71 2.3851067564527586 3 1563 8 5192 9 8474
4774 1.5469779170027638 -0.28817182427135668 5.0422215590557693 170 146 120 0.57466580451530447 3 1570 8 5202 9 6292
4775 1.9549930039105297 -0.22344139003238328 5.189827646255007 117 91 66 2.1901551852850814 3 1603 8 5212 9 6238
4776 1.7791089538937341 -0.0044432771007380661 5.05479310994932 186 163 132 0.87668252725073381 3 1848 8 5310 9 7681
4777 1.6793612211424467 0.18361342925017879 4.9886091979572091 213 197 174 0.37131773461707923 3 2003 8 5369 9 6479
4778 1.6481972599548587 0.23536109400160887 4.9633338279850792 179 145 118 0.20663661354318352 3 2036 8 5387 9 4549
4779 1.8730953596310052 0.43964272569578572 5.3241262553985562 66 50 34 2.03005886081811 3 2249 8 5466 9 6557
4780 1.8010154351138139 0.45315000357081314 5.2866671904261393 176 155 138 1.5266143990494514 3 2268 8 5480 9 7837
4781 1.7725151231447875 0.53153028975687766 5.2671668526699724 187 164 146 1.4704202267698114 3 2349 8 5520 9 7870
4782 1.6271330102486044 0.70353431916475406 4.9676684613242621 119 92 65 1.2659924636892219 3 2545 8 5573 9 6750
4783 1.7052121503563074 0.80639295897749563 5.1000298604402996 127 105 84 1.3002254369759381 3 2626 8 5611 9 6804
4786 1.8501722511034084 1.1204473480524813 5.2747182370436265 37 24 18 1.5446742619377274 3 2879 7 8064 8 5689
4787 1.4674889288654416 -2.0489513190674526 5.6791757321752829 174 166 164 1.0115187303490765 3 3577 8 5959 9 7383
4788 1.4508020223499656 -1.6115658153257169 5.4313950755431595 193 178 157 2.0671838768030182 3 3701 8 5994 9 8371
4789 1.3132756009264568 -1.6226847046451471 5.3842605339783729 167 154 145 1.1320895153250412 3 3698 8 5996 9 7414
4790 1.0974209196449811 -1.3691460712023944 5.2346309727871194 192 182 173 1.7542384465991978 3 5958 8 6027 9 6022
4791 1.2954516081836467 -1.3541920123863107 5.3178680636375359 186 177 166 0.97681732351645822 2 3745 8 6030 9 7450
4792 1.8449085894114945 -1.1709289133930962 5.7569751355604311 211 198 180 0.086916244823830466 3 6037 8 6122
4793 1.9353719984421578 -1.1096715535940711 5.8035564325686799 58 46 35 1.2340458277638395 3 3916 8 6145 9 8394
4794 1.755310621258499 -1.0579289256560025 5.6982979540351613 72 62 56 2.2984319038271228 3 6099 8 6157 9 7457
4795 1.1854107977198491 -0.95374061150653033 5.1870025978262024 181 165 149 1.5367082370046681 2 3963 3 6148 8 6161 9 7525
4796 1.8425365429206133 -1.0055514396636618 5.7310863831941052 67 62 57 1.5644736881640799 3 6126 8 6169 9 7456
4797 2.1973322120099348 -0.937212779359337 5.8654602035004872 159 150 133 1.2379911036642222 3 4010 8 6179
4798 1.6226284788175431 -0.63341379814181753 5.1343527623761824 114 90 66 1.4337850030388797 3 1107 8 6219 9 7535
4799 1.9505252489407172 -0.4453436028474948 5.2637657984292305 199 181 161 1.6437080228171768 3 1307 8 6264 9 8450
4800 2.0326210771947686 -0.33129935245078213 5.247918065122807 90 64 39 2.4846731314928947 3 1468 8 6292 9 8458
4801 1.5836942930130242 -0.30815116748911769 5.0617481538188125 191 167 139 0.72855374356476321 3 1533 8 6314 9 7617
4802 1.5920412232139711 -0.29366899657335277 5.0722158641363126 79 66 57 0.26305883628694576 3 4477 8 6316 9 7622
4803 1.5920412232139711 -0.29366899657335277 5.0722158641363126 79 66 57 0.26305883628694576 3 4478 8 6317 9 7623
4804 1.9036825098981889 -0.19491240070475904 5.1270364185221595 132 114 90 1.1385012033992785 3 4525 8 6326 9 9106
4805 1.5875000498571288 -0.19259001888146576 5.0533149595753679 83 70 61 0.10215406069602481 8 6338 9 7646
4806 1.656633566204323 -0.090619224387139624 5.039150970843802 176 153 122 0.99919731597326 3 1765 8 6372 9 7669
4807 2.2170362239232562 0.12716013332949247 5.4039462053634724 129 101 79 0.95605179963051123 2 1741 3 1927 8 6409
4808 1.7880683163263691 0.21365988189196966 5.1827547551241651 200 174 147 0.89084950083133341 3 2010 8 6439 9 7760
4809 1.8214630352573233 0.57198765488438652 5.2750160715926526 85 60 40 1.055106561664527 3 2382 8 6515 9 8660
4810 1.7352926164563232 0.59366442742200243 5.2189606696871973 73 50 32 1.1929868118294791 3 2413 8 6520 9 9227
4813 1.8946749313156483 1.3093769282097467 5.2457432931223558 110 90 83 1.0021234529915137 7 7013 8 6654
4814 1.2402935351864173 -1.9568659835736266 5.4215336905726952 161 160 165 2.6235896660698024 3 8261 8 6783 9 8359
4815 1.0837368278332733 -1.4016337562603591 5.240759891018147 176 165 159 1.2372549521981504 3 7411 8 6815 9 8414
4816 1.7705260431130787 -1.4286180997875042 5.7194041109285498 147 129 115 1.1712964976886331 3 5934 8 6822 9 8370
4817 1.8829767688707952 -1.3828995561057786 5.8305742585216773 72 71 72 1.9349327923526312 3 5962 8 6832 9 8994
4818 1.1992801543963698 -1.0449403385549021 5.2147051968397244 200 186 173 1.0561685034330079 2 6031 3 6105 8 6861 9 7510
4819 1.8101452770183055 -1.0434740530783668 5.7310436149960182 39 30 23 1.0619340117077882 3 6108 8 6882 9 9027
4820 2.2237766274488866 -1.0040017905064293 5.899035833377158 54 47 39 1.4506278010655045 3 6116 8 6883
4821 2.3099139062137208 -0.92387903310998976 5.9052515231479159 206 195 180 1.9777611871426548 3 6151 8 6891
4822 2.3099139062137208 -0.92387903310998976 5.9052515231479159 206 195 180 1.9777611871426548 3 6152 8 6892
4823 1.8645802106393048 -0.35842242273010932 5.1957578329101759 206 185 158 0.52220045937314119 3 6430 8 6989
4824 1.7331978655740712 -0.36037453060558727 5.1504378948287313 46 33 25 1.0407754944772225 3 6435 8 7000 9 9098
4825 1.7856888822329418 -0.35333833758844407 5.1754322309455736 58 45 36 0.48756687904637913 3 6437 8 7004 9 9096
4826 1.6027986280454916 -0.089617678650718208 5.0008764804262684 158 136 112 0.61768869001237947 3 6589 8 7062 9 8551
4827 1.7996998145766461 -0.03071627089816335 5.072786843812918 196 170 140 1.201019979292187 3 6607 8 7072 9 8542
4828 1.567592628681004 0.19739496431689471 4.8960236911217994 147 131 115 1.6721928824827987 3 6698 8 7102 9 9176
4829 1.7078561783738486 0.19680171692381154 5.0542846403925594 139 112 83 1.3880941771895561 3 4831 8 7103 9 9167
4830 1.5119234093072198 0.26614110125664864 4.7059927050288053 104 86 62 1.6081322473184361 3 4904 8 7116 9 8617
4831 1.796471619444151 0.43217641855329092 5.2833757363112976 50 33 23 1.7406831415052124 3 4966 8 7152 9 9533
4832 1.5740339129515757 0.61662171492793205 4.9035234153454876 46 32 21 1.6673248241120016 3 5137 8 7187 9 8691
4834 2.2145908399676562 1.2656309279833469 5.386992780667593 101 81 74 0.23109008919352916 7 8104 8 7252
4836 1.9320507343333424 -1.319878758598463 5.8309569090182674 205 198 182 2.6819791266023425 3 7428 8 7359 9 9444
4837 1.9866638297541428 -1.2792349930925333 5.831256072276287 79 76 76 2.4961264817752746 3 8313 9 9445 8 7365
4838 1.6698534017693936 -1.1932254510720202 5.6935634643038959 191 175 151 2.1606668552817152 3 7455 8 7379 9 9456
4840 1.7111451094372256 -1.1037012903986712 5.692441972950026 214 197 177 0.73885004856750003 3 8332 8 7393 9 9461
4841 1.7111451094372256 -1.1037012903986712 5.692441972950026 214 197 177 0.73885004856750003 3 8331 8 7394 9 9460
4842 1.8817015986559165 -0.96948714441716399 5.7454322506416338 48 47 50 2.2456731936055405 3 8342 8 7406 9 9463
4843 1.6064992636266631 -0.56256631406772484 5.1524909052541634 68 51 41 1.1221700415549021 3 6335 8 7453 9 9078
4844 1.4914581363962012 -0.40103245215850092 4.9369521419245697 75 61 50 2.124695060818143 3 6414 8 7466 9 9487
4845 1.7904528173401566 -0.41452016318772811 5.1811744414878014 110 93 67 1.6253373355148497 3 6394 8 7469 9 9081
4846 2.5844273839318941 -0.2748381894334474 5.4790134118600342 54 41 33 1.7765763300518957 2 4441 3 7657 8 7490
4847 2.032730170001853 -0.18669209232458223 5.2257594970014445 207 181 156 1.2568255285956287 8 7505 9 9485
4848 1.5471015266254922 -0.089366686259622935 4.9927175054905577 158 135 104 0.65457984229404109 3 7742 8 7526 9 9133
4849 1.7048919556426143 0.055526901591157474 4.9886053959861059 106 81 56 1.4208233798457837 3 7772 8 7539 9 9510
4850 1.7654829699406456 0.11517873646924454 5.0949217135127602 136 109 87 0.84121457634199615 3 6661 8 7544 9 9511
4851 2.6906268909102953 0.55779060015863569 5.3174989141198949 152 123 91 1.4770116186053091 2 4910 3 7886 8 7579
4852 1.6914298803568475 0.98358277881371148 5.0275368162774337 187 158 124 1.6760460005661217 3 8001 8 7617 9 9291
4857 2.2154097393939756 1.3366480794636924 5.3713067783128166 140 120 114 1.0332862818472077 7 8954 8 7642
4858 1.4425547983811287 -1.6187787186119222 5.5093073380452475 90 76 69 1.5484948318051976 3 7393 8 7701 9 9676
4859 1.4425547983811287 -1.6187787186119222 5.5093073380452475 90 76 69 1.5484948318051976 3 7394 8 7702 9 9677
4860 1.5035859244804854 -0.65103344927098616 5.0656952238282704 80 63 52 1.5324125967527238 3 7585 8 7730 9 9693
4861 1.653996234524213 0.21276722084840044 4.9674367257597787 137 106 77 0.71767353717812965 3 7817 8 7773 9 9520
4862 1.6535224043634538 0.31714357432175327 5.0235611045601338 87 60 38 1.317775737422024 3 7849 8 7784 9 9735
4863 1.8375833195630875 0.40484199539202054 5.3379246818092314 180 153 124 1.5116980574765027 3 7855 8 7791 9 9738
4864 1.7157668988247008 0.61271155592282245 5.1884790970861392 174 152 131 1.2218948814848234 3 7901 8 7807 9 9548
4865 2.7764426651181839 0.73159711624413726 5.1995767497010617 91 81 72 1.572507183533973 2 7750 3 7917 8 7808
4866 1.5953150677710899 0.65406428481840462 4.8657852680557045 178 144 107 0.97953361163024344 3 8620 8 7811 9 9558
4867 1.589796670218498 0.69028474243103277 4.8704535613879871 39 28 22 1.8229654913302002 3 8625 8 7815 9 9761
4868 1.606049772441752 0.72948396051724673 4.9288086864927916 156 126 103 1.6136869450867082 3 7930 8 7820 9 9767
4869 1.7670239906873202 -0.21316883518408233 5.106256277487506 201 180 149 2.2668052643567114 3 8488 8 7918 9 9709
4870 1.9333970365492732 -0.15504005702009954 5.1729748929447696 196 172 144 2.9129493282012278 3 9017 8 7922 9 9880
4871 1.8621201168350949 -0.13304279927625196 5.1110909574798145 153 128 97 1.7219956226009725 3 9025 8 7925 9 9882
4875 1.5414346280953313 0.32363769629125483 4.8807753840035062 179 150 118 1.548746759738167 3 9060 8 8076 9 9896
4876 1.7873750212842938 0.69214570156829991 5.2842847780320739 32 22 20 1.75136078692317 3 9409 8 8088 9 10117
4882 1.8423812430002484 -1.3463994315673835 5.788465113455211 95 102 112 2.1008203265101355 3 9726 8 8142 9 10092
4883 1.4862508265057024 -1.2445614154057836 5.4883464535410873 127 110 94 2.6633523163730666 3 9577 8 8145 9 10002
4884 2.0181484158352614 -0.29342427348174183 5.2250722849784985 108 82 59 2.3190184335149868 3 9611 8 8155 9 10099
4885 1.7210350767678877 -0.11095379397114262 5.0419986824717489 175 150 123 1.7171493968224993 3 9362 8 8162 9 10015
4886 1.7210350767678877 -0.11095379397114262 5.0419986824717489 175 150 123 1.7171493968224993 3 9361 8 8163 9 10014
4889 2.9582983263156746 -1.7210004479575312 6.0712260895672081 0 0 0 0.38928451504594586 2 367 3 3653
4891 2.9515072067489672 -1.1707607725859588 5.948341782621819 0 0 0 0.21354270655421392 2 595 3 3805
4892 2.9885015439339755 -1.0994861687816204 5.9521134321538964 0 0 0 0.10211257110936756 2 3934 3 6017
4894 2.0138586690821763 0.21811777556642192 5.4709117920665227 76 51 31 1.43112282410694 3 6681 8 7776
4895 3.4834055802243622 -1.3494820608538407 6.1438163458121133 0 0 0 2.2120672276838276 7 9996 10 11068
4896 3.5837802306965707 -1.3675974179527 6.1298095778103976 0 0 0 0.42606127755336687 7 10173 10 11164
4897 0.025842286377174395 -3.5718316506852976 9.8709955729900134 97 98 100 1.2988201867017302 12 68 2 127 5 153 13 72 1 338
4898 0.6786515664674464 -3.6360154133286073 9.8284190564648561 147 147 152 1.9474431079657477 4 189 12 3902 13 81 2 3503 5 159
4899 5.6123322383219554 -0.6261728337108079 8.3801268144134902 30 36 44 2.2353943152239957 2 1063 6 1574 7 4574 10 8072
4900 2.3289451593396038 -1.133591628478781 5.9332193447523158 49 46 45 1.7995663405899562 3 8323 2 7371 13 3438 5 3843 4 1219
4901 1.9552487938640919 -1.5475841962662771 5.7971861101651339 174 154 131 0.27918477405879905 8 247 9 113
4903 2.0672046300680482 -1.4781478492444395 5.8580995132002638 77 65 53 0.71495053365731986 9 3599 8 292
4904 1.9311912196245271 -1.5662316803288692 5.7839507368868412 137 112 92 0.61944655881570221 8 3091 9 3602
4905 2.9874894452849157 0.28560659412868067 3.5936299051077931 183 170 155 0.31085659326153869 8 4967 9 3942
4906 0.97147729453579346 -0.63360092944168978 5.0373845776767423 180 164 149 2.314589581831894 3 1162 9 4213 2 896
4908 1.0002252793829065 -0.34056154836281655 4.9820823311208242 183 162 143 2.35445458430722 2 1310 9 6359
4909 0.45174164908960029 1.1078077893128908 4.4591081677574405 0 0 0 0.28392948198593515 3 3012 6 5652
4910 1.6335947647245619 -1.2323198000901017 5.6773360871933978 66 49 33 0.62943052546806744 3 623 8 4992 9 7442
4911 0.93748792067742071 -1.2247200247713894 5.1416010808913963 156 140 127 1.2614173778417095 9 7507 2 3784
4912 0.29303103857401719 -0.28339637710550053 4.6723862173768493 135 121 111 1.4558771870157294 5 1398 9 7766
4913 1.610583736547746 0.96912088583619083 4.9134781868478763 19 10 4 1.2201810031929285 8 6600 9 8041
4914 1.7089276030864222 0.99864206617881601 5.0277386132758366 31 19 7 0.71428456915642879 8 5664 9 8044
4915 1.658395573977878 1.0007500716615678 5.029619036149704 21 14 6 1.7595318772947985 3 2808 8 5669 9 8047
4916 0.95968022952861975 -0.53957553547369164 5.0127537497619539 143 122 105 1.9187284788621608 3 7611 9 8518
4917 1.6184265080499678 -0.07945297638626711 5.0151113232298226 93 70 42 0.40465769225136722 3 4655 8 7066 9 8553
4918 1.5417819976026719 0.88383800684817082 4.652005493005996 160 123 81 1.055574247925098 8 7226 9 8774
4919 1.5824703429930038 0.94024160682724989 4.8084614244810089 43 27 12 1.0308107515337666 8 6596 9 8781
4920 0.28240251909397035 0.8777314850819129 4.4280228352641062 138 108 80 1.9708682421624346 3 8693 12 7370 9 9301
4921 1.5762619805527625 1.0208774048911409 4.7909614723666891 60 41 26 0.70045035304066916 8 7623 9 9305
4922 1.5700980399463476 1.0838883269225585 4.779721618643479 83 61 47 1.359398564725645 8 7629 9 9317
4923 1.5700980399463476 1.0838883269225585 4.779721618643479 83 61 47 1.359398564725645 8 7630 9 9318
4924 1.5693221109489022 1.1166069912070984 4.7724655870083161 98 77 55 1.2729630178216289 8 7635 9 9324
4925 2.012599324184893 -1.7273306886789119 5.8817187713638113 186 170 150 0.98247960354438968 8 7332 9 9434
4926 1.541335068774192 0.39039877157205588 4.8669644516505333 155 124 95 1.0719810242741552 3 7866 8 7790 9 9536
4927 1.6733039166465764 0.78382083925093071 5.0768140403982915 33 24 16 0.30016186685355578 8 7602 9 9571
4928 0.93202496613733476 -0.22849312823177181 4.9361300638549093 163 141 117 1.6657685387037191 3 9015 9 9721 2 8995
4931 1.5894046568381874 0.84754828780952529 4.8414519065568573 149 114 82 0.98636582040640297 8 8094 9 9917
4932 1.6983023674495223 0.91626654848807765 5.0528632432838769 144 109 79 0.79171325401732606 8 7987 9 9922
4933 1.5871231787964168 0.90918440072105478 4.8218357975809676 138 105 74 0.48953882049756814 8 8100 9 9924
4934 1.6509054654483475 0.86873071133862556 4.9540429538227935 144 111 80 1.0565892710515778 8 8096 9 10044
4935 1.6509054654483475 0.86873071133862556 4.9540429538227935 144 111 80 1.0565892710515778 8 8097 9 10045
4936 1.7093125186310538 1.0818367324956784 5.2169265173928787 36 25 21 2.7911289969508863 8 7995 9 10055
4937 1.6173173017592373 0.94763954332021005 4.8627104630647553 66 48 35 1.408494824732907 8 8181 9 10129
4939 0.89162324225428025 -1.0480417876319019 5.0613737241049943 139 135 134 2.5974322430694774 3 744 9 6152
4940 1.0210993329343021 1.1979118027615747 4.6514579694801821 129 108 87 2.6865808804456881 7 8983 9 7127
4941 1.3563936149553635 -1.0764520640352986 5.2619777878280871 137 118 101 2.1185648496832834 8 6855 9 8424
4942 1.5819321677980789 0.78681485382642724 4.8575408474874706 155 122 91 1.9996934519382372 8 7976 9 9912
4943 2.1958566064752305 -1.4386000328349371 5.9454409480309529 0 0 0 3.049063218421237 7 561 8 332
4944 2.1958566064752305 -1.4386000328349371 5.9454409480309529 0 0 0 3.049063218421237 7 562 8 333
4945 13.487376804864578 -6.7456511458720021 14.561271012363251 225 212 208 0.8736944766149175 5 7736 15 78
4946 12.523582643994466 -6.1723244324959321 14.468616036467832 234 213 213 0.90554786684505861 13 4961 15 95 11 5278
4947 -2.9313798540063507 -0.35681962073258155 2.5367170795822416 69 40 36 0.19992900020188142 14 5033 15 473 1 7033
4948 -0.070079443180650153 -1.9997237325828148 9.1992525425565415 178 149 141 0.054523166611221474 14 5855 15 994
4949 0.46086463596145483 -0.089909221025595676 4.7290629874895806 197 176 171 0.32530558876084942 14 7354 15 1809 4 9481
4951 12.637265093835831 -6.4139437821591825 14.65318140226 224 218 215 0.46234564637888131 4 9404 15 2084
4952 12.960044029301125 -6.857079053127844 14.500832769940013 104 72 61 1.6895231482611091 4 9803 5 9458 6 10461 15 2291
4953 12.961147533179894 -6.8576295131922533 14.502130138183919 0 0 0 2.1766294666917614 4 9802 5 9457 6 10462
4954 12.975720556911163 -6.1381170261468512 14.350772656802544 0 0 0 2.3237448744970499 4 9886 5 9515 6 10514
4955 12.975720556911163 -6.1381170261468512 14.350772656802544 0 0 0 2.3237448744970499 4 9885 5 9516 6 10515
4962 1.4256623870480818 -1.6628612451950648 5.4307335275426771 0 0 0 0.33465163504041812 8 155 9 192
4963 1.84422889978869 -1.1282375548304637 5.7745335723950983 0 0 0 2.9757114574315562 8 7383 9 9454
4964 1.6394494963770505 -1.9759456022736288 5.7449272548743657 0 0 0 1.5669505709754656 8 8034 9 9861
