# 3D point list with one line of data per point:
#   POINT3D_ID, X, Y, Z, R, G, B, ERROR, TRACK[] as (IMAGE_ID, POINT2D_IDX)
# Number of points: 5483, mean track length: 4.0122195878168885
1 0.0026797232968321927 -2.5784635599098378 7.0371266319418533 56 60 69 1.4514905576007735 8 4893 3 126 5 86 6 5589 2 313
2 1.1481981392678273 -1.7721504840362787 5.5008311818062756 165 155 146 1.9508568574273473 8 542 3 271 9 276 12 7547 13 3772
3 1.2098961607568428 -1.6667375995515523 5.5024068243543107 173 160 150 1.3612565782165345 8 628 3 312 9 3797 12 9432 6 855
4 -0.013416541866743459 -1.7753572780826887 6.6129578212344855 100 90 81 1.0383175870964527 8 512 3 351 5 350 14 110
5 0.82117364070797261 -1.466898492213593 5.307487992323181 127 113 102 1.5929141275365952 8 740 3 372 14 264 6 956 9 440 9 3851
6 0.8199063944620224 -1.465670957465206 5.3034092631918117 127 113 102 1.203443728185674 8 741 3 373 14 265 6 957 9 441
7 0.152086123212894 -1.7104222587248052 6.582297139666343 104 90 79 0.45539947063694963 8 565 3 378 5 396 14 174
8 0.90843282063567399 -1.4678110179366257 5.3393703143024256 158 144 133 1.1348812708209179 8 747 3 381 14 290 9 434
9 0.90384293869392374 -1.4397070393669507 5.3317535353829832 172 159 143 0.30683382637003515 8 768 3 395 9 460
10 0.9036114759673517 -1.4389174285395883 5.3334815327962932 172 159 143 0.72038690247355142 8 769 3 396 14 302 9 461
11 1.216660284138521 -1.4403897281889761 5.4512198033677199 157 143 130 1.0252218628508154 8 815 3 408 9 3853 12 9500 13 6152
12 -0.10554732523827368 -1.6019084255514091 6.5930517623356488 146 133 124 0.8308207511621285 8 625 3 423 5 443 6 873 1 1473
13 0.095671586251312835 -1.5389927666518821 6.5253998557285815 148 140 136 0.55237184442926657 8 684 3 439 5 482 6 916 1 1572
14 1.0515280259296773 -1.3321943134248126 5.3588365920125272 165 151 138 1.7206896033226922 8 874 5 562 6 1105 3 441 9 3879 12 9548 14 3817 13 6206
15 0.025087215076680491 -1.5075530901430663 6.530476845038212 102 92 83 0.49665461097269797 8 706 3 445 5 501
16 -0.13349237095116051 -1.4947847512598635 6.5812861887696084 102 89 80 0.69792042577130031 8 704 3 449 5 508 6 938 1 1584
17 -0.13349237095116051 -1.4947847512598635 6.5812861887696084 102 89 80 0.69792042577130031 8 705 3 450 5 509 6 939 1 1585
18 0.85098742886761336 -1.2134441034994428 5.2604523594353401 162 150 134 1.1181681716246088 8 935 3 474 5 636 14 459
19 0.072269833763636826 -1.3508393713031071 6.4806164685147776 84 77 71 0.5191545882360703 8 5253 3 486 6 6031 2 881
20 -0.56803307752389498 -1.0633963120677914 4.7475158715490036 59 63 74 0.9060627447705234 8 941 3 514 5 612 14 6196
21 -0.54273486264082338 -1.0442998054667265 4.7602383646186066 64 67 74 1.0249781848711252 8 972 3 527 6 1195 2 1001 1 1966 9 800
22 -0.51968302463525107 -1.0303418790788967 4.747722578057866 114 115 119 1.1563080005009281 8 984 3 539 5 644 14 6216 6 1208
23 -1.090707161259328 -1.0162045217028137 4.8211717578277122 124 123 128 1.2832121268476353 8 5349 3 561 5 623
24 -1.1753818381499468 -1.0113043304776352 4.8540902615572117 101 100 105 2.0456216755785843 8 933 3 564 5 626 14 6173 6 6101 1 1896
25 -0.36823764399589337 -0.99863165056795544 4.7466017023036908 142 138 139 1.2353668177648884 8 1040 3 565 5 677 14 6244 6 1269 9 824
26 -1.593978173138614 -0.9943897298248775 4.9871953377276057 116 118 124 1.1945412019556958 8 5332 3 597 5 4265 6 6090 1 6473
27 0.033920684860719252 -0.97233927497933703 4.860470077977479 137 127 125 1.4707945030859471 8 1101 3 604 5 4353 14 3808 6 6216 2 1110 9 4130
28 0.70741944559012793 -0.98611591930851528 5.1153879155120618 47 39 36 0.86094165160745784 8 1154 5 4398 6 6255 2 1172 1 2172 9 6322 3 4027
29 0.031256754933545849 -0.95303287271203163 4.8547006141429971 52 44 41 0.7416954558656913 8 1127 3 621 5 767 14 3814 6 1379 9 843
30 -1.8389239943800402 -0.97031695608541435 5.0893033013573588 115 113 118 1.2018661200979808 8 5338 3 625 5 4278 1 6470 4 1208
31 0.75516950961218199 -0.97329002886711335 5.1331327758659979 85 75 73 0.69418722188314763 8 1164 5 830 6 1436 3 628 9 4110 14 3997
32 -1.8880562560045784 -0.96296828701883919 5.1061731292335439 112 110 115 1.1628739125567877 8 5342 3 634 5 6692
33 0.3507403067925165 -0.70519608360520736 6.2409329263316451 96 83 67 0.58239618059595633 8 1412 3 893 5 1082 6 1681
34 1.0322721442754139 -0.48580649615597726 5.1509730532982321 119 99 75 2.4786717871627069 8 1714 5 1276 14 1184 10 8812 11 12513
35 1.042326011100362 -0.48663250146846593 5.1615825704947778 119 99 75 0.65319358725894083 8 1715 3 1016 5 1277 9 4448
36 -0.8454302316453175 -0.4088103298241581 4.6123801354498157 102 98 95 1.0448908147274594 8 1699 3 1123 5 1232 14 6498 6 1955
37 -0.36865912319737726 -0.39207830296918922 4.5921430991713565 158 146 134 1.1496877923284703 8 1779 3 1146 9 1553
38 -1.3332223137481793 -0.38590631272852816 4.7404995964944527 146 145 143 0.70680729059846281 8 1683 3 1164 5 4681 6 1941 1 2564
39 0.22277686907930422 -0.38058282344590288 4.8001344803261592 78 69 62 0.36727004215316927 8 1825 3 1176 6 2088 5 1364
40 -1.3937733598248732 -0.37704145779371723 4.7594363946662011 130 129 127 1.1092975547210557 8 1689 3 1185 5 4686 2 1440 1 2569
41 -0.51774227267802964 -0.36683861113002414 4.5721114828845817 117 113 104 1.1875824591118129 8 1802 3 1190 1 2698
42 -0.62039849178907203 -0.364783478679649 4.578104372715976 135 130 126 0.68167449543391734 8 1797 3 1196 5 1315 6 6634 1 2679
43 1.0346793325095924 -0.37493965317097189 5.1344850240715232 121 96 74 0.48890291908699773 8 1848 3 1198 5 1429 14 1290 6 2132 9 1411
44 -0.53182725587099045 -0.35173275076327382 4.5738492198196239 32 27 24 0.73296184922686025 8 1824 3 1224 5 1348 14 6583 1 2707 9 1624
45 -0.83180998583828925 -0.348202985185878 4.5955411880333941 143 135 126 0.59028827276421281 8 1801 3 1231 6 2056
46 -0.68947874220149252 -0.34977486645316269 4.5773567730233964 21 15 15 0.75855655349226747 8 1810 3 1232 5 1338 6 2069
47 -0.73226391314319517 -0.33404030521043093 4.5804318679266167 138 131 121 1.8944733899610462 8 5892 3 1256 5 1359 6 6644 1 6985
48 1.3608019246066336 -0.33772990023304017 4.9859062549930826 154 141 122 0.77012462503134604 8 1912 3 1263 5 1473 14 1379 6 2213
49 -1.3597107665758092 -0.33317172366916392 4.7326118916877435 47 46 44 0.26881467678758258 8 1761 3 1274 5 4724
50 -0.16205620833735754 -0.3290703399690269 4.6202975782189233 90 81 72 0.54186400526807965 8 1857 3 1275 5 1419 6 2143
51 0.50722307095876329 -0.33235112133873734 4.9182714572617305 163 151 139 0.66754758465294706 8 1872 3 1283 5 1446 14 1229 9 4582
52 0.93442952707187477 -0.32646506233449124 5.0643535537470656 177 154 131 1.1373276367632426 8 1893 5 1467 6 2190 10 7821
53 -1.8825276209139525 -0.3186070849328555 4.9317700364162702 30 31 26 1.2234103742056284 8 1720 3 1321 5 1293 6 1980 1 2568
54 1.0501305806145125 -0.31244991490839502 5.115494546066623 180 158 135 1.4613589021630899 8 1908 3 1329 5 1488 6 2212 10 8865
55 -1.6896566789610992 -0.30943817300873167 4.8482836997168803 139 133 125 1.3616245537814664 8 5851 3 1340 5 4728 2 1474 1 6930
56 0.55629951086401541 -0.27081971104881264 4.9192460440205634 72 62 52 0.21563460061160075 8 1941 3 1372 6 2244
57 0.55629951086401541 -0.27081971104881264 4.9192460440205634 72 62 52 0.21563460061160075 8 1942 3 1373 6 2245
58 0.57427939675488582 -0.2695107886956295 4.939050170940039 84 71 62 0.56903578055024961 8 1951 3 1377 5 1509 9 1626
59 0.57540852517210661 -0.26931805527252983 4.9357977683440959 84 71 62 0.72802892796444652 8 1952 3 1378 5 1510 14 1314 9 1627
60 -0.65046365969919728 -0.24721505917624056 4.5320398298870685 131 122 116 0.67300063053570569 8 1925 3 1401 5 1476 14 6636 6 2221
61 -1.0719681148535314 -0.23675897787078148 4.6117271095422208 69 59 54 0.85785214748298355 8 1905 3 1405 1 2759
62 0.96257974277449376 -0.18770212365139169 5.0551611326190304 176 154 131 0.22902183041558125 8 2055 3 1452 9 1674
63 -0.58064220787663534 -0.16469913350923587 4.5220998087282416 156 143 134 0.51282066439335472 8 2049 3 1490 5 4906 14 8185
64 -0.24437662326680257 -0.15786818865159474 4.5498832591001097 144 132 123 0.18779652022901233 8 2077 3 1503 5 1605 14 4517
65 -0.93871510639741595 -0.14719702130927514 4.5672363413945014 71 61 52 0.92229881507375677 8 2043 3 1526 14 6672 6 6805 1 2858
66 -0.93871510639741595 -0.14719702130927514 4.5672363413945014 71 61 52 0.92229881507375677 8 2044 3 1527 14 6673 6 6806 1 2859
67 -0.53010395951232026 -0.14120521178314699 4.5173439594082838 127 114 106 0.68348646172962613 8 2081 3 1536 5 4928 14 6730 9 1850
68 -0.29396127167504926 -0.13608351648489175 4.5378383520016534 145 131 120 0.63831874421107493 8 2106 3 1543 5 4944 14 6766 9 1834
69 -0.46142174893725019 -0.12707328161416159 4.5065264667771086 60 48 36 0.58253460573475235 8 2112 3 1556 5 4947 14 8219 2 1728 1 7139
70 -0.31486881743133494 -0.11417474002553299 4.5236130844542473 148 128 117 0.31899114369800824 8 2138 3 1572 14 6775
71 1.3786534651470188 -0.03902464057161302 4.8862702212876252 189 169 144 0.51856132191757776 8 2232 3 1654 5 1771 14 4756 6 2604 10 8940 11 12618
72 -0.79894552189077539 -0.0020024575371569639 4.4931289673840249 179 163 148 0.53441558424163171 8 2226 3 1712 5 1752 14 6793 6 2578 1 3022
73 1.3967008291187717 0.074018679919784128 4.8641582129993646 167 147 123 1.4169149290035181 8 2322 3 1753 10 8976
74 -0.84151327494769346 0.11194696518640421 4.4709537959803525 174 153 135 0.6227988546274994 8 2332 3 1810 14 6859 6 2726
75 -1.1992923943099121 0.23130063493254813 4.546582044061684 119 96 73 0.49446837730931648 8 6333 3 1907 6 7086 2 1935 1 3188
76 0.88829445119062345 0.27987157640700855 4.907848040412115 188 164 140 1.6402357466155117 8 2510 3 1912 5 2108 10 9020 13 6809
77 -0.82896470099289887 0.31921582490508826 4.4217825436835199 158 148 132 0.44820153774249971 8 2600 3 2024 5 2183 1 3312
78 -0.82901487524743245 0.3195449536761592 4.4218367298896055 158 148 132 0.50229192887169627 8 2601 3 2025 5 2184 6 2995 1 3313
79 -0.8040534642286481 0.39786946835465931 4.3429932017828055 140 122 104 0.25819449109774673 8 2697 3 2113 5 2298 14 7033
80 -1.0219061951309516 0.46823163445888716 4.4243210571033966 110 95 79 0.76552736431624158 8 2769 3 2190 5 2383 14 7052 6 3197 1 3500
81 -0.30108030109627254 0.49495677338187172 4.3727030273490683 65 49 34 0.30002066584465009 8 2831 3 2223 1 3582
82 -0.30108030109627254 0.49495677338187172 4.3727030273490683 65 49 34 0.30002066584465009 8 2832 3 2224 1 3583
83 -0.95248698014523914 0.51225526696548596 4.3998819783006358 70 53 37 0.67816389928179188 8 6572 3 2248 5 5375 6 7375
84 0.72831927434827115 0.57526921932013764 4.7421991812255175 60 43 27 0.6472245502856433 8 2872 3 2257 14 5266 6 3325 9 2479 13 5075
85 -1.0194132366036406 0.56610643837117991 4.4001778700625005 138 119 104 0.67429536792792988 8 2912 3 2304 5 2505 14 8465 6 3356 1 3637
86 0.31252292737241522 0.60973068483805382 4.5917173062267791 123 103 83 0.954822917215714 8 2943 3 2310 5 2517 14 7246 6 3402 9 5329
87 -0.83344131937180577 0.59256847400766266 4.3302722898535579 144 123 106 0.77794179440917866 8 2966 3 2351 5 2540 14 7204 6 3412 1 3682
88 1.2917584979999932 0.67937399989699399 4.7117755978083853 33 19 10 1.0630374257541164 8 2993 3 2364 5 5482 14 8575 6 7484 2 2330 4 2831 11 13953
89 -0.98372888690018168 0.67404048719946819 4.3695810528325358 151 132 115 0.27438952190608012 8 3038 3 2444 5 5518
90 1.1599780855571546 0.81572399370863258 4.834974707789887 82 60 36 1.6450765981285684 8 6733 5 5567 6 7556 2 2395 10 9822
91 1.1507092845203797 0.8111490104542689 4.8143686138825705 82 60 36 1.5231523414295034 8 6734 5 5568 14 8608 2 2396 1 7739 4 2906 11 13966 3 2507
92 1.2483362108549123 0.81055993543551885 4.7842934069278824 81 61 44 0.87147316058950774 8 6739 3 2508 5 5573 14 7401 6 10185 5 7494 2 5021 4 6232 11 13968
93 -0.95484459080930195 0.73390072612732205 4.3446916932141004 146 128 108 0.86921595314768674 8 6744 3 2519 5 2678 14 8572 6 7559 2 2402 1 3838
94 -0.59462729538865089 0.81418537188216389 4.3358390241824543 108 86 65 0.72398997292566547 8 3243 3 2592 5 5644 14 8623 9 2794
95 -0.75910834308402464 0.91139779188034542 4.2739127878246128 165 139 114 0.59430600044318405 8 3415 3 2711 5 5735 14 8678
96 -0.49317768122968897 0.92576528760912757 4.3329277659515961 26 20 15 0.53661809734952748 8 3408 3 2713 5 2875 14 5599
97 0.60358149368121539 1.0096574650712329 4.6212560223953085 142 115 94 0.6259853872947414 8 3426 3 2737 5 5741 14 7509
98 -0.39133354892487238 0.94578421081812269 4.3096098790966479 190 169 152 0.36310246604193891 8 3446 3 2752 5 2901 14 7503 9 2931
99 -0.75432139919508234 1.0546718146736513 4.2348565326233292 142 120 96 1.6881098491346109 8 3596 3 2871 14 8737 1 4241
100 -0.37383405627264787 1.084069844459584 4.2724696557388064 166 145 124 1.0733272769803672 8 3606 3 2884 5 3081 14 7609 1 4262
101 0.37641980713955542 1.1502672457750729 4.4875834116797764 172 152 135 0.91527871677231487 8 3603 3 2896 14 3032 9 3071
102 -0.61972026458042517 1.2478764056604594 4.2175520470021208 55 43 31 0.39293799765243725 8 3840 3 3072 5 3280
103 -0.540277982566846 1.3283012037105622 4.1906763582309949 105 87 71 0.7211104236718433 8 3968 3 3185 5 6061 14 8874
104 -0.00052813421068137467 -2.4134012264767826 6.9635864015446636 64 67 76 1.1579703484244086 8 4917 3 3674 5 158 6 5634 2 365
105 -0.00052813421068137467 -2.4134012264767826 6.9635864015446636 64 67 76 1.1579703484244086 8 4918 3 3675 5 159 6 5635 2 366
106 1.0169625414840504 -1.6407398041278303 5.4136273909555586 172 159 150 1.5893760656687399 8 627 3 3762 9 3812 12 9446 13 6140
108 1.2084883995684781 -1.5550943925590808 5.4813924519861423 165 151 140 0.40994016145035655 8 714 3 3794 9 3830
109 1.2625841755085638 -1.5252994103517088 5.4613242694502704 144 131 115 2.4738994381704567 8 732 5 4177 6 5941 10 8618
110 1.0539771967879543 -1.4533401011117502 5.3486624602809698 166 154 142 2.2631040683880608 8 770 5 4186 6 996 10 7540
111 0.10480209072139879 -1.6796269310799143 6.5540975851810481 61 56 52 0.48524227369807305 8 8070 3 3818 6 8992 2 3884 4 4955
112 1.1721536659718179 -1.4316787524988284 5.4444619389442979 139 125 112 1.1632579971486814 8 818 3 3826 5 4203 6 6002 1 1805 9 3854 14 3792
113 0.053882088493301505 -1.5985507784420137 6.5487896101063967 108 97 91 0.53621202328552997 8 8091 3 3833 5 6601 6 9032 2 3902 1 9257
114 1.1489873626388383 -1.3940286390837155 5.4188136185796774 145 131 118 2.1935110645021387 8 843 3 3835 6 6027 5 4217 14 3803 12 10690
115 -0.0058425889186021762 -1.5953752114003861 6.5664530825622345 100 89 83 0.4756664298273412 8 5132 3 3837 6 9030 2 3895 1 6261 4 4980
116 0.84368459882795865 -1.3486762806217334 5.2737845176410927 172 158 145 1.4106310452545345 8 849 3 3838 6 1066 13 6245
117 1.1381078177001873 -1.347401254854548 5.4126260576429308 143 129 116 0.45810597445388096 8 5286 3 3851 5 4236 6 6052 2 959 9 3868
118 1.1384965734147516 -1.347557006146783 5.4140426760089992 143 129 116 0.50838528603193789 8 5287 3 3852 5 4237 6 6053 2 960
119 -0.07202028671625571 -1.5477732677173517 6.5732818473854246 122 108 99 0.50649824914036545 8 5147 3 3853 5 4187 6 5906 2 725 1 6279 4 914
120 0.84661312338452666 -1.309335355882193 5.2810123567130782 166 152 139 0.80864331530868727 8 875 3 3858 5 558 14 378 9 3896
121 0.10751381139019967 -1.514665522786288 6.5044389049969524 100 93 90 0.46803853972331783 8 5168 3 3861 5 4200 6 5930 2 776 1 6324
122 1.1819645907731127 -1.2606558105834837 5.3669568578300382 154 138 123 1.742337837987338 8 5340 5 4269 6 6097 10 8653
123 0.752739560578773 -1.2240740189865122 5.2232793024388018 170 158 146 0.29725015640964075 8 5334 3 3894 14 3813
124 0.79344851209611922 -1.206482005841331 5.1918998434618189 177 163 150 2.5445561591678203 8 928 5 633 6 1170 10 7557
125 0.21980806079504495 -1.3515952834816445 6.4407690400855753 48 39 32 0.44199408743171531 8 8162 3 3922 5 6674 6 9122 2 4006 1 6429 4 5080
126 0.13814907890018496 -1.3389701426548473 6.4579145738242847 129 124 120 0.30777344688033648 8 5263 3 3924 5 4259 6 6044 2 4005 1 6427 4 1079
127 0.1977998842499113 -1.3153464947293805 6.4385258298012618 126 114 102 0.3252605120794379 8 5273 3 3934 6 6054 2 911 1 6442 4 1097
128 -0.83286911971014255 -1.0584538758775808 4.7793920969036137 69 71 83 1.6397100349719644 8 5339 3 3944 14 8921 6 6089 2 958 1 1893 4 1252
129 1.2365726043286469 -1.1327366002262691 5.4109688710812947 164 146 129 0.74793148204113624 8 1058 3 3950 5 736
130 0.20876621893537156 -1.2626730092051399 6.4223640780819249 102 95 89 1.0503025557164933 8 5301 3 3956 6 6079 2 945 1 6468 4 1129
131 0.96462901522406463 -1.0862939524588593 5.2761547231601282 120 101 84 0.85475116862166989 8 5435 3 3965 5 4351 14 6417 2 1115 1 6624 4 1363 9 6252
132 0.99182171939012598 -1.0804878938327074 5.2816010619599281 141 122 105 0.75888606001291548 8 5437 3 3968 5 4356 6 1339 14 3980 9 4025
133 -0.81139610582727539 -0.99824679026075458 4.7619124150764263 110 106 103 1.3217063101474935 8 5382 3 3975 5 4286 14 7911 6 6130 2 1014 1 6529 4 1300
134 -0.83517226633295705 -0.99724052229796567 4.7671121697700318 91 87 88 1.3318286412064275 8 5378 3 3977 5 4285 14 6191 6 6129 2 1008 1 6528 4 1299
135 1.0620245463284834 -1.0460664623126679 5.2952670706397678 165 146 129 1.4819683931211134 8 5456 3 3990 5 4382 14 4020 2 1144 4 1398 9 4045 12 10768 13 7753
136 0.91475390505716758 -1.0150794552429792 5.2342827986769382 170 154 138 0.77045965107875058 8 1141 3 4013 5 4395 14 4011 9 4075
137 0.98405467477488462 -1.0136702702999358 5.2623049919982572 165 148 130 1.1472979188056471 8 5478 3 4020 5 4402 14 4030 6 6256 1 2175 9 4067
138 0.87652968771012341 -0.9995378217666061 5.212992906950082 124 106 90 0.35382880210273177 8 1158 3 4025 5 4403 9 4090
139 0.93322822174024456 -0.99421670394974593 5.2377029758693689 162 140 126 0.83447852947046286 8 5489 3 4031 5 4413 4 1439 9 6305
140 0.20493582028562757 -0.95371462559947529 4.9341048235312277 142 128 119 0.50956112056577396 8 1139 3 4034 6 6247 9 4137
141 0.89281034382515201 -0.97273352588963391 5.1794251766005752 163 144 129 1.8276267940906243 8 5503 5 4421 6 6281 10 8684
142 0.85874778545717501 -0.86799394972476918 5.1783651098111294 165 146 129 0.56264611014652555 8 1290 3 4116 6 1551 9 4172
143 0.93845410844043142 -0.50822368264815165 5.1036870159277523 187 166 145 1.3142025363015377 8 1677 5 1244 14 4443 10 8784
144 1.2213404242451076 -0.4461171657749764 5.1049524850809753 174 157 132 1.0013784514951298 8 5865 3 4352 5 4735 14 8225 6 2062 2 4461 1 9783 4 5564
145 -0.5022152949681391 -0.42783557217772883 4.5855335610732428 108 103 98 0.90322018259631776 8 1708 3 4355 5 4680 14 6536 1 2624
146 -0.34696019183815729 -0.42596866695422542 4.591259183950898 150 137 128 0.80100494291489954 8 1721 3 4356 5 4687 14 6560
147 1.168303429202928 -0.44020239260211524 5.116864225166962 177 160 134 1.5389300979288574 8 1793 3 4359 5 4737 14 4518 1 2712 10 7805
148 -0.64223535253542929 -0.41070798973433187 4.592352756634793 121 113 110 1.2246890692924199 8 5826 3 4368 14 8062 9 1558
149 -0.75804571759516692 -0.40417366484800821 4.5988643695528912 152 142 130 1.1087089514277142 8 5825 3 4376 14 8053 6 6593 1 6940 4 1871 9 4617
150 -0.5940380025924209 -0.39159056391995206 4.5835423638691628 73 68 64 0.8877057964888676 8 5848 3 4384 14 8076 1 2655 5 4709
151 -0.83165680355352989 -0.39140726021472771 4.6104976380610125 77 72 68 0.72092334438232908 8 5836 3 4388 5 4700 14 8052 6 6605 1 6945 4 1874
152 -0.042505555065375789 -0.39030857498159288 4.6766381362192249 138 125 108 0.22265791523962919 8 5875 3 4389 14 8134
153 0.7239241664754974 -0.37205197848250982 4.9766286865359186 160 139 122 1.4310371824130048 8 5910 5 4779 14 6747 6 6662 2 1562 4 1955 10 8806
154 -0.72691902767627181 -0.36576606638835218 4.5850804949833206 162 155 139 0.60252246588643621 8 5863 3 4403 14 8073 6 6630 1 6967 4 1912
155 -0.695505401819703 -0.36635033439052012 4.5879589121470907 160 153 140 0.90497202007416544 8 5864 3 4404 14 8077 5 6945 6 6631 1 6969 4 1918 9 4645
156 0.32743185985696727 -0.36992640316801384 4.8375345841710562 85 72 63 0.61831735167606272 8 5901 3 4407 5 4760 14 6698 6 6655 2 1553
157 0.39560960734743517 -0.3590654719712425 4.8658632642047284 51 42 35 0.43852847438274861 8 5915 3 4413 5 4777 14 6714 6 6667 2 1558 4 1961
158 0.49487102866766425 -0.34914962905775992 4.9077066488205725 80 69 63 0.44037325631833946 8 1852 3 4418 5 1425 14 4495 6 2148
159 1.0409308494028489 -0.35611558293393974 5.134202688594609 168 148 124 2.6120574670509162 8 5945 3 4419 10 9571 9 6637
160 0.92800780399729721 -0.35056977434214698 5.0834863571932045 134 108 83 0.47586445500049152 8 1866 5 1449 9 4528 3 4423
161 -0.29498845298657767 -0.34308922027018829 4.5899965561495701 99 88 82 1.1134460579134327 8 5907 3 4429 5 4757
162 -0.026892388936214151 -0.33425142240622141 4.6693892287253567 41 31 19 0.85583377680521178 8 5930 3 4439 5 4783 6 2147 9 4620
163 0.38194575220548005 -0.33895994610009617 4.860005423164691 177 160 144 0.45154300387672791 8 1861 3 4440 5 4794 14 4481 6 2150 9 4581
164 0.24601264688089236 -0.33012326920009416 4.8007773155762514 136 126 113 0.55604775935868411 8 5943 3 4445 5 4796 6 6686 2 1580 9 4608
165 0.68061344311895788 -0.32854534276180214 4.9887110979037832 81 67 56 0.41899991635181866 8 1875 3 4453 5 4812 14 6767 6 6701 1 2771 9 6690
166 0.70601905400301379 -0.32563089408462553 4.9856205952416248 80 61 47 0.70639524902252526 8 5956 3 4454 5 4815 14 6772 6 6706 2 1601 1 7036 4 1998 9 4568
167 1.5748543691268684 -0.31984568920067491 5.1995763869185465 36 24 12 0.83061104851577083 8 1923 3 4464 5 1503 6 2235 9 6629
168 0.82619061180634312 -0.31173687468500444 5.0298652866770155 59 39 22 0.91364245906481489 8 1907 3 4469 5 4836 14 4558 6 2204 9 6697
169 1.0992561570727215 -0.29695228162054316 5.1069637136788959 105 87 65 1.9813708726667048 8 1926 3 4481 5 1504 14 4593 6 2234 10 9579 11 13176
170 1.0003570604381202 -0.28564702139265169 5.0948712237917944 170 148 125 0.42473929587218356 8 1935 3 4499 5 1511 6 2247 9 4591
171 1.0003570604381202 -0.28564702139265169 5.0948712237917944 170 148 125 0.42473929587218356 8 1936 3 4500 5 1512 6 2248 9 4592
172 1.331772917524064 -0.27186978230698067 4.9735584374192765 157 142 121 0.74479725967903243 8 6029 3 4516 5 4879 6 6774
173 1.7374955442127926 -0.26826900453498848 5.2436814179007722 178 161 144 1.0887698628408509 8 1983 3 4520 10 8925 9 6661
174 -0.54064385643124657 -0.25609660393697686 4.537281574018774 141 131 122 0.74272529970007872 8 5988 3 4529 5 7014 14 9089 1 7051 9 4710
175 -2.1435677996895852 -0.25484353278558824 5.0637819538498912 57 54 49 1.5621264990786083 8 8535 3 4537 5 6977 6 9557
176 0.053382408132875203 -0.24426820160657881 4.6673425749033672 32 21 15 0.50707665920623568 8 1967 3 4541 5 4859 14 8206 6 6756 9 4680
177 0.053089836131764712 -0.24460619453157595 4.6677846984479778 32 21 15 0.4573534776825573 8 1968 3 4542 5 4860 6 6757 9 4681
178 1.3337802912181362 -0.23339877142408458 4.9614238485517648 165 147 126 1.1582541228799557 8 6065 3 4550 5 4907 14 6857 6 6811 2 1701 1 7119 4 2124 10 9590 11 13613
179 -1.0936349641207603 -0.23570712556143592 4.6290258809592491 144 131 123 1.183060754130042 8 5975 3 4554 14 9062 6 6710 2 4493 1 7023 4 2011 9 4779
180 0.38940900257677352 -0.20749536777100377 4.8124911309034832 47 33 26 0.41876320007250484 8 2021 3 4586 5 4903 14 6805 6 6798 9 4691
181 -0.18700833275049555 -0.20397691663859849 4.5658363188889108 173 160 151 0.6458423820530953 8 6046 3 4596 5 4886 14 8202 2 1682 4 2114 9 4740
182 0.72275294367779752 -0.19252574754174465 4.9192656454258197 132 116 101 0.96793799571596828 8 6080 14 8266 2 1704 1 2898 4 2135 10 10068
183 0.58942848734172615 -0.18505522540032932 4.8906011152070281 37 27 21 0.73819588386553647 8 6085 3 4610 6 9713 14 8260 2 4594 9 4699
184 -1.426680947625131 -0.17803044856496411 4.7030071546724104 152 142 133 0.78682755074952193 8 6000 3 4628 2 4511 1 7040 4 2028
185 0.23928858612281162 -0.16433638516897917 4.7391756085211769 157 134 116 0.46679738694313117 8 6093 3 4643 5 4929 14 6808 6 6831 2 1716 9 4750
186 -0.21617777145258371 -0.16045773870279084 4.5609871896452239 139 125 116 0.14294476948407814 8 2074 3 4649 5 4922 14 6757
187 0.87008839613939459 -0.1523335595767254 5.0111494095879756 194 172 149 0.45967622934762342 8 2105 3 4650 5 1644 9 4706
188 0.11542776351953099 -0.15639224577800828 4.6868591928563204 55 42 34 0.58499998991450608 8 2086 3 4653 5 4933 14 6800 6 6839 2 1720
189 0.11603508062717582 -0.15654152033315519 4.6862133135151831 55 42 34 0.24986972281299469 8 2087 3 4654 14 6801
190 -0.18365595770085563 -0.15501245380043827 4.5689630437321478 175 163 151 0.20185202662148374 8 2083 3 4658 5 4925
191 0.95164199302061991 -0.12952357086762645 5.0414287493616854 128 104 80 1.7947912853500638 8 2136 3 4664 5 1667 6 2445 10 8907 9 4730
192 0.95164199302061969 -0.12952357086762645 5.0414287493616845 128 104 80 1.7947912853501375 8 2137 3 4665 5 1668 6 2446 10 8908 9 4731
193 -0.5113124283560424 -0.12382798588520161 4.5065737144983107 128 115 107 0.62793964441058525 8 6123 3 4685 14 8214
194 -2.1737599602220192 -0.10606059821200753 5.032012644488062 65 55 53 1.1659600125124838 8 8610 3 4692 5 7057 6 9647
195 0.091926942708005555 -0.09859243130910858 4.6661304157709633 159 146 137 0.97339239115733212 8 2166 3 4699 5 4981 6 2471
196 -0.37622956483959014 -0.097859922521819798 4.5068382634395636 156 137 122 0.72765017865718951 8 2161 3 4704 5 1665 14 6776 9 4856
197 0.91389159344451021 -0.076884468955149596 5.0110937025522571 182 158 134 0.59943687202048423 8 2187 3 4708 5 1716 9 4790
198 -0.32986389800429744 -0.090012932839436954 4.5223072040103993 174 156 144 0.97709467860328447 8 6152 3 4711 5 4980 14 8239 9 1894
199 0.073143879156752689 -0.076828575510685282 4.6534696756985046 159 142 133 0.35522303441668518 8 2184 3 4719 5 1697
200 0.8280931840998369 -0.054333755085436225 4.9667616062049689 172 152 130 0.27249233923785099 8 2202 3 4735 5 5016 6 2533
201 -0.90195605597497064 -0.06880811309898377 4.5414448808372798 156 138 125 0.64195682765649742 8 6147 3 4739 5 7116 14 9122 6 9757 1 9881 4 2219
202 -2.221888422209692 -0.011427901141016023 5.0363012265281446 43 34 29 1.023518483261048 8 10352 3 4764 5 7113
203 -0.78135125892917445 -0.025169404063705984 4.4967887866921661 78 66 54 0.78354986434880891 8 6183 3 4767 5 5011 14 9135 5 7129 6 6915 1 7178
204 -0.48169783067148797 0.027004607453120125 4.476855159091091 151 137 126 0.51422052680154928 8 6214 3 4799 14 9164 5 7150 2 4661 1 7218
205 0.77919920023089562 0.05571635624614743 4.9169460435594203 179 160 143 1.7298361092110472 8 2297 3 4800 9 6869 13 8046
206 -0.48364362025694052 0.058224316793577327 4.4704259321289745 146 127 113 0.49204342106478099 8 6232 3 4815 5 5065 14 8283 2 1851 1 3081
207 1.6009808413363256 0.1030414547716911 5.0869096241480447 166 141 111 1.274178330598589 8 2335 3 4818 5 5097
208 -0.4848803359738531 0.099294489195639934 4.4601502860115882 181 163 149 0.3741682491095607 8 6261 3 4839 5 5090 14 9180 2 4689
209 -1.2250726883638416 0.21680862663541692 4.5581645666542583 173 153 136 0.56747044408822833 8 6321 3 4911 6 7074 2 1921 1 7303 4 2410
210 1.0472416830400981 0.31350762073206107 4.9761769717642226 168 148 124 1.1153316445870933 8 2543 3 4939 5 5192 14 5045 10 9674 11 13255
211 0.88705584130172399 0.31678377051322271 4.9012324968783636 183 158 136 1.0912627335452771 8 2555 3 4944 5 2154 10 9669 9 5066 13 8921 9 6970
212 1.3653098289045418 0.34947582920116116 4.7224175343755208 61 45 30 0.39280737129042115 8 2629 3 4963 5 2235 6 3044
213 1.1325674118756637 0.37412988438012329 4.905249087046796 180 167 150 0.83500428672911209 8 6446 3 4972 5 5231 14 7112 10 9063 11 12713
214 1.398049249083541 0.39184821150824489 4.745749947269716 140 110 82 0.69544569291801084 8 2670 3 4990 5 2275 9 6997
215 1.402559754768826 0.39414172165531802 4.7435950375712812 140 110 82 1.8128790426762746 8 2671 3 4991 10 9075
216 0.92327696698509487 0.42202302435956796 4.8925266581720717 177 153 129 1.0578153344818202 8 6462 3 4997 10 10139 9 7011
217 1.1014867095162966 0.43095752453259828 4.9109163303287406 140 115 85 1.3159157220165367 8 6472 3 5000 14 7140 10 9702 11 13651
218 1.1963988727957766 0.42743919210846604 4.8805936652789272 154 130 104 0.89981627152856736 8 6475 3 5001 5 2293 14 7149 6 7262 2 2117 10 9706 11 13654
219 1.3582827077138546 0.42249016233481107 4.7361238822926053 169 143 108 1.5154966831922112 8 6488 3 5011 5 7328 14 8474 6 10017 1 7492 4 6035 10 10147 11 13924
220 0.72236088086212535 0.49928911230594197 4.7419138285241855 142 123 106 0.53625140241059499 8 2778 3 5044 14 5204 6 3227
221 -0.45618805277317842 0.49013548982646027 4.3514584719702007 96 82 69 0.99327616406003294 8 6557 3 5092 5 5364 2 2218 1 7578 4 2711
222 -0.92777463230551183 0.49748564058738987 4.3930988264183064 109 96 80 1.7079189994087081 8 6554 3 5095 5 5361 14 8433 1 3555
223 0.91731674323127743 0.57280021727892461 4.8489800527906413 149 125 100 0.7215026288040679 8 2850 3 5101 10 9737 9 5255 13 8168
224 -1.464040712738621 0.52388023462012201 4.5350756935379763 66 58 47 0.8534827025564532 8 6551 3 5107 2 2194 1 7543
225 -1.5137328896239723 0.53777825557633163 4.5537375733675995 48 35 26 1.4966377306377696 8 2829 3 5117 2 2209 1 3541
226 -1.5137328896239723 0.53777825557633163 4.5537375733675995 48 35 26 1.4966377306377696 8 2830 3 5118 2 2210 1 3542
227 0.56597397018170992 0.5728366165864528 4.7075251052643408 124 98 78 1.0340279535692347 8 2871 3 5119 5 2487 14 5257 9 5287 13 6979
228 0.20218628633417651 0.55138859844820254 4.5534131631843744 107 86 69 1.4694695331663556 8 6594 3 5123 5 5393 14 7209 6 7395 13 8216
229 0.35820016833317753 0.58590930617217329 4.6136193906275507 143 122 103 1.1372053633649319 8 2908 3 5140 14 5265 6 3357 9 5308 13 7014
230 -0.851260144940299 0.55915018247102255 4.345739409115156 138 119 102 0.64643351679837224 8 6617 3 5147 5 7417 14 9257 6 10085 1 7613
231 -0.851260144940299 0.55915018247102255 4.345739409115156 138 119 102 0.64643351679837224 8 6618 3 5148 5 7418 14 9258 6 10086 1 7614
232 -0.74159734034800606 0.58067254146011016 4.352224205825614 82 63 48 1.2532201286225113 8 6631 3 5164 5 7429 14 9267 1 7626 9 2585
233 0.3273598861462142 0.62495040062406648 4.5916477104913973 158 137 118 0.61342494372080603 8 2956 3 5165 14 7258 6 3417 5 2537 13 8228
234 0.1257368257525881 0.631847071151872 4.501481029851238 131 104 85 1.5888811129691411 8 2973 3 5180 5 2553 14 7264 9 5365 13 7064
235 0.30164836863850969 0.67022517676948778 4.5675012532353225 167 149 129 1.0679802906068745 8 3006 3 5195 13 7067
236 0.37794092545879726 0.67539437278746417 4.5993631486574138 168 150 130 0.70855564408138894 8 3007 3 5196 14 7291 9 5384
237 -0.389562907382207 0.64745655272822156 4.3774162273761617 168 145 127 0.51172024802755944 8 3014 3 5199 1 3742
238 -0.42462386446183958 0.65271538890364955 4.3788951007435655 127 105 82 0.82316543004521459 8 3018 3 5202 5 5506 14 7271 9 2644
239 0.6541700013088152 0.77967822422949618 4.6994017561987116 112 82 56 0.43913853188330815 8 3074 3 5237 9 5417
240 -0.55960437117228634 0.72550857175179173 4.3523945318805017 177 152 135 0.3064429411954267 8 6738 3 5248 5 5566 14 8576
241 0.72058786521685381 0.804810601022665 4.7010235796722819 172 151 132 0.6993271713310597 8 3102 3 5257 14 7387
242 0.15510225528783356 0.79603524861918662 4.4753161927193101 171 144 123 1.237804223897961 8 3155 3 5280 14 7392 9 7184 13 8279
243 0.57050159304150383 0.83075533027171344 4.6487020777437644 135 110 86 1.0710174932973655 8 3156 3 5283 14 5469 6 3641 9 5465 13 8268
244 1.2110446876740686 0.87434101824386556 4.7861833676154362 181 147 112 1.1787512749788007 8 3177 14 7435 2 2449 1 3922 4 2971 10 9834 11 13972
245 0.085801914451619221 0.82205524990032464 4.4403525452215407 156 129 103 1.1626575999034714 8 3208 3 5292 14 7419 6 3683 9 5490 13 7136
246 0.23040818284803616 0.83427426866483378 4.4996929278181144 155 134 115 0.4462057145462982 8 3209 3 5293 14 7426 6 7622 13 8286
247 -0.28184811369531304 0.8128418636501028 4.3628414418864692 101 80 60 0.67449840132046546 8 3226 3 5298 5 5633 14 7411 9 5502
248 -0.88106066040280928 0.80478225587494412 4.2934078056851694 156 130 107 0.70204226421368465 8 6822 3 5304 5 7516 14 9336 1 7793 4 2993
249 -1.5363404091435722 0.87482019915242948 4.5371793953585069 157 141 126 1.3309783156893609 8 6844 3 5324 2 2492 1 7806
250 -0.8855524251981024 0.90594690624837071 4.2699266845555321 156 132 104 0.60555827688542407 8 3396 3 5371 5 5731 14 8673
251 -0.33264232172821834 0.92394313577385079 4.3190434833958857 149 130 113 0.69172463149522456 8 6910 3 5373 5 5733 14 8680 1 4076
252 -0.27879586236996984 0.9417322181051565 4.3306321435282662 178 156 135 0.7982527658815779 8 3431 3 5381 5 5743 14 7496 1 4096 9 5574
253 1.3449376203934804 1.0013917495731481 4.5705681626085788 171 151 126 1.1534716234849116 8 3427 3 5384 14 7517 11 13747
254 0.66154129968112074 1.0231070456260851 4.6443039012206206 162 139 123 0.38779161050493383 8 6920 3 5388 14 7513 1 4103
255 1.2089570026455185 1.0622167734345103 4.6870637627225058 132 122 111 1.2603561820962137 8 3456 3 5405 5 2926 14 7545 6 3949 11 13756
256 1.1254323897940295 1.0685181976209654 4.7156728940976365 143 130 112 2.1317010777641228 8 3465 3 5407 5 5767 14 7549 4 3140 11 13999
257 0.66967414232533895 1.069191664995333 4.6294697271822205 94 75 58 0.53428687051377 8 6957 3 5422 14 7555 1 4154 9 5603
258 1.1978031204908743 1.0821453975249926 4.7001510449220794 42 30 18 1.2515153344619179 8 3487 3 5423 5 2948 14 7556 6 7803 11 13761
259 -0.87063142803565907 1.0184861266968759 4.2387393703075418 151 133 113 1.0648971475536362 8 7010 3 5450 5 5818 14 9409 6 7845
260 1.2965923284120053 1.129437336922323 4.5734187001568278 115 91 67 0.90662175578254989 8 7005 3 5458 5 7637 14 8727 2 2656 1 7954 4 3232
261 0.21575410332300254 1.0969302580958049 4.4310623715244644 84 68 55 1.2879220715292403 8 3566 3 5467 5 3045 13 7278
262 -0.61216357541384681 1.0887373959354874 4.2631802997618511 171 150 129 0.3951211648527117 8 3615 3 5493 14 8747
263 0.36252572260387556 1.158710934070976 4.482405732631725 124 102 82 1.3470852892498555 8 3612 3 5496 14 7620 6 4141
264 0.13080663143416932 -1.9319272122887259 6.5908667822918066 148 144 141 1.6629707178164235 8 8007 3 6055 5 6544 14 7882
265 0.13211094579140265 -1.9294748286562049 6.5796018664862155 148 144 141 1.6940817143220697 8 8006 3 6056 5 6543
266 0.83372277277334561 -1.2398516489748834 5.2713915426715756 152 133 116 0.61528585400936597 8 8213 3 6154 5 6677 6 9187
267 0.95318250180213338 -1.1827963055519362 5.296261369526774 156 139 123 0.9602666078164237 8 5373 3 6168 5 4296 14 6376 6 6133 2 1059 1 6553 4 1285 9 6206
268 -0.79477296952323617 -1.0569068489760585 4.7741689085574839 61 65 77 1.5414861433210505 8 8222 3 6177 5 6667 14 8925 6 9192 2 4060 1 9425 4 5173
269 0.75382362693459326 -1.1115030463145013 5.1971838465666451 143 127 112 0.68611003933803061 8 8256 3 6182 6 9239 2 1083 4 1326
270 1.1387061083815204 -1.1230986197964163 5.3538991179582078 141 122 105 1.670197952799664 8 8266 3 6185 9 6232 12 10736
271 -0.81628886191168504 -1.034626017404396 4.7742020432614565 132 133 138 1.3664907967276501 8 8231 3 6186 5 6682 14 8930 6 9204 2 4067 1 9434
272 -1.4698373074240221 -1.0208580804689829 4.9497653811448359 57 61 73 2.2019120103975811 8 8203 3 6200 5 6670 6 9178 2 4032 1 9405
274 0.81394885688481589 -1.0143537923977561 5.1847236970255395 155 141 128 0.80837283767020918 8 8295 3 6221 5 6750 6 9282 2 4170 9 6302
275 0.7635317387157825 -0.98384575814164443 5.0964943806790464 53 45 42 2.8209558880527017 8 5485 5 4401 6 6264 1 2179 10 9459
276 0.80935918556561215 -0.86992456511981653 5.1488729154415447 168 151 135 0.91307311874820818 8 8354 3 6284 5 6799 6 9352 2 1246 1 6732 4 1548 9 6387
277 0.81536156562839368 -0.81100029199721513 5.1445606140994125 163 144 129 0.89278152502944119 8 5628 3 6304 5 6819 14 6533 6 6388 2 1288 1 2326
278 0.96708805406239118 -0.62143018907456449 5.1660631914432189 142 121 102 0.88684384938715011 8 5747 3 6372 5 4627 14 6645 6 6487 2 1399 1 2511 9 6507
279 1.1633241969019597 -0.53163286883560279 5.1261211163170861 139 115 87 1.710892561444717 8 8498 5 6923 14 8186 6 9511 2 4415 1 6944 4 5516 10 10047 11 13867
280 0.71084492171776947 -0.47388930769317572 5.0345110737903314 76 57 42 0.67422072972481917 8 8510 3 6412 5 6933 14 8177 6 9536 2 4431 1 9752 4 5535 9 6591
281 -0.46756255241194578 -0.40799462079103599 4.5799228872889373 166 156 146 0.79345727219629525 8 5841 3 6434 5 6931 14 8083 2 4422 4 1887
282 -0.3643966186881939 -0.40497565932035995 4.5925625277835609 139 125 112 0.94191557449305918 8 8526 3 6436 5 6937 14 9060 2 4430 1 6962
283 0.73899515513667335 -0.41256004334050211 5.0139097159593335 169 147 124 0.6022801130237786 8 8544 3 6437 5 6967 14 8196 6 9568 2 4460 1 6987 4 5568
284 1.2708464178636001 -0.41448591457853301 5.0761929316691266 142 124 102 1.3654785718863376 8 8564 3 6439 5 6985 14 8231 6 9590 2 4482 1 9797 4 5587 10 10062 11 13877
285 -0.55485975897866546 -0.39288998178727363 4.5835935002570469 69 64 60 0.65635626118964308 8 5852 3 6440 5 6935 14 8080 1 6960 4 1899
286 -0.44384377360750676 -0.39270005682739761 4.5872767483126866 86 79 71 0.49851396165388984 8 8531 3 6441 5 6939 1 6966 4 1902
287 0.055921844081347816 -0.37843065897246175 4.7244718585376546 159 142 124 0.3878018935060869 8 8552 3 6451 5 6966 6 9578 2 4459 4 5582
288 -0.15701744527390601 -0.36271294563001599 4.6350551011747747 152 140 128 0.74751385348829946 8 5893 3 6457 5 4743 5 6969 14 8136 6 6647 2 1540 1 2721 9 4605
289 0.44177876048246151 -0.33266353719802155 4.8814468918527751 155 137 117 0.29531467736616207 8 5949 3 6469 6 6690 9 6702
290 1.3037380891250521 -0.31418349057595818 5.0053413068949615 58 48 36 1.5058020839058566 8 5990 3 6474 5 7028 10 10071
291 1.3018684810790235 -0.31221866086300865 5.0087350009529281 58 48 36 1.5415374281222221 8 5991 3 6475 5 7029 14 8257 6 9638 2 4550 1 7074 4 5659 11 13879
292 1.3277811925428855 -0.28936547064972945 4.9666416362051446 152 136 113 1.0819804311496632 8 8611 3 6481 5 8492 14 9160 6 11496 1 9852 4 5671 10 10076 9 8757 11 13882
293 -1.0587892295114885 -0.28445511743167939 4.5857584709943113 106 94 86 0.98024037107300421 8 8576 3 6483 5 6989 14 9047 6 9596
294 0.67077513234128938 -0.28744430653252018 4.9780191446731941 37 25 9 0.67638162965146564 8 8602 3 6485 5 7027 14 6786 2 1628 1 2807 4 2030 9 6718
295 -0.38519444041558615 -0.27500859050879572 4.5379362793353879 40 35 31 0.98869688511065967 8 5979 3 6494 5 7010 14 9093 2 1598 4 2019 9 4683
296 1.5539871807963437 -0.27581096647314757 5.1782213344530073 37 24 16 1.4614633443884675 8 6022 3 6495 5 1548 6 2297 9 6659 12 11709 13 9397
297 1.6058481060789247 -0.2714646674085005 5.2037548877245978 50 33 22 1.8241431727984248 8 6026 3 6497 5 4883 14 4659 6 2306 10 8917 9 7926 12 12202 13 9395
298 1.2359946146293319 -0.26233824913154102 5.0598951751655701 144 119 89 1.0655923823992579 8 6021 3 6502 5 7056 2 4566 10 10079
299 -0.17887773876447263 -0.23867574209943218 4.5788474832299002 181 171 161 0.72360373825634505 8 6017 3 6516 5 7035 14 8188 2 1646 4 2070 9 6767
300 -0.48742855984417316 -0.21535878428560029 4.5223086000988424 141 128 119 0.72278267961666665 8 6030 3 6527 5 7038 14 9109 1 7077 4 5679
301 -0.32311995449346992 -0.21003930116800143 4.5379402711889947 134 120 111 0.47048507988544153 8 6037 3 6529 5 7049 14 8187 2 1664 4 2091 9 6789
302 -1.2837931032453644 -0.19395791386748037 4.6618419508499107 146 132 123 0.61543616595925021 8 10327 3 6536 2 6447 4 8070
303 -0.20226122884449643 -0.18058866540356133 4.5617560268278252 75 65 56 0.50536247685560176 8 8652 3 6540 5 7073 2 4586 4 5704
304 -1.1990743741057379 -0.17213562468765686 4.6331938853233678 45 34 28 0.88371131698126537 8 11569 3 6549 1 11529 4 8084
305 0.29900596927199469 -0.15773147780593033 4.7604964630442046 111 89 76 0.44283731992256514 8 6104 3 6558 5 7100 14 8252 6 6842 2 1730 4 2167 9 6795
306 0.84573602225185596 -0.15680267212075844 4.9977905054636409 170 152 128 0.32693995850217406 8 8683 3 6559 5 8516 9 6768
307 -1.3859411407039506 -0.15769461000561785 4.687814714645123 66 56 53 0.95314077339082348 8 8617 3 6561 2 4537 1 9834 4 5670
308 0.39808412105458563 -0.1495259643573208 4.8051035838944971 161 140 123 0.58729046930117712 8 6111 3 6563 14 6832 6 6849 2 1747
309 -0.010775356208363063 -0.12824059894187956 4.6114867742775871 134 120 109 0.45310514155176157 8 6129 3 6575 5 7108 14 8251 6 9749 2 1759 4 2195
310 -0.85692816836147379 -0.1052112058262597 4.5250284473835762 139 127 115 0.98590518713917041 8 10356 3 6593 5 8513 6 11526 1 11567
311 0.55175268236474717 -0.085607854610244852 4.8782258159231118 147 133 120 0.27044792113467592 8 2173 3 6596 5 4994 6 6893 9 8020
312 -0.76335132655994142 -0.056511843908154571 4.5100106816509893 174 160 149 0.29727641389448783 8 8716 3 6613 1 9887
313 0.81494930293692236 -0.020694857984135489 4.9516282667615368 171 151 127 1.1505896286093964 8 6195 3 6621 6 9808 4 2268 9 6835 13 8867
314 0.89468138854520296 -0.019093916936239293 4.9918324954876985 184 159 137 1.1041247531505431 8 8741 3 6622 5 7140 6 9809 1 7202 4 2269 10 10092 9 8037
315 0.87388773357551019 0.0037146387049068474 4.9733491203779758 159 135 107 1.2953865627157413 8 8745 3 6628 5 7147 6 9825 9 8043 13 8870
316 0.92586777735175718 0.0063100314010375164 5.0004172487130818 159 135 111 0.99118831104962712 8 6204 3 6631 5 5048 10 9620 9 6842
318 -0.44537232518065245 0.085808716631366827 4.4531177074054851 178 163 150 0.18735307091809453 8 8784 3 6678 5 7177 14 9176 2 1872 1 7254
319 -0.41027613806344998 0.1168389888331122 4.4518361869341669 153 137 124 0.6168105680859387 8 6276 3 6687 5 7186 14 9183 1 7273 9 4995
320 -0.48197845501730469 0.13262469522585055 4.4531118807270005 150 131 117 0.62117337092295688 8 8805 3 6690 5 7194 14 9707 2 6550
321 -0.48439591041694052 0.1924127179992047 4.4383097442935844 171 163 150 0.97999929704543365 8 8834 3 6727 5 7220 2 6569 1 11636
322 0.98901837867868703 0.30751521780081359 4.9613323338652489 159 137 113 0.4849457845431111 8 6385 3 6751 5 7260 10 10126
323 0.98901837867868703 0.30751521780081359 4.9613323338652489 159 137 113 0.4849457845431111 8 6386 3 6752 5 7261 10 10127
324 0.83686766190478967 0.34361221500294237 4.8710985416407757 140 116 92 1.4590882740102795 8 6428 3 6774 5 5210 10 10129 13 8928
325 1.2845373263564825 0.36540480252071705 4.8007098200338891 129 115 104 1.5283853661156401 8 6453 3 6783 5 5237 6 7228 14 5120 10 9687
326 1.0547406750139956 0.40138218856338181 4.9455293097901674 56 38 25 0.95972704833571298 8 8915 3 6785 5 7303 10 10386
327 1.0547406750139956 0.40138218856338181 4.9455293097901674 56 38 25 0.95972704833571298 8 8916 3 6786 5 7304 10 10387
328 0.94962708466997436 0.4030816182462974 4.9217545210044173 150 126 102 1.0404756228189402 8 6457 3 6792 10 10137
329 0.87586700691248409 0.56078392674056965 4.8366470841539755 137 113 87 1.3973703304572904 8 6568 3 6859 5 7389 4 2718 10 10159 9 8180 13 9533
330 0.26539351449823539 0.55406618325091528 4.5815782938383514 103 81 67 1.3289676146642713 8 9001 6 11734 4 6117 13 8997 13 9547
331 1.1426180374663739 0.66891491439067241 4.8494981142252547 178 158 130 1.1854052303860545 8 6650 3 6903 5 5460 14 8553 2 4948 1 7642
332 0.35769940124227412 0.65322438236436287 4.5966020318932141 123 101 80 1.4875863302086534 8 9038 3 6914 14 9305 6 10127 2 4958 1 7648 4 6173 9 7116 13 9561
333 -0.55552192130525524 0.64272894183301099 4.3721603415926902 138 115 97 1.0483484249724773 8 6675 3 6926 5 7455 14 9293 2 4972 1 7661 1 10164 9 7136
334 0.22228731625789461 0.67799405074798214 4.5321798597311655 160 132 110 0.91889878571004135 8 3019 3 6929 5 5508 14 7294 6 7500 9 7131 13 8248
336 1.2007376250731223 0.76356130096535069 4.8236392080476671 33 21 9 1.12788286781567 8 6706 3 6937 5 5533 14 7354 6 10165 2 2357 1 3796 4 2877 10 10199 11 13692
337 1.1516965453795038 1.0565984693925592 4.7116632499744506 60 51 40 1.1855996943858547 8 6930 3 7070 5 7587 14 8697 2 2591 1 7898 4 3116 9 7261
338 0.32989214749020096 1.0099407511814107 4.5010143494192221 96 77 62 1.0938807591883306 8 6939 3 7076 14 8696 6 7772 1 4132 9 7264 13 8341
339 0.26025614148006387 1.0113163821288631 4.4700245435639925 177 163 152 1.6960916847067851 8 9233 3 7085 6 10308 2 2605 1 7916 4 3147 13 9089
340 0.34458809963608567 1.0586941969390489 4.4965554916007937 166 141 121 1.4056654215676379 8 6972 3 7104 14 8714 2 2632 4 3185 9 7289 13 9093
341 1.2977905250625361 1.0963223489305152 4.5800504716179677 93 69 45 1.0017269123709924 8 9255 3 7111 5 7624 14 8722 2 5171 1 7939 4 3200 9 5620
342 1.2979151207071642 1.0959448060979149 4.5795490675158268 93 69 45 1.0709579819798241 8 9256 3 7112 5 7625 2 5172 1 7940 4 3201 9 5621
343 -0.20513211789870886 1.0420910054524868 4.3173871136420559 175 154 135 1.2702943039962811 8 9275 3 7116 14 9411 5 7633 2 5189
344 0.36873302082627574 1.1103906599922193 4.4937503558287348 164 142 121 1.5190763472603694 8 7022 3 7124 14 8731 6 7866 2 2669 1 4224 9 7308 13 9105
345 -0.57468574878448941 1.0562369090545343 4.2685030401568191 171 152 135 1.433843700072043 8 9294 3 7125 5 7653 14 9420 2 5207
346 0.13310590508241882 1.0898051473084276 4.3938058877959261 95 76 61 0.78697750611463113 8 9287 3 7127 5 7650 2 2676 9 8348
347 0.15006723867820387 1.1131730169469236 4.3948394997361522 157 136 119 1.4263753343960812 8 7044 3 7143 2 2687 9 7321
348 -0.86738765866256329 1.2086298216152314 4.1966839584572542 103 87 71 0.84135048862514272 8 9400 3 7220 14 9481
349 0.087163486184117567 -1.9873522178210825 6.6353709553955733 47 52 58 1.4165485375993949 8 11302 3 7531 5 8212 14 9553 6 12490
350 0.08935700346860187 -1.4342523183238085 6.4985462032873071 148 139 132 0.41538135738015197 8 10051 3 7572 5 8271 6 11191 2 6161 1 11244 4 7693
351 -0.49274356061932628 -1.0542344514623452 4.7512328160991366 59 65 81 1.5509313432996967 8 10102 3 7590 5 8295 14 9570 4 7791 9 7764
352 -0.62147849309859771 -1.0336192863379456 4.7562117823454972 131 131 133 1.3578827492507626 8 10104 3 7598 5 8301 14 9566 6 11245 2 6204 1 9449 4 5194 9 6350
353 1.0409132500176568 -0.71292763776537649 5.2280069180242545 158 138 114 0.76388297193184496 8 8433 3 7689 5 6866
354 0.87545026944499238 -0.67399085976093509 5.1290510232126705 155 133 112 1.2768530183021387 8 10224 3 7698 5 8386 2 6361 1 9660 14 8113 4 7942 9 7841
355 0.96069229977485548 -0.67001551288426875 5.1705690962971822 158 136 115 0.72249904167032097 8 8446 3 7699 5 6876 14 8123 2 4318 9 7843
356 1.2222047539015939 -0.533290111008906 5.1210426759420553 158 138 113 0.85794657425745546 8 8499 3 7734 5 8421 14 9116 2 4416 1 9739 4 5520 9 7870
357 0.26104548010019807 -0.30040448052147239 4.798339180659986 90 80 71 0.34283088464052225 8 8596 3 7784 6 9621 9 7958
358 -0.51373377014291377 -0.27387288866596882 4.5321761009081092 42 34 31 0.71204563291761058 8 10320 3 7792 5 8478 14 9648 1 9815 4 8062
359 1.6826429294009941 -0.23662765160882013 5.2279907296242767 167 141 115 1.970658858244543 8 6051 3 7803 5 7080 9 8764 13 10010 12 12469
360 0.43534683412854563 -0.20056181220194441 4.8226018878313832 32 23 18 0.35541505201503554 8 8636 3 7815 5 7074 14 9142 6 9687 6 11514 2 4588 4 5695 9 7981
361 0.48452762582343306 -0.19367357272035704 4.8474883126285384 32 23 18 0.43754237756765624 8 8643 3 7819 5 8500 14 9150 9 7984
362 -1.0564389556123501 -0.15774683256433247 4.6034099528145092 147 135 123 0.78084623029599365 8 10341 3 7827 5 9398 14 10086 6 12751 1 11545 4 8098
363 0.13878591469890444 -0.12955623627850912 4.6928165178093888 93 75 65 1.1575062762747936 8 10357 3 7835 5 8518 14 9685 6 11535 2 6493 9 8807
364 0.93993976980330984 -0.048532778866932344 5.0063952961179057 134 110 86 0.65436423487250639 8 8732 3 7852 9 8811
365 -0.50538673160596748 -0.058075185859048327 4.4950154647591951 4 4 4 0.60809850215045724 8 10374 3 7854 5 8529
366 1.0738518729396096 0.32298802921766367 4.9697598614340821 144 120 94 0.74102383870055044 8 8893 3 7927 10 10131
367 1.112532281218124 0.32971713547181802 4.967341547234394 169 156 137 0.63485101689316747 8 10479 3 7931 5 9478
368 -0.34525944887702453 0.45520703101998272 4.3777721568347445 122 108 95 0.66673497269848958 8 10518 3 7976 5 8661 2 6645 1 10085 4 6068
369 0.70386540527484742 0.5230638413653359 4.756184651074765 26 17 10 1.0108031105133126 8 8977 3 7981 14 9269 2 6657 1 11717 4 8316
370 1.032908161031185 0.5498934859329041 4.9105019999999255 175 153 129 1.2134901506482199 8 8983 3 7985 5 8674 10 10398 9 8903
371 -1.4914023765812909 0.50227253845848463 4.559077878897666 108 96 84 1.3553565663498435 8 10517 3 7988 2 7806 1 11705
372 -0.6858717862960626 0.54471241756203104 4.3535289534962613 123 104 89 1.5910865663519131 8 10550 3 7995 5 7409 14 9776 1 7608
373 -0.84235006534527845 0.61603420290462207 4.3266289730537846 108 85 67 0.52381044619430661 8 10568 3 8006 14 9791 6 11763 1 11757
374 0.61370707801944024 0.73789223899848877 4.6893303768740271 172 150 127 0.61684715983015759 8 9080 3 8021 14 8580 2 4995 1 7709 4 6206 9 8215 13 9568
375 1.3164331158297615 0.74407060160951188 4.6971845656804909 57 36 20 1.2744098775596839 8 11751 3 8022 5 9545
376 -0.36156019727587796 0.70459997037337896 4.3894825017239896 18 14 13 0.57567546070870612 8 11755 3 8029 5 9546
377 1.387985075161863 0.76802107283955978 4.6412444826220289 65 48 32 0.93690528328730938 8 9103 3 8031 5 7490 14 8609 2 5020 1 7740 4 6229 9 8221
378 -1.4350730090888717 0.74866634627170814 4.5297719125945548 146 129 108 0.63947122769533671 8 9098 3 8035 6 10173 2 5012
379 1.2183265610326075 0.82742683569691744 4.7792679857813738 169 136 103 0.75380471341190847 8 10622 3 8050 5 8755 14 9341 8 9122 6 11813 2 5037 4 6241 9 7171
380 -0.87411214941357529 0.77502531172840905 4.2947070320363228 155 127 100 0.87169365799105847 8 10641 3 8064 5 8766 14 10229 6 11824 1 10227 4 8417
381 -0.80619316749828207 0.8030146707371224 4.2635375170858651 164 138 111 1.3337729214478311 8 10651 3 8079 5 9584 14 10239 6 11840 1 7794 4 6274
382 -0.84890933566328441 0.87606825439985225 4.2697888619162363 148 122 95 0.85271104983155721 8 10662 3 8113 5 8789 14 9871 6 11866 4 8466
383 1.3536199148423591 0.97540510297147931 4.5848844446881953 170 150 125 1.1683705278633085 8 9205 3 8117 5 7567 2 2553 14 7504 4 3085
384 1.2773974177202214 1.0032118605639424 4.7013904630014807 151 136 115 0.85558611395685902 8 10668 3 8121 5 9608 14 9879 6 13006 2 7929 4 8479
385 0.60774941303211993 1.0385693692848759 4.6204961937522819 160 135 113 1.3560784544346831 8 9228 3 8133 14 9394 2 5154 4 6356 9 9018
386 0.14312806702773617 1.0282088555820468 4.4148262308368036 170 147 129 0.38514120941360652 8 10692 3 8146 5 8831 9 8319
387 0.33623165965963481 1.0857970468574896 4.4853662667114111 157 135 114 1.7496486729549829 8 9270 3 8160 14 9413 6 11940 2 5186 1 7949 4 6391 9 9039 13 9614
388 0.33623165965963481 1.0857970468574896 4.4853662667114111 157 135 114 1.7496486729549829 8 9271 3 8161 14 9414 6 11941 2 5187 1 7950 4 6392 9 9040 13 9615
389 0.12718432136649893 -1.8632742191752694 6.5852872896500054 59 52 51 1.1731753343497806 8 9982 3 8524 5 9229 14 9564 6 12500 2 6069
390 1.2697368508195779 -1.5658457342408603 5.5121871687218738 58 49 44 1.1499906786265441 8 10036 3 8529 5 8247 14 8951 6 11171 2 6156 1 9323 4 7709
391 1.2694744012106267 -1.5654565959150943 5.5113844041556446 58 49 44 1.1630386455235893 8 10037 3 8530 5 8248 14 8952 6 11172 2 6157 1 9324
392 1.2136756900380745 -1.5563688195117094 5.4869072307704556 159 147 135 1.2719559892988845 8 10040 3 8531 5 8251 6 11176 2 3971 4 7708 9 9218
393 1.6057208588906451 -1.5352921214017838 5.8165532907658326 155 143 129 1.0974380533286239 8 11353 3 8537 5 9262 6 12541
394 0.14141089326246897 -1.6537708094688905 6.5640981593774406 173 162 152 0.58027307861215316 8 10018 3 8538 5 8245 6 11157 2 6110 4 4967
395 1.0721406748437545 -0.56392116463980468 5.1742690663715418 50 38 24 0.76044605079723882 8 11483 3 8643 5 9345 14 10092 6 12681 2 7584 1 12612 4 9536 9 8710
396 0.74635265433639297 -0.50887817708967698 5.0461621137218833 168 147 126 0.62786981530725905 8 10265 3 8652 5 9350 14 9101 6 11407 2 6395 1 9729 4 8005 9 9296
397 1.3259605298076005 -0.48768973723314779 5.0426870160745176 145 125 98 1.1718104079505218 8 11516 3 8654 5 9362 14 9665 6 13557 4 10638
398 1.2446961778683601 -0.36719253971534938 5.083491055994104 150 130 105 0.70245797621711326 8 11550 3 8676 5 9385 14 9676 6 12732 2 7645 1 12652 4 9581
399 1.2446961778683601 -0.36719253971534938 5.083491055994104 150 130 105 0.70245797621711326 8 11551 3 8677 5 9386 14 9677 6 12733 2 7646 1 12653 4 9582
400 1.1452817276797258 -0.36179902802376973 5.1131122517122591 171 151 126 0.63959347542838008 8 11549 3 8680 5 9389 14 9675 6 13581 2 7644 1 12651 4 9580 9 8744
401 0.16524105546497542 -0.31104767107630005 4.7594298507593527 31 27 21 0.64479189870916653 8 10316 3 8686 5 9391 14 9114 6 11476 2 6439 4 8054 9 8775
402 1.1176970339150556 -0.31458280277400907 5.0943489921115548 79 62 44 0.67003990408124581 8 11556 3 8687 5 9393 6 12737 2 7655
403 1.2014015138688314 -0.27706381749127873 5.0900709089582934 145 125 100 1.0347494996274282 8 11565 3 8691 5 9396 6 12742 2 7677 1 12666 4 9596
404 -0.99432293974613106 -0.15857592302179568 4.5912374497574771 138 124 111 0.83295227373274405 8 11573 3 8706 5 9399 6 12752 1 12670
405 1.67734334704258 0.023714034946460405 5.1284306829020743 161 135 112 1.0316330915388827 8 10394 3 8726 5 9435 6 12804 2 7721 4 8169 1 9924 9 8817
406 1.191480680597345 0.093952235991498018 5.0009434046966295 169 155 130 0.85605114521278303 8 11643 3 8735 5 9439
407 -0.35724070652884354 0.26459808371828553 4.4418210836684366 157 141 125 0.86268556496062254 8 11679 3 8773 5 8612 14 10140 1 11668 2 6598
408 1.3432298187344158 0.32126002963063716 4.8149562125934375 154 138 122 1.828520828787896 3 8776 2 7774
409 -0.27434728411480636 0.47873076916726431 4.3870804413222473 104 86 72 0.8777584115277336 8 10526 3 8808 5 8667 14 9766 2 6654 1 10090 4 6088 9 8913
410 0.26483579456697853 0.51962928599804525 4.5910617541371828 145 126 111 0.78774616295076094 8 10529 3 8810 5 9509 14 9783 6 12900 2 6658 4 8320 9 8910
411 -0.62095092088396475 0.4908023323228663 4.3559508299387284 123 104 89 0.8311033331987655 8 11711 3 8813 5 7378 8 6556 14 9763 2 4895 1 7573
412 0.78062109266755453 0.64132623066315064 4.7646656967272696 154 131 113 1.2346906480499285 8 9025 3 8827 14 8535 6 10106
413 -0.74552833199174739 0.61257890387724689 4.336560737571201 126 107 90 0.86439272139559975 8 11734 3 8833 5 9533 14 10195 6 12925 1 11753 4 9787
414 1.2663164717070923 0.72356305176170421 4.7580214732640984 163 135 105 1.555303621426136 8 12608 3 8837 5 10225 14 10221 6 13712 2 8665
415 1.1685474609818047 0.73594619274886919 4.811235234662302 180 154 129 0.97774591902348107 8 10582 3 8838 5 9541 14 9830 1 11779 4 8368
416 1.1685474609818047 0.73594619274886919 4.811235234662302 180 154 129 0.97774591902348107 8 10583 3 8839 5 9542 14 9831 1 11780 4 8369
417 -0.89716095083991787 0.66590404869984177 4.3428543688521533 112 89 71 1.256960956262579 3 8843 5 10226 14 10466 6 13710 1 13591 4 10833
418 -0.49353662021658617 0.69857832046942381 4.3641666553953762 31 27 26 1.8583886072212734 8 11753 3 8848 14 10213 1 11786 2 6715
419 -0.49353662021658617 0.69857832046942381 4.3641666553953762 31 27 26 1.8583886072212734 8 11754 3 8849 14 10214 2 6716 1 11787
420 0.20837945696831256 0.76204895942234996 4.5054266160170631 137 109 85 1.7542106297128601 8 10611 3 8858 5 8749 6 11800 9 8959 13 9046 6 10188
421 0.20785789407044991 0.7617282071639625 4.5058861284162539 137 109 85 1.6305261726446016 8 10612 3 8859 5 8750 6 11801 9 8960 13 9047
422 0.18758857811043084 0.8382156047407755 4.4769174682500763 132 102 76 0.7367971044885433 8 10647 3 8875 6 11839 2 6764 4 8434 13 9586
423 -0.36485835616961493 0.90938840474608096 4.3416803258980936 49 48 43 1.5758178356938231 8 11795 3 8893 5 10268 14 10500 2 8717
424 -0.36497222966073589 0.91027012274527841 4.3431927003268473 49 48 43 1.3570844285477583 8 11796 3 8894 5 10269 14 10501
425 0.72617546796877641 1.0967298349537935 4.6280653337824651 162 143 126 0.68731893744984263 8 10700 3 8924 4 8526
426 1.2727836931600591 -0.50735527754562193 5.0927907609807583 165 153 131 0.67413394804734661 8 12458 3 9270 5 10573 14 10407 6 14118 2 9074 1 13452 4 10628
427 1.1120791004147494 -0.49657749914815019 5.1506864907226442 170 149 121 0.88150148332559375 8 12457 3 9273 5 10572 14 10405 6 14117 2 8489 2 9073 1 13450 4 10625
428 1.1323688010744106 -0.4204003257529817 5.1207612104854219 71 52 36 0.59112664389658642 8 12470 3 9285 5 10080 14 10107 6 13570 2 8507 1 12641 4 10655
429 1.0524786570927078 -0.33330006826407599 5.1371462449122234 160 140 116 1.4535644760338977 8 12482 3 9297 5 10595 6 14136 2 8517 1 13468 4 10666 9 9307
430 -0.18651114564738747 -0.21932586838073004 4.5684011684741748 66 53 45 0.98633878150512078 8 12493 3 9311 14 10404 2 8525 4 10685
431 -1.3531288985509857 -0.19093886948698283 4.6730651380963151 119 109 101 0.76736723487608904 8 12488 3 9316 1 13467
432 1.1125646340528013 -0.15153722550399196 5.0852710395348453 168 153 130 0.8949745029041658 8 12506 3 9317 5 10113 1 12687 4 9615
433 0.39973197278343303 -0.14338842836887178 4.8096138086588445 151 129 113 1.1914702317433128 8 12505 3 9319 6 14156 2 9099 14 10422 4 10697 9 9677
434 -0.50929977274881755 -0.14435828109342308 4.5126682018335362 144 130 117 1.5828882069621926 8 12501 3 9325 14 10408 1 13479
435 -0.36859248984823717 -0.12939862738709321 4.5138275394161518 50 37 28 2.1624870293091853 8 11592 3 9327 5 10110 14 10106 2 7686
436 0.65102025126611895 -0.056167261481425902 4.9127452075020139 147 133 120 0.81922503582380002 8 11607 3 9333 2 7703 6 12783 1 11585 4 9632 9 9357
437 -0.32416180422835905 0.79928734842947557 4.3508685935716551 126 105 87 2.1600868816440331 8 11775 3 9397 14 10485 2 7890 1 12855
438 0.2642796315603973 1.0545084328040448 4.4587807886041322 154 136 118 1.0089831129718891 8 11818 3 9427 6 13030 2 6844
439 0.65909961698381569 -0.32185425726001027 4.9835499076430594 152 141 129 1.2240746341387951 8 13134 3 9703 5 10591 14 10108 6 14135 2 8514 1 13465 4 11428
440 0.62133401668968857 -0.25730702270500178 4.9517359311102744 167 155 139 1.1271845836980208 8 12490 3 9708 5 10094 6 13589 2 8524 1 12664 4 10677 9 9661
441 1.2840589106920621 -0.25425035472871849 5.0523208368410479 153 128 97 0.87792907369118223 8 12494 3 9709 5 10098 4 10683 1 13478
442 -0.01846607060456823 -0.20410474130362477 4.6271241363842526 158 144 135 0.8895689954460172 8 12496 3 9715 5 10099 14 10104 6 13596 2 8530
443 0.80494201882995875 -0.18387394370079235 4.9727645167759071 76 63 54 1.7621998818158431 8 12498 3 9717 5 10603 6 13600 9 9952
444 0.081617810491051435 -0.11426660701005038 4.6628041143812196 107 89 77 1.3395979246627501 8 12509 3 9723 5 10116 14 10116 6 13611 2 8542 9 9688
445 1.3835102044271608 0.015029985218637257 4.8545352665498864 165 148 122 1.3268593891494773 8 12530 5 10133 14 10136 2 7720 4 10729
446 -0.33039328168519988 0.49123942494405126 4.4468803724571568 97 81 66 1.5215216778593075 8 13196 5 10909 9 9982
447 -0.88874784968963083 0.61518898598982508 4.3537600750910368 107 88 73 0.68145905404365825 8 13206 3 9773 5 10659 6 14586 1 14086 4 11529
448 -1.5490795653591243 0.6731079007056614 4.5888133905736144 119 104 85 1.3984833841674558 8 13210 3 9775 2 9170 1 13589
449 -0.65744969286041022 0.77375769999260169 4.3390825228752572 191 170 149 1.7257379700114361 8 12626 3 9785 5 10667
451 -0.48894907194613013 0.89609252539321116 4.3093873462263721 26 25 23 1.2796926777021818 8 13234 3 9802 1 13628
452 -0.42660362079472203 0.94940611258352248 4.3107976340038512 174 153 136 2.0659409277482812 8 13239 3 9808 5 10678 2 8731 9 9764
453 -0.21876369858061565 -0.35300945494898228 4.5912762113099346 119 109 94 0.97168965735142676 8 13127 3 9970 5 10828
454 -0.32186245195482166 -0.27990209801876631 4.5301192958213417 21 16 12 0.84937286173051552 8 13135 3 9981 9 9948
455 0.040351980087618255 -0.25377886978790426 4.6509608425826592 41 30 24 0.55602562329437966 8 13546 3 9986 5 10842 6 14520 2 9483
456 0.7525230639998175 -0.26118042061295571 4.9727667085894218 172 154 134 0.88665478190565006 8 13140 3 9987 5 10845 6 14524 1 14012 9 9943
457 0.33629755744078177 -0.21890524765327504 4.7960471653458958 50 39 33 1.1325294821737026 8 13551 3 9989 5 10846 6 14529 2 9487 4 11958
458 -0.41553700879079641 -0.19115284621470699 4.5205208900594087 169 150 136 0.4236184206400877 8 13141 3 9996 5 10848 2 9090
459 0.67862963651444308 -0.19037497016440527 4.9104515503360826 64 53 44 0.80741129181945348 8 13143 3 9997 5 10601 6 14147 2 9096 9 9951
460 0.20506015089913404 -0.15338936822837956 4.7233068985553643 60 40 29 1.4204206462801787 8 13558 3 10001 5 10851 9 9957
461 0.61716903587721905 -3.7492070027753392 10.031017034219291 146 144 145 1.2581369149999477 3 56 8 79 5 4 6 197 1 489
462 0.47015905575976674 -3.6561812829779985 9.9470259370372549 152 148 149 1.0759317565990796 3 64 8 83 5 12 6 213
463 -0.34191567909895304 -3.5739918646570699 10.13819353821223 96 95 100 1.5689829714917827 8 4822 5 19 6 5498 1 478
464 -0.122175207428555 -3.5575402445949975 10.052180876966995 157 156 161 1.1348576787894169 8 91 5 28 6 223 1 505 4 170
465 -0.33517686100904465 -3.5383123409266828 10.137601920283316 157 156 162 1.0631588264866534 8 4828 5 30 6 5505 1 5688 4 167
466 12.771370605210706 -6.3171196012304724 14.887948924666572 131 132 142 2.3007750745511593 8 4844 5 33 6 5527
467 -0.22664841521538664 -3.5207078308603994 10.090457764658037 154 153 158 1.1739487656749761 8 93 5 34 6 233 1 516
468 -0.095793354722419843 -3.5084419225856389 10.02790030938697 154 155 159 1.2256449277749926 8 100 5 36 6 239 1 537
469 -0.15206752325453765 -3.5014400159106058 10.034117969964386 166 165 170 0.96432934680693005 3 115 8 98 5 38 6 236 1 5703 4 182
470 -0.15206752325453765 -3.5014400159106058 10.034117969964386 166 165 170 0.96432934680693005 3 116 8 99 5 39 6 237 1 5704 4 183
471 0.52822495039876816 -3.5656786352363308 9.9948839883537666 155 153 156 1.2964590196567074 3 92 8 105 5 40 6 249 9 121
472 0.63319867963758014 -3.5938327222317463 10.053917267715656 153 156 161 1.3324819019420902 3 87 8 106 5 41 1 576 9 104
473 -0.3648060955348007 -3.4871104436560998 10.137582861830017 152 152 156 1.1053499647876117 8 96 5 46 6 240 1 521 4 176
474 -0.30907874396013385 -3.4881025389553471 10.110308660940509 166 167 172 1.0356549389837195 8 97 5 47 6 241 1 527 4 180
475 -0.22889704312019807 -3.486699115172788 10.069436400811062 89 88 91 1.2978315695467477 8 102 5 48 6 242 1 536
476 0.56504937056664284 -3.5396044996356189 10.038590826176 123 122 127 1.4128824362854373 3 106 5 55 1 598 8 114 4 212
477 0.56504937056664284 -3.5396044996356189 10.038590826176 123 122 127 1.4128824362854371 3 107 8 115 5 56 1 599 4 213
478 0.53261440204149557 -3.5111208748882832 9.9993758188112576 161 164 170 0.62152309289384566 3 109 5 61 8 118
479 0.011724137912020982 -2.6280935215398937 7.0707208160186656 73 81 91 1.4963947803004849 3 114 5 62 6 5577
480 0.73586432143687541 -3.5404800929436258 10.087185640976237 166 164 167 1.3766126970261798 3 110 8 121 5 64 6 288 1 613 9 130
481 -0.16993609574103608 -3.4158747826542708 10.037031448083075 146 147 151 0.87505391447979952 8 4846 5 67 6 5534 1 5720 4 202
482 -0.17171521614747104 -3.4137990686340447 10.025281508583269 146 147 151 1.0485591511563679 3 137 8 4847 5 68 6 5535 4 203
483 -0.28837022480103131 -3.4071301103954847 10.090015466190536 160 159 164 1.2242537414546935 8 116 5 72 6 277 1 569
484 -0.28817492164918296 -3.404935545958951 10.088808939312978 160 159 164 0.99457069794359299 8 117 5 73 1 570
485 12.738862096303059 -5.9863531554496321 14.501454342156649 122 126 135 1.3868985995037422 8 153 6 5560 1 851
486 0.57588612760267988 -3.4544228248135953 9.9842461311485931 165 168 173 1.4438118210852973 3 120 5 83 8 129 9 3669
487 0.73677935008087148 -3.4770004450636747 10.059437063586591 157 158 163 1.6388501565584821 8 136 5 87 6 304 9 3665 3 121
488 0.62882341584714019 -3.4474166248482203 10.018014226511161 167 168 170 1.3967932033463399 3 129 8 135 5 90 1 652 9 156
489 -0.23474921988592368 -3.3510807511303451 10.029898091037891 161 162 166 0.84028164671519512 3 150 8 4857 5 92 6 5546 1 5735 4 226
490 12.658453351005228 -5.9145680604510789 14.450477361887833 75 78 87 2.0920493000410425 8 166 14 495 6 5562 1 869 4 297 11 5659 7 4095
491 0.69413651337346338 -3.4433609569340753 10.058436144634193 162 166 169 0.94905943947783944 3 132 5 98 1 672
492 -0.14547956195080436 -3.3124532801420021 9.9711384540671517 88 86 91 1.0300224363097916 3 158 8 138 5 102 6 308 1 627 4 246
493 0.66498760395096945 -3.4151433301622136 10.043434059986506 121 120 125 0.62454711686862052 3 140 5 103 8 147 4 255
494 -0.3324590673480825 -3.2983065952204988 10.051332614539607 86 86 88 0.9373344463118769 8 137 5 104 6 313 1 619 4 239
495 -0.26254913206076214 -3.297493258982422 10.031916430565577 162 163 167 0.84145474256211483 8 139 5 105 6 5553 1 5751 4 242
496 -0.20517140446352389 -3.3018131342099015 10.010508670086089 159 158 163 0.92367697126934767 8 140 5 106 6 317 1 634 4 245
497 0.77848335416302761 -3.4249813207421949 10.060850279713828 171 172 176 1.3263391995560758 3 138 8 150 5 107 6 325 9 162
498 -0.015822115620100774 -3.2985049686103229 9.9332524253993739 161 162 166 0.76920427394157664 8 144 5 111 6 5556 1 648
499 0.52932413588405347 -3.3588889469956453 9.9697152568058947 161 157 156 0.3603099884560465 3 146 8 152 5 112
500 0.74115726398508985 -3.3938454652460228 10.069118975788884 160 164 167 0.57966986443911694 3 143 8 160 5 115 1 701 4 268
501 0.58908697763505047 -3.3527158316383749 9.9926489268224401 164 165 168 0.69333007807899893 3 148 8 4865 5 119 1 697 4 267
502 0.67573781394720989 -3.3431372402984039 10.030730131913307 164 168 171 0.62275502767852164 3 152 8 173 5 133
503 1.0149832011453552 -3.3825583417263636 10.079140251915923 95 93 98 1.0503264532788208 3 147 8 177 5 136 6 356 9 164
504 0.010092776177268004 -2.4538084083929359 6.9567894855231618 73 80 88 1.1304468852318108 3 162 8 261 5 139
505 -0.72241700329703373 -3.1794676442741014 10.079165254793937 153 156 163 1.1531264262726997 8 154 5 142 6 344 1 639 4 250
506 -0.094043594614528575 -3.1535498058324909 9.9432852688701434 152 156 159 0.82172802982972326 8 195 5 160 6 377
507 0.91281112408504828 -3.2967917593953224 10.099061500315539 110 105 102 0.78920424394214939 8 201 5 162 6 384 1 752 4 302
508 0.7177624699670726 -3.2391187969981394 10.028827635743182 168 164 163 0.56334266597405003 3 178 8 202 5 165
509 -0.53290626611042669 -3.1189806575093573 10.106001765480549 155 156 158 1.2136796748014012 8 4876 5 167 6 5581 1 5790 4 278
510 0.70268581433671096 -3.1132721669584176 9.9941431974729404 148 151 156 0.58672023577191468 8 231 5 191 1 811
511 0.75904367818595597 -3.0969428122155533 9.9992401196161751 154 159 165 0.35894055169825395 8 233 5 199 4 342
512 0.86993277550740333 -3.0881054753833124 10.046837495819201 162 166 169 0.7314653507563369 8 239 5 209 1 847
513 0.070974434695039945 -2.2238534711530078 6.8178845328442197 58 61 68 1.189833749530637 3 229 8 317 5 214 6 511
514 -0.03117173661327427 -2.1859186215749613 6.7517386667105725 136 137 139 1.05701530647875 8 322 5 219 6 515
515 -0.03117173661327427 -2.1859186215749613 6.7517386667105725 136 137 139 1.05701530647875 8 323 5 220 6 516
516 -0.036305481037745613 -2.1225764339396123 6.7094410998002711 69 69 69 0.79126791654878936 8 348 5 237 6 5705 2 453 1 6050 4 560
517 -0.034774165322622896 -2.0913309218180527 6.6977617699741279 147 146 142 0.98623693196094353 3 248 8 361 5 250 6 566 1 1111
518 -0.023904698289508974 -2.0133579185282668 6.6685791332853306 102 93 86 1.2271847934803513 3 285 5 269 1 1183 14 12
519 0.096935076636060491 -1.9467735806065785 6.6176756658615137 53 56 56 0.63847748561227813 3 295 8 438 5 288 6 660 1 1243
520 1.0860218787967757 -1.7974684890086752 5.5029061237455172 128 123 120 1.3743452768174995 3 250 5 293 9 267
521 -0.1752515502981277 -1.8542363192894802 6.6710780944289629 109 104 102 1.6723731551039993 8 469 5 316 14 3581
522 4.0638039621951441 -1.62114048332225 3.6451808004407722 130 125 122 1.509038722185756 3 3627 5 323 14 571
523 4.0638039621951441 -1.62114048332225 3.6451808004407722 130 125 122 1.509038722185756 3 3628 5 324 14 572
524 -0.19621169689753171 -1.8175701603691312 6.6664193166576506 139 134 126 1.9738436265344019 8 485 5 330 14 61
525 3.9815799889855601 -1.6143208050210607 3.785700937086431 127 110 100 1.3782439036493146 3 3642 5 334 14 588 14 3966
526 3.8958292353649746 -1.6184051982843684 3.8993101526667315 130 127 130 1.1713123250191142 3 3645 5 341 14 579 6 998
527 0.042351163558562444 -1.782362056243842 6.5989896760271032 116 107 98 0.99986403064148488 8 514 5 348 14 3625 1 1356
528 -0.75419732750874457 -2.2707233645306046 9.8685672325234766 79 73 75 2.0209318058536097 8 390 5 369 6 5754 2 478 4 491
529 -0.75419732750874457 -2.2707233645306046 9.8685672325234766 79 73 75 2.0209318058536097 8 391 5 370 6 5755 2 479 4 492
530 0.059147997006992525 -1.7151450176032936 6.5925948973297643 112 105 97 0.3442852318009848 8 563 5 388 6 803 1 1395
531 0.059147997006992525 -1.7151450176032936 6.5925948973297643 112 105 97 0.3442852318009848 8 564 5 389 6 804 1 1396
532 1.2357883544559596 -1.6035936740458614 5.4364680499444624 115 110 104 0.83028178303667677 5 394 10 8605
533 0.15115966208807785 -1.7089484451471846 6.5757897334075555 123 112 103 0.41391717529342165 8 566 5 397 6 814 14 175
534 -0.052568219883027234 -1.671413495188556 6.5989505909911772 125 115 105 0.55048603189252499 8 576 5 410 6 825 1 1416
535 -0.052568219883027234 -1.671413495188556 6.5989505909911772 125 115 105 0.55048603189252499 8 577 5 411 6 826 1 1417
536 1.2861552418814322 -1.5998654737993072 5.5250087574289077 158 153 147 0.92334617057225732 8 692 5 412 6 900
537 2.5657905879805658 -1.8255819960470416 6.253501991564721 135 136 138 1.7407568104484064 8 660 5 418 6 882 10 6162
538 1.1839230412330302 -1.566249036418236 5.4876139488486402 163 154 147 1.4129685542344188 3 3790 5 419 14 3728 6 911 1 1684
539 0.82163429017951439 -1.4857246975589917 5.3131675124460491 174 165 158 0.92671748731870007 3 363 5 427 9 426
540 0.82252250140119187 -1.4834944273362893 5.3110375573370936 174 165 158 1.0419017893299132 3 364 5 428 14 255
541 11.583891301452987 -3.8200560933190313 14.111654593055979 139 134 131 0.99632597324866645 8 502 5 437 6 760 11 5878 7 4235
542 1.9976108354781288 -1.6916203976402622 6.0199399057279965 139 129 120 1.4822098626392688 3 341 8 701 5 441 14 434 6 918 9 3793
543 11.566592017589219 -3.8009882972327089 14.192541153888017 136 132 131 1.1974897470162646 8 507 5 445 7 4236 6 769
544 -0.40317425717426547 -2.0527938883529648 9.6145414856020857 147 134 125 1.1016567371471131 8 5052 5 450 6 5805 1 6121 4 4828
545 2.6647713614489965 -1.739826614482304 6.1671463975915213 90 94 97 2.5556626755610026 3 3783 5 455 14 3928 6 5933 1 1736 10 7675 11 11596
546 0.13682930357767198 -1.5447952273392502 6.5421094311973143 139 134 128 0.47945582128629383 8 685 5 483 6 917
547 1.0898632038893261 -1.4407808229033863 5.4171566448323611 152 142 133 0.78739075783272228 8 798 5 486 14 357
548 1.1736729261624579 -1.4537492154079079 5.450132653827092 164 154 145 0.92011887420223293 8 791 5 488 14 366
549 1.014829766012082 -1.4127529900826667 5.3189895140991936 169 159 150 2.0063274381787162 5 493 10 7541
551 1.1052009053543872 -1.4262524606280291 5.4198001463373648 173 163 154 1.2241255761437224 3 410 9 3855 5 505
552 2.6660545417035597 -1.6504205901491436 6.1437854005492998 109 109 107 2.2436533219285488 3 361 8 786 5 514 14 3972 6 1023 1 1795 11 11605
553 -0.47636317597693723 -1.8944646235446674 9.6347206685429363 142 129 121 1.2800609536722696 8 559 5 521 6 857
554 -0.72754874826723959 -1.8679209273426023 9.6368567500958111 95 86 79 1.9054364982365155 8 554 14 3736
556 -0.23739997760168408 -1.4388579280099165 6.5923120850925292 55 50 47 0.56514771129163199 8 726 5 533 1 1629
557 -0.23739997760168408 -1.4388579280099165 6.5923120850925292 55 50 47 0.56514771129163199 8 727 5 534 1 1630
558 2.3105575006545678 -1.5782547448397992 6.1424590004505717 167 155 141 1.2578952329628383 8 820 5 535 6 1051
559 -2.2983210168626851 -0.87663277399313222 3.9867945194033751 78 65 58 0.37529186515880075 5 538 6 1147
560 1.1081101175525878 -1.3557591966170941 5.3460127778705804 173 163 153 2.1749111095143565 5 542 10 7581
561 1.1339167439389937 -1.3687034949833294 5.4099333698356356 173 163 153 1.3844599782839617 3 431 9 479 5 543 14 413
562 2.0356187108165726 -1.530590515571544 6.0141831369017398 164 150 139 1.0018213624639374 8 825 5 544 6 1057
563 2.8275642846629787 -1.6156327842827407 6.1884065489709439 136 131 127 1.5252156408338176 3 3812 9 6117
564 -0.22291531808684356 -1.4239496155445399 6.5872749666798329 168 159 151 0.54816777007169781 8 738 5 546 6 995 1 1639
565 1.5525172728124494 -1.4439210788887613 5.7556689288603291 151 141 129 1.5906368846536352 8 845 5 547 14 502 6 1070
566 3.9913766346114441 -1.3242314185521167 3.6821139654374493 42 28 19 1.5522799029970675 3 3730 5 549 14 809
567 0.89732145984254252 -1.3173959636362611 5.2986377330471646 147 134 125 1.0693466430255714 3 442 5 553 14 384
568 0.87748188622534973 -1.3097388593733896 5.2955618184231303 171 158 149 0.62872512196967356 3 3859 5 560 9 3897
569 3.2191962233201061 -1.6433966806034013 6.390296016765892 140 136 135 1.233139552059396 3 3814 5 564 6 1073
570 0.12402345579291701 -1.4099293520424854 6.483220202439548 82 78 75 0.40348217540886355 3 473 5 568 6 1026 1 1715
571 3.9274472402304985 -1.3062976946835372 3.7611795031903696 128 101 84 0.78743200612409059 3 3742 5 572 14 4162
572 0.040759328416798857 -1.3953923254789369 6.5118596636988002 132 122 113 0.23760902948459947 8 784 5 573 6 1040
573 0.28465364924310627 -1.3564081808043662 6.4098939228173464 79 69 59 0.10853488625058545 8 832 5 610 6 1077
574 0.36823920369642454 -1.338802292311436 6.3887832025649383 152 133 116 0.37271761408980342 3 488 8 855 5 620 6 1093
575 -0.7273945469660118 -1.0298812217949171 4.7648255036271641 150 147 142 0.9008202179252961 8 967 5 635 14 6192 6 1190 1 1951 9 840
576 3.9858522394533598 -1.2274707601739669 3.6341420155038566 41 26 19 1.2102565654618127 3 6066 5 637 14 4226
577 3.142111541393585 -1.5204231980057914 6.3034995337280719 110 103 97 2.6014077417735577 3 6126 8 899 6 1144 10 6284 9 7647
578 -1.2393105389035284 -0.97860523243495645 4.8598136901063276 137 136 141 2.4742587672218774 3 593 5 648 14 6174 6 1198
579 4.0023134682512733 -1.2022423179524451 3.6031884016514848 164 149 144 1.1804451088265613 3 3775 5 650 14 922 6 1434
580 -1.9767178973214545 -0.95370738720587267 5.1845427599042209 127 126 131 1.763980798670939 8 926 5 651 6 1166
581 -1.5675354325651203 -0.96083515260506669 4.9758085536746712 107 108 112 1.515839934372432 8 959 5 652 6 1194 1 1895
582 2.8062492050288901 -1.4405411838454023 6.1466540630971984 162 153 146 1.6318380657202323 8 917 5 653 6 1174
583 -0.63347244926188484 -0.99692285599703645 4.7513548404827377 136 126 117 0.81166221633899005 8 1013 5 659 14 6215 6 1244 1 2009
584 -0.85744198894361623 -0.97779340459806119 4.7677764486619969 91 81 79 1.3206547893883716 3 584 5 660 14 6195 1 1987
585 4.0107831745416469 -1.1887946896407351 3.6199080941565778 75 56 49 1.0166572974933317 3 3780 5 661 14 4262 6 1449
586 4.085883986855058 -1.1794179387172492 3.4973821561035829 98 79 64 1.3983861953185135 3 3772 5 662 14 949 6 1460
587 -2.1174107794496355 -0.93503873234052892 5.2595719746201191 144 142 147 2.1685168277715872 8 939 5 663 6 1184
588 -0.923847164347807 -0.97324285965738688 4.791505661586374 101 96 92 0.98218355558903814 8 1012 5 664 14 6190 6 1236 1 1983
589 2.9991849489379439 -1.438151268554025 6.2151276357865699 126 115 109 1.733534877708129 3 3866 8 936 5 668 6 1191 10 4091
590 3.0138826003218386 -1.4421597165218638 6.2549566515186941 126 115 109 0.84360015234943153 8 937 5 669 6 1192
591 -0.36921489445451572 -0.99974680520663706 4.7486836414745186 161 149 140 0.79432280781125253 8 1039 5 676 6 1268 9 823
592 -0.64593291245554418 -0.96442812222477836 4.7651509137652379 165 156 151 0.48870323105279595 8 1052 5 693 6 1290
593 -0.41413741458596209 -0.97800647379774486 4.7403997348033968 125 112 104 1.2206260801382534 3 582 8 1057 5 694 14 3706 6 1302 1 2073 9 857
594 -0.36965454896493999 -0.97648841681857512 4.7445268117685142 110 100 90 0.37296681620598499 8 1061 5 698 14 6250
595 -0.36965454896493999 -0.97648841681857512 4.7445268117685142 110 100 90 0.37296681620598499 8 1062 5 699 14 6251
596 0.86039910873658809 -1.1223569350071467 5.2434986637926011 173 159 148 0.51327505739867896 3 523 5 704 14 532
597 2.7861426166856487 -1.3527395759831664 6.1227201627934171 120 110 98 1.5035899283131775 8 992 5 710 6 6148
598 0.91549866747998232 -1.114950221094742 5.263471702061171 171 157 144 0.50239320137790588 3 528 5 723 9 4002
599 1.1666932278407414 -1.1342481032573262 5.3722232087468909 173 157 144 1.1865228989809038 3 3949 5 726 14 622 6 1312
600 0.21193945741371684 -1.0153705176339587 4.9425470208216673 46 37 38 0.45702216589772221 3 576 5 733 9 766
601 -2.0933303604527227 -0.86004119806359836 5.2188824189241947 113 108 111 1.9647182325779216 8 5402 5 738 6 6159
602 0.8983083305366546 -1.08318425351451 5.2484963778848321 139 125 112 0.94588322706752315 3 559 5 743 14 3963
603 3.2733670596918536 -1.3631744975863056 6.32816474609234 122 113 108 1.8656164578040133 3 479 5 752 9 3841
604 4.0430021565683809 -1.0998598697864652 3.5220826119252804 152 139 130 1.4782997482722078 3 376 5 757 14 1029
605 0.91247219337540475 -1.0702496269346324 5.2552185673094991 179 165 152 0.82598203675630533 3 562 5 761 9 686
606 4.008628485021605 -1.0892633834575258 3.5724449317708253 148 138 128 1.6823271657451588 3 3819 14 1038 6 1556 5 764
607 4.0529020018676132 -1.0790205065628806 3.5077973791877453 157 143 134 1.5688386144747537 3 387 5 772 14 1051 6 1565
608 1.2341938505801635 -1.0861472102466763 5.378690697164962 172 156 141 1.108596905251354 3 3974 5 773 12 9609
609 0.77928191624900722 -1.0329434423223958 5.1896728552765348 172 162 150 0.34933485617515081 3 586 5 776 6 1366
610 3.9641979510379537 -1.075630400217751 3.5981733077947604 143 131 119 0.12719912145415657 3 409 5 778
611 -0.11360767996329291 -0.92546920294690471 4.7896873952874568 166 156 145 0.47495750619606064 8 1145 5 779 14 3801
612 2.1282498288143894 -1.1956208265288755 6.0532422098146794 34 37 43 1.4231296336881729 8 1074 5 791 6 6211 14 4150
613 0.50358469750740875 -0.97997116958451858 5.0553348292751945 41 31 30 0.52211813179745847 8 1140 5 793 6 1405
614 1.9184394583377635 -1.1651863274536141 5.965470599757956 133 125 117 0.87196901708855423 3 563 8 1088 5 798
615 1.9998030731609107 -1.1576815142571915 5.9899542869332087 144 134 125 0.9323472789664301 3 571 8 1097 5 812 6 1367 1 2139 14 4149
616 -0.057020279929183737 -0.89974495743216576 4.7985519297118291 151 135 120 0.72411774956126473 8 1176 5 814 14 3835 6 1431
617 -0.057020279929183737 -0.89974495743216576 4.7985519297118291 151 135 120 0.72411774956126473 8 1177 5 815 14 3836 6 1432
618 1.9023771379660013 -1.140778697697389 5.9434693752510857 160 150 140 1.1183128428229383 3 578 5 820 6 1386 14 797
619 1.0144126407599334 -1.0058595444889398 5.2738137463339561 173 157 144 0.8499303368365354 5 829 14 4043 6 1423 3 4026 9 4076
620 1.982387758744093 -1.1321849171532281 5.9729260514504601 130 121 112 0.89069225611274594 3 588 8 1121 5 833 6 6248 14 825
621 2.1967006659602242 -1.1584357761242088 6.0732378294315978 149 142 134 1.5325418698018141 3 3984 8 1113 5 834 14 4183 6 1399 1 2165 9 611
623 1.0296382663272263 -0.9865632122844038 5.2718018685545065 144 128 113 1.7380571174190125 3 4038 5 845 12 10806 13 7771
624 2.5169648455810441 -1.139871583763423 6.0449451870056921 143 135 123 1.5910321749746832 8 1155 5 858 10 4147
625 3.8015473322675817 -1.0185015917357505 3.8768648789466207 151 144 136 1.1775889812740947 3 456 5 859 14 1109
626 0.38586283566075713 -0.8945710433960814 4.9993454647116566 119 105 96 0.88360742204073373 3 690 5 864 14 3973 6 1479
627 3.766801080204476 -1.0089762769578374 3.9138287210828695 149 141 130 0.72334768997950905 3 3891 5 872 14 1114 6 1626
628 3.8237305280235159 -0.98801237426310318 3.83331383623098 75 66 61 1.4153088317854774 3 3896 5 893 6 1656
629 3.868591920834068 -0.98822141377048056 3.7852907301313121 139 125 116 1.3742249575751229 3 464 5 894 14 1144
630 1.9736765874395252 -1.0455318430911527 5.9604827387297732 66 56 47 0.89042479386129847 3 4059 8 1203 5 902 6 1477
631 2.206163693712631 -1.0536597127283291 6.05037224459927 155 145 137 1.0326055589879788 8 1217 5 913 3 4063 6 1484
633 1.7093502038094486 -0.99419394140523543 5.8110140628567937 156 144 132 0.83864012394302168 8 1235 5 924 14 4203 6 1500
634 4.0593713822793394 -0.91977595134018186 3.3857713800060631 138 124 113 0.91903285950855462 3 3892 14 1207 6 1757
635 1.8841094254821895 -0.98740081682885728 5.9138309324193612 103 93 84 1.0081963697622045 8 1252 5 943 6 1527
636 4.0449061309146357 -0.91442255733028099 3.4082598201002599 137 123 110 1.1439939028639454 3 3898 14 1213 6 1763
637 1.7221420589180729 -0.94442845313634549 5.8238920005642099 49 45 37 0.94933290922154112 3 4112 5 949 14 4248
638 -0.38537957866595368 -0.8597219549216446 6.5410764608724721 98 88 78 1.892506534294607 8 1188 5 953 6 1482
639 4.0202486016662142 -0.90131656145888883 3.4348111413831637 146 132 121 1.6258650682213887 3 3909 14 1223 6 1775 5 954
640 2.5923629173436722 -0.98786208298747979 6.0528273146903686 71 62 53 1.3271897412909179 3 705 8 1301 5 965 14 4370 6 1570 10 7826 9 677
641 0.60923076554840594 -0.80751319337903626 5.2954741100572553 116 99 83 0.4780145312221446 8 1331 5 967 6 6376
642 0.64453850398662538 -0.80150890459334401 5.2043261595660768 166 150 135 0.30940681025207611 8 1344 5 969 6 9370
643 0.67143763191084327 -0.77953366781252031 5.1207273108385749 65 51 40 0.65762234173240608 8 1376 5 980 14 4136 6 1623 1 2343
644 -0.22170014272482791 -0.80345349089518359 6.422181362382184 36 27 20 0.50620001023106698 3 846 5 988 6 1550
646 0.87106547234687426 -0.75568342085623297 5.1577594422211073 172 156 140 0.4180451889974191 3 815 5 1008 9 981
647 1.9775432636400812 -0.87266148988863479 5.9058479247850775 153 143 133 1.7562245371683352 3 773 8 1366 5 1009 14 4353 6 1639 1 2350 10 7807 9 825
649 2.641922794008289 -0.91279586934956536 6.0379171486887699 59 49 39 1.1285654074557043 3 4142 5 1016 6 1648 14 4425 9 4071
650 1.0400357872307662 -0.76484174492288648 5.2288246091637705 141 122 105 1.233641072969385 3 4195 5 1017 9 959
651 2.3830527458359181 -0.89024696577467655 6.0767854211282391 124 108 93 1.7730234216799945 8 1377 14 1123 6 1651 5 1028 10 6417 9 4118 12 10836
652 1.8950118976668122 -0.83894615711666942 5.9211417927949483 40 32 29 1.7628097451897835 8 1398 5 1031 12 10872 6 1658
653 1.870252897270924 -0.83851963303630495 5.8493074416217556 40 32 29 0.80294759742779365 8 1399 5 1032 6 1659
654 2.3024363833395354 -0.8544937730030685 6.0455064038377282 29 29 32 0.97231949416825847 8 1409 5 1046 14 1136 6 1672
655 3.8814941802694918 -0.80369966523012282 3.7103285143796203 143 116 97 1.4516475226676011 3 614 5 1054 14 1303
656 3.8814941802694918 -0.80369966523012282 3.7103285143796203 143 116 97 1.4516475226676011 3 615 5 1055 14 1304
658 1.685275630240523 -0.786427518071946 5.7505963436442507 131 121 111 0.96310738040066057 8 1437 5 1061 6 1694
659 2.381299156978586 -0.82214768279155315 6.0730912318825281 146 136 124 0.78913312232972255 3 818 8 1440 5 1075 6 1705 1 2434 4 1651
660 2.3465551236647131 -0.77729782703452144 6.0481800048230188 152 140 127 1.0687984901035383 3 4222 8 1478 6 6453 1 2465 9 4179 5 1101 14 4478
661 2.2121119681642663 -0.73045354597343881 5.9598750040709474 140 130 118 1.1142502858678121 8 1503 5 1119 6 1783
662 2.3245205229644141 -0.73663358155096836 6.0284792450700539 45 36 26 1.0474566699406611 3 4238 8 1497 5 1120 6 1785 9 6415
663 1.9902548726155627 -0.7058795686094872 5.8824396820626372 155 145 135 0.49598008038140606 3 4251 8 1511 5 1128
664 5.8201944681129749 -1.0303386600205986 9.0689604845360705 111 114 120 1.9427381925886451 3 4214 5 1129 14 1437 6 1716 7 9363
665 5.8201944681129749 -1.0303386600205986 9.0689604845360705 111 114 120 1.9427381925886451 3 4215 5 1130 14 1438 6 1717 7 9364
666 0.91531838027114776 -0.61420111883976114 5.1402179660610798 145 128 110 0.89891763917462875 3 4276 5 1131 14 4329 9 4360
667 0.7160187235309996 -0.59778036697047621 5.0700141680905331 111 92 75 0.85523643266249927 8 1562 5 1133 6 6496 2 1402 1 6874
668 0.62061833249900866 -0.58167370631888426 5.2439054613539939 136 119 103 0.52678251929130315 8 1566 5 1144 14 4303 6 1828
669 0.82226237515737033 -0.58875217254008616 5.0965619446493671 155 138 120 0.5591699885556386 8 1581 5 1145 9 4383
670 1.8325709005317563 -0.66693578383672181 5.80299058511509 148 138 127 0.75988987778359429 3 4269 5 1146 6 1818 9 6463
671 0.77752959152359424 -0.56892071717437065 5.0733574461658657 189 179 159 0.51930973322475527 8 1601 5 1154 14 1030 3 939 9 4397
672 0.76384631445105655 -0.56445497950517831 5.0384131823397755 189 179 159 1.8684489251392677 5 1155 10 8747
673 -0.87211615782991214 -0.44177540987600628 4.6268785127593279 171 164 156 0.87159635849312822 8 1649 5 1174 6 1897 1 2554
674 0.84902110540648024 -0.54123776263803469 5.0942461520006361 152 135 117 0.50149491446989181 3 966 5 1190 14 1094
675 2.1617762874511799 -0.63247697556523208 5.9367722950653246 117 106 92 0.90490677387188434 8 5758 5 1193 6 6515 1 2558 4 1780
676 -1.3323923523504291 -0.40256703233930768 4.7427845534402859 30 28 31 0.6076871510835361 8 1659 5 1208 1 2545
677 0.81754338453450259 -0.52456154244914244 5.0512066210372319 185 166 149 1.6012864068289561 5 1211 14 1108 10 8769
678 -1.6059720608195609 -0.38553493215265378 4.8424202675396337 32 27 23 0.98571663580706714 8 1648 5 1216 6 6547
679 1.0859485431936291 -0.53613835913384211 5.1619145604898415 143 122 101 1.1604348677459786 3 977 5 1220 6 1926 2 1477 4 1839
680 0.64068159849839579 -0.50784312656023334 5.1430636038700746 172 156 141 0.44794325247179367 8 1661 5 1224 6 1932 1 2605
681 3.2644831600932722 -0.66570870643256852 6.1655138283089226 142 124 110 1.9551193772654039 3 911 5 1227 10 4485
682 -0.45732647204670529 -0.43065259976407089 4.5837276625619774 49 36 28 1.022989122159033 8 1702 5 1229 14 6540 3 4350 2 1475
683 -0.42643099844323462 -0.4298354064315365 4.5924654661764883 33 23 15 0.92304429614216943 3 4351 5 1233 14 6544 8 1709 1 2626
684 -0.8111203644992786 -0.40651397311594373 4.6177408249719019 153 145 134 0.67702477438343223 8 1705 5 1241 14 6504 6 1966 1 2614
685 -1.5156697694847723 -0.36816588470071254 4.7871111096840462 158 149 142 0.82102779127884873 8 1688 5 1251 1 2563
686 3.3389938578365888 -0.63542104542215982 6.1932387017361359 160 144 131 1.4194665712252252 3 4293 8 1643 5 1266 14 1424
687 3.3076607497321575 -0.62312580914778704 6.1801461165631331 132 113 99 0.97813371063460475 3 942 8 1662 5 1271 6 1960 10 4510
688 -1.4450296717003981 -0.3538088826311071 4.7669730962410712 77 73 70 0.4200898897387364 3 1230 8 5821 5 1274
689 -0.4201293589590544 -0.39424671362371677 4.5845716844495099 173 163 151 0.32924869366003268 3 1141 5 1286 14 4207
690 -1.3031159723670884 -0.34491661815090979 4.7224439269099978 143 139 130 0.96551979159323853 8 1753 5 1294 6 2012 2 1479 1 2622
691 -1.6097492681554755 -0.32940004372427378 4.8167797023489589 158 151 141 0.94131166747855433 3 1296 5 1295 6 1997
692 -1.3429669659964643 -0.33871709709037534 4.7342436711990974 158 155 148 0.89605965577548996 8 1757 5 1298 6 2016 1 2625
693 -1.2248898565704365 -0.33833278903194441 4.6922885360777018 29 24 20 0.79309660290628314 8 1768 5 1307 6 2029 1 2646
694 -0.07219782606388192 -0.39884436690636282 4.6611526247952559 142 129 113 0.5760790243200864 3 1136 5 1310 14 4291 6 2045 9 1511
695 -1.2613229286134984 -0.33455620316996015 4.7101438944779712 42 38 35 0.82023377063752312 8 1776 5 1314 1 2644
696 1.0457511081290778 -0.45863509417202009 5.1441459543344354 179 161 141 1.8419788452074399 5 1316 14 1215 10 8817 11 12518
697 -1.8910988637266757 -0.30029372596057291 4.946911824944042 149 140 133 1.2723847856213377 8 1751 5 1319 6 2010
698 -1.1331931510200495 -0.33462268847946897 4.6672808748502339 48 49 41 0.72066803235001309 3 1268 5 1322 6 2041
699 -0.33731111997584717 -0.37531529916700945 4.5820754021050627 156 144 132 0.32533579190014505 3 1174 5 1323 14 6593
700 -1.1042062725374098 -0.33570479695094202 4.6647014845592203 54 56 45 1.0849786102015753 8 1792 5 1330 6 2043
701 -0.13098457216823647 -0.38030885987661622 4.6459355378677571 94 86 75 0.98023298536100723 3 1170 5 1336 14 4298 9 1545
703 2.0027568626369372 -0.49045474319702509 5.393002893908089 85 71 58 1.0948722159268347 3 1021 5 1340 10 7878 11 11676
704 -1.5863482691277024 -0.3033726659062751 4.8026136492878706 151 148 143 0.56616065483214617 8 1783 5 1344 1 2641
705 -1.9809338300509549 -0.28060401093089993 4.9949924219310278 95 85 76 1.4329597492576063 8 1767 5 1345 6 2025
706 -0.51039206190536923 -0.35171285758063575 4.5726678477400382 47 40 32 0.62010458329510809 3 1226 5 1350 14 4236 9 1625
707 1.650213271072128 -0.46408608556909492 5.2795872434082698 41 31 21 0.6075847644199982 8 1786 5 1351 6 6637
708 1.650213271072128 -0.46408608556909492 5.2795872434082698 41 31 21 0.6075847644199982 8 1787 5 1352 6 6638
709 1.7334889745940312 -0.45476790049299254 5.3122091061866072 50 36 23 1.5481471259926967 3 4344 5 1370 9 6561 12 11648 13 9359
710 -0.52146671731634564 -0.33804537117631039 4.5649329518991522 145 138 128 0.8493755962354741 3 1259 5 1373 14 4250
711 1.5467594101473152 -0.44424895255986852 5.2320393929592974 48 34 21 0.62765000535051718 8 1807 5 1375 10 7841
712 1.5468229054307137 -0.44422887650556608 5.2317495812742987 48 34 21 0.64095740699142867 8 1808 5 1376 6 2082 10 7842
713 -0.31365508327448355 -0.34701741586194002 4.5925421936488258 65 61 52 0.69847776578185883 3 1233 5 1378 9 1605
714 -0.18083445058012523 -0.3521504339438204 4.6263207064122316 127 117 105 0.25378827097293072 8 1833 5 1379 6 2103
715 1.6630036331040947 -0.44099382735709969 5.2586260662904332 135 119 106 0.54871108984109906 8 1816 5 1389 6 2090
716 1.7830793546097348 -0.43567508978951375 5.2916740832238656 84 71 57 0.89768892781132759 8 1826 5 1401 6 2107 14 1364 10 7871
717 1.2084905270029029 -0.40128711596100863 5.098171302271604 90 72 49 0.41430537535403333 8 1836 5 1413 14 4542 6 2115
718 1.7474027024582695 -0.42522386492957331 5.3156578583719059 38 26 14 0.69268216423966977 8 1831 5 1417 6 2117
719 1.7660876662740304 -0.42435003530047133 5.3022310972001181 131 117 104 0.82294823943217099 8 1834 5 1418 14 4586 6 2118 1 2747 4 1947 10 8889
720 0.3285732516868653 -0.35125285660492656 4.8304975641842809 158 145 126 1.0095435288239254 3 1234 5 1422 14 4464 6 2131 9 1535
721 -0.1456131656781548 -0.32494255399877714 4.6285908949773606 178 170 160 0.27431663593676786 3 4448 5 1423 9 1622
722 0.10604658197808553 -0.32641301755917884 4.7337549091328226 57 47 35 0.49482171008695908 3 1290 5 1431 14 1147 9 1591
723 1.0782242311095673 -0.36649181026931987 5.1113227683305 180 162 140 1.8416808331038279 8 1859 5 1434 14 1311 6 2151 11 12537
724 0.29511701155607301 -0.3276380889839573 4.8113572311982118 178 162 147 0.27949577964297972 3 1291 5 1440 6 2164
725 0.29535266925972331 -0.3274909860205073 4.8093803160187241 178 162 147 0.31946017207280064 3 1292 5 1441 14 4475 6 2165
726 0.60455471402049321 -0.33773300088863989 4.9591764175772184 67 57 48 0.15457508214899052 3 1269 5 1448 9 1524
727 2.7607690121795803 -0.41790708236573082 5.63783496167368 52 51 49 0.72999600526930486 8 1864 5 1461 14 4673 1 2788
728 1.5883561825620214 -0.3576906563910297 5.2123772412305707 159 143 128 0.82849243855474297 3 1235 5 1464 6 2191 10 7880
729 1.8012369385565075 -0.36399561921101564 5.2832776750838333 152 140 128 0.54014299544041555 8 1886 5 1468 6 2193
730 1.6035881009233268 -0.35099183556996294 5.2125670012638565 43 31 17 0.6931590651682068 8 1895 5 1471 10 6479
731 4.0673518389528098 -0.45957276638256694 3.3116272309428019 9 12 17 0.98771268166162307 3 938 5 1474
732 -0.65048150873420596 -0.24717059991013343 4.5319628776836964 145 132 124 0.79825579499000465 3 1402 5 1477 14 6637 6 2222
733 0.91423376168726467 -0.31005654401335148 5.0481788720021141 157 136 115 2.3330220187466835 5 1481 10 7823
734 5.4774344841115195 -0.47091130944568149 8.5841472826956444 163 168 176 1.3890532599724355 3 1173 5 1491 6 2137 7 8290
735 1.0810548668196645 -0.30692366070710653 5.1049230135069887 196 180 155 2.1401995754987184 3 1343 5 1495 14 4585 10 8874 11 13169
736 5.4933389715813394 -0.45354042399048822 8.5388746002197919 40 52 64 1.3726067822994572 3 4399 5 1500 14 1634 6 6676 4 1878 10 6751 7 8297
737 5.467588351084812 -0.44237338923846881 8.6321334998085355 30 40 59 0.43123925226500748 3 1204 5 1508
738 5.4620426669505893 -0.42748273581908047 8.5531147968052323 168 172 181 1.2501403803795346 3 1216 5 1518 6 2173 7 6665
739 1.6818766606329583 -0.30884305378531884 5.2465011818390446 34 21 12 0.91000404957803394 3 4480 8 1943 5 1520 9 6631
740 1.6773294465357556 -0.3053058219540582 5.2394861498851428 34 21 12 1.2108600052189571 8 1944 5 1521 6 2257 14 1463 10 7905
741 -0.58507063393487557 -0.21311975170357947 4.5260944344223848 198 186 174 0.65226028595721575 3 1430 5 1523 14 6675 9 1754
742 1.5777420699031601 -0.29516290724063643 5.1884552489411826 167 149 131 0.67225916976203426 3 4483 5 1525 9 6645
743 -0.80077617478982643 -0.20059971188260006 4.5371490028782064 118 108 99 0.30794683972516784 8 1982 5 1527 14 4350
744 1.0499032965209623 -0.26951146338477144 5.1069150824304526 179 159 135 1.355855629007042 8 1960 5 1528 6 2271 10 7861
745 1.7814484981117276 -0.29458973604701716 5.2845891166223087 36 24 12 0.64120750144548977 3 4491 8 1961 5 1531 6 2286
746 2.4390802453193268 -0.3161018899529533 5.5874637376098004 33 20 12 0.71818645277153104 3 1325 5 1536 6 2272 14 1528 9 4492 10 6581
747 2.7588033657142548 -0.32517869988864101 5.6118071139853329 77 74 69 0.94125008323738457 3 1313 8 1954 5 1537 14 4706 6 2278 6 6761 1 2851
748 -0.40377428341533772 -0.20822594375471637 4.524009328482764 191 179 167 0.31020503412915179 3 1433 5 1540 14 1151
749 1.8826395367976221 -0.28482709150554214 5.3127063998684738 36 23 14 1.5729562227178997 3 4501 8 1969 5 1544 9 4524
750 1.8837910065001511 -0.28783363485021707 5.3167539038957745 36 23 14 0.52141006287964842 8 1970 5 1545 14 1495
751 5.4481211744084304 -0.38453683091452895 8.5258463496947208 168 172 181 1.2797689225753621 3 1279 5 1547 6 2201 7 6682
752 1.3927301125619151 -0.26594954647163582 4.9704151060919308 155 140 119 1.0594151238184568 3 1382 5 1552 14 1454 6 2311 10 7869 9 1538
753 -0.083363873715702391 -0.19917752679814799 4.6014356564145178 160 148 136 0.32517628282856176 3 1444 5 1562 14 6749 6 2326 9 1734
754 -1.1132410179367334 -0.14569450799964895 4.6121799192816582 86 73 65 1.2326790792870252 3 1525 5 1572 14 6649
755 1.7347084933218495 -0.24956586694307034 5.2494217191730908 134 118 103 0.85416339837553101 3 1397 5 1573 10 7931 9 1526
756 1.7620404874401601 -0.24916774873212483 5.2756363037997787 37 25 11 1.5066904395618803 3 4532 5 1575 10 7934
757 1.7559819675569845 -0.25262605374618341 5.2584694007965966 37 25 11 1.0556217621385 3 4533 5 1576 9 6677
758 -0.54378698393250646 -0.16522427043517673 4.5130785953746804 90 76 67 0.52970318131349392 3 1491 5 1577 14 4466
759 1.3005340775923082 -0.22859089246587613 5.0033145360553384 160 139 113 1.1503198433426427 8 2037 5 1586 14 4656 10 8891 11 13192
760 -0.72649078821654867 -0.15330732966348409 4.5217942162074358 74 64 55 0.37369466524017797 3 1512 5 1588 14 6695
761 5.4124180225122274 -0.30980338658200846 8.4607961614936453 174 179 185 0.97652699132643095 3 1359 5 1589 6 2262
762 5.4124180225122274 -0.30980338658200846 8.4607961614936453 174 179 185 0.97652699132643095 3 1360 5 1590 6 2263
763 0.085049432116964863 -0.17760146175635888 4.671775624431624 181 164 154 0.47304058759925943 3 1473 5 1592 14 6783 6 2358 9 1741
764 -0.94052984077150947 -0.12990462960766158 4.5712152874004524 144 132 126 1.4913548665033096 8 2064 5 1595 14 8171
765 2.3152485300999581 -0.24279787507392092 5.4826142765156378 39 25 12 0.91892384076087763 8 2022 5 1596 6 2351
766 -0.74178168318623161 -0.13667059022923722 4.5208042115672695 74 65 56 0.81619218124995774 3 1542 5 1604 14 6708 6 2366
767 2.4269374613133379 -0.22911178348160849 5.5521855008981289 37 23 12 0.48248402387260886 3 6519 8 2047 5 1618
768 -0.73083498577222206 -0.1263436017466239 4.5269288334164459 176 166 157 0.4296438614026159 8 2090 5 1621 14 6713 1 2909
769 -0.15945580032258988 -0.14707246827406528 4.5762277925870212 184 170 159 0.46117842786812779 3 1521 5 1622 14 4536 9 1808
770 -0.82940631955901756 -0.1101790384086241 4.5227596264308696 53 40 32 0.75989455037826603 3 1586 5 1632 6 2404
771 -0.82841277530953872 -0.10969783669890394 4.5294051853444337 53 40 32 0.61199274610153154 8 2111 5 1633 14 6712 6 2405
772 0.66434247613647157 -0.15342639752705806 4.9313342092239036 92 78 69 0.29743719412673053 3 1500 8 2097 5 1636 6 2398 9 4726
773 3.2771981837166164 -0.21915578857459675 6.061793144395363 173 152 131 0.52868244499099182 3 4559 5 1638 9 4509
774 5.7350747617948379 -0.22227414605796231 8.1812449361917459 44 34 33 1.281284741972031 3 4557 5 1653 1 2883 14 4833 7 10100
775 2.3771685480640894 -0.17829517012750187 5.5118853933024861 119 101 86 0.55379493899026988 8 2098 5 1658 3 1458 6 2421
776 2.3783901888686603 -0.17989600460617339 5.5129397637176094 119 101 86 1.1891310178362999 3 1459 8 2099 5 1659 6 2422 9 1562 12 10993
777 0.83829556357809021 -0.12341134495446833 4.9866290707476226 174 156 134 0.34386149275777433 3 1547 5 1670 9 1739
778 2.6525611249073333 -0.16785033750548459 5.6491210591200938 42 32 22 0.43037144871745037 8 2118 5 1672 6 2440 10 4626
779 2.6511695746659298 -0.1677514027037042 5.6439771549250102 42 32 22 0.19260147619188603 8 2119 5 1673 6 2441
780 0.65136113218428671 -0.11080187238696851 4.9196484772721805 134 120 111 0.5231748895256001 3 1569 5 1676 9 1766
781 0.24397583521448346 -0.083040945844394559 4.7441815769056399 53 40 31 0.39798125765786069 8 2175 5 1694 14 6849 6 2484 2 1788
782 5.2668803802674367 -0.10756366768946962 8.4808517283899132 49 38 36 1.4180060307161049 3 4647 5 1698 6 2417 4 2076 7 9406
783 5.2458298604964293 -0.092102272445826847 8.5450291623488503 47 33 30 1.5748343968015046 3 1507 8 2060 5 1708 6 2424 7 9408
784 2.7363693904210269 -0.11933598746796173 5.543965724652776 158 143 124 0.6099935404982727 3 4666 5 1717 14 4787 1 3002
785 0.58019954720581457 -0.061926345900085208 4.891974034024309 46 35 29 0.52821174063346132 8 2195 5 1723 6 6909 2 1798
786 5.1756525436291847 -0.06371726137531461 8.4393175918341257 103 84 70 1.7294838280462228 8 2084 5 1726 6 6875
787 1.002497997834163 -0.051509415218948987 5.0468214000017309 147 127 103 1.2727594428516855 3 1635 5 1738 6 2538 10 7943 9 4802
788 1.6631547714524888 -0.040002321983167617 5.1278230500616075 62 46 31 0.62893963287331334 8 2225 5 1768 14 4771 6 2592
789 3.3437309054255362 -0.030865755200350047 6.0517974972490345 135 114 93 0.54425362178118719 3 4724 5 1787 9 7969
790 0.77281616653404339 0.002042499385102467 4.9232785751969157 169 150 133 1.3325496003067356 5 1789 10 9607
791 -0.90165348826044567 0.036553836264833092 4.5250906916908784 180 161 146 0.32351649066263205 8 2263 5 1794 14 6809
792 2.0000576801809165 -0.0025391252728358404 5.3504839842365488 79 64 55 1.2602301869680208 8 2243 5 1812 14 4804
793 1.6362276571801713 0.0024911883985478805 5.1394111902350978 148 129 111 0.83766595008393363 8 2264 5 1824 10 8018
794 -0.90203176407459806 0.062595083626563103 4.5195093203820953 137 118 103 0.62710177004018053 8 2287 5 1852 14 8258 6 2643
795 -0.40701302256516037 0.046312525691726447 4.4630912727710799 186 179 172 0.48306664786247366 3 1750 5 1858 14 6861
796 -0.3461318659705494 0.059264035598492679 4.4827058401902304 145 131 118 0.22527930961295059 8 2305 5 1878 14 6869
797 1.0330193465329405 0.058704227772015893 5.0273241282660264 132 111 90 2.0595782210183495 3 1735 5 1888 10 8959 9 1926 13 6707
798 0.047759812339344954 0.088407659309638009 4.600137155606344 177 158 145 0.34952357488945207 8 2325 5 1928 14 4728 6 2723
799 -0.025632003977163198 0.09555919506565444 4.5456237989826525 160 141 124 0.68029961162563313 8 2334 5 1935 14 6904 6 2734
800 2.6839319331291618 0.13169505004793572 5.5430462874129605 71 53 31 0.56592313995073273 3 4823 5 1975 6 2768 14 1879 12 11776
801 -0.90221641235848415 0.15302411542297939 4.4894383923376582 180 160 144 0.69584133279395044 3 1839 8 2357 5 1977 14 8293 6 2767 1 9945
802 2.2725161902343944 0.15987805892512877 5.4330434287384977 96 82 73 0.80532283641460423 3 1790 5 2000 10 6743 11 10657
803 1.0458984269559015 0.15660236056329951 4.9797656490775788 186 166 141 1.7554313498299703 5 2003 6 2794 10 8990
804 3.8409301526266315 -0.041363590124500305 3.3669724609754836 79 67 50 1.3149165532926743 3 4784 14 5098 6 2916
805 0.92042344773477525 0.17818469468156614 4.9457706435509943 181 159 135 1.6661058099753219 8 2381 5 2013 10 8988 13 8067
806 2.2832047700178948 0.1864915990842396 5.4490872261522405 35 18 10 1.2954871049088938 3 1813 8 2378 5 2016 6 2820 2 1930 14 7040 10 9055 11 13298
807 2.2762668676050257 0.1829426113642626 5.4375908685915562 35 18 10 1.0064431551682429 8 2379 5 2017 6 2821 2 1931
808 2.7732034981294333 0.17468537102938958 5.4508638194930761 178 160 140 0.45525138149594713 3 1803 5 2023 6 2832
809 2.4783545759267751 0.18607483702599595 5.4116925952175592 71 52 37 1.136996831253291 3 4850 8 6298 5 2027 6 2831 14 5023 4 2408 9 4905 12 11786
810 5.2881875854726337 0.34840942411571496 8.1698798583075138 145 131 120 1.4777098396655941 3 4843 5 2028 6 2776 4 2339 7 8445
811 -2.1825524640038223 0.29042657884651424 4.9559308327950866 109 88 69 1.6962947232728123 8 2414 5 2050 6 7073
812 -0.61933638181953377 0.22197494623542183 4.5020695854762591 14 12 13 0.77516748152118797 3 1902 5 2065 14 6926
813 0.86063358456305061 0.22805139382952408 4.9084447525797463 187 163 138 1.6654189824258445 3 1869 5 2068 10 9003 9 2078 13 6794
814 -0.88726686028925994 0.2272666604174283 4.4588043492264928 121 95 72 0.7668712975207983 8 6338 5 2074 6 7102 2 4745
815 4.1533132947059972 0.35953279250073311 6.9934111126874523 67 49 37 1.4802193371867332 3 4891 8 2418 5 2084 7 10552
816 0.88948378128706662 0.27844953277030127 4.9228442612417824 174 154 130 0.80303780965205873 3 1913 8 2511 5 2109 10 9021
817 5.3427570440228447 0.51843026927213232 8.0678207455060935 137 118 103 1.3319617569079218 3 4915 5 2129 6 2915 10 6931 7 9499
818 0.72230210421076402 0.29840705139046164 4.8373055872312882 174 154 130 0.41764944190080472 3 1942 5 2144 14 4991
819 1.9442437053814672 0.34706297352839466 5.5053367448361339 87 69 56 0.51654167883377911 8 2527 5 2147 6 2956
820 2.700764404824529 0.32897199443954794 5.484585902206697 158 142 126 0.6858719095712229 3 1914 5 2149 6 7158 14 5147
821 5.3842001514171693 0.51266138140270934 7.7675941340785819 92 82 72 1.2117655761409911 3 4922 5 2151 6 2931 1 3256 7 8506
822 2.5400882846371142 0.34659971537605583 5.4312326526563979 86 69 53 1.9589166018879629 3 1931 8 2544 5 2166 14 2116 10 8146 11 10722
823 0.86083525923569382 0.32345430916291851 4.8868103274431878 177 157 133 1.5416440750860358 3 1956 5 2168 10 9030 9 5072 13 8109
824 5.3213063824592144 0.58496496569703405 8.0836636159431912 66 50 37 1.2978080897298103 3 4935 5 2177 6 7151 4 2463 7 8516
825 5.3229063013163325 0.58464835499528944 8.0862883971700779 66 50 37 1.3460015395840479 3 4936 5 2178 6 7152 7 8517
826 2.1713661817088687 0.39233441761726673 5.6392939381944913 75 58 48 0.88172672910405014 8 2560 5 2190
827 2.1322391768184015 0.38087603259291214 5.5379206038044533 75 58 48 0.79137741261976069 8 2561 5 2191 10 8144
828 2.5489819875983026 0.37295427846513129 5.4278307156485113 50 31 16 1.9985381964887854 3 1955 8 2578 5 2196 14 2143 6 3006 9 5023 12 11810 10 6853 11 10737
829 1.8172267058961453 0.39313935267511735 5.3864835523456023 35 21 10 0.71040154995356974 8 2597 5 2213 6 3012
830 5.3374006398015608 0.62424621739425246 8.0408484112795211 102 85 69 1.1462774458011424 3 4948 5 2214 6 7181 7 9508
831 5.2978795340429752 0.64303315797432037 8.1228844018612616 97 79 65 1.143713709291438 3 1975 5 2220 6 2990 7 8528
832 2.5641135255129277 0.39967702159703211 5.4298421669543737 86 69 53 1.003844040075585 3 1988 5 2226 6 3025 10 6862
833 2.5641135255129277 0.39967702159703211 5.4298421669543737 86 69 53 1.003844040075585 3 1989 5 2227 6 3026 10 6863
834 5.3029360348505659 0.69090856297416448 8.0946732578641658 82 64 52 1.1061189471507313 3 2012 5 2250 6 3020 7 8541
835 3.1653376037670986 0.46366920256421873 5.840953047274569 146 120 95 0.21078094273907758 3 2007 8 2622 5 2251
836 3.1664369706533098 0.46451234769856342 5.8436395194716457 146 120 95 0.34517669027992937 8 2623 5 2252 9 5043 3 2008
837 3.1438452223943414 0.47891856076379147 5.8431638058787634 164 138 113 0.37124560155509961 3 2029 5 2265 9 5052
838 3.7523715560718207 0.19775914549887491 3.6289517261503494 79 65 52 0.1690293379669173 3 1945 14 2284
839 -0.22755079475901757 0.38126522951950026 4.3796978586827278 41 26 14 0.51104228799004825 3 2080 5 2281 6 3107
840 5.2833586533788175 0.73431324183440061 8.0353710319314278 88 73 60 0.76921785687123079 3 4982 5 2283 6 7237
841 -0.89825247320285762 0.40111586210338057 4.3604985969987169 78 66 50 0.65605320690927049 3 2121 5 2296 14 7027
842 0.2891275512682851 0.41484488253017493 4.6117314598806791 53 43 33 0.47463682008826996 8 2690 5 2299 6 3127
843 -0.26742597552572278 0.39625363988628937 4.3691416507305112 52 33 18 0.5546604957071033 3 2107 5 2310 14 5047 9 2388
844 -0.52886884068213103 0.40388732588805831 4.3592011143339899 114 93 76 0.43340168770401249 8 2704 5 2321 14 7042
845 -0.47608889141919936 0.40581792677741912 4.3503841806498569 163 141 120 0.53821610778143292 3 2127 5 2323 14 7050
846 2.3634683483369865 0.51098451857917959 5.4960317961024856 61 44 34 1.423638548401996 3 2073 8 2683 5 2326 6 3145 10 8181
847 2.3730924011974883 0.51220002982044199 5.5146619978738336 61 44 34 1.1074287006507686 8 2684 5 2327 10 8182
848 -0.22292739438503312 0.41167837935564155 4.3865596200661745 102 84 70 0.6408578998472948 3 2128 5 2331 14 7078 9 2397
849 -0.18042201536699903 0.41377840774539631 4.3939304053203703 103 84 69 0.64194182616655304 3 2129 5 2334 14 5076 9 2398
850 -0.16258022461464708 0.41432761654086314 4.3988944935520298 115 96 81 0.46830166535717954 3 2130 5 2335 14 5079 9 2394
851 2.582290710831169 0.50292681682793794 5.4167779257221493 101 82 65 1.2885133441509939 3 2074 5 2338 10 8186 12 11850
852 -0.12215526779582872 0.41777454666449843 4.4082987941395615 107 91 78 0.34723331757442844 3 2132 5 2346 14 5088 9 2399
853 -0.014616317801092016 0.42358078116327103 4.43457791144521 155 133 111 0.60388862594125414 3 2134 5 2353 14 5102 6 3171 9 2395
854 2.2509292967073802 0.54707404290080475 5.5521664282313408 40 24 11 1.3801696247295911 8 2705 5 2359 10 9128 14 7227
855 2.2579597625597372 0.54776319416156916 5.5687256321162613 40 24 11 1.2724464362472456 8 2706 5 2360 10 9129
858 0.15340349658331881 0.46134649415490192 4.5495310588090474 49 31 21 0.50374899413570828 3 2159 5 2377 14 7133
859 0.15459404362937446 0.4625404136722191 4.5528164703218881 49 31 21 1.1049805820630985 3 2160 5 2378 14 7134 6 3203 9 2419
860 3.8909578686108688 0.2403582758798026 3.371531978932679 135 120 102 1.8850698311859306 3 4980 14 5305 6 3278
861 -1.8679571381948796 0.51464986118349476 4.6636274389783701 61 54 48 1.6149840933397215 3 2210 5 2389 6 7314 2 2167 1 3478
862 2.1667671881784867 0.60166435651304429 5.5317410252532433 114 100 93 0.43693939303222828 3 5045 8 2770 5 2408 6 3233 9 5185
864 -0.024662912912064072 0.47713246131298404 4.4227952613615038 131 114 103 0.35802301452445801 3 2194 5 2413 9 5242
865 -0.024662912912064072 0.47713246131298404 4.4227952613615038 131 114 103 0.35802301452445801 3 2195 5 2414 9 5243
866 0.014229602517750295 0.48024697936391603 4.4408048776306392 147 127 116 0.35051271497188363 3 5069 5 2415 9 5244
867 0.014229602517750295 0.48024697936391603 4.4408048776306392 147 127 116 0.35051271497188363 3 5070 5 2416 9 5245
868 -0.49518958263324042 0.48108942664861865 4.3868771124807919 76 62 53 0.31085660234096191 3 2205 14 7119
869 -0.80157051081578301 0.48712417051650392 4.350817172361265 121 105 92 0.60094467427293707 3 2218 8 2815 5 2422 14 7103 1 3556
870 0.26706426554742474 0.51261883365965466 4.5900671752306419 145 129 116 1.2572174713304693 3 2206 5 2430 14 5196 9 2453 13 6985
871 2.8775205875082031 0.59133076772607873 5.3355114625991398 174 148 123 1.3973549658228437 8 2812 5 2439 6 7382 10 8210
872 1.0406838796765394 0.5684148602498843 4.9151581919858698 175 155 131 1.2840929756012609 3 2216 5 2456 14 2297 10 9117
873 2.6136990959908655 0.62507021744054048 5.4026580162865727 107 88 73 1.2425486191408281 3 5077 8 2835 5 2457 6 3286 10 8216
874 0.06982858476174103 0.52998650277240389 4.5028544469982821 141 121 106 1.1154997553925563 3 5112 5 2465 14 5207
875 2.7741308378383778 0.62036494379249651 5.3311648006135295 138 120 99 0.74624738396129819 8 2836 5 2466 6 3298 10 9152
876 -0.25890792347530339 0.51331479241394762 4.3596302742136759 96 78 64 0.95004068204945813 8 2856 5 2468 14 7171
877 -0.25873099784177878 0.51383635377080328 4.3743994393056527 96 78 64 0.28525932823153877 8 2857 5 2469 9 2506
878 3.8333810411229754 0.33168782702837518 3.4616056691843919 42 26 13 1.1214010738086833 5 2476 9 5050
879 3.8333810411229754 0.33168782702837518 3.4616056691843919 42 26 13 1.1214010738086833 5 2477 9 5051
880 2.894953404365272 0.63397501561212932 5.3580779481475478 163 143 118 0.88137281552365598 8 6583 5 2480 6 3320 10 8224
881 1.8434238353979908 0.69678569644401978 5.3867113791134793 133 116 103 0.83027747654635764 3 5136 8 2903 5 2507 10 8221
882 0.54958348067848539 0.61691683061335278 4.6896118664376543 120 85 66 1.0294141559441417 3 5150 5 2514 14 5297 6 3381 9 5323 13 8211
883 2.1260361878059491 0.72691437438105511 5.5005260423939148 148 130 118 0.78891038532472402 3 5143 8 2910 5 2515 14 2431 6 3385 10 8235
884 3.9085687488850827 0.36477921311650541 3.3151653099297924 140 125 106 0.37679532188004256 3 2235 14 2496
885 2.6333354462245269 0.73405181090338167 5.3842704303401883 116 95 74 1.0173255999631297 8 2949 5 2535 14 2472 6 3427 10 8242
886 -1.6823873153366324 0.6395392105015919 4.5968817030203919 57 45 33 1.1527465557430976 8 2953 5 2536 6 3400
887 -0.77248268419082289 0.59446603533475506 4.3424370425632599 92 73 58 0.33735050026211039 3 2352 5 2541 14 7208
888 2.6767847277295287 0.75009684274384625 5.3826197140271006 140 111 79 0.89976230861912232 3 5169 8 2967 5 2548 14 2486 10 8243 9 7099 11 12046 12 12299
889 5.3053690257849455 1.1776277893431324 7.9499709462111836 48 39 32 0.99036781889401881 3 2363 5 2559 6 3439 7 8678
890 3.7943501779619728 0.43459706907977957 3.4923951311153649 170 160 150 0.048067261592129561 3 2292 14 2522
891 -1.6910553807251407 0.66687297757015684 4.5936487301177014 159 145 133 0.87447540803977653 8 2981 5 2561 6 3433
892 -0.70515413390748782 0.62471685570106705 4.328836708943177 88 72 59 0.74151849571457373 8 3002 5 2565 14 7237 6 3454
893 -0.78384533883400098 0.62680914793331488 4.3318937413582654 152 131 113 0.69847792298657774 3 2388 5 2569 14 7235
894 2.5752753188557884 0.80975640050086739 5.4015289415339804 129 111 97 0.65974867025613448 8 3009 5 2588 14 5413 6 3481 1 3754 10 8254 11 12874
895 5.3623250562486433 1.226535239099958 7.8372302124247435 84 74 65 1.5689837945663145 3 5205 5 2591 10 7073 7 9608
896 -0.57718731358591824 0.66312766905013543 4.3724992110948193 177 157 137 0.71925824275558292 3 2426 5 2593 14 7270 9 2660
899 3.7866344956142646 0.48424400229713171 3.4868861637018997 174 170 159 2.3178296190069045 3 2367 14 2573 6 3551 9 5237
900 3.7791439670375206 0.48265453147458637 3.479774362815268 174 170 159 1.7306380046662369 3 2368 14 2574 6 3552
901 3.7695606364413701 0.49101031336406609 3.5140182056526017 169 165 154 2.771140039072931 3 2366 14 2572 6 3550 9 7068
902 5.3342680529673965 1.2510868426571879 7.8014210592162243 22 15 9 1.1881842849850206 3 2441 5 2618 6 3503 7 7269
903 -0.71720878758547513 0.67401052169138098 4.3208227337600844 145 126 109 0.33730218127984757 3 2454 5 2622 14 7278
905 0.16125046500923895 0.7088556902228782 4.4982237208118683 129 103 80 0.57308591280510079 3 2449 5 2626 9 2668
906 -0.55116748020643846 0.69947339625789962 4.373198447422034 123 102 83 0.37949157363295766 8 3062 5 2641 14 7296
907 -0.8791770178384779 0.69281031559311068 4.3145867210193805 142 116 91 1.006371859946886 8 3067 5 2646 14 9308 6 7529 1 3798
908 0.46812973575285194 0.75492153065272039 4.622310888763419 186 169 149 0.4298943515932192 3 2472 5 2651 9 5409
909 0.46809716840781684 0.75495903438479062 4.6223917247435926 186 169 149 0.33822312271955834 3 2473 5 2652 9 5410 2 2381
910 -0.9271627715450006 0.71939078418912838 4.3299953649228442 139 122 106 1.3935221641525839 8 3088 5 2660 14 8567 6 7544 2 2386 1 3818
911 -0.80985441866193431 0.71415074398389489 4.3026248535979921 171 145 120 0.73267270322771783 3 2502 5 2666 14 7306 6 3568
914 -0.95381210136343264 0.73347450258799074 4.3440532923760147 157 138 121 0.6808218244920119 3 2518 5 2677 1 3837 2 2401
915 2.458213599911685 0.93903347038999452 5.3970158882185917 155 138 131 0.68254303244817605 3 2521 5 2694 10 8285
916 2.5716493591619418 0.93158771206976987 5.357526957349477 80 67 58 0.68210095073392019 3 5260 8 3110 5 2695 6 3616 10 8290
917 1.1903688426765264 0.8373662590525317 4.7995608071502414 53 35 15 0.42457778444216387 3 5266 8 3124 5 2700
918 -1.6780986823622179 0.81003448393012656 4.6206686217391288 129 113 97 1.0111476949249347 3 2547 5 2707 6 3606
919 -0.81139812091494501 0.75115988314308779 4.2962671728272674 165 139 114 0.33889010710032141 3 2539 5 2708 14 7340
920 3.9143118608234273 0.542007445749353 3.2679234537219304 163 155 144 0.14507598662614862 5 2710 9 7114
921 -0.79729877078452116 0.76070058337375568 4.290934830248661 123 99 75 1.536161826459969 3 2554 8 3163 5 2717 14 7347 6 3632
922 2.563481524312651 0.97382150275668977 5.3531909541884533 108 90 76 0.88341924278539141 3 2559 8 3159 5 2725 14 5532 6 3662 1 3912 10 9210 11 13427
923 -0.81369072921797203 0.77118144799302379 4.2906327547203436 175 149 122 0.47005200925583485 3 2566 5 2730 14 7359
924 3.934741531599963 0.5676859496487825 3.2708812304087393 162 153 144 1.4113056621524478 3 5275 9 7134 6 3725
925 2.714003267612771 0.98550289471374508 5.3139860955438829 130 109 90 0.87772735046754369 8 3180 5 2741 6 7620 10 9215
926 -0.84947598068318064 0.78494676192435942 4.2901036085032542 94 68 41 0.20276212934262852 8 3197 5 2743 14 8601
927 -0.0012239036590590557 0.81339666716642267 4.376248502389803 136 104 79 0.73480763695658236 3 5297 5 2746 14 7418 9 7197 13 7146
928 -0.50967154799201964 0.80380956190139741 4.339459297696501 22 18 9 0.23999857791162563 8 3218 5 2751 14 7402
929 3.3430250575592213 1.0993565698600969 5.7868675642483538 164 144 119 1.9094244485599141 3 5299 8 3193 5 2753 6 3701 10 7103 9 7191
930 -0.78516430217023614 0.80798151865285939 4.2936940910164392 151 124 103 1.3311457276137204 3 2599 5 2763 14 7408 6 3699 9 2800
931 -0.9489613682435194 0.81555887161829121 4.3098963398744088 69 55 44 0.66850565653539085 8 3250 5 2765 14 7406 6 3711
932 -1.0086277664888905 0.86241350379825399 4.3729466500974636 143 124 109 0.61383121595366874 8 3302 5 2795 14 8638 2 2510 1 3998
933 -1.0086230905867331 0.8626205344984722 4.372263206510377 143 124 109 0.38186595523610356 8 3303 5 2796 14 8639 2 2511
934 3.9137728685477828 0.6351474676507054 3.2337668761221825 108 100 89 0.53672927329838305 3 5329 14 2797
935 2.467048968785698 1.1148336026517267 5.3437767986090909 99 74 58 1.256286136183314 3 5357 8 3337 5 2829 14 2802 10 8333
936 1.1080095087209214 0.99020978110453151 4.7455651439119144 158 127 95 1.2968674684300785 3 2682 5 2834 14 5610 11 13432
937 5.3108696924052206 1.6654172153485398 7.7104840961779404 85 72 64 0.86292466962954872 3 2734 5 2842 6 3856 7 8796
938 3.3237295328524628 1.2283361313321974 5.7295776028280851 154 134 110 0.67986870914044317 3 5369 5 2845 6 3860
939 -0.233796911925547 0.91097048296250016 4.3517051803991382 136 113 95 0.084359262256826259 3 2692 5 2846 9 2877
940 -0.895318682377654 0.88642442744638283 4.26428629224438 111 91 67 1.0105056703824313 8 3370 5 2851 14 8662 6 3836
941 -0.8951618254446827 0.88710143768370042 4.2688483293489048 111 91 67 1.0388840995169717 8 3371 5 2852 14 8663 6 3837 1 4045
942 -0.73905280497849024 0.89499991879748697 4.2700434946017793 135 108 87 1.2614906625282281 3 2698 5 2855 14 7471
943 2.4616695641076465 1.1517748122154174 5.3248552415835748 96 73 57 0.83565362471357696 3 5375 8 3382 5 2865
944 -0.41135740475006544 0.93689783594685927 4.3913511678700345 55 52 47 0.10157226589333601 8 3398 5 2870
945 2.6003818435179071 1.1604302925401275 5.2981712866097803 44 27 15 1.8207213148294721 3 2743 5 2877 14 2849 6 3894 10 8347 12 11941 9 5575
946 2.4433188519768092 1.1767788255344369 5.3349704066153798 113 94 79 1.7735737887029783 3 2751 5 2886 14 2857 6 3902 10 8349 11 12175
947 -0.45823460287801943 0.9327116135642054 4.3025624840694814 186 172 157 0.84531936953422804 3 2740 5 2891 14 7490 1 4094
948 0.0096235563281886205 0.95142895435893282 4.3485799821648934 179 153 128 0.66310617420885254 3 2746 5 2893 14 5630 6 3899 9 2923 13 5462
949 0.0096235563281886205 0.95142895435893282 4.3485799821648934 179 153 128 0.66310617420885254 3 2747 5 2894 14 5631 6 3900 9 2924 13 5463
950 0.62320080408512579 1.0272004583826069 4.6257024444137516 171 151 128 1.4902978829506359 3 2756 5 2904 14 2834 9 5581 13 7214
951 1.3991177923701232 1.0227657296744455 4.5510216894421074 141 117 91 0.96418318610173626 3 5398 8 3450 5 2907 1 4121 9 5585
952 2.8027098459031521 1.1669042730881614 5.1433773892735557 158 136 112 0.88896759762254762 3 2780 5 2908 14 2891 9 2956
953 2.8032676182754006 1.1650064536508913 5.150229733238783 158 136 112 2.3771656145154836 3 2781 5 2909 14 2892 10 8364
954 1.296700926799027 1.0304183622317715 4.5906390261776586 111 94 75 1.1892060962295206 3 2774 5 2913 6 3937 11 13754
955 2.706530155411182 1.1829203440173206 5.2160657520894036 136 115 95 1.6153446140735674 8 3451 5 2914 14 5698 6 3945 1 4122 10 9246 11 12942
956 -0.33528688867789086 0.96011822917456813 4.3172039851131228 83 62 44 0.79494726664045856 3 2766 5 2923 14 7512 9 2944
957 2.5685952446549996 1.2168386071179571 5.282923663081557 125 106 89 1.9009117163686386 8 3467 5 2936 14 2909 10 8371 11 11138
958 1.1828749693299849 1.0847767962660728 4.7180763304548448 39 25 14 1.510663726819492 10 8359 11 12938 5 2950
959 -1.850520222622537 1.0380782417459631 4.5946447825692589 162 144 130 1.8257930106066322 3 2799 5 2965 9 2967
960 -0.82283513975190803 0.96828771633316013 4.2264236982037096 158 134 109 0.38801514393575426 8 3504 5 2968 6 3964
961 0.48773138061409832 1.0663250349105646 4.5526888655406106 179 154 132 0.60484450495263209 3 5430 5 2969 9 5612
962 -0.8575427061604135 0.9796530527395334 4.2210496020530472 154 134 109 0.96702978738091971 8 3519 5 2984 14 7554 6 3995
964 0.024656520802807114 1.0505973419055492 4.3310047721388818 180 160 136 1.0258448738732389 3 2846 5 3017 9 5628 13 5546
965 -0.030066610220450596 1.0542679598758895 4.306356343073471 149 128 107 0.40403611454972871 3 2853 5 3026 9 3030
966 -0.615273300020314 1.044056841621142 4.2834990425710826 168 152 137 0.81993548614797773 3 2852 5 3035 14 7583 9 3026
967 -0.48047548552896535 1.1030475011793841 4.2615817476823779 148 124 103 0.4710966772532299 3 2907 5 3101 14 7626
968 -0.95094166963012716 1.1440016099601733 4.231635754467975 159 140 120 0.59449370956654157 8 3711 5 3168 6 4224
969 0.12834883025819216 1.2211627329748538 4.3593654990978861 182 165 147 0.5086614260278689 8 3731 5 3184 9 3163
970 -0.25182725394004757 1.2100259743141071 4.2711861901833617 185 160 140 0.68027938706278757 3 3012 5 3203 14 7706 9 3172
971 -0.23008270890041294 1.2202460192569951 4.2712109087844636 193 171 150 0.29413246397875342 3 3027 5 3209 9 3193
972 -0.39639652464838038 1.2121885611828389 4.243631111822916 160 138 117 0.5836376368868097 8 3779 5 3216 14 7718
973 -0.64882215268773757 1.2378115981007864 4.2148171818985558 140 127 111 0.78225477284383105 8 3833 5 3276 14 7756
974 -0.42734038897817567 1.2660195175256397 4.2311390212684392 124 109 90 0.95660257354735145 8 3854 5 3288 14 8835
975 -0.1921734267501313 -3.597164175108206 10.107369832106089 152 151 157 0.91506752322687834 8 7898 5 3965 6 8752 1 5681 4 4557
976 -0.12783167748331561 -3.587741398084825 10.036113537332561 89 87 92 1.010883780559664 3 86 8 81 5 3966 6 5496 1 5683 4 160
977 -0.25831548070583393 -3.5882003644370943 10.107798577748358 156 157 162 1.2481327326419211 3 94 8 7896 5 3967 6 8750
978 -0.25865304515872617 -3.5883418092081212 10.110417223947049 156 157 162 1.1851378795441465 3 95 8 7897 5 3968 6 8751 4 4551
979 -0.18565973626928847 -3.5195098140696541 10.050140407868856 102 101 106 1.1153698383211499 3 3636 8 7900 5 3974 4 7387
980 12.910589649896959 -6.2619413421344312 14.667424340929253 119 123 132 2.0069734414854357 8 7905 6 5536 2 330 1 789 4 251 11 5641 7 6452
981 -0.0099896087105564857 -2.6332991816304117 7.0949261113668429 75 78 86 1.5434197678668622 8 4886 5 3985 6 5573 2 285
982 -0.089387454083641266 -3.4090662450194027 9.9739689842182866 153 149 150 1.241677225200476 3 3643 8 4849 5 3986 6 5537 1 5725 4 4581
983 0.48422871161048125 -3.4675725651208684 9.9562237536487217 152 153 158 1.0423953863941773 3 3637 8 4856 5 3987 1 612 4 232 9 3668
984 -0.12825313882878989 -3.3495423847514756 9.9844124178009981 163 164 166 0.88027533673855085 3 3651 8 4859 5 3992 6 8771 1 5745 4 4590
985 -0.3349070173686311 -3.3372230307097679 10.081852830254302 158 159 163 0.86092324604345705 8 4858 5 3994 6 5547 1 5734 4 4587
986 12.743343709944254 -5.8452479410459635 14.511188965513442 121 121 129 1.7602722929705561 8 4874 14 510 6 8788 2 389 4 314 11 5673 7 6457
987 12.751775794172437 -5.8506939474627577 14.520833072101789 121 121 129 1.7780390679560314 8 4875 14 511 6 8789 2 390 1 886 4 315 11 5674 7 6458
988 0.63270605054531814 -3.2986062341758053 9.9980391902022561 160 163 167 0.42686398138578396 8 4873 5 4006 3 3659 4 283
989 -0.72169272089864989 -3.1503554225466566 10.081641880993672 80 83 92 1.6296040128823575 8 4866 5 4007 6 352 1 662 4 259
990 -0.46843392867837019 -3.1591346781284408 10.089009963635235 123 123 125 0.89296588107694952 8 7915 5 4008 4 4609
991 -0.46843392867837019 -3.1591346781284408 10.089009963635235 123 123 125 0.89296588107694952 5 4009 8 7916 4 4610
992 0.070451061327543141 -2.4150407088419463 6.9437838325185313 67 74 84 1.0880525437488904 8 4920 5 4010 6 8826
993 0.84646685954732459 -3.3013288722643201 10.096603316594225 164 162 165 0.80170719524631762 3 3665 8 4878 5 4012 6 5582 1 5839 4 295
994 0.84646685954732459 -3.3013288722643201 10.096603316594225 164 162 165 0.80170719524631762 3 3666 8 4879 5 4013 6 5583 1 5840 4 296
995 12.824414338084233 -5.6856034914492959 14.79178831831452 64 71 86 2.1838176375888629 8 4889 5 4015 6 5597
996 0.8326933241477259 -3.239165274950274 10.053794065283977 115 111 110 0.58782382748598239 3 3677 8 7928 5 4021 4 4644
997 -0.0220363962272771 -2.3622038797550036 6.946565410700285 71 76 82 1.0620262852409212 8 4923 5 4023 2 385 1 5967
998 0.7956217104841905 -3.2242449882121966 10.059557349650298 172 170 171 0.75778959708716764 3 3681 5 4027 4 317 1 776
999 0.79548390749526798 -3.2232279671721011 10.059063960541344 172 170 171 0.69423863646498862 3 3682 5 4028 4 318
1000 12.713739786856216 -5.5481555074974622 14.576116321992266 63 72 87 1.4736508904329912 8 4896 6 5606 2 434 1 5975 4 4666
1001 0.69981276832973416 -3.1997165959109113 10.016488628766648 117 113 112 1.1457038120155358 3 3686 5 4031 2 296
1002 0.89163548833551776 -3.2177383935306203 10.091524105871047 170 170 172 0.8956762495730578 3 3684 8 7932 5 4035 6 5602 1 5862 4 4651
1003 0.63034717989725242 -3.1570454966739039 9.9742643025533759 103 101 102 1.250675596689768 8 4890 5 4036 2 307 1 5860 4 4650
1004 0.23186417281670629 -2.2961001149766815 7.0142633878209626 82 81 86 1.0522572087542594 8 4954 5 4054 6 5674
1005 12.454699057889282 -5.2829511787890686 14.654035708104775 129 130 134 2.1470176025407151 8 4915 5 4056 6 5647
1006 -0.015476238293642641 -2.1520362039125329 6.7217114380519902 128 132 135 0.79569267338737826 8 339 5 4064 6 534
1007 -0.10991365252382596 -2.0043115669924529 6.7118110074382633 71 70 69 0.67622716455052034 8 4994 5 4085 2 499 4 611
1008 4.0733476821985866 -1.6753228128002515 3.6635469556425315 107 104 104 0.99718562283207701 8 781 5 4094 14 3915 6 5927
1009 4.0454700048272212 -1.669047924823954 3.690725093375312 111 108 109 1.6273914267278538 3 3621 5 4099 14 3922 8 789
1010 3.9902705315295952 -1.6493625822551701 3.7639120924005409 121 115 115 1.1853114568518528 3 3630 5 4102 14 3937 6 5949
1011 0.022476754178166636 -1.8524589824607325 6.6272851097926013 126 116 107 1.7621841723182938 3 3777 5 4105 6 8945 2 3825 4 725
1012 3.9418299172029014 -1.6317977436217785 3.8374579269629061 123 118 120 1.3910083627167695 3 3641 5 4107 14 3945 6 979
1013 -0.36383956435087406 -2.3530319490030522 9.666452912038686 58 56 57 1.3789566380334963 8 4982 5 4111 6 8896 2 3756 1 6036
1014 -0.72720327693014652 -2.328812759825774 9.8832292819320724 73 67 69 1.183833373670844 8 370 5 4115 2 461
1015 0.75700303605605401 -1.6076039439562855 5.3264234307243363 145 140 136 1.3834859473634114 8 5126 5 4116 6 5848
1016 3.9976486913874067 -1.557425385103909 3.7376315376648366 129 112 101 0.9050523105323357 3 3652 5 4123 14 3995 6 1058
1017 2.6406759550457983 -1.9143533440942044 6.2512807721023913 105 108 115 1.8763495021409471 8 5113 5 4124 6 5837 2 753 1 6300 4 908 11 11580
1018 -0.63042179919330765 -2.2025991628631676 9.7982762647668267 128 119 114 1.8318333672484901 8 7991 5 4136 2 3783 4 4781
1019 -0.32964357814959444 -2.1100634486784293 9.6099734021847674 154 142 130 1.5787939441232475 8 8016 5 4158 6 8958 2 3808 1 9165 4 4818
1020 -0.28347571449189235 -2.1098289069556633 9.5933947756605296 149 137 125 1.6369606063201516 8 5035 5 4159 6 5793 1 6106 4 4819 2 549
1021 0.66668656931287162 -1.4774391482644211 5.3627774680061693 148 138 129 0.67790817398161707 8 5192 5 4163 6 5931 2 3964
1022 -2.288793068813987 -0.97435765172105393 3.9722869469505691 67 54 51 0.21856636655912179 5 4164 6 6008
1023 -0.30672073387816678 -2.0728785346560157 9.5713743673051237 93 83 74 0.79688937560165563 8 5045 5 4175 6 8963 1 6115
1024 -0.076112605436557984 -1.5933755830738205 6.6013788615177758 127 117 105 0.82345217598631426 8 5129 5 4179 6 5874 2 688 1 6258
1025 -0.076238811288410924 -1.5929616860946554 6.5970440501675283 127 117 105 0.75147826074903734 8 5130 5 4180 6 5875 1 6259
1026 0.51920298039078827 -1.5416476340774548 6.0512364939575836 64 55 54 0.67574171490169199 8 5164 5 4182 14 7949 6 9051 2 780 1 6342 4 981
1027 0.49467332139464687 -1.5284578154755926 6.1164681069026319 58 52 52 0.29956931908647944 8 5171 5 4185 14 6254
1028 0.51262924615535077 -1.5130648165307863 6.0685246022830341 153 139 130 1.1560813110741779 8 5183 5 4189 6 5935 4 999
1029 3.8184574887726388 -1.4287692785726198 3.9604705827599478 141 136 130 1.4403609633076462 3 6042 5 4193 14 724
1030 -0.13801196081166192 -1.5184899437303554 6.5888046092123664 149 135 122 0.78695694004771755 3 444 5 4195 6 5917 2 744 4 921
1031 2.7912625544094469 -1.696835072188285 6.2138509819206025 121 117 116 1.7667737615389847 8 5214 5 4197 6 5967
1032 0.1094726346152205 -1.5155956089110749 6.5117535640171589 107 104 99 0.34908033815827177 8 5167 5 4199 6 5929 2 775 1 6323
1033 -0.052908781496811441 -1.5036537749839425 6.5596784823541308 130 118 106 0.40585326458382898 3 3864 5 4202 2 768 1 6315
1034 0.53345491218278562 -1.4569401398762889 6.0074730762818449 111 97 86 0.79604853370488748 8 5207 5 4208 14 6274 6 9073 2 3976
1035 -0.40442152278549387 -1.8988770390825587 9.6221116368518409 112 101 95 2.0157554063539806 8 8052 5 4211 6 9000 1 9199 4 4872 2 3856
1036 1.7677057405614316 -1.5224486200868437 5.8852704235815425 160 148 136 1.1596808496777573 3 3825 8 806 5 4213 14 3879 6 1036
1037 -0.29617313915835408 -1.4354117840825247 6.6040750386600315 54 48 48 0.60466899285191622 8 5199 5 4222 6 5961 4 5020
1038 0.47967078877517838 -1.4177462063981672 6.1642862144927584 121 109 93 0.41430313964691934 8 5232 5 4232 6 9101 2 3986 4 5061
1039 2.216833553707874 -1.5245095670341888 6.0264761585159556 74 70 69 1.2352722212279632 3 3827 5 4233 6 6034 2 943 14 6416 1 6472
1040 2.6160973588281915 -1.5855196462467818 6.1819340305878576 126 123 118 2.0365277432054967 8 5258 5 4234 6 6029 1 6463 10 7692
1041 0.9418388127087951 -1.3208160086504506 5.3272670737225258 152 142 132 1.077631102461212 3 6131 5 4238 9 6163
1042 3.8180569611010293 -1.3104142503295548 3.932982979610224 149 140 131 1.0555568242815123 3 3755 5 4244 14 818 6 1305
1043 1.2842962305645873 -1.3156310251727807 5.375042179261416 151 141 129 2.0865905888781202 8 5315 5 4247 10 8646
1044 0.26241686399948166 -1.3662774243196865 6.4246909786665443 143 130 121 0.53976536887834081 3 3912 8 826 5 4251 6 6032 2 886 4 1074
1045 2.2177243912235509 -1.4662547788563742 6.0583425435539766 117 104 95 0.67113326173822763 3 3845 5 4252 4 1163
1046 3.8736217983564121 -1.2752577068565139 3.8577225045796162 147 121 106 1.0130733096028104 3 3764 5 4256 14 4185 6 1338
1047 3.2839320066202378 -1.5725760782145326 6.3747491267943461 141 136 133 2.3312630463661148 3 6112 5 4257 14 4110 6 6066 2 1004 10 6289
1048 -0.78661698564309757 -1.0326151710087748 4.7689808208279292 145 141 141 1.3337533120766627 3 538 5 4262 14 6186 6 6109 2 982 1 1940
1049 -1.3263080967208631 -1.0051353713662472 4.9182855061710038 124 127 134 2.1307981446042565 8 5346 5 4266 14 7876 6 6100 2 947 4 1245
1050 -2.0692891583102009 -0.97403502393190811 5.1994575120823416 67 69 82 0.96692511611076626 3 4043 8 5322 5 4274
1051 -1.7730180468785575 -0.97746534520939732 5.0682781782607957 118 119 123 1.1521883343538621 3 619 2 923
1052 0.7936584730539975 -1.1958853748317293 5.2321893376024793 146 135 125 0.54711577839147763 3 3907 5 4280 9 6205
1053 0.66953649534135562 -1.1601755707880916 5.2464381320590254 162 150 138 0.94311405500359724 8 8239 5 4294 14 7992 6 9221 2 4106 4 5186
1054 -1.8782167749616867 -0.92953445085891051 5.099424500204222 121 117 118 2.1996064270997331 3 4074 8 5367 6 6123 2 950 4 1250
1055 4.0714409875410569 -1.1746054657149552 3.5237686100966812 107 84 70 2.0886807504146621 3 6075 5 4299 6 6297
1056 1.7251646428563858 -1.2930522892597967 5.9082126489208635 45 43 47 1.1302650608558338 3 6159 5 4300 14 4022 6 6125 9 7682
1057 1.7267712815454677 -1.2933027374514168 5.9134068898224097 45 43 47 1.1172709940697312 3 6160 5 4301 6 6124
1058 2.6864537513827385 -1.3883787235724721 6.0857096105319481 146 136 126 1.1458981278893567 8 5354 5 4302 14 6517 6 6127 2 1073 1 6558 4 1256
1059 0.71454931800056287 -1.1325562197385772 5.1865722679770432 168 158 148 1.0228531791163351 8 5388 5 4304 6 6147
1060 0.84457660204585894 -1.1453486338271948 5.2434136313174893 147 133 122 1.0995492925426789 3 3932 5 4307 9 6225
1061 0.82807869613603025 -1.1467324380855499 5.2105871882728145 147 133 122 1.1105671277697646 2 1069 10 8630
1062 1.0331507222879801 -1.1715652188783676 5.2967570734150335 104 90 77 0.14135968184768807 4 1302 10 8654
1063 0.94433688295012774 -1.1297225481725994 5.2422879176348598 135 119 104 1.9662031006431404 5 4318 2 1084 10 8645
1064 4.1003397492010247 -1.1201648357298373 3.4440082530813134 156 146 137 1.1531348650965518 3 3792 8 1316 5 4330 14 4319 6 1536
1065 0.98038395712331305 -1.1134675184487908 5.2926920295171938 177 161 146 0.67530326649633965 3 3952 8 5417 5 4334 14 3961 6 6179 1 2094
1066 0.95857958686528444 -1.1053174423416832 5.2329596833632648 177 161 146 2.0781267259867797 5 4335 6 6180 10 8659
1067 4.0854925707756786 -1.1146748411167868 3.4605816953924635 149 141 130 1.4806761763213361 3 3797 8 1322 5 4338 14 4324
1068 1.6459393929916286 -1.2203257270948447 5.8549585331712528 49 45 44 1.2244160100445229 3 3941 8 1019 6 6160 9 6193 12 10744 5 4340 13 8651
1069 -0.12103323246938255 -0.96572358409621195 4.7961345613802662 153 140 131 1.1690445795476072 8 5443 5 4346 14 6297 6 6207
1070 3.815792861255308 -1.1315811627164063 3.8857143388136448 145 136 127 1.2021360698972932 3 6107 5 4348 14 6621
1071 2.7930138765039643 -1.2976491199653193 6.1207407677136558 134 124 112 0.74273876879615086 8 5414 5 4354 6 9249 4 1321
1072 3.9428870013023554 -1.0873471909813293 3.6194819308311548 108 94 85 0.17880301535843784 3 6105 5 4364
1073 3.8156506278763738 -1.100839282098458 3.8775270711840344 144 134 125 1.5621027309859952 3 3834 5 4372 14 4317 6 1538 1 2413
1074 1.0125215634411602 -1.0595980582012119 5.291616182776453 173 157 144 0.83102166786275777 3 3982 5 4373 14 3998 6 6227
1075 1.8198908230073658 -1.1771887862623003 5.9145155805644212 144 137 129 1.0033129978176552 3 3962 5 4375 6 6203 9 6198
1076 1.8198908230073658 -1.1771887862623003 5.9145155805644212 144 137 129 1.0033129978176552 3 3963 5 4376 6 6204 9 6199
1077 0.097829941057120617 -0.93553293520871228 4.8897732212089133 158 141 125 0.48405769107494256 8 5481 5 4386 4 1434
1078 0.98067249131093881 -1.0362864551118369 5.2612997785192057 122 106 93 1.005898293051773 8 5458 5 4388 2 1150 1 2161
1079 0.98067249131093881 -1.0362864551118369 5.2612997785192057 122 106 93 1.005898293051773 8 5459 5 4389 2 1151 1 2162
1080 4.0695469159354509 -1.0521098395438857 3.4944526036634223 160 143 133 1.516468457429643 3 6109 5 4392 14 4396 6 1594
1081 1.5786068201738614 -1.1078379209158327 5.7746600858512842 93 83 71 0.85368282898545778 8 5448 5 4399 6 6240
1082 2.5050053464850688 -1.1928855951101538 6.0814914450543842 146 132 119 1.2134916636216644 8 5449 5 4405 6 6241 4 1368
1083 0.52645426527771177 -0.95276703719800915 5.0781823892046356 145 134 122 0.63023278252284987 3 4053 5 4409 14 6407 6 6271 8 5497 4 1444 9 6347
1084 0.80799099933448937 -0.97551498549224291 5.1124486480130829 66 55 50 1.870609727958938 5 4410 14 6443 6 1433 10 10007
1085 4.0233856003957467 -1.033846020503675 3.554105554443626 167 155 143 0.93330523008489197 3 6117 14 4406 6 6398
1087 2.1492718633360939 -1.1192219187221992 6.0433730029408821 141 133 120 0.83381026636755229 3 4008 8 5479 5 4424 14 4196 6 6267 2 1185 1 2180 4 1401 9 7712
1089 3.7860495187820922 -1.0150669096448328 3.8926124319682822 142 133 124 1.2488242474774887 3 3883 5 4436 14 4405 6 1622
1091 0.39087307939185517 -0.87668682003433729 5.011001066294301 35 24 18 0.50880885082404614 8 1242 5 4454 6 6319
1092 0.81436260138804184 -0.92057640841692501 5.1687010319698361 163 151 137 0.48549726234380958 8 5550 5 4456 6 6312
1093 3.8769828855135557 -0.98621690765877146 3.76734998670719 152 138 127 2.057014511698577 3 6152 5 4457 14 4431 6 6420 1 2521
1094 3.0828555137444527 -1.1420465323770288 6.19161254746205 119 105 96 1.8181057298994845 3 4002 5 4459 10 6387 9 6182
1096 0.27523761485397807 -0.84382979364614541 4.9576696530290834 56 43 35 0.85257524289891284 8 5579 5 4468 6 9343 2 4211 14 8994 4 5303
1098 1.9802840615269544 -1.0315750150722298 5.9203962315081355 122 112 102 1.0533673541821647 8 1221 5 4476 14 4228 10 8797
1099 2.9512208812379126 -1.109961886333545 6.1224207597384925 142 126 113 1.0380129356603383 4 1460 10 6381 3 4021 5 4477
1100 -0.1523443439018462 -0.91802447025817513 6.4308712241732451 140 124 111 0.86257971627124308 3 4170 5 4490 9 4317
1101 4.0455511753551194 -0.93263777843585871 3.3938413058365184 99 85 76 2.21924508255485 3 6148 5 4494 14 4483 6 6445 1 2618
1102 1.9716618383944029 -1.0084549973986934 5.949803939928147 50 46 47 1.0207877443493474 8 5551 5 4496 6 6324 14 4251 4 1475
1103 2.0033545815834146 -1.0089930413314498 5.9468807123618683 148 138 129 1.1318806536961037 3 4082 5 4497 2 1230 14 6590 1 6711
1104 2.0027522532624946 -1.0080980752291699 5.945176545464272 148 138 129 1.0345526593817926 3 4083 5 4498 2 1231 14 6591
1105 4.0336969526537194 -0.92723044877906047 3.4117601119840111 69 57 45 1.5231369261718706 3 6153 5 4499 14 4486 6 1741
1106 -0.11641888440088835 -0.90607433194139309 6.4225234157351299 172 156 141 0.61998012525411328 3 4180 5 4500 2 1149
1107 1.9217125022321935 -0.99906957756690051 5.901319219889567 113 110 101 0.83522882083621786 8 5557 5 4501 14 4243 6 6326 10 8802
1108 1.9265924493816509 -1.0000309758394244 5.9108084786549986 113 110 101 0.87550658765513123 8 5558 5 4502 14 4244 6 6327
1109 1.8034251457109187 -0.98648405500535685 5.8517748370874125 153 143 132 0.98473719132309245 3 6265 9 7743 12 12099
1110 0.70434916386576329 -0.84666846374705451 5.0843291061256846 61 50 44 2.0336423360798674 8 5595 5 4509 6 9355 4 5313 10 9469
1111 4.0144306428739895 -0.91729708097453411 3.4387963817492841 72 60 48 1.5038168700829473 3 6157 5 4516 14 4490 6 1747
1112 4.0144306428739895 -0.91729708097453411 3.4387963817492841 72 60 48 1.5038168700829473 3 6158 5 4517 14 4491 6 1748
1115 1.6897653453190131 -0.95812581157420962 5.7796925003942965 176 164 151 1.2581631792869172 8 5570 5 4521 6 6344 14 6580 2 1239
1117 2.1553084685428097 -0.97071263534907248 6.0155661304532817 148 139 124 1.3881422991226648 3 4111 8 5582 5 4530
1118 0.65344755571781232 -0.80667372505070434 5.1269341188706798 60 47 39 1.167209586334488 5 4534 14 6513 6 6378 2 1280 1 6763 4 1593
1119 0.71938941316705685 -0.78938651196335374 5.116670256183605 76 62 52 1.059562403264027 8 5644 5 4539 6 6397 2 1294 4 1620 3 790
1120 1.7530315830392986 -0.87194979434952913 5.8112793860679073 161 151 139 1.2276615376600524 3 4161 8 5623 5 4541 14 6624 2 1300 4 1573 9 4144 13 8680 12 10861
1121 1.7541130420392883 -0.87456360093511287 5.8112791213071571 161 151 139 1.0911799212611912 8 5624 5 4542 2 1301 14 6625 1 6769 4 1574
1122 2.615957799245586 -0.9345658202556566 6.0039495883080027 137 130 120 1.2686793324310306 3 4126 5 4543 6 6399 2 1312 14 6681 1 6784 10 7833 11 12603
1123 1.8477697143850489 -0.87306114323610806 5.8556057557639756 41 37 38 0.67494383468422237 8 5631 5 4546 6 6402
1124 1.9452886599475065 -0.88107972366280507 5.8958088024617865 54 51 50 1.031513416068214 8 5632 5 4547 10 8830
1125 2.0802652609030678 -0.88582418045249112 5.9506538087256926 155 146 135 1.0366905037950493 8 5633 5 4552 3 4163 14 4360 6 6403 2 1305 1 2352 4 1585 10 7816
1126 2.0788085463079673 -0.88560576567435001 5.9483404568163758 155 146 135 0.90865333950177185 8 5634 5 4553 14 4361 6 6404 2 1306 1 2353 4 1586 10 7817
1127 2.3180014719828996 -0.90348207281240989 6.0736754859814006 47 42 39 0.75378210779536992 3 6300 8 5635 5 4557 14 1091 6 6405
1128 2.8643484976050861 -0.93360426482969505 6.0509755475510376 134 118 103 0.57912176763251144 3 4130 5 4558 8 1370 6 1641 9 6265
1129 2.8639817703816086 -0.93377323143844682 6.0486361883313755 134 118 103 0.59286070647581712 3 4131 5 4559 8 1371 6 1642 10 6433 9 6266
1130 2.2537535552441015 -0.89240803080016551 6.0383719785001153 43 37 32 1.2233267710761782 3 6305 8 1361 5 4560 14 1082 9 7766
1131 2.5875882843999167 -0.90940700100840632 6.0461832061957059 130 116 103 1.3618836519874817 3 4143 5 4563 10 7840
1132 0.91978502893162739 -0.75333130547540283 5.1794071275257449 175 158 140 0.72344481802244764 3 4201 5 4566 14 6571 1 2395
1133 1.7654494589639609 -0.80534422158375341 5.8080007130612019 44 36 29 1.1041669251407511 8 1423 5 4581 6 1683
1134 1.7938571868499595 -0.79782752101251531 5.8099474731572016 144 131 117 1.1315325694400202 3 6327 8 5673 5 4582 14 4381 6 6436 9 6409
1135 0.72489863634706109 -0.67977217208000962 5.0466335673425871 185 170 151 1.768878138802271 5 4592 14 4221 10 10021
1136 0.29694649779205134 -0.7070065857237593 6.2556669252544719 104 94 84 0.75592754166196663 3 4265 5 4594 2 1302
1137 1.8641676745476325 -0.77163785905127946 5.8517825823893705 130 122 112 1.0435094818196722 8 1456 5 4596 6 6442 1 2443
1138 0.73553021562378396 -0.65590347842430186 5.0742766109586785 167 151 136 0.41707545735981216 3 4248 5 4604 6 6459 4 1725 9 4351
1139 1.8411858409133339 -0.7406950166419165 5.8319410050231859 38 31 26 0.99193422812129173 3 4233 8 1479 5 4610 6 6451
1140 0.85597867802376437 -0.64825683147951219 5.1205608671471801 171 154 136 0.89616340941005368 3 6361 5 4615 14 6612 9 6495
1141 2.3642671520251226 -0.73686580328288021 6.0277006445422998 150 137 119 0.9844220811412091 8 5723 5 4625 14 4500 6 6469 2 1381 1 2491
1142 1.8481106387491555 -0.69164086061904606 5.8252641259559548 44 40 37 1.0589298444492339 3 4260 5 4630 9 6451
1143 1.7122794783682234 -0.68042595715268639 5.7452097358297918 136 124 110 0.55716022843122059 8 1520 5 4631 6 6473 4 1726
1144 2.0568167616880628 -0.7049578359826365 5.913885547328479 48 43 38 0.79197676970014541 3 4253 8 5727 5 4633 9 6434
1145 5.7834451529080146 -0.98259562323902594 9.0787988410198945 186 200 213 2.0676855493322095 3 6344 5 4637 10 8047 7 9366
1146 0.9805572950676178 -0.57119017449521503 5.1634986654088664 157 140 122 1.1164127122909737 3 4300 8 5768 5 4646 14 6674 6 6517 2 1442 1 2561 9 4387
1147 2.2490086292407971 -0.62482632538249272 5.9762011931653882 119 107 94 0.7100499125323938 3 6380 8 5765 5 4661 4 1783
1148 -1.3929256705886723 -0.39604663625644776 4.7821690251722702 36 35 39 1.1304553977514982 8 5788 5 4664 6 6553 2 1416
1149 -1.6508567688545535 -0.37986374958021207 4.8463586795402769 57 49 47 1.3042071760810729 8 5785 5 4671 6 6552 1 6883
1150 2.8634632056689093 -0.62837291112927751 5.982483156175709 149 130 113 0.85520536305972461 3 6378 5 4685 8 5778 6 6567
1151 -0.49127496509056912 -0.41049078674433404 4.5832141158096293 168 158 146 0.84570696146403634 3 4369 8 1738 5 4696 14 6545 2 1489 1 2645 9 1543
1152 -0.21339461887737671 -0.42279024731407322 4.62983510510331 53 43 34 0.56193188293327512 3 4358 5 4701 2 1493 1 2653
1153 1.1901994185459961 -0.48831742301288994 5.1458707144826938 153 133 104 0.69155489772238377 3 4324 8 5838 5 4712 6 6612 1 2667
1154 -2.1602244270943141 -0.29045737382506254 5.0857281578058817 72 68 67 1.6504056978763366 3 1361 5 4727 6 6602 8 5829
1155 -1.3251860896678498 -0.32347745875424982 4.7242478442244753 53 50 47 1.1109319486337641 3 4456 8 5861 5 4729 2 4424 6 9553 1 6957
1156 -1.4837443847247407 -0.31204468344643777 4.769149600537542 53 48 45 1.3351702214529988 8 5860 5 4734 2 4418 1 6952
1157 -1.1358496671600589 -0.31701470385234654 4.6605748666499478 125 125 117 1.339847451615743 8 8549 5 4739 2 4441 1 9769
1158 -0.62004872280144996 -0.33300008129812364 4.5734162225790103 122 119 114 1.085556594490604 8 5905 5 4745 6 6651 1 6994
1159 -0.5448548388767166 -0.33800968617929428 4.5656543235845826 117 112 106 1.4800430564169631 3 4433 5 4748 9 1641 14 4242
1160 1.0937414716952574 -0.42049412043532985 5.1376417730837929 169 150 125 0.80609396510448172 8 5882 5 4749 14 6759 6 6643 1 6996 9 1351
1161 -0.4692745813828203 -0.33702839057923129 4.5666901509783324 155 146 134 0.64877357609785902 3 4434 5 4752 9 4652
1162 -0.29558668680162625 -0.34143303103791867 4.595668597406009 110 103 94 0.63990841163898804 3 4428 5 4756 1 2729 9 4638
1163 0.32743185985696727 -0.36992640316801384 4.8375345841710562 110 97 87 0.61831735167606272 3 4406 8 5900 5 4759 14 6697 6 6654 2 1552
1164 0.71299762806547085 -0.39129234522273781 5.0187726713093799 74 57 40 0.5773670865818199 8 5891 5 4761 14 6733 6 2098 2 1548 1 6999 4 1941 3 1166
1165 -1.9732928329035784 -0.25579800804171848 4.9766511825601416 149 142 134 1.5160203238521415 8 8546 5 4764 6 9565
1166 2.1067740631037708 -0.45236584303961913 5.4081045061470263 22 12 3 1.3260761881959773 8 5885 5 4769 14 4604
1167 -0.57636585270236496 -0.31534531361729323 4.5026336454265588 50 41 35 0.57724675415444404 3 4460 5 4772 14 8108
1168 0.358148499633623 -0.36245841206751717 4.8426325016357836 121 111 103 0.22089677782097172 8 5909 5 4773 6 6661
1169 2.7704304119460081 -0.46833407536599425 5.6637762340066775 68 65 60 1.003536834033016 8 1827 5 4784 14 6854 6 6657 2 1581 1 2748 4 1942 10 8936
1170 -1.4424324347658684 -0.26328866536960865 4.7034434505354383 107 96 90 1.199804300218374 8 1847 5 4785 2 1529 1 2706
1171 0.46518413136096198 -0.35202395511879048 4.904540720661176 114 100 90 0.082467030525869511 8 5923 5 4787 1 2746
1172 3.1736009906191605 -0.4814082877221586 6.0928236611663236 139 122 104 1.1726099491476871 3 4342 8 5883 5 4788 6 2109
1173 0.1987501232249464 -0.33184732031922703 4.7762623429057172 152 145 132 0.47532880352883095 3 4444 8 5936 5 4793 14 6710 6 6683
1174 0.53010414229889036 -0.34598062770154514 4.9310490870109716 50 37 29 0.61887658797214451 8 1858 5 4795 6 6677 1 2755
1175 0.56282795720789935 -0.33998926504931781 4.9403924326560293 78 67 59 0.49374257536248467 3 4435 8 5944 5 4804 6 6687 2 1584 14 6746 1 7024 4 1982
1176 1.0445798257589469 -0.3549089349018032 5.123684290295782 170 152 130 0.51302580426094224 8 5946 5 4806 6 6691
1177 -0.54811887153151673 -0.27755106412534242 4.5264505301455094 41 30 24 0.68076331337308571 3 4510 8 5970 5 4807 14 8133 1 2764
1178 2.1201043066901484 -0.38955798367177452 5.3961385644243149 159 147 133 0.61300346461833544 8 5950 5 4816 6 6702
1179 2.1201043066901484 -0.38955798367177452 5.3961385644243149 159 147 133 0.61300346461833544 8 5951 5 4817 6 6703
1180 0.57413445036512223 -0.31787665772471785 4.9452334400362679 179 169 157 0.66126498421373159 3 1317 5 4821 14 6758 6 6707 2 1600 1 7039 4 2005 9 1563
1181 -0.62507892282861066 -0.25458982566215993 4.5365598390694695 133 120 111 0.65383472508284068 3 4531 5 4828 14 8138 1 7044
1182 0.37242545894560125 -0.29941959079081615 4.8271084995166849 148 131 113 0.3501459021314825 8 5976 5 4832 6 6722
1183 2.4917724523619604 -0.37961258926575259 5.6165901965630223 31 19 13 0.51297371724562035 8 5957 5 4837 6 6715
1184 2.4917724523619604 -0.37961258926575259 5.6165901965630223 31 19 13 0.51297371724562035 8 5958 5 4838 6 6716
1185 1.2826682558631166 -0.32891220085988537 5.02007217870523 169 155 134 1.3281950492726493 8 5980 5 4839 14 6819 6 6729 2 1631 1 7063 4 2020 11 13605
1186 -0.8935584589447445 -0.2105847294655282 4.5636595736448795 130 117 108 1.1646377412248594 3 4585 5 4849 14 8132 6 6745
1187 -0.97141035886477867 -0.20372856545534129 4.5798288918428423 170 160 151 0.84228672649715719 3 4595 5 4854 14 8127 6 6748 1 7060
1188 1.1278469728765252 -0.28080127175701342 5.10219898248035 154 133 104 0.54132147562312671 8 6001 5 4861 14 6830 2 1655 1 2828 5 1524 4 2057
1189 0.54694861582982335 -0.24858303045708743 4.9169137005535903 189 181 170 0.66789162017734749 3 4538 8 8613 5 4866 6 9657 2 1660 1 2836 9 4659
1190 5.4200003812456705 -0.39413986680044133 8.5477706910571545 40 53 72 1.0909381704958907 3 6468 5 4872 6 9616 4 5560
1191 3.2089931692161597 -0.33572786067759508 6.0539881487993492 152 131 112 1.2909288614003565 3 4457 5 4877 4 2025 8 5992
1192 0.32068948314263818 -0.21818258664271911 4.7770990938723648 42 29 23 0.4414921783384585 3 4568 5 4888 9 4687
1193 3.7757242445053389 -0.37042182129162626 3.7461047467304818 152 142 132 1.3770639607439841 3 6433 5 4899 14 4766 6 2453 1 3036
1194 0.20089353981937358 -0.20529475246628806 4.735716182858889 136 123 114 0.9252980248794187 3 4591 14 6777
1195 1.3325344352991708 -0.2341030785974561 4.961514803671264 173 157 134 0.89394087932495514 8 6064 5 4908 14 6856 6 6810 1 7118 4 2123 10 9589
1196 1.8131861485824023 -0.24549491052291481 5.2836921920555424 45 29 16 0.92686112052851699 3 6507 8 6048 5 4909 6 2338 4 2101 10 8933 9 6686
1197 -2.1866546430187999 -0.083250428106685148 5.0541123033087034 29 21 18 1.3151336393901065 3 4705 8 1992 5 4911 6 2295
1198 -2.1840839626903312 -0.084387501484604083 5.0486779797066781 29 21 18 0.66232825671855011 3 4706 8 1993 5 4912
1199 -0.31423837685116929 -0.15977868756169905 4.5389478374258383 160 142 132 0.21628625227039008 8 2067 5 4921 14 6745
1200 -0.051676439503520299 -0.1597720570772993 4.5797879831365842 183 170 161 0.2815927959775768 8 6102 5 4926 6 6836
1201 0.92151200728485239 -0.17279432314503385 5.0336447736299554 159 138 117 1.259151767045833 5 4937 10 9587
1202 0.92151200728485239 -0.17279432314503379 5.0336447736299554 159 138 117 1.2591517670457877 5 4938 10 9588
1203 3.2463590145969006 -0.23541265327850563 6.0626488978789039 145 124 103 0.48681487173847504 3 6511 5 4940 2 1740 4 2110
1204 -0.92087072809170256 -0.1081469897438455 4.5537429612973277 155 142 133 0.89908799980070864 3 1584 8 2102 5 4943 14 8183 6 2385
1205 0.95548834316526698 -0.16782146012920901 5.0494727158548258 141 121 97 0.52130532617572389 3 4634 5 4945 6 6843 9 6762
1206 0.95548834316526676 -0.16782146012920918 5.0494727158548258 141 121 97 0.52130532617575653 3 4635 5 4946 6 6844 9 6763
1207 1.8304869041624254 -0.18935242565050711 5.2514749312441964 157 137 113 0.86252832798023327 3 4600 8 6108 5 4949 14 6889 6 6847 2 1763 1 7145
1208 -0.053937590768342258 -0.13626224917721097 4.5976458918199343 43 29 18 0.25778804373435127 8 2114 5 4950 14 8241 6 6853 2 1752 4 2181
1209 1.9175321851893403 -0.17805070455859318 5.2551664400201608 97 80 65 0.5216292114248432 8 6114 5 4956 6 2418
1210 -0.07547968467333524 -0.12055236190210362 4.5913839389026156 156 140 127 0.78136373122717062 8 6131 5 4957 14 6803 6 6865
1211 0.17592751217084401 -0.12664770721520996 4.7161935208996759 157 138 123 0.65124040910076852 3 6576 8 2129 5 4958 14 6825 9 6810
1212 -2.1337394726762606 -0.026652968190989095 5.0088924054180257 101 91 82 0.75444010114781845 3 1672 5 4961 6 9724
1213 5.2541172990601464 -0.18516301972747479 8.3102211445499794 38 29 31 0.83452899755078902 3 6530 5 4966 6 6818 2 1721 4 2035
1214 -0.10833077871213323 -0.11024252405631917 4.5763771472719936 162 147 133 0.36747206062160931 8 2145 5 4968 14 6806 6 2460
1215 2.259386022012245 -0.17354416816615514 5.3858650160661741 157 145 131 1.0552194409791908 8 6117 5 4969 6 6866
1216 2.259386022012245 -0.17354416816615514 5.3858650160661741 157 145 131 1.0552194409791908 8 6118 5 4970 6 6867
1217 0.99393967933801042 -0.12384317123980723 5.0582852948964305 153 133 109 1.2834539398283327 8 2140 5 4977 6 6876
1218 2.6868813262165774 -0.16436624315608289 5.6296078476695053 169 154 139 0.70432004641816104 3 1474 8 2121 5 4978 6 2449 1 2964
1219 2.6868813262165774 -0.16436624315608289 5.6296078476695053 169 154 139 0.70432004641816104 3 1475 8 2122 5 4979 6 2450 1 2965
1220 2.8559791909587293 -0.15765144842544343 5.5909305321222904 52 38 27 0.49119935310386209 8 2141 5 4986 4 2205 14 4780
1221 -1.4793877080771822 -0.021468995983364499 4.6932938360406711 154 134 123 1.1721153518007088 3 1683 5 4990 2 1766 1 2937
1222 1.9052426593818859 -0.11933172972257379 5.2394006516745026 142 118 98 0.64246771641548073 8 6154 5 4996 6 6894
1223 -0.89874495427775813 -0.037740362867753049 4.5319237242321746 138 119 104 0.62813665885404013 8 6167 5 5002 14 8224 6 6902
1224 2.1623691005849994 -0.10262400346669148 5.3638093884772804 117 95 72 0.76846982819188758 8 6162 5 5006 6 6903
1225 3.185752789727383 -0.10332219957679707 6.0124779389391723 142 121 100 0.61349815246016381 3 4672 8 2170 5 5007
1226 3.185752789727383 -0.10332219957679707 6.0124779389391723 142 121 100 0.61349815246016381 3 4673 8 2171 5 5008
1227 -0.7806278048774038 -0.025252080785512124 4.5072038230849909 89 75 62 0.49227826972783667 8 6184 5 5012 14 9136
1228 0.70481665453003228 -0.056412904437684444 4.9249618948915712 78 64 54 0.67280315625787135 8 6173 5 5013 2 1805 1 7184 4 5755
1229 2.7433977134018441 -0.085513690969690664 5.538258245811611 155 138 121 0.67039771675648396 3 4694 8 2199 5 5022 14 4799 6 6918 1 3031
1230 -0.46643735687988519 0.002268582634805491 4.4748665507957339 111 95 82 0.38815555042044458 8 6201 5 5038 14 9157 2 4647
1231 1.708099154755387 -0.00082087840227944991 5.1302056143559227 79 67 55 1.0764374440418341 3 1678 8 2257 5 5051 14 4789 6 6961 1 7228 4 2298 10 8021
1232 3.1767907173207175 0.0023036357608880037 5.9722097063977024 123 101 78 0.85498655177975846 3 6616 8 2236 5 5054 6 2626 9 7979
1233 0.9034827291445009 0.022474381926155487 4.9833806338669424 178 158 134 0.60887556488594274 3 4787 8 6211 5 5056 3 6641 9 6854
1234 1.6033947402199189 0.017624008247794601 5.1157862144277564 120 102 81 0.91553165885144172 8 6216 5 5057 6 6968 10 8981 3 4778
1236 2.4944599681090134 0.16341172448290478 5.421146819107789 152 134 114 1.519937474350622 8 2361 5 5114 3 6680 6 2803 10 9056
1237 2.3618479386139994 0.18577270200147025 5.4279324969017617 67 50 40 1.3119176033118027 3 1811 5 5119 12 11096
1238 2.4698759118573319 0.21483133892042824 5.420416300046317 140 121 106 1.1000383352719052 3 4874 8 6314 5 5133 14 5052 6 7090 1 3213 4 2424 9 4916 12 11789
1239 2.6544511517217906 0.24071323251773782 5.5226626373265679 122 102 75 1.2164735139366174 8 6326 5 5143 10 8121
1240 3.9069802019926154 0.0039717699120953923 3.3441950301915981 24 14 3 2.3401616508844887 5 5144 9 9317
1241 -0.46704272716211742 0.21705439177654809 4.422128172812851 144 122 108 0.33092238773294186 3 1897 5 5145 14 8327
1242 2.542610072275691 0.23673246642095172 5.420790185091148 155 134 113 0.43714192749535835 8 6330 5 5148 6 2885
1243 2.6989858709612955 0.27630112548042218 5.488505207268882 163 147 131 1.6961133955257564 8 8855 5 5167 6 11638 2 1981 14 7107 4 2468
1244 -0.063905881697145395 0.2651194923577187 4.5075596556455162 103 77 54 0.70696649646373799 8 6384 5 5176 14 8356 6 7143 2 1996 4 2505 9 2197
1245 2.5561655489921109 0.32138162844743268 5.4410743378966737 115 97 77 1.2015700178390214 8 2528 5 5187 14 5134 6 7153 10 9095
1246 3.2106407649076663 0.353506961229206 5.8971000230162085 167 141 114 0.45128804328476407 3 4921 8 6378 5 5188 9 8091
1247 3.7863318919046618 0.11511309177804629 3.5856942375028162 113 97 82 1.1862046248958034 3 6715 14 5195 6 7227
1248 2.5815284731768857 0.36053209234986583 5.4446557912966043 119 101 79 0.7634563666049724 8 6403 5 5203 6 7185 1 3333 10 9104
1249 1.2041792184447295 0.33651580938643277 4.9428598641104236 178 164 145 1.0925538253273206 8 6422 5 5207 6 7192 10 9052
1250 -1.8068313552865949 0.37628358371513881 4.7244911406825105 121 100 77 1.4833754470826892 3 2050 5 5211 6 7169 1 7371
1251 2.4745441105143451 0.37621145685033974 5.4597974700801748 120 102 90 0.6813041116860159 3 4946 8 2583 5 5214 14 7144 6 7194 4 5953 10 9106 11 13330
1252 2.4720497372705128 0.37640821474747888 5.4562322271889858 120 102 90 0.81661514668685209 8 2584 5 5215 14 7145 3 4947 6 7195 4 5954 10 9107 11 13331 12 11816
1253 2.1852136501824124 0.39767701111363141 5.5321435982516798 85 67 57 2.1194438459944811 3 4954 5 5218 6 3008 10 9105
1254 1.2339072158641038 0.36563860159861095 4.8772153195064716 203 189 176 1.083910729920015 8 6443 5 5232 6 9988 10 9065
1255 2.7691855833447723 0.43319463761524724 5.3991546587286479 157 144 125 0.81889591180464005 8 6455 5 5252 14 7198 2 2099 1 7460 4 2596 11 12805
1256 -0.35354477062083489 0.37366550424712563 4.3724612065523765 41 28 19 0.71241398009524282 8 6474 5 5259 14 8393
1257 1.3005525952105654 0.4028697021277009 4.8429149629886368 64 43 24 0.69542670967547116 8 6463 5 5260 10 9699 11 13283
1258 1.1429052295647759 0.43262465821759954 4.8841585253556685 125 101 73 2.1308467523731722 3 5003 5 5271 10 9705 9 5142 11 13653
1259 2.5652806247553346 0.46935148819430728 5.4154609065772847 117 98 81 0.77375679968593225 3 6796 8 6464 5 5272 1 3450 12 12269
1260 1.4518062618518408 0.41834322746369479 4.7848705009520787 105 81 54 1.0137535234177186 8 6484 5 5277 10 9710
1261 1.9192658673033316 0.50887037609830355 5.4642968277149349 30 21 14 0.94927063250195354 3 6820 8 6477 5 5280 6 7274 10 9122
1262 -0.7663015269275798 0.41968375737618746 4.3824970093455482 32 22 13 0.82153843905655766 3 5030 5 5286 14 9224
1263 -0.76629081935167287 0.41913002806119748 4.3825298319595785 32 22 13 0.24288705815409287 8 2724 5 5287 14 9225
1264 -0.9534025693189041 0.42973715876903196 4.4283722650128832 36 25 19 0.8087849039227597 8 2722 5 5288 14 8386 6 7285
1265 2.8472212778578596 0.49208963228402725 5.3447735760369541 155 142 127 1.0266806347952029 8 6492 5 5292 14 2298 6 7301 1 3489
1266 -0.43137505182912766 0.42309811659437691 4.3713795678462679 34 20 9 0.52614304094289965 8 6516 5 5296 14 8416 2 2159 1 7499 4 2656
1267 -0.25390758886728287 0.42780153323381553 4.3903526390224146 38 24 13 0.58259318798739701 8 6518 5 5300 14 8426 2 2164 1 7506 4 2660
1268 -0.25390758886728287 0.42780153323381553 4.3903526390224146 38 24 13 0.58259318798739701 8 6519 5 5301 14 8427 2 2165 1 7507 4 2661
1269 2.0938436393646271 0.54273949200027183 5.5386881633530276 91 76 69 1.8719143871370834 8 6498 5 5302 6 7300 2 2155 14 7218 4 2629 10 9126
1270 -1.827541404567419 0.48768835763269747 4.6803012696320891 26 19 13 1.3444880974735143 3 5056 5 5303 6 7281 2 2138
1271 -1.8030238144168045 0.48802862227659449 4.6847732890912566 21 16 10 0.71025347891318802 3 5057 5 5304 2 2140 6 3142
1274 2.612505917487574 0.53084939453611313 5.4073136675847246 124 103 84 0.63755297082907458 3 6827 8 6513 5 5311 6 7315
1275 2.294961851728432 0.56847734303425146 5.5405283618325791 129 111 99 1.0546462628444033 8 6520 5 5317 14 7234 2 2175 1 7520 4 2662 10 9769 11 13349
1276 -0.89791798840793735 0.4591657747421215 4.3575584241317529 100 87 78 0.5911315843471262 8 2777 5 5322 6 7323 1 3505
1277 -0.80778677547181976 0.45482683742304775 4.3404334492747347 121 107 96 0.45461915081912913 3 2181 5 5323 14 8412
1278 -0.80778677547181976 0.45482683742304775 4.3404334492747347 121 107 96 0.45461915081912913 3 2182 5 5324 14 8413
1279 1.8260681749076411 0.57523331981185677 5.3920992476236806 157 141 126 1.2659946568825624 3 6842 8 6531 5 5329 6 7328 10 9758
1280 2.3920779507268652 0.58400951933876499 5.4985832353101225 69 55 46 0.85671315713872587 8 2758 5 5334 2 2184 3 2163 1 3524 4 2674 10 9136 11 13354
1281 3.7784487444763748 0.2906235700694354 3.5617791158711163 130 112 98 1.8727902676557155 5 5336 9 8106
1282 -0.41756008037649256 0.46397633775162472 4.341700134566933 165 144 127 0.80620684523145281 3 5068 8 6547 5 5337 14 8441 2 2191 9 2456
1283 3.8610442541085677 0.26601332632251573 3.3651041658455316 124 107 89 1.2557937271008313 3 6812 5 5338
1284 3.8610442541085677 0.26601332632251573 3.3651041658455316 124 107 89 1.2557937271008313 3 6813 5 5339
1285 -0.79002567835455051 0.47222717723590535 4.3490203817862279 50 38 26 0.48618758542648532 8 6543 5 5341 14 8424 1 3522 4 2692
1286 -0.78940567928447192 0.47312280029991538 4.3540500219912506 50 38 26 0.61950845009312949 3 5082 8 6544 5 5342 14 8425 1 3523
1287 0.62287043964778199 0.51074152081118274 4.7332574684827806 45 32 24 0.52042296743972227 3 5060 5 5343 14 7188 6 7349
1288 0.62287043964778199 0.51074152081118274 4.7332574684827806 45 32 24 0.52042296743972227 3 5061 5 5344 14 7189 6 7350
1289 2.8046229091886148 0.56596309409998202 5.3188196678548261 120 100 76 1.1969027538882229 3 6845 8 2782 5 5345 6 3244 10 8206
1290 -0.43983003695120848 0.47330372791048259 4.3425039645936723 62 47 35 0.67024592315371234 8 2805 5 5346 14 8443 2 2196 1 7557 4 2696 9 2469
1291 2.8553726495234382 0.56993141146864656 5.3369312149121244 109 87 63 0.63280105557376487 3 5041 8 2785 5 5348 6 3249
1293 5.3216772494204188 0.92786270060945042 7.9987924533677193 59 45 36 1.1909280864707819 3 5058 5 5356 6 7344 4 2658 7 9546
1294 -1.8048391925756473 0.5448890022308186 4.6696211684556594 26 19 10 1.3120604745890618 3 5111 5 5358 6 7345 2 2188 1 7525 4 2679
1295 5.2885957902013718 0.94548843638459545 8.0654274591018495 81 63 51 1.526914301886954 3 5065 5 5359 7 9547
1296 -0.45563840450934273 0.48986831489974725 4.3522474186663409 103 87 75 0.9698687022384499 8 6558 5 5365 14 8453 2 2219 1 7579 4 2712
1297 -0.48473719755488587 0.4940661482276586 4.3522990289487762 129 113 98 0.57314987431812126 3 5096 8 6566 5 5367 2 2222 1 7584
1298 -0.48520856561846293 0.49400006029263821 4.3530212880585859 129 113 98 0.67163560090834584 3 5097 8 6567 5 5368 14 8456 2 2223 1 7585
1299 0.053781398531245195 0.50752831477869931 4.4819591666503653 50 33 23 0.88253608907315562 3 6858 5 5372 14 7174
1300 -1.7922685063342989 0.56307063850625383 4.6715792250995873 107 94 78 0.89114573779535555 3 2264 5 5378 6 7364 2 2208
1301 2.6661605194549209 0.64427570188272165 5.402585636302792 175 144 113 0.8291174874252577 3 6861 8 6575 5 5390 6 7393 10 9154 9 8173 11 12843 12 12512
1302 0.89006401111035083 0.58833457210016382 4.8349405918636821 176 155 127 1.3121853976959352 3 5116 5 5394 10 9119 9 2477 13 8174
1303 -1.7148731952047469 0.58150787452250785 4.6253478048718719 130 111 94 0.85919712183125496 8 6592 5 5396 2 2241
1304 -0.0012039265598621784 0.54113947554890895 4.4397738436535361 141 119 105 0.90298573979011354 3 5130 5 5400 14 7200 6 3332 9 5302
1305 -1.5679545339723449 0.57612294628992433 4.5515394976447876 122 109 92 0.48489126989926862 8 2882 5 5405 1 3597
1306 -1.5679545339723449 0.57612294628992433 4.5515394976447876 122 109 92 0.48489126989926862 8 2883 5 5406 1 3598
1307 3.7935941973757981 0.35713997070083325 3.5115111758932782 153 141 125 1.7325942342740326 3 5059 14 5360 6 3404
1308 3.8066672352012771 0.352955967493366 3.489535755715869 155 142 126 1.4482990364687993 3 6851 14 5361 6 7439 1 3710
1309 3.8801675717248481 0.33340794287452324 3.3684100467308702 147 130 112 0.70039045036725045 3 5054 14 5364
1310 -1.6300750032688396 0.59509640293012622 4.5936046175399268 58 46 32 1.1753020608352791 3 5154 5 5416 2 2259
1311 -0.49274705338869729 0.55941913421383627 4.3889926483786983 124 106 92 0.6173524227487045 8 6616 5 5421 14 8489 2 2270 4 2768
1312 -1.6976512839052571 0.6069908123064931 4.6133313719891564 106 84 69 1.2798476284036064 3 5158 5 5428 6 10079 2 2260 1 7603
1313 2.3972814118001606 0.71819989380123139 5.486253015975592 96 78 64 0.76984450512514169 3 6884 5 5434 14 5348 6 7427 4 2773 10 9161
1314 -1.0696548476530927 0.58835753821714398 4.3999619203128812 133 117 104 0.64313573036019278 8 6629 5 5444 14 8478 6 7429 2 2288 1 3655
1315 -0.96018408340941508 0.58457670273269624 4.3820596480246783 110 91 76 0.79712146519808591 8 6630 5 5445 2 2289 1 3656
1316 -0.19355545706458424 0.58924784014013631 4.3756718902582765 125 106 92 0.75945447408884914 3 6901 5 5449 14 8513 1 3686
1317 1.0984692975355637 0.66894168245363861 4.8649936308623811 174 157 131 0.86957864425362785 3 6899 5 5456 1 7634 4 2799 10 9776 11 13947
1318 5.2954386288250967 1.0799053237320773 7.5485262430804836 175 156 138 1.2255430993325285 3 6904 5 5461 14 7377 6 10115 1 7631 4 2777 7 10225
1319 2.4331578511708392 0.77495070186128123 5.474333988550768 82 66 51 1.0567445308662857 3 5173 8 2961 5 5464 14 7338 6 7470 10 9172 11 12851
1320 2.7441627152843866 0.75100164184037821 5.3100945696663517 164 142 118 1.0262112602603928 3 2345 8 2974 5 5471 6 7472 1 7652
1321 -1.0246762332780521 0.62543735348810547 4.3778678895913821 133 117 101 0.42729416866973297 8 6663 5 5472 6 7468
1322 -1.0239967915983985 0.62531091352724044 4.3757998612623483 133 117 101 0.55817432924815313 8 6664 5 5473 14 9275 6 7469
1323 5.2838919772625283 1.1863226412177053 7.9845061755002513 30 26 19 0.9370618783608623 3 5187 5 5475 7 9602
1324 -0.23310797534225086 0.63367596378563829 4.4079876704960315 182 161 144 0.39154279496876621 8 2999 5 5477 14 8531 1 3729
1325 5.3202557080131871 1.1854403656986516 7.9085902791757521 114 99 91 1.1129456348620079 3 5190 5 5479 6 7473 4 2793 7 10237
1326 -1.8454497066355757 0.68624872739649689 4.6388314718388868 100 83 67 1.5581135558712036 3 5204 5 5486 6 7471 4 2805
1327 3.8803272434355511 0.42863365426009081 3.3434014797154208 159 147 134 0.89923918132743941 3 6896 14 5431
1328 2.641123073755637 0.79434301536728491 5.376945588112183 106 82 58 1.1092749646927309 8 6670 5 5499 14 5407 6 7492 10 9180 11 12059
1329 3.9066381725331967 0.42911573129821312 3.3195611464933492 171 157 141 2.3018014963921005 3 6898 14 5438 9 7039
1330 0.22225637839463902 0.67796538669327233 4.5322043889136099 165 140 118 1.0375345984599087 3 6928 5 5507 14 7293 6 7499 9 7130 13 8247
1331 5.3090410662645331 1.2275763300349016 7.8709350125022484 22 17 11 1.1086320106494507 3 6931 5 5509 6 7494 4 2820 7 9607
1332 -0.92791059827594924 0.65889547165101836 4.3595554634510503 124 102 87 0.63351667124929401 8 6688 5 5512 14 9288 6 7496 1 10179 4 2847
1333 2.7490304518818762 0.8127872455334072 5.3121943136629559 147 134 118 1.5378255051761409 3 2413 8 3022 5 5515 14 7371 6 7509 1 3775 14 5428 10 8259 11 10940
1334 3.8640587803318533 0.45439624293295511 3.3048434982033292 153 145 134 1.5090259508677404 3 6913 5 5517
1335 -0.98247978010057024 0.67366013664323898 4.3646626870865939 167 148 133 0.91035031310668268 8 3039 5 5519 14 9297 6 7504 2 2347 1 3769
1336 2.6957452219240641 0.83696737156642376 5.3679880641490749 92 70 49 0.25526311264923446 8 3025 5 5520 10 9183
1337 2.6938743204959708 0.83830229517048094 5.3628046047818563 92 70 49 1.453474893460033 8 3026 5 5521 6 7517 14 7388 1 3790 10 9184 11 12878
1338 0.02772591073416103 0.69746886792722684 4.4167113037065722 150 125 105 0.80246431671637919 3 5216 5 5535 14 7311 9 7148 13 7098
1339 -0.50796492513225711 0.68676781174383206 4.3442807600113857 22 12 5 1.2271995819565962 8 3057 5 5536 14 7290 2 2364 1 7707 4 2876
1340 -0.97143467016192364 0.6921679694726095 4.3509133044536252 155 136 119 0.51179980956799742 8 6711 5 5540 14 9302 6 7520 2 2365 1 3788
1341 -0.97143467016192364 0.6921679694726095 4.3509133044536252 155 136 119 0.51179980956799742 8 6712 5 5541 14 9303 6 7521 2 2366 1 3789
1342 -0.83320263404578165 0.68655611495513535 4.3066022738362655 177 152 129 0.82135638677419598 3 5225 8 6717 5 5544 14 8546 6 7526 1 3795
1343 0.51503853884881878 0.74947168265918862 4.6428764815802657 167 145 124 0.66204356927137842 3 6943 5 5547 14 7343 6 7536 2 2373 9 7153 13 8254
1345 -0.96138841876384995 0.71536687392899567 4.3505477306505806 148 129 112 0.87843326496071716 3 2491 5 5554 6 7540 2 2384
1346 -0.96138841876384995 0.71536687392899567 4.3505477306505806 148 129 112 0.87843326496071716 3 2492 5 5555 6 7541 2 2385
1347 0.88230801472515052 0.79888787282435392 4.7740121497903703 176 161 143 1.065303139926409 3 5239 5 5560 10 9814 9 5421
1348 -0.68722257509087226 0.73255183789759459 4.3639014595102035 118 97 80 0.6725704503658525 8 3100 5 5570 14 7319
1349 -0.014171474218725943 0.74388748482668321 4.3885989638962748 161 136 114 0.36502857608729006 3 5256 5 5577 9 5443
1350 2.5981594370462875 0.91850982144792448 5.3606280239715689 24 11 3 0.75074079312288167 8 3091 5 5578 6 3598 3 6952 2 2404 1 3860
1351 2.2086964270844218 0.9614831519408259 5.5597998642324971 68 58 56 1.0617140736907364 8 3095 5 5579 6 7576 2 2400 4 2911 10 9193
1352 -0.33456029624105915 0.74666563838376465 4.3526313771718739 169 149 132 0.95155544085925947 8 6754 5 5586 14 8589 2 2412
1353 2.7321217645806191 0.91673914264833756 5.2777257093577523 113 90 75 1.1764680994966583 8 3118 5 5587 6 7585 1 3890 10 9198 11 12895
1354 0.21085478495249504 0.79095785114786721 4.5011713193770397 166 139 118 0.6192640375099685 3 6964 5 5594 6 7591 9 7182
1355 0.20933551208950768 0.79336871643374174 4.5000386312534131 166 139 118 1.092034384782028 8 3144 5 5595 14 7386 6 7592 13 7120
1356 2.5620517239346015 0.95507523361691316 5.3772137096392978 46 32 23 0.9496140155220445 8 6758 5 5597 6 7596 2 2424
1357 2.5655007143427984 0.95522283611935943 5.3849730294665248 46 32 23 1.0074858082624765 8 6759 5 5598 14 7443 6 7597 2 2425 1 7766 10 9205 11 13420
1358 2.7731061779944954 0.92845431248077437 5.2115942075441675 167 149 129 1.0054696275039066 8 6767 5 5601 6 7604
1359 2.7146671452628994 0.94057796721602105 5.251110348433814 66 45 31 0.51833400665690166 3 2544 5 5602 8 3139 6 3649
1360 -1.6029204722224217 0.81452556133578469 4.5781387958085933 140 123 107 1.7728933896867036 3 2556 5 5605 6 7588 2 2432 1 7759
1361 -1.0401348244700166 0.78341939353996071 4.3996923776100427 160 141 126 0.70415785514624607 8 6781 5 5607 14 8588 2 2442 1 7771 4 2946
1362 2.7756960644912598 0.96230353476148667 5.2098528179079837 172 154 131 1.205153124735155 3 6970 8 3181 5 5618 14 2697 6 3679 10 8303
1365 -1.8124898479008273 0.84333167187993929 4.5967772667441551 91 74 54 1.872843365167185 3 2580 5 5625 4 2954
1366 -0.33423334384866815 0.80431344734359778 4.3525349703585503 159 141 128 0.18804719744581785 8 6798 5 5627 14 8618
1367 -0.52648095911354675 0.80212712257544005 4.3302467727504075 192 171 153 0.59644616354783586 8 6797 5 5630 14 8614 1 3938 4 2983
1368 3.2814484515143096 1.0978158906962874 5.7516250470585444 167 147 122 1.1127960105030115 3 6983 8 3202 5 5635 6 7643 9 8254
1369 -1.7924032605537543 0.85398016458289594 4.5915861710528336 113 94 77 1.5246404053530447 3 5303 5 5637 2 2465 4 2964
1370 2.5703790795302175 1.0125917689000192 5.3158731070349763 116 90 75 0.52278435565178782 3 6982 8 6800 5 5639
1371 2.5728409118862188 1.012266608653511 5.3234920755508712 116 90 75 0.87815335367871983 8 6801 5 5640 10 8308
1372 -0.84548385057809772 0.8026384712121043 4.2854006883160389 167 141 114 0.64853430518053634 3 5305 5 5643 14 8613 8 3242 1 3943
1373 -1.8493918300010368 0.86295066509508522 4.5993782061717079 99 81 61 1.3848788173665727 3 5308 5 5647 6 7621 2 5074 4 6260
1374 -0.62129443958076414 0.8116206530618737 4.3211679351620447 124 103 84 0.74067407508422722 8 3234 5 5648 14 8622 1 3947
1375 3.2233606509171175 1.1194255940067872 5.718346278685571 145 123 99 1.26746540969636 3 6996 5 5653 9 8263
1376 3.2233606509171175 1.1194255940067872 5.718346278685571 145 123 99 1.26746540969636 3 6997 5 5654 9 8264
1377 -1.7195929912052634 0.88170899508218092 4.623649452436208 130 114 99 1.1025042917322463 3 2620 5 5657 6 3702
1378 -1.8763884820270109 0.88076285230325113 4.6124661684892612 144 123 104 1.3287297124537603 3 2624 5 5658 6 7646
1379 2.3381597662037694 1.0749043769677744 5.4122586177108634 137 110 89 1.203033377847365 3 7004 8 6840 5 5665 14 5589 6 7683 1 3992 10 9219 11 12908
1380 -1.8494161550126871 0.89020708533762904 4.5959191865632638 96 75 56 1.6152880211230534 3 2633 5 5667 6 3732
1382 -0.21965582749911444 0.89327504961470561 4.3507288294482453 110 89 70 0.95845156982145707 8 6884 5 5690 14 8666 2 2535 1 7848
1383 -0.21965582749911444 0.89327504961470561 4.3507288294482453 110 89 70 0.95845156982145707 8 6885 5 5691 14 8667 2 2536 1 7849
1384 -1.7851060566916088 0.93062163319631941 4.5787382566553134 86 74 62 1.8873066039665904 3 2668 5 5696 6 7701 2 2537
1385 2.7328560535206305 1.1018837374621866 5.2188501310287201 127 103 80 1.4277225942063154 8 3354 5 5702 14 2816 6 3849 11 12155
1386 -0.44150767956684855 0.90408810823349095 4.3617709425922273 16 17 19 0.22069303027830325 8 3361 5 5704 14 7467
1387 -0.69081672972760355 0.89122813170509496 4.2781375742764949 149 128 109 1.4423872712035635 8 6897 5 5712 2 2548
1388 0.018206158807778539 0.91807411642011294 4.3631009285156379 129 103 78 0.68266448216807485 3 5367 5 5713 14 7477 9 5564
1389 -0.77525489019431604 0.89496575346959106 4.2703141891446919 147 127 103 0.81211722741466175 8 3383 5 5718 14 7466 6 3842
1390 3.8170852921016047 0.71341202455614761 3.3646757064705799 29 20 15 0.33564665184032877 3 7035 14 5669 1 4101
1391 0.28770822214684416 0.9673278832679989 4.4992545522975655 36 28 23 1.0143857387273056 8 6906 5 5730 1 4077 4 3094 9 2897 14 2795
1392 -0.88545646043472415 0.90575308798870069 4.2691211299588643 160 138 114 0.59359462974857391 3 5372 5 5732 14 8674 8 3397 4 3084
1393 -0.95928301849596576 0.91428396887315444 4.297680070528469 141 119 99 0.75011237645196782 8 3414 5 5734 14 8677 2 2575 1 4066 4 3081
1394 -0.84658073841494463 0.92295313979843996 4.2480405466123132 127 102 75 0.50123322460297182 8 3441 5 5753 14 8683 1 4095
1395 5.2930388068745557 1.7655307300282292 7.6798170011653033 93 80 72 0.90305628656288361 3 7097 5 5757 6 7787 7 10303
1396 5.1029993929926869 1.7389407849748781 7.575987852535631 98 82 67 1.0057018479001962 3 7096 5 5759 7 10302
1397 1.1254323897940295 1.0685181976209654 4.7156728940976365 137 130 112 2.1317010777641228 3 5408 8 3466 5 5768 14 7550 4 3141 11 14000
1398 -0.84986467427035794 0.94530591020842114 4.2404452418815746 163 137 110 0.5342580705095431 8 6943 5 5770 4 3122
1399 0.95442634156009776 1.1227212012572576 4.7304646381861026 121 101 80 2.490822177991896 3 7109 10 10240 13 9607 5 5796
1400 -0.8613608096471248 1.0004200006049528 4.2331913553584144 105 86 69 0.79361362059205753 8 3535 5 5805 14 8713 6 4022
1401 -0.90358488974675821 1.0687144373847521 4.2118262117007417 86 69 51 0.72606484619095946 8 7054 5 5858 6 7899
1402 -0.60812345791701894 1.1077015419414586 4.2610035277102227 190 167 149 0.40526984230261354 3 5507 5 5876 14 8758
1403 -0.60812345791701894 1.1077015419414586 4.2610035277102227 190 167 149 0.40526984230261354 3 5508 5 5877 14 8759
1404 -0.65479895785234121 1.1309019941971554 4.2547905933392594 148 127 109 0.64124439778263698 8 3676 5 5904 14 8774
1405 -0.65479895785234121 1.1309019941971554 4.2547905933392594 148 127 109 0.64124439778263698 8 3677 5 5905 14 8775
1406 -0.64983830647700991 1.1834141225457329 4.2211546122436312 126 105 86 1.8224177243746875 8 7159 5 5947 14 8797 2 2809
1407 -0.27001531896338432 1.2434900914260436 4.2628222675515817 147 127 108 0.33412529792494011 8 7196 5 5976 14 8811
1408 -0.94474440609000299 1.2240409465781295 4.2081594765118604 79 67 55 1.3509125893217226 8 7213 5 5991 14 8830 6 8040 2 2874
1409 -0.28094652066972642 1.2565850891112549 4.2422306225992221 113 95 79 0.73903255632975273 8 3834 5 5994 14 8826 4 3464 9 5752
1410 -0.37428516651767924 1.2499068243718021 4.2130167124128528 115 98 80 1.2226472930487069 8 7216 5 5997 14 8831 1 8135
1411 -0.92768021316977478 1.2338377861621852 4.1923858470455562 139 122 104 1.4867530678908383 8 3843 5 6000 14 8837 6 8057
1412 -1.0133701097466705 1.2574708806569213 4.2696616181731875 77 68 57 1.8731090264455452 3 5613 5 6003 14 9494 6 10504 2 2896
1413 -0.37876545423989683 1.2759795986626516 4.22872848516855 156 139 121 0.69860996729603331 8 3868 5 6010 14 8843
1414 -0.5543020753120167 1.2938110659709665 4.2022496555070212 120 103 85 0.60906819851544292 3 5661 5 6029 14 8862
1415 -0.2417220370520374 1.3234013181160518 4.2404694198221256 136 119 100 0.38350431343990515 8 3922 5 6034 14 7805
1416 -0.20037914906628856 1.3350508419134608 4.24780721758101 121 107 95 1.3381131258031334 8 3939 5 6044 14 9517
1418 12.793264536028278 -6.4651445432983348 14.688928754058638 122 125 134 2.448502591748503 6 8755 8 4835 2 286 1 5819 4 4583 11 5606 7 6436
1419 -0.6078528792686031 -3.4473324516723065 10.14509480128913 84 87 92 0.93264642793577168 8 4837 5 6483 6 8761 1 8874 4 4568
1420 0.57526574488278737 -3.2962672059854516 9.9875471451083868 97 91 91 1.1254567899142878 3 6012 5 6497 2 3619
1421 1.0175511197390972 -3.3311861662336333 10.07818113824322 155 151 150 1.1073022144589524 8 7923 5 6501 6 8799 3 3657
1422 0.66745061698996855 -3.2665058934685001 10.024360676160095 134 128 128 1.1854752266994604 3 6016 5 6504 2 5939
1423 12.313489395709913 -5.6000821998759287 14.550560732897548 124 127 133 0.96699654995371309 8 7930 6 8809 2 3707
1424 -0.34667401294603356 -3.037989439111489 10.00490636864525 127 129 134 1.3952369442132713 5 6510 6 11014 1 8967 8 7931 4 7421
1425 0.89408298310080925 -3.1009789847978242 10.067358599882368 160 164 167 0.35972681825029795 8 9924 5 6515 1 9019
1426 -0.10401692185649641 -1.9684106124298237 6.6847557836780576 154 147 141 1.0149043177618411 8 7984 5 6541 14 7869 6 8902 1 9159 4 643
1427 -0.0255457338739421 -1.9140523354363317 6.6509915308705141 160 150 140 1.0258909163912724 3 6063 5 6548 14 7878 6 8920 2 3803 1 6123 4 4860
1428 2.0292994378697187 -1.9649993705481217 6.0752195097393686 237 246 247 0.91816825376118716 8 5070 5 6551 6 5794
1429 -0.63335482324431602 -2.3901402498879301 9.9034116979952973 151 147 144 1.8319945508133073 8 9961 5 6559 6 11085 1 11081
1430 -0.19446937282271773 -1.8047175636374693 6.6730028806170099 148 141 131 1.4187260270678712 8 9985 5 6561 14 8919 2 6072 1 11145 4 7583
1431 2.0847540358642229 -1.7832937190227567 6.0559969897245303 156 152 149 1.5852613393033865 8 8094 5 6583 6 5863
1432 0.10578669555467141 -1.679626774940006 6.5582734689629589 81 77 74 0.46578586319749382 8 8069 5 6588 6 8991 2 3883 4 4954
1433 -0.16776208702726675 -1.6690140089286276 6.6695025832193719 121 112 104 0.63420462382833509 8 8061 5 6590 6 8988
1434 -0.79538961179900525 -2.1460211667533469 9.80118236436698 159 150 145 1.3100010892377649 8 7999 5 6592 6 11117 4 7528
1435 3.9376939224153089 -1.509712891727865 3.8213066824764947 141 122 105 1.6547822644664947 3 6024 5 6593 14 6464 6 9136 2 1074 4 1347
1436 4.1020538052278441 -1.4870567236467815 3.7036346363836508 23 26 31 0.8055257337256011 8 5345 5 6595 6 6065
1437 1.1738319538396833 -1.5367423964328888 5.4773552722020487 143 133 124 0.98302708583052201 3 7546 5 6598 14 6272
1438 0.053637998562019062 -1.5987150054256516 6.5490303207922009 115 106 97 0.50625920244062927 3 3832 5 6600 6 9031 2 3901 1 9256
1439 1.7400749943477885 -1.6287296220886858 5.8638909858497774 72 74 78 1.0582340213139902 8 5186 5 6603 14 6321 6 5932 2 3978 1 6394
1440 1.6635885856962573 -1.5700009077537744 5.8345546350448165 145 142 136 1.1030731181585756 8 8133 5 6616 14 6330 6 9068 2 3987
1441 1.9784460227275762 -1.5813090313727456 5.939603633396727 160 150 140 0.00010638866713681938 5 6621 10 8707
1442 2.3251163206226386 -1.6396045020242549 6.1657316190705034 162 156 144 1.7196363395162537 8 8143 5 6624 6 5977 4 1065
1443 2.3212891056226503 -1.6386609705127495 6.1550391850289614 162 156 144 1.6383801634382775 8 8142 5 6625 6 5976 2 890 1 1770 4 1064
1444 1.6539282909685216 -1.5253639659299751 5.8039816893637308 79 78 78 0.90957407542033641 8 8147 5 6627 14 7993 6 9091 2 4009 1 9367 4 5084
1445 2.1624631751122796 -1.5774097160047811 5.9757238777435502 64 62 63 1.4512211856389636 8 8148 5 6630 6 9095 2 4023 10 9483
1446 2.0919839106279317 -1.5702600671156892 6.0396657387587291 156 143 134 1.1478900717842451 3 7556 8 8152 5 6632 2 4019 4 5085
1447 3.9824849878838675 -1.3371159720739505 3.7136805682999063 142 115 101 2.079918961542607 3 6045 5 6642 2 1188
1448 1.9635341945207503 -1.5191068356061634 5.9770897937586804 155 145 135 2.1466381258848952 3 7558 5 6643 9 8586
1449 0.99050907030962376 -1.3171391620645359 5.3314572610126101 149 139 129 1.1770867665982816 5 6656 6 9148 2 4058 9 7676 12 11524 13 8682
1450 1.5678114243680374 -1.4236222361609243 5.7447700848221723 84 80 79 0.62430197371313445 3 6125 8 8171 5 6658 6 9127 2 4051 14 8003 4 5104
1451 -0.58997508720983127 -1.0982947252830424 4.7459381727317087 69 63 65 0.70978296324383505 8 5327 5 6661 6 9170 2 4054 1 6491 4 1236
1452 2.1696712739158537 -1.4665974601308418 6.0552412323046347 150 138 126 1.9601288289678369 3 7563 8 8180 5 6666 6 9152 2 980 1 1876 9 8593
1453 2.9617799175698583 -1.5497212778325902 6.2585907793273101 135 128 122 0.89200804454391969 3 6113 8 8181 5 6669 6 9157 1 6502 4 5111
1454 0.35362126935718713 -1.3663349375798257 6.4054525990006299 123 104 89 0.95404639323478635 3 6163 8 8163 5 6671
1455 2.6202740623084013 -1.4989251920679143 6.1751647858386765 137 132 126 1.7377794234810586 8 5295 5 6678 6 6064 14 4062 2 997 1 1903 4 1172 10 8750 11 11621
1456 -2.1028722822371622 -0.96207382732202973 5.2037049140334632 71 71 81 0.80965550827642696 3 6246 8 8207 5 6690
1457 -2.1535148907420365 -0.95494389806712299 5.2340469508985432 67 69 81 1.0992671099041407 3 6252 8 8210 5 6691
1458 2.6100985548438302 -1.4273017726908417 6.1440112350074196 129 124 118 1.7845776703220959 8 5336 5 6694 6 9202 2 1041 1 6531 11 12550 14 4100
1459 2.3819672258524012 -1.3937526709707715 6.109797614159465 151 139 127 0.80592546061613979 3 8555 8 8224 5 6698
1460 -0.3993527211509747 -0.998424925928593 4.7522464926785357 140 130 120 0.63050725985274381 8 5406 5 6702 14 7942 2 1057 1 6573 4 1340
1461 -0.39972259550433553 -0.99849533989251171 4.7524760764193745 140 130 120 0.75508025273989965 8 5407 5 6703 14 7943 6 6154 2 1058 1 6574 4 1341
1462 4.0031803737298413 -1.1678024895661037 3.6231706882272232 149 127 113 1.3722467523654125 3 6083 5 6709 14 6605 6 6300
1463 2.8229170663681877 -1.3866566917039629 6.1469236890699781 141 131 121 1.6623729687603521 3 7569 5 6710 9 8592
1464 0.20109067841666611 -1.0457558644695841 4.9174170796856727 74 66 64 0.87452818816314226 3 6191 5 6712 14 7983 6 9243 8 5413 2 4119
1465 0.92595159892991874 -1.1342026630665807 5.2571857877999442 137 123 110 2.3084328255360971 3 6175 5 6713 9 6227 13 7752
1466 -0.44593255815720889 -0.95938782357746766 4.7481425547597906 123 110 102 0.56651139820387653 8 8274 5 6716 14 8948 1 9483
1467 -0.44709712571833926 -0.95966454787128264 4.7470441854924195 123 110 102 0.3316047188404207 8 8275 5 6717 1 9484
1468 4.022016009670617 -1.1357461305009402 3.5965661840946468 127 110 95 1.4981297325372831 3 6088 5 6722 14 6628 6 9332
1470 1.800146720048069 -1.2091515815466101 5.9185624711644351 49 45 43 1.3858148493757578 3 7593 5 6729 9 7696
1471 1.8235371602626969 -1.2078960980034346 5.8871888770618988 128 119 110 0.51292417258265055 5 6731 10 9506
1472 1.8422280741567185 -1.2154409896656388 5.924971054271106 128 119 110 1.2942594282933668 5 6732 6 6177 9 7695 3 7592
1473 0.51876512361829907 -1.0129453351670754 5.0474794168259569 59 50 43 0.7004657690382784 8 5447 5 6734 6 9271 2 1128 4 1394
1474 1.7426799001503985 -1.185317492361363 5.892587329349972 66 64 65 0.82389660713811141 3 6188 5 6735 9 7701
1475 1.7426799001503985 -1.185317492361363 5.892587329349972 66 64 65 0.82389660713811141 3 6189 5 6736 9 7702
1476 1.6411357155126243 -1.1702240428506154 5.8405297578020532 148 136 124 0.96941214906747286 3 7602 8 8268 4 1335 9 7705 5 6738
1477 1.8950841435960304 -1.1896932331580914 5.9505792047449191 47 43 44 1.0779933989899313 3 7601 5 6740 8 8269 14 6516 6 9254 9 8611
1478 1.7162935909692094 -1.1593113856841653 5.8714286364900925 180 168 155 1.3181969336760437 3 6195 5 6746 9 7707
1480 2.4274733330644458 -1.2275746808403505 6.033556311926958 73 67 63 1.4473855787359111 3 6179 8 8276 5 6748 6 9259 2 1137 1 6637 14 8078 4 5207 10 9536 9 7681
1481 1.9744033208900991 -1.1807474622739806 5.9780937634391931 58 54 55 1.3507982960541332 3 7604 8 8277 5 6749 14 6530 6 9267 2 1135 1 6633 4 1346 10 8770
1483 3.8654698107610646 -1.061064970240533 3.7452483100665908 94 85 75 1.2902965067176269 3 6123 5 6754 1 2463
1484 2.4593070398383672 -1.1687465356565951 6.0285028500471913 77 70 64 1.47910674344897 8 5460 5 6765 14 4210 6 6249 2 1178 1 2170 4 1388 10 8804
1485 3.7865320821042294 -1.0364142600233841 3.8742340239256334 89 80 73 1.2832059567004392 3 6137 5 6766 14 6666 6 6382 1 2471
1486 3.78752280732198 -1.0363647792892747 3.8757137712568106 89 80 73 0.86511429881069579 3 6138 5 6767 14 6667
1487 2.065332965332797 -1.0720292660080837 5.9754321422738084 116 106 94 1.2209921176135472 5 6776 14 6577 10 8799
1489 0.76236530547977943 -0.89340485583448626 5.1457642313079743 133 123 114 0.51620497081810546 3 6273 5 6783 9 6362
1490 1.8975458573498809 -1.0260748598543712 5.909869587388811 49 45 42 0.92139378423790197 8 8322 5 6786 14 4215 6 9315 4 1459 10 8791
1491 1.6327854893549771 -0.98962250378285355 5.7777108268533324 180 168 153 0.99319486141349567 8 5547 5 6790 6 9323
1492 1.7361660304447804 -1.0007135423998241 5.8086741293508961 56 48 46 1.2303396584211281 8 5539 5 6791 6 6318 10 9533
1493 1.8370325339304103 -1.0049343661682706 5.8869223525124514 52 45 41 0.85517842547103462 3 7633 8 8328 5 6794 6 9325 4 1473
1494 2.1530697280862903 -1.0403224209780459 6.0172282453861872 62 58 56 1.5081391389834105 3 7626 8 8325 5 6795 6 9324 2 1226 4 1466
1495 1.6076210235451245 -0.95878166038961954 5.7717733517057557 60 53 47 0.91050290579982518 3 7637 8 8339 5 6806 6 9345 9 7761 12 12106 13 9766
1496 2.2885316641788713 -1.0271852602101217 6.063993801908846 144 132 121 1.7017940972275858 3 6259 8 5553 5 6807 14 6614 2 1240 10 8826 9 7727
1497 1.7980265311477273 -0.94877668585463881 5.859086318226618 58 53 51 0.8426782016827935 8 8348 5 6813 6 9354 2 1254 14 4255 1 2262 4 1520
1498 2.2962543157552542 -0.99316474479449013 6.0322163603019492 59 54 50 1.214010219977973 8 8346 5 6814 10 8833
1499 2.1962360806375374 -0.9642931882452338 6.024483340631412 67 58 61 1.9567427162898883 3 7641 8 8358 5 6820 2 1279 1 2281 4 1537 9 8636
1500 2.4219088692545836 -0.97645376941614292 6.0765264655832318 140 126 113 0.80260656899356786 3 6280 8 8359 5 6821
1501 3.8608438470357545 -0.88982405726288383 3.7623857120503446 140 117 99 0.72629260318761002 3 7595 14 8207 6 9438
1502 1.6078178692232079 -0.88600272536911284 5.7647100769652839 64 57 55 0.57103355654620591 3 7653 8 8372 5 6826
1503 1.539540954062373 -0.87352104445348755 5.7148434041914209 50 50 52 0.63531822883178146 8 8376 5 6828 6 9371
1504 2.1611278515438825 -0.93174167771679595 5.9909631968333681 135 123 109 1.3929473078514429 3 7647 8 8371 9 8638 5 6829 12 12435
1505 3.8155772011906484 -0.8800500100371299 3.8262244338151152 141 133 122 1.8526179817823656 3 6192 5 6830 14 6743 2 1448
1506 0.95779690394728578 -0.77045020895567318 5.1951097562618358 167 148 131 0.75567373060550425 3 6318 5 6838 14 8092 2 4279 1 9613 4 5365 9 7824
1507 1.2828912902659293 -0.79703164021472672 5.27426802650914 153 140 120 1.3323796498813938 8 8400 5 6839 10 10031
1508 1.6278644121071746 -0.84977059857333814 5.7620342124355952 114 101 85 0.66854060825605588 3 7659 8 8386 5 6840
1509 2.2033470135873747 -0.88283528111755494 5.9907117837351773 150 138 126 0.63640653579797757 8 8388 5 6844 6 9385 10 8848
1510 3.8524392269695111 -0.83591504724459731 3.7346258664765526 153 127 104 0.80928720324340331 3 6211 5 6845 1 6965
1511 0.28072757836280099 -0.75677297461138249 6.2710242336682347 75 62 53 0.68766594836758355 3 6355 5 6859 2 4245
1512 2.353092723325799 -0.84800441115965919 6.0656675859565166 56 48 45 1.3730535507319379 3 6320 8 8405 5 6861 6 9402 2 1328 14 4430 1 6812 4 1635 9 7773 10 8878
1513 2.1685448772186757 -0.82709173016834392 5.9793821522272461 165 154 142 0.77450694043540758 3 6323 8 8409 5 6863 14 8174 6 9403 2 4293 4 5359 9 7786
1514 2.705130236495203 -0.8507607631640296 5.9268025093603267 152 140 124 0.98540415134492343 8 8416 5 6864 6 9405 14 6719 2 1347 1 6823 4 1659 10 8882
1515 1.6335351429922604 -0.74389982123849485 5.7384191090023018 39 30 25 0.50704442077737222 8 8424 5 6870 6 9415
1516 1.8948309489358519 -0.75730711537121209 5.8503160872077933 49 49 49 0.90981936767233051 3 7690 8 8425 5 6877 6 9417 9 8667
1517 2.1032610886778484 -0.77117986175160891 5.9332812415855853 66 59 53 1.3068576802227705 3 7688 8 8427 5 6878 14 4449 6 9419 2 1350 1 2453 4 1676 9 8663
1519 2.1938543267360329 -0.75778158028277454 5.9711124955740047 33 25 22 0.93356394471091153 8 8435 5 6883 14 6717 6 9431
1520 2.1959675716106064 -0.75822466804522592 5.975156456331316 33 25 22 0.93965497254280272 8 8436 5 6884 14 6718 6 9432 2 4319 1 6836 4 5399
1521 1.9267110097016369 -0.73053413189086513 5.8570912326068694 145 139 127 0.84280518051114683 3 7696 8 8439 5 6887 6 9434 2 1368 4 5408 9 8673
1522 1.9256514516845731 -0.7299612376249599 5.8547649438475968 145 139 127 0.87817108981730674 3 7697 8 8440 5 6888 6 9435 2 1369
1523 2.2832278177840828 -0.71445818522224569 5.9964608581935854 162 151 137 1.778060723257616 3 7700 8 5728 5 6895 6 6471 9 8671
1524 0.84661965950282991 -0.59907138081687472 5.1049470314416618 175 162 145 0.62463348046120493 3 6374 5 6897 14 6640 6 6499 2 1407
1525 5.8558217092816527 -0.98891423472441897 9.0323220026703037 187 201 210 2.0182814870354959 3 6340 5 6903 6 9430 10 8048 7 10062
1526 2.3255581101285374 -0.69122693675859359 6.0149461098313024 50 40 38 1.1352119435339405 3 7708 8 5738 5 6905 14 4512 6 6492 4 1732 9 8677
1527 2.2365001805948901 -0.67796067705634477 5.9716168974702226 42 34 31 0.66319811734354872 3 7711 8 8461 5 6906 6 9464 2 4362 1 6877 4 1744 9 8680
1528 0.82909134404093221 -0.57303050626913454 5.0400437304227816 177 162 143 1.3758822019625498 8 8472 5 6910 10 10032
1529 1.7326835497337116 -0.63894772630953611 5.7562167861565303 41 37 28 0.67746478261667342 3 7722 5 6911 9 7844
1530 1.8348364940760669 -0.59115827104260255 5.7733015905760503 173 165 154 1.4803908365373621 3 8644 5 6920 9 8694
1531 2.020716893587859 -0.57279172268226941 5.8476332240787565 161 149 135 1.7559445581960316 3 7733 5 6928 6 11409 2 4406
1533 -1.4295008914005587 -0.33680286058249953 4.7581304486251286 133 130 125 1.160298145052048 3 4443 8 5846 5 6943 2 4401 1 6932
1534 -0.98419926918818912 -0.35799650547025519 4.6341666579508152 124 121 109 0.58887122940705994 8 8530 5 6944 6 9548 3 6458 1 9749 4 5551
1535 0.87292291212064721 -0.45304257028494088 5.0698239946122259 147 128 111 0.48237831684376292 8 8527 5 6946 14 8194 4 5547
1536 -1.4094566767286665 -0.32204102544989266 4.7457886765740724 67 63 60 1.1006307507234963 3 4455 8 8534 5 6952 1 9745
1538 1.7165266587932639 -0.47850698090174271 5.2981521387407158 151 135 120 1.6002578806241612 8 5854 5 6958 6 9558 14 8238 2 1535 4 1904
1539 -0.29920470376434588 -0.36610643119484398 4.6005560350617154 110 100 90 0.83371428980525275 3 6454 5 6961 9 4612 3 4400
1540 0.055870557250871533 -0.37826596485060415 4.7243440653092881 163 146 128 0.40313347946582978 8 8551 5 6965 6 9577 2 4458 4 5581
1541 2.0779974878781684 -0.47563744046253043 5.4084734011136302 155 139 125 0.794182449972888 8 5867 5 6970 14 6814 6 9571 2 1549 1 6997 4 1919 10 9593
1542 2.0779974878781684 -0.47563744046253043 5.4084734011136302 155 139 125 0.794182449972888 8 5868 5 6971 14 6815 6 9572 2 1550 1 6998 4 1920 10 9594
1543 -0.4775347003528771 -0.33916814016731855 4.5702475090452443 152 142 132 1.1444875329149176 8 8565 5 6975 1 9786 2 6418 4 8032 9 6732
1544 -0.40789658367581644 -0.34004070353207794 4.579747806919956 150 140 130 0.71980214816338339 3 6463 5 6979 9 4647
1545 -0.27052260439301845 -0.34985340677547616 4.6019436130953517 59 50 41 1.0171592706771191 3 6461 5 6980 14 8129 2 1541 1 2720 4 1953 9 4622
1546 1.9098416148828274 -0.45616191678569995 5.3544692807904637 156 142 129 1.1737023553092094 8 8548 5 6981 6 9582
1547 -0.74765476728733471 -0.3147646945176612 4.520890691050405 79 69 61 1.2373990993465696 3 6472 5 6983 6 9593 8 5916 1 7001
1548 1.1131211299048607 -0.40347795247035312 5.135522279331183 120 102 78 0.84519707543007616 8 5894 5 6984 14 8227 6 9588 2 1555 1 2739 4 1944
1549 -0.1047682962447325 -0.32444139659090288 4.6408975302189663 141 132 117 0.12585872932197098 3 6471 5 6994 9 6724
1550 -0.050839427262131198 -0.31857256863819294 4.6545279058486493 145 130 116 1.4166690895803338 8 8587 5 6997 6 9604 2 1578 4 5620 9 7956
1551 -0.00097506348857306913 -0.31866164787348283 4.6803119645919002 146 134 120 1.4057769508205784 3 7778 5 6999 14 8172 6 9605 2 1579 9 7957
1552 -1.4559510818883619 -0.24087582744083316 4.7173268842274059 36 31 28 1.169311078359091 8 8581 5 7000 2 4468 1 9788
1553 -0.63509332837126098 -0.27923486891054994 4.5390532758833393 40 29 25 1.0177519714776022 3 4506 5 7008 14 9073 6 6700 1 7025 9 4697
1554 -0.470572012620812 -0.27561577472357102 4.5354521391331373 47 38 33 0.39995745803823479 3 6493 8 5971 5 7009 14 9086 1 7032 4 2014
1555 2.5383389389294604 -0.38075189137947341 5.6127645918430966 149 135 126 1.0328747285498219 8 5959 5 7018 6 9624
1556 0.33242785275209935 -0.2802254079062515 4.8180268846449552 152 140 127 0.41630356910196104 3 7787 5 7025 9 7959
1557 1.7606369572474239 -0.31981244367829054 5.272784516543954 136 120 104 0.66075662294050652 8 8604 5 7032 14 8274 6 9639 2 4553 1 7076 4 5644
1558 -1.6584297228867892 -0.16118140022569127 4.7832897321497709 146 133 125 0.61602124512690137 3 4652 5 7037 1 7029
1559 1.2594393907589612 -0.28697543954962779 5.0574773636121444 159 135 107 1.1910061650703063 8 6005 5 7039 14 6837 6 9651 2 1663 1 7081 4 2061 10 9584 11 13611
1560 -1.0975547376756474 -0.18103926052218478 4.6075030489454063 45 35 28 0.80209440216250272 3 4622 5 7044 14 8126 6 6760 2 1626
1561 1.9710737158836902 -0.29756511586838608 5.2961283363112868 161 151 139 0.49761346601781858 3 7785 8 8612 5 7046 6 9662 14 6868 2 1680
1562 -2.0403569282869327 -0.12219744411150203 4.9618333311904603 122 113 104 1.0882457626898687 3 4684 5 7054 6 9646
1563 1.2362128421804863 -0.26332945135896346 5.0628763416538494 141 115 88 1.1162380512985293 8 6020 5 7055 10 10078
1564 -0.78534566946865336 -0.17480587048621632 4.5240265038334959 147 133 122 0.80894714919196387 8 8626 5 7058 6 9679 1 7090
1565 -0.78451723280882191 -0.17509329723508138 4.5240249096878946 147 133 122 0.79703769814325554 8 8627 5 7059 14 9098 6 9680
1566 -0.13203638960764419 -0.20520552730781344 4.5845031924683015 127 113 102 0.55171347424285255 3 6532 5 7060 14 8205 6 6790 8 2017 2 1683 9 6781
1567 1.9107482652032877 -0.26371279459208952 5.3144205380932439 157 139 119 1.8299807174256888 8 8619 5 7062 14 8292 6 9671 2 4579 1 9863 4 5681 10 10093 11 13900
1568 2.0695822511471298 -0.27188041225371112 5.3826942899747632 103 85 71 0.60719951393630367 8 8618 5 7063 6 9677 14 6877 2 1689 4 2085 10 9622
1569 1.1202465466381417 -0.2356270910664964 5.0900429312582007 175 154 127 1.2859362390849898 8 8620 5 7066 4 5683 10 10080
1570 -0.029365707502016836 -0.19124054811911242 4.618342759765846 162 149 140 1.7116994143387241 8 6071 5 7068 6 9686 9 6785 13 8053
1571 1.5745026608249983 -0.25058958870686054 5.1755832333275373 146 126 102 1.3233493443997808 5 7070 6 9682 2 1692 4 2096 10 9603 14 4662
1572 -1.6445498169170505 -0.11616285144089529 4.7778030399394886 126 113 104 1.3112881894476474 3 4691 5 7072 2 4548 1 7072 4 2073
1573 -0.83408708548169197 -0.14916337807096491 4.5267796246677197 173 159 146 1.0534313138715037 3 6566 5 7078 14 9107 6 9698
1574 -0.35711673596260013 -0.17292111598393717 4.5139796415920044 154 137 127 0.51100009011045133 8 8656 5 7079 14 8201 2 4585 4 2145
1575 1.9363324401311868 -0.24988344761448092 5.2737716702113158 122 110 94 1.2220445232596389 3 6504 8 6049 5 7081 6 6803
1576 2.4064879768496725 -0.25440661413742294 5.5400299857905555 167 151 138 1.0033097153647077 8 6050 5 7083 6 9688 14 6892 2 1705 1 2899 4 2102 10 9637
1577 1.7800244459354229 -0.23032470746704539 5.2638255515687815 140 118 97 1.1214509648716784 8 8637 5 7084 14 6875 6 9702 2 1707 1 2903
1578 1.7815827802544471 -0.22975342187095948 5.2669814049221015 140 118 97 1.5385596791508953 3 7806 8 8638 5 7085 14 6876 6 9703 2 1708 1 2904 10 9617 9 8766 12 12471
1579 -2.1950776153774836 -0.063972986129356868 5.0257171033781001 101 90 84 1.578842145675498 8 8629 5 7090 6 9681
1580 0.64249876913861259 -0.17929134232180102 4.9147747366508021 62 49 41 0.93025813843296457 8 8662 5 7092 14 9159 6 9716 2 4599 1 7125
1581 2.4847136947394155 -0.22896494191147615 5.5582549821928469 145 128 111 0.7822129586912242 8 8646 5 7096 6 9718 14 6907 2 1738 1 7126 4 5697
1582 2.4847136947394155 -0.22896494191147615 5.5582549821928469 145 128 111 0.7822129586912242 8 8647 5 7097 14 6908 6 9719 2 1739 1 7127 4 5698
1583 -2.158344284291811 -0.048545067998038392 5.0272968657352592 101 91 82 1.555352769945429 8 8649 5 7101 6 9695 3 1648
1584 -0.088565221884235962 -0.14502543000871873 4.5940793284551411 138 125 109 0.64150611286560433 8 6110 5 7102 14 8234 6 9733 2 1729
1585 0.043960438749254871 -0.14434181849879674 4.6205225070019287 156 144 132 1.0155169313584089 8 8684 5 7103 14 8248 6 9740 2 4604
1586 0.043960438749254871 -0.14434181849879674 4.6205225070019287 156 144 132 1.0155169313584089 8 8685 5 7104 14 8249 6 9741 2 4605
1587 -0.80125466817084656 -0.10761437727632708 4.5175383436985364 157 142 123 0.77953832903175302 8 6124 5 7105 14 9119 6 9739 3 4697 1 7136
1588 2.7563225098163349 -0.20796479319519789 5.5974285447184284 73 69 60 0.92779972849296211 3 4580 5 7106 4 5715
1589 -0.48778389325858584 -0.088044833828857944 4.5057277643980918 170 158 146 0.95270523650180861 8 8709 5 7117 14 9672 2 6503
1590 2.2072189628097663 -0.1124864694406385 5.4056843974614353 144 120 96 0.68608017287881373 8 8713 5 7126 14 6934 6 9778 1 7177
1591 1.7863427707307875 -0.098769102943359111 5.1832949704758144 72 60 48 0.57402040616800165 8 8718 5 7127 3 6585 6 9786 14 6916 2 1801 1 7185 4 5748
1592 3.270231034676228 -0.089042965045351918 6.042575044773602 141 119 98 0.4769476763658918 3 6579 5 7131 6 6904
1593 2.0668511482260494 -0.076771220925131833 5.3209309028774321 73 51 37 1.0573301279217702 8 8725 5 7133 14 8329 6 9789 2 4641 1 9898 4 5756
1594 1.6746588638328088 -0.060652244485448967 5.1516652575878981 174 161 142 0.73044601461698133 8 8735 5 7138 14 6927 6 9804 2 1820 4 2254 9 7993
1595 3.2797741646135168 -0.03233952735336082 5.9859035384602173 172 154 134 1.1769149053631165 8 6186 5 7141 6 6939
1596 2.6724729066089483 -0.030069839321706576 5.6584017271498777 159 138 117 0.027160442128106706 8 8738 5 7143
1597 2.8042913615948786 -0.031864405981397663 5.534346411074976 162 148 132 1.3706542101145189 3 7849 8 8742 5 7145 6 9823 2 1841 1 7220 10 9025
1598 -0.080573181789496712 0.03618997029386449 4.5532694771318845 178 165 153 0.51529663237940138 8 6224 5 7160 14 8296 6 6967 2 1848 4 2316
1599 -2.1856966175305255 0.16668602584777098 4.9986295581071536 156 139 123 1.8137033173170043 8 8769 5 7174 6 9835
1600 -0.76491295482977062 0.17386151753664397 4.4608377203062428 160 138 117 0.42877069721175293 8 6301 5 7202 14 8308 1 7298
1601 2.5649613134372471 0.16546692121583306 5.4723975294530387 123 99 71 0.97604228979785312 8 10425 5 7203 3 8746 6 9886
1602 3.8222158664470713 -0.013234906780610407 3.4199047280392887 69 56 39 0.61454693777981251 3 6656 14 7109
1603 2.2234666558662251 0.21603629104620201 5.469163366320533 55 41 32 1.3089586127874639 3 4873 5 7223 4 5856 14 8396 10 9690
1604 -2.2663209681159926 0.29528334902690256 4.9896843051080779 155 130 110 0.95293491407441344 3 1935 8 6312 5 7226
1605 1.527009461981621 0.21882061465834493 5.0152210780102537 148 131 111 0.41443567992497882 8 8837 5 7236 10 10125
1606 -0.065661253995482255 0.23388213065501126 4.5176224937405633 110 86 62 0.58273337095295841 8 6351 5 7241 6 9925 9 5064
1607 1.9414022549595815 0.29732830666682863 5.50741677693716 85 68 58 1.2103102794759655 8 6348 5 7246 6 9927 10 10142
1608 5.3278379098184745 0.4725769582181617 8.0994524531879843 38 28 22 1.3442295456769704 3 6725 5 7247 6 9918 7 10574
1609 -0.48574286233472819 0.26270340855854224 4.4260992684308258 164 150 137 0.80754377039489134 8 8877 5 7250 4 8237
1610 1.976262252208266 0.32591930227875499 5.5542363175412497 41 28 20 0.7131126234716193 8 8864 5 7252 10 10150
1611 1.1492372049159127 0.30995696595626265 4.9516499838759938 133 120 103 1.6234982780556315 3 6754 5 7264 11 13916 10 10381
1612 2.1564971643212889 0.36589545393605538 5.5270550290701239 109 91 77 0.73157212537700733 8 8886 5 7268 2 2032 1 7399 4 5939 10 9720 11 13322
1613 2.6658699019560732 0.36098565659537474 5.4895173230979388 149 133 110 1.6204836525625925 8 8894 5 7272 6 7186 10 8154
1614 1.9672884947811586 0.3835939400145344 5.5461950675273615 114 92 78 1.4227038778467147 3 7929 5 7274 6 9960 10 10154 8 10475
1615 2.3665658687837059 0.38712520361424319 5.4796481327398343 53 36 28 1.4843970575066288 3 4952 8 8898 5 7280 6 9977 2 4804 14 8461 1 10035 4 5958 10 10156 11 13676
1616 3.9851689836326711 0.1023734364045604 3.2626262885959543 141 125 109 0.98763869413304517 3 6723 14 5217
1617 5.3036393420974202 0.62905870463863667 8.057694687651475 144 126 112 0.35612062319880028 3 6761 5 7289 6 9962
1618 5.3036393420974202 0.62905870463863667 8.057694687651475 144 126 112 0.35612062319880028 3 6762 5 7290 6 9963
1619 1.3281992035752137 0.40138782292110586 4.7977733929725961 132 111 82 0.94932842299262765 8 8933 5 7315 14 8460 6 10004 2 4844 4 6022 10 10144
1620 2.5412065045223535 0.46394908674203461 5.4353478804135547 76 58 44 1.1563435800823234 3 6794 8 6460 5 7316 14 8492 6 10007 2 4839 1 10057 4 6010 10 9745 11 13682
1621 2.0518772657820841 0.49457452018117876 5.5346863267053497 122 106 92 0.79745354223906628 8 8925 5 7319 14 5209 6 10006
1622 1.3598839487773184 0.4221173657132401 4.7389940147227696 174 153 122 1.2975860121025273 8 6489 5 7329 14 8475 6 10018 1 7493 4 6036 10 10148 11 13925
1623 1.8120728258996972 0.51601529762787446 5.4050507467882785 120 107 98 1.3420884184097874 3 6825 5 7333 6 7286 10 9740
1625 2.5601313212586883 0.50735003064763995 5.4298316425220587 65 47 33 1.4256298701241943 3 5013 8 6486 5 7335 14 8506 2 4851 1 10072 4 6032 10 9760
1626 2.2744919085229691 0.53079716609239735 5.5414164837294519 100 81 67 1.2287081942690516 8 8944 5 7338 14 7223 6 10022 2 4853 1 7486 4 6029 10 9755 11 13340
1627 2.3086310230836373 0.53403749788283317 5.5205655670965728 58 40 28 1.3008171992744531 8 8945 5 7341 6 11704 4 6034 10 10174 11 13684
1628 2.1743559929280321 0.55133268309465755 5.5530268114428738 46 33 27 1.4184727091354172 8 8952 5 7347 1 7503 10 9762
1629 1.9591915395680362 0.54620986259018955 5.4407172127746897 147 129 116 1.0168514849624724 3 7963 5 7349 10 9753 9 8886 12 12511
1630 3.7971629823827389 0.26846508904247779 3.5271600907531697 112 96 83 0.10341961526331328 3 7945 14 7269
1631 2.1943229959841393 0.58656094123507097 5.5503793228893645 56 43 35 1.1890469471294349 8 6527 5 7361 6 10039 2 2177 1 7531 4 2671 10 9771
1632 -0.91015917449886174 0.48485614493163209 4.4003831894026169 47 33 24 0.39605723732842685 3 5087 14 8422 8 2804
1633 5.3076075419111213 0.86580402509482812 7.5974011972436646 35 22 13 1.0438096745495093 3 7974 5 7371 7 10595
1634 2.3719350384951055 0.62020309444381772 5.5003663612331035 93 73 62 1.1199142233856496 3 7983 5 7380 10 9782 1 7575 11 12833
1635 1.2310462274036529 0.55249802777782542 4.8453410891143855 178 162 139 1.1758284239302403 3 6856 5 7390 6 7383 4 2728
1636 2.7522806838785319 0.61170486877389252 5.3507238163072079 153 134 110 1.4595937642592001 8 6553 5 7391 14 8538 6 10063 1 10109 10 10192 11 13696
1637 1.0129869175755217 0.57886059283253688 4.8920604000398589 155 135 111 2.0224222111570795 3 6863 5 7394 10 10167 9 8182
1638 2.5092969844525603 0.64636454267942078 5.4560924728251692 111 93 79 0.95489293530557795 8 8997 5 7396 14 7279 6 7389 2 2242 1 3616 4 2732 10 9786 11 12842
1639 2.363211086982981 0.67074526873280582 5.5120816090563363 75 60 48 1.0189594889901306 8 8999 5 7400 14 8545 2 4914 1 10116 4 6109 10 9789 11 13695
1640 -1.7368719943874813 0.58391376793506344 4.6470137626042636 146 125 108 1.0315440729895333 3 6886 5 7401 6 11731 2 6667
1641 -0.98064684433386118 0.54272630585296999 4.4012882976361238 145 126 111 1.4729045049340037 3 5135 5 7402 14 9768 6 7391 2 2249 1 7600 4 6115
1642 3.8364762381604782 0.34641498777729152 3.4450067388583827 154 138 122 1.8493178083341388 3 7978 14 7315 6 7440 4 2813
1643 2.7628548220266764 0.66565804427746733 5.3076302900293078 136 114 91 1.3254196926588111 8 6601 5 7415 14 8568 6 10091 1 10132 10 9794
1644 -0.81332075762461487 0.55759079810877421 4.3352506978418619 144 125 109 0.79931159645364591 8 9019 5 7421 14 9775 6 11746 1 10129 4 6138
1645 2.5247175929907639 0.73418532533184833 5.4410305076805798 92 74 60 0.8408415246174753 8 9022 5 7430 6 10107 14 7321 2 2300 1 7630 10 9800 11 12848
1646 2.7615051412598923 0.71696375780935107 5.291558634204276 121 102 78 1.2453159815013053 8 6633 5 7436 14 7332 10 9804
1647 -1.0059670752017322 0.6173483557122178 4.3804275447644789 79 65 52 1.0362387943404425 3 5189 5 7441 14 9271 6 10116 2 4953 4 6163
1648 0.22988662084101325 0.63735842677405719 4.5441805200645184 140 115 95 1.3335824717059612 3 8004 8 9036 5 7443 6 10121 2 2312 4 2815 9 8202 13 9017
1649 2.49963735473486 0.78421986373858832 5.4395590181284819 77 61 46 0.71811121367388553 8 6657 5 7447 14 8585 6 10129 2 4962 1 10162 10 9815 11 13706
1650 -0.55652373377568698 0.64216931895011353 4.370036242501703 165 146 129 0.73943526937658988 3 6927 5 7456 14 9294 2 4973 1 10165
1651 2.5271801408821797 0.80618132573098333 5.4260448004598514 100 81 64 0.69300427425819622 8 9044 5 7459 10 9824
1652 1.2500378373991994 0.75823063918949818 4.7963615375718867 42 26 11 2.0055519015554184 3 5214 8 9081 5 7473 10 10200
1653 -0.9929620327621187 0.69875614806512709 4.357621600824606 72 54 40 2.3233403798096113 8 9095 5 7480 14 9811 6 10171
1654 -2.1573518410949273 0.81137008987302639 4.8617196798811424 12 9 7 2.1651665701785037 3 5252 5 7489 6 7532
1655 -0.97924509857789643 0.73590749509209408 4.3680978024032173 79 63 47 0.95734432598204833 8 9120 5 7493 14 9820 6 11794
1656 2.7320295405132962 0.88825451587996285 5.2501557165145183 32 22 12 0.9394186063580241 3 8034 8 9106 5 7495 14 7432 6 10186 1 7745 10 9836 9 8218
1657 2.3112886497905518 0.94509773381093032 5.4728789256571533 27 17 8 0.86815630096663465 3 6957 8 9112 5 7497 14 8634 6 10190 2 5026 1 10212 4 6234 10 9837 11 13719
1658 2.5127256680693848 0.92549789329588894 5.3766428020483401 106 92 83 1.3905385456280503 3 8048 8 9117 5 7498 6 10191 2 2403 10 9194 10 9838
1659 -0.63961419180339441 0.74892804889982589 4.343030764159554 155 134 115 1.061356597515241 8 6757 5 7500 14 9324 1 7750
1660 -1.7654232668937522 0.85963551335855382 4.6243922812804765 145 132 116 1.665053539841151 3 6984 5 7514 9 7205
1662 0.13992857487790356 0.84381556771748034 4.458586775932214 153 125 103 0.32830439711926668 3 6986 5 7517 9 8258
1663 3.9206863623054646 0.590482242294882 3.2633780511341053 155 146 137 2.2533573757058365 3 8068 14 8671 1 7830 4 3032 9 8950
1664 3.9206863623054646 0.590482242294882 3.2633780511341053 155 146 137 2.2533573757058365 3 8069 14 8672 1 7829 4 3031 9 8951
1666 2.4830113663788267 1.0371742954368841 5.354575609341695 72 55 41 1.610804953111064 3 8083 5 7528 9 8979 12 12544
1667 2.4830050742733039 1.0368941048572358 5.3550226525899562 72 55 41 1.6173750616827771 3 8084 5 7529 12 12545
1668 2.6246140897408359 1.0277343681982254 5.291532070484406 127 110 92 0.73899991577862012 8 6824 5 7530 14 5578
1669 2.7049349480946132 1.028430127301869 5.2635398078131592 62 43 27 1.233335553771675 8 6830 5 7534 14 8675 6 10238 1 11835 10 10221
1670 5.3217665603869779 1.5788692969368987 7.6927344502375972 43 33 24 0.89521530201850641 3 8108 5 7539 7 10652
1671 -0.75175048862785454 0.85432577856163949 4.2795494522589195 145 122 104 0.28495093269973332 3 7011 8 6865 5 7545
1672 5.2837356043142245 1.6063612006513637 7.7094590836023977 72 62 53 0.90986412873416034 3 8115 5 7550 6 10251 7 10281
1673 -0.33259224879019195 0.88769133320884674 4.3337253198994565 129 110 93 0.55850689289863764 8 9194 5 7555 14 9366
1674 4.0146189851781768 1.4292580323803608 6.6589448332814696 148 122 99 1.3019328116315545 8 9195 5 7562 7 10930 3 8124
1675 0.039828485902881183 0.92508668566798147 4.3774357460374329 119 93 70 1.8479861968247868 3 8116 5 7566 14 7482 6 3859 9 9000
1676 1.3536199148423591 0.97540510297147931 4.5848844446881953 165 150 127 1.1683705278633085 3 8118 8 9206 5 7568 2 2554 14 7505 4 3086
1677 1.9043950401585925 1.1590234061187588 5.403235626978427 44 32 29 1.2348095801789023 3 8899 5 7569 9 9462
1678 1.9043950401585925 1.1590234061187588 5.403235626978427 44 32 29 1.2348095801789023 3 8900 5 7570 9 9463
1679 0.20145065314240401 0.97162129081442472 4.4509097495535288 140 116 90 2.2300255296472917 3 8127 14 9382 5 7583 13 9600
1680 3.330212605734109 1.3034771274345034 5.7141273185281385 104 82 59 1.196086151099464 8 6931 5 7589 6 7779
1681 2.5106313790010817 1.2239813425805703 5.3028130657629688 124 102 88 1.0279888183454247 3 8142 8 6944 5 7592 6 7800 10 9248
1682 2.6782747589683353 1.2121027458157354 5.2426279068609425 24 17 9 0.76255294560272324 3 7094 8 9234 5 7593
1683 2.7197647789930959 1.2039147477221919 5.1752019479141698 92 69 53 1.5834879795232868 8 9238 5 7606 10 9873 3 8149
1684 2.0465206235407511 1.2700370565021901 5.4363995540087711 32 21 17 0.8841932880239497 3 7101 8 9243 5 7608 6 10318 9 8326
1685 -0.97571919258875406 1.0974838290524687 4.2549504310248967 77 56 39 1.4445050668188941 8 9324 5 7684 6 11971 14 10287 8 10735
1686 -0.22479688914790102 1.1506149939844441 4.2922492831081929 158 137 120 0.8261289945644108 3 7169 5 7702 14 9454 4 3329 9 7350
1687 -0.38442004915251926 1.1942827725067475 4.2368660369044511 113 84 66 1.0595351414415912 8 7153 5 7730 14 9471 1 4410
1688 -0.27780237024864768 1.2865761348319955 4.2388886655357192 155 142 125 0.73498045449452198 8 9435 5 7781 14 9496 4 3502
1691 0.80832218013813018 -3.7378309545238673 10.112122149745773 120 115 119 2.1290746753984267 3 7479 6 10948 2 5883
1692 -0.12356808006617864 -3.5249951631031773 10.045041577283865 150 151 155 1.1201578050773826 3 7483 8 11240 5 8148 6 12401 1 12293
1693 -0.33621561569373531 -3.5070038970629098 10.134666110346338 150 151 156 1.19244704102815 8 11238 5 8151 6 12402 1 12289 4 9180
1694 13.025525595231271 -6.1312794073631762 14.701827555136701 102 109 121 1.302378723606187 8 11247 14 6354 6 12413 2 5971 1 11042 4 9201 15 100
1695 12.417213794770182 -6.0902893859524188 14.804499911967396 99 103 114 2.1482805406520051 8 9905 14 7990 6 10975 2 5965 1 11039 4 7410 11 11720
1696 1.0228183051491688 -3.5413833281041134 10.155520436441044 142 143 147 1.102124542632404 3 7485 5 8157 6 12409 1 11005 4 7400
1697 -0.35376028411648708 -3.2764538358661071 10.057003123894326 97 95 97 0.75460193858909352 5 8164 6 10981 1 10997
1698 12.29957904532866 -5.856187733154135 14.875555200741925 105 109 124 2.1211690780154089 8 9912 6 11000 2 5983 1 11049 14 8000 4 7418 7 10023
1699 12.298033626918855 -5.8538148800637471 14.871076267706288 105 109 124 2.0769132632081031 8 9913 14 8001 6 11001 2 5984 1 11050 4 7419 7 10024 11 12654
1700 1.5230739312020527 -3.7410011672210666 11.168909951448589 157 155 158 0.60092018835551075 3 8491 8 9907 5 8171
1701 -0.18300799808537965 -3.1869695870687176 9.9745916034330158 154 158 162 0.6434424044768996 8 11256 5 8176 6 12426 1 12315 4 9200
1702 0.7422325161911616 -3.1598412161513569 10.007367838558917 123 118 115 0.31356429196012503 8 11260 5 8184 1 11037 4 9216 15 91
1703 12.284130494130954 -5.383902114424453 14.504141988206882 132 133 138 2.3073703267921966 8 9923 5 8186 14 6408 2 6007 7 9325
1704 12.464546880531142 -5.3145496962523442 14.56168666222281 108 109 113 1.6065231889433293 8 9929 14 6429 6 11033 2 6021 1 11079 4 7464
1705 1.0573146517526053 -3.0786993469290511 9.9875995736212104 75 76 81 1.443986574040828 8 9927 5 8191 6 11031
1706 0.086883031146745393 -1.9844078828858951 6.6286368524473067 51 54 59 1.3877154497789459 3 7530 5 8211 14 9552
1707 1.0587323026184363 -1.8173078166952634 5.5006580177647768 127 123 122 1.5165296759061946 8 9988 5 8216 14 7904 6 11121
1708 0.95123124822294947 -1.7214171198947101 5.4269067740487671 127 122 119 1.1029561471997167 3 7529 5 8221 6 11138 4 4986
1709 -0.7467727892816739 -2.3812695708594958 9.9014009884609155 157 152 149 1.6006135943576449 8 9960 5 8225 6 12487 4 10396
1710 1.9424592898553126 -1.8788668119865104 6.0442336967928645 140 141 145 1.2398195984433169 8 11323 5 8227 6 12507 4 9324
1711 0.025410723530680579 -1.8127032778939758 6.6160032866969081 140 131 122 0.90873569574573398 3 7541 5 8228 14 8927 6 11127 2 6074 1 11147 4 7588
1712 0.036038317850517809 -1.7481687454440351 6.5937489522240913 145 138 128 0.71798723541732623 3 7547 5 8235 2 6087 1 11155
1713 -0.74379197245734763 -2.1747185502304629 9.8448620477430158 138 128 127 2.581237447925619 8 9973 5 8243 2 7365 4 9253
1714 1.9214210086674428 -1.6023406020407061 5.9748131889224041 163 153 143 1.2642941825807956 3 7548 8 10052 5 8261 6 11182 9 8572
1715 1.5286750818651775 -1.4396536671159621 5.7542792481211187 155 143 129 1.1043074997407896 8 10073 5 8273 6 11207
1716 0.33072982025962799 -1.4242650394317873 6.4197209453554454 135 123 111 0.31665041382399406 3 7571 8 10063 5 8280 6 11193 2 6164 4 7713
1717 2.0581654014001893 -1.5033523355034886 5.9990994463821545 159 147 133 1.249730334873993 3 8542 8 10074 5 8281 6 11208 2 4050 1 9403 4 7751
1718 -0.68336919513475092 -1.0955160106425987 4.7500107051084717 77 75 80 1.1404843825591848 8 8201 5 8283 14 8922 6 9168 2 4047 4 5159
1719 -2.3025073049673863 -0.83907556458663735 3.9635829673802441 75 61 52 2.1280050934114381 5 8284 6 11244 2 6191
1720 -1.9784942519156892 -0.9863763043995063 5.2226193755966275 70 72 84 1.5328365437758844 5 8297 6 11229
1721 1.4780346646886462 -1.3183808435045004 5.6651266995756933 79 74 71 1.0087110095665901 8 8208 5 8298 6 11232
1722 3.9334458703101403 -1.2333256466940912 3.7838698151230621 154 128 111 2.1966924058756767 3 8527 5 8304 2 4229 6 9278
1723 1.7885122247568317 -1.3469566397101067 5.9337571460839715 88 78 76 2.2597332076522854 3 7570 5 8306 2 4094 9 8602 6 9203
1724 2.7793996462389292 -1.4126244792584506 6.130506749856889 78 68 64 1.3313650317560586 8 8229 5 8308 6 11247 4 5164
1725 3.8341608487201748 -1.1645798034644612 3.8796699311899641 97 74 60 1.8180103957777463 3 7555 5 8319 14 8119 6 11293 1 6786 4 1628 2 4256
1726 0.75984413365955605 -1.0250738085689612 5.1603968387122219 158 149 140 0.596528450466699 3 7608 5 8328 6 11275 2 6258 9 7737
1727 3.9578235026765798 -1.06183300213193 3.6466098883147899 101 93 82 1.6346435533897319 3 8544 14 8161 6 11311 2 6356
1728 1.5325270331211567 -1.0870872754961463 5.7364169994564707 53 48 42 1.4077977127445214 8 10128 5 8333 6 9283
1729 -0.38948301547670089 -0.8473493114578573 4.7232535746904425 159 145 132 0.78961126876191179 8 8321 5 8334 6 11289 1 9542
1730 3.8671894354245007 -1.0322441292470892 3.7538817870460801 124 116 105 1.9956402590097428 3 8549 5 8336 6 11314 1 9669
1731 3.8671894354245007 -1.0322441292470892 3.7538817870460801 124 116 105 1.9956402590097428 3 8550 5 8337 6 11315 1 9670
1733 2.0361162313066505 -1.0799098801374811 5.9909527317275311 51 47 48 1.0557109642030513 8 10145 5 8342 14 6573 6 11286 2 1197 1 6679 4 5242
1734 2.025908970950848 -1.0769880611605349 5.9652548069103819 51 47 48 1.2836287402337074 8 10146 5 8343 14 6572 6 11287 10 9542
1735 2.5100618924839146 -1.1096051496001988 6.0446077926694386 52 47 43 1.3908576872650358 3 7612 8 10149 5 8346 14 8112 2 4202 1 9549 4 5248 10 9555 9 8616
1736 3.9802451202005926 -0.916438849224674 3.4843809253551639 159 143 126 1.5838950537448162 3 7575 5 8353 14 6731 6 9427
1737 2.6200643045127205 -0.98950482259798989 6.045952951322378 150 141 128 1.7835571686795764 5 8357 6 9359 2 4258 1 6758 4 5305 11 11664
1738 2.0549081401623241 -0.91375394092841233 5.956782359731724 46 45 44 0.99978968460011275 8 10187 5 8361 14 8140 6 11313 2 4264 2 6322 1 9597 4 7889
1739 3.8319130272560908 -0.86940289473303278 3.8031637393631126 115 92 76 1.7497948173053968 3 8570 5 8363 14 8218 6 11367 1 9735
1740 1.8087318696451309 -0.86932303067240524 5.8326297789775694 61 58 66 0.60620339922283517 8 10192 5 8365 2 6327 1 9603 4 7894
1741 2.1393505088185276 -0.86593142133847423 5.9778866597567291 50 51 51 1.2870880889876239 3 8609 8 10199 5 8369 6 11332 2 6337 1 9611 4 7902 9 9245
1742 1.6654024518639277 -0.8135579558558812 5.7601717202468992 45 40 37 0.99346114350218118 3 8613 8 10205 5 8371 9 9253
1743 0.7127359629184733 -0.70486027470580881 5.0916980819871638 79 65 53 0.90951966331211409 3 7687 5 8375 14 9055 2 6351 1 9644 4 5397
1744 3.8114107025097335 -0.78219579248300863 3.8052061325507514 149 138 128 2.0795382853564139 3 7623 6 11391 2 4444 1 9782
1745 1.7562403004945897 -0.7472097156183366 5.7581820397271333 172 159 143 1.1098493689445117 8 8429 5 8389 6 9422 2 6357 4 5393
1746 1.7598259938630565 -0.74612754021855887 5.7687298861526717 172 159 143 0.84085900179282036 8 8430 5 8390 6 9423 4 5392
1747 1.2536764399047731 -0.65923896877702082 5.2785455882264554 130 116 96 0.89306789271081766 8 10230 5 8399 6 12667 2 6371 1 11452 4 7958
1748 1.251437225022682 -0.6595030361265326 5.270701269286973 130 116 96 1.0366778812195121 8 10231 5 8400 14 9096 6 12668 2 6372 1 11453 4 7959
1749 2.640824891789137 -0.75954169411421468 6.009348299691351 142 127 108 1.206471768625309 3 7692 8 10227 5 8403 14 8220 4 5415
1750 2.0844571173041606 -0.68455189443193309 5.9016384225992704 139 130 115 0.88333194323073749 8 10233 5 8406 6 11372 2 4356 1 9684 4 5448
1751 2.1509792277674475 -0.68952474500396665 5.9360597719072903 43 36 29 0.67353230632109429 3 8637 8 10234 5 8408 6 11373 2 4357 1 6866 4 5437 9 8679
1752 2.3368996500836281 -0.63564513652525823 6.0084961329016853 126 109 89 2.8545072859302203 3 8639 5 8417 6 11386
1753 -0.77877178139290582 -0.42316993730284458 4.5897392281666765 57 47 38 1.4096261674627037 8 10270 5 8419 14 9022
1754 -0.78268424448357921 -0.42328950175707314 4.6245351780399808 57 47 38 1.5106090826461687 8 10271 5 8420 4 8008 6 11406
1756 -0.57596615091046144 -0.370572741723181 4.5862514543942723 137 133 124 0.66397554174956841 8 8537 5 8442 1 9770 4 5562
1757 -0.57679257264811667 -0.37111449377221206 4.5842529226661615 137 133 124 0.73842409605730486 8 8538 5 8443 14 9632 1 9771 4 5563
1758 -1.2307329436668311 -0.3305521556532165 4.6734425558438986 72 66 66 1.7718697446840244 3 7773 5 8446 2 6400 8 8536
1759 1.1660628510579827 -0.41034585104956223 5.1092798020971824 134 116 97 1.3259359168025775 8 8558 5 8450 14 9130 6 11452 4 5583 10 10058 11 13872
1760 1.1661591596186904 -0.41063343560308951 5.1098976051547398 134 116 97 1.4161595286549382 8 8559 5 8451 6 11453 4 5584 10 10059 11 13873
1761 1.2103198590208608 -0.41165359013333502 5.0854497735033899 137 117 93 1.7728029468106403 5 8452 10 10060 11 13875
1762 1.2103198590208608 -0.41165359013333502 5.0854497735033899 137 117 93 1.7728029468106403 5 8453 10 10061 11 13876
1763 -0.1997090149148443 -0.33494840055362107 4.6162860070214959 145 137 126 0.86182182818461017 3 8683 5 8461 2 6424 9 7955
1764 0.14941554464414758 -0.34449954503171021 4.7666618033175503 126 117 102 0.22757837949527074 3 7767 5 8467 9 7946
1765 0.69039167259143541 -0.36443940227906557 5.0095630984860131 181 164 146 1.1145654994969683 3 7764 5 8468 14 8215 6 11458 2 4484 1 7012 4 5594
1766 0.42143796000963346 -0.32855387529195934 4.8653099586116202 165 150 131 0.22701802643111529 8 10312 5 8475 14 9124 6 11470 2 6436
1767 2.7536139056688786 -0.39682315275278979 5.6467074658825416 56 56 54 0.37252676337401042 8 10313 5 8484 2 7657 4 9586
1768 1.2560953376302442 -0.32626652105400156 5.0489556718159676 92 76 59 0.80272137860242199 8 10321 5 8485 14 9151 6 12739 2 6461 1 11530 4 8065
1769 1.9834435721786621 -0.35247326130131873 5.3587274781800236 160 141 124 0.76794659017085143 3 7768 5 8486 6 11483 2 6463 1 11531 4 8057 11 13899
1770 -0.91852096787324977 -0.21487462342534883 4.5659096873004881 121 108 100 0.3559452046883802 3 7814 5 8488 14 9647 6 11489 1 11524 4 8077
1771 -0.49656395108813312 -0.16737867197690118 4.5258181807023652 150 135 116 0.86297732319598497 8 8651 5 8499 14 9664
1772 -1.114579807595127 -0.12375543634623253 4.6023029443918686 119 105 93 1.9898036023278989 8 10349 5 8503 14 9651 6 11517 2 4567 1 7097
1773 1.8453003833313537 -0.21713020905329519 5.2621720325709749 160 140 116 0.77986498365142043 3 7811 8 8653 5 8505 6 11518 2 4600
1775 2.32299305278725 -0.20350309798264363 5.4767699375593537 59 45 34 0.93374254791744049 3 9314 8 10350 5 8515 6 9734 2 1760 4 2152 9 9652
1776 0.21621862619117022 -0.11915121763443988 4.7334683482450286 151 129 115 1.1767898656378197 3 7840 5 8521 14 9156 9 8018
1777 1.2211903989945412 -0.095066601933257555 5.0280029012836573 151 135 111 1.3164216780189113 3 7841 5 8532 6 9780 2 4630 10 10348 11 13892
1778 1.8825628410094173 -0.10553301685315533 5.2551039532644497 95 79 63 1.1912505840052825 8 10369 5 8533 6 9784 10 10359
1779 1.8825628410094173 -0.10553301685315533 5.2551039532644497 95 79 63 1.1912505840052825 8 10368 5 8534 6 9785 10 10358
1780 5.3538015624860273 -0.092338399623959622 8.327570013575702 130 106 80 1.7930833724115673 3 8708 5 8535 6 11536 2 6505 10 9715 7 10849
1781 1.1557723219661302 -0.080616668769799379 5.0509564579070272 155 137 113 1.7444950084804998 5 8537 10 10349 11 13891
1782 2.6938540093587 -0.072811677462533156 5.5860544699237566 137 122 103 0.68126759878685661 3 7843 8 10375 5 8540
1783 2.7094460249303878 -0.070485571986683163 5.6097859764803637 137 122 103 1.0945621081973544 8 10376 5 8541 6 11555 2 6531 14 9209 1 11595 4 8145 10 10117
1784 -0.76464485515755598 0.024388011797681866 4.5037485609371251 158 144 131 1.0652056997582042 8 8749 5 8546 14 9145 14 9684
1785 2.2652840405157941 -0.015547967162306997 5.4083436790318915 139 118 97 0.99269081178858698 3 8719 8 10384 5 8548 14 8343 2 4663 1 7219 4 5773
1786 0.87862199496964055 0.057357053383221723 4.9625531926297812 166 141 119 2.2394149195097905 3 7867 5 8560 10 10354 13 9463
1787 0.88120759792996917 0.058654380941669595 4.9612206550322577 166 141 119 2.2571037250545518 3 7868 5 8561 13 9464
1788 0.98485349695119373 0.063607581216446482 5.0056497889363314 146 126 102 2.3859724839299377 3 7869 5 8562 1 7244 13 9459
1789 0.8987944346217227 0.14643151506422086 4.9471342753762642 162 140 116 1.7050588912436146 3 7883 5 8577 9 8084 13 9480
1790 2.260768016618282 0.22064937093391498 5.4432248420855291 68 52 39 1.1037755810725367 3 7892 8 8823 5 8587 14 8405 6 11620 2 4748 1 9982 9 8841
1791 2.7407967996171267 0.22152499343281681 5.4770198208775938 141 124 108 1.2405102368694796 8 10439 5 8589 14 9240 6 12827 2 6574 1 11649 4 8218 10 10390 11 13939
1792 -1.8150342027417858 0.2943062408722259 4.7706508533489957 161 137 113 0.61915872136971961 3 7928 4 5861
1793 3.3958098288779186 0.28728240772353886 6.0018950249268013 170 152 132 0.75667124661201346 8 11661 5 8599 6 12835 2 4761 1 7339 4 8219 9 9697
1794 2.1990203486449271 0.27262174524671856 5.4906484272269305 57 40 32 1.6687684985892268 3 7906 5 8601 1 9994 10 10145 11 13664
1795 3.873680108005467 0.036422032940842328 3.3312841002573839 92 76 60 1.5678952289893076 3 8745 5 8607 4 6009
1796 3.8383029292922473 0.098709982235648419 3.4708494293741246 104 91 72 1.9784724878126827 3 8756 5 8619 1 10063
1797 2.2739106636125319 0.35246984087442235 5.5020635213585924 53 36 28 1.251523127086368 8 8885 5 8620 14 8449 6 11657 2 4790 1 10021 4 5936 10 9719
1798 3.9093280921096918 0.094876530783086527 3.3674066853420461 115 99 83 1.4200110732588513 3 8759 1 10069 4 6039
1799 2.2838069959568927 0.41983991618640548 5.5162881258535075 98 78 67 1.071755587035313 8 10487 5 8632 2 4808
1800 1.3500578892479707 0.39562144965061163 4.7303693482927827 160 136 108 0.49030483210954801 8 10501 5 8636 14 9252 6 11691 2 6631 4 8283
1801 4.2082325700249115 0.6179851598191477 6.9313893056582163 134 112 88 0.19564154505617723 8 10493 5 8638 6 11682
1802 4.2175212047349699 0.62213793255559235 6.9465614191507026 134 112 88 0.98549382918308515 3 8789 5 8639 6 11683
1803 2.6910563186259324 0.49906942919377661 5.4363545530247723 65 49 35 1.2854162407577592 3 7950 8 10503 5 8648 8 8940 14 8504 6 11701 2 4848 1 7494 4 6030 10 9761 11 13350
1804 2.6873280687847383 0.49533094273670752 5.4294920468222614 65 49 35 0.43733570839054847 3 7951 8 10504 5 8649 14 8505 6 11702 2 4849 8 8941
1805 2.3274672135090144 0.51606792241049992 5.4927548649697364 89 71 57 1.3332873068250795 3 7958 8 8939 5 8650 14 8501 6 11703 2 4855 1 7487
1806 3.9217676793750975 0.20660728302411199 3.3296335741048928 140 123 107 1.8089628726928517 3 7936 14 9295 6 11721 1 10115 4 2739
1807 2.6494043759872654 0.51696505403130788 5.4271441392652138 173 148 126 1.4623970015100105 3 8793 8 8947 5 8652 14 8510 6 11706 2 4860 1 7504 4 2643 10 9764 9 9387 11 12823
1808 2.6494043759872654 0.51696505403130788 5.4271441392652138 173 148 126 1.4623970015100105 3 8794 8 8948 5 8653 14 8511 6 11707 2 4861 1 7505 4 2644 10 9765 9 9388 11 12824
1809 2.2146977557684431 0.55631509652580857 5.5457692053301333 108 89 75 1.3884243714617601 8 8954 5 8657 14 8507 3 7962 6 11708 2 4866 1 7508 4 6043 10 10176 11 13344
1810 0.28518558470344885 0.48437203262984196 4.6035798824504726 51 36 29 0.94603133107180692 3 7973 5 8663 2 6647 14 9769 4 6070 14 9254 9 8904 13 9541
1811 2.4962945676131758 0.59788320788991689 5.4569320014032865 107 88 77 0.89294016940754539 3 7977 8 8971 5 8669 14 8529 6 11723 2 4889 1 7565 4 6083 10 9780
1813 3.7912508695989136 0.32028525405217689 3.5410663704207495 142 126 113 1.8230230217235885 3 8800 14 8555 6 11741 4 6148 1 10143
1814 3.7912508695989136 0.32028525405217689 3.5410663704207495 142 126 113 1.8230230217235885 3 8801 14 8556 6 11742 4 6149 1 10144
1815 2.0849791405577895 0.65656710501171756 5.4914169810522617 102 81 64 0.91971196769864427 3 8816 8 10531 5 8681 2 4909 10 10190
1816 -1.648320314670094 0.56713478656569338 4.6090914504115208 131 115 99 0.73169192649421366 3 6878 5 8682 6 12904 2 7818
1817 3.7969753797197914 0.38095975534164739 3.4993750879624912 90 81 71 1.366749495388675 3 8812 14 9323 6 11762 1 10167 4 6180
1818 -1.0873533999855138 0.61618473384465433 4.4516581606297541 67 55 43 1.1676285015928429 8 10562 5 8703 14 10183 2 7838
1819 -1.0873533999855138 0.61618473384465433 4.4516581606297541 67 55 43 1.1676285015928429 8 10563 5 8704 14 10184 2 7839
1820 -0.84657233516067065 0.64868256433707117 4.3178527612872459 160 157 150 0.52557371146249765 8 10581 5 8718 6 11772 1 11771 4 8361
1821 2.4087898103166325 0.8484448283142717 5.4539093350931767 105 88 71 1.6104325991800439 3 8840 8 9070 5 8722 6 11777 1 10190 14 8603 10 10209
1822 -0.013985668381402749 0.70015657325895075 4.4000315532286809 141 127 119 1.0382524812363731 3 8027 5 8731 14 9821 2 6720 4 8385 9 8224
1823 -1.6307537307520226 0.74129650803308378 4.594637043603865 108 92 76 1.164144183219461 8 9089 5 8733 6 11781 2 4998 2 6714 1 10188 4 8374
1825 2.56028663285473 0.87140990451405986 5.3585941880932282 94 75 61 0.72280089090959398 3 8847 8 10595 5 8736 6 11790 2 6722 10 10211
1826 -1.8590825312394248 0.76128691355158729 4.6214190995225835 86 67 46 1.4106047836875082 3 6951 5 8738 6 12948 2 7867 4 8383
1827 3.392082674473901 0.96922096117825729 5.8345468173751129 162 141 119 1.4566036613858693 8 9092 5 8743 6 11793
1828 2.3865520046362145 0.95126282401370232 5.4012358687390005 104 88 75 1.1157309836003946 3 8866 8 10615 5 8756 6 11816
1829 -1.7645811973672838 0.8034253295745194 4.5996154545907988 109 91 76 1.2461603015910683 3 6968 5 8758 6 12962 2 7880
1830 2.4369678639487522 0.96787268694914996 5.408390297328121 53 36 26 1.3502503280053124 3 8055 8 9135 5 8761 14 8645 6 11819 2 5045 1 10217 10 10216
1831 -0.70906799450047053 0.81561925007253988 4.3169526706752821 82 64 49 0.7659568846087782 8 9165 5 8775 14 8620
1832 -0.63741546905964808 0.87796090710414121 4.3193221626831058 112 93 76 1.775730460402307 3 8107 5 8788 2 6792 1 10263 9 7234
1833 -0.67888180631005735 0.8903869475550158 4.3239628492602753 147 126 107 1.0363184367381888 3 8892 8 10663 5 8790 14 9874 9 8284
1834 2.7741676684388699 1.1367331944561687 5.1883515755103167 152 133 113 1.9306233060339804 3 8129 8 9211 5 8799 14 8698 6 11891 1 10283 11 13757
1835 -0.82397272910530406 0.90652582557210037 4.2490190334285804 164 144 120 1.017679155606888 8 10679 5 8801 14 10253 6 11884 1 10277
1837 0.56086472192433878 1.0329007007874642 4.596367105914589 172 148 124 1.3452174851095857 3 8136 5 8816 14 9392 6 11905 2 5157 1 10293 4 6354 9 8309 13 9602
1838 3.785580541513931 0.78160027551736899 3.4540820239663024 152 145 135 1.7182954243572333 3 8138 4 3158 9 9014
1839 3.8022279699574755 0.76758458021550802 3.3908805546709013 152 143 134 0.68987193853744988 3 8911 14 8710 1 10302 4 6363
1840 0.066579596852822165 0.99859335552588269 4.3885619729133234 180 158 137 1.2977850830008784 3 8915 5 8824 14 9398 2 2613 4 3155 9 9020
1841 0.14317637091335333 1.028328437931314 4.414725100096847 167 146 129 0.37189877601330518 3 8147 5 8832 9 8320
1842 1.0279285074592821 1.1239308730555333 4.7625781668619842 174 154 133 0.79486774476176103 3 8925 5 8833 9 9027
1843 1.1365112857815542 1.1204940782442885 4.7256937949323872 130 104 77 1.5188315671089163 3 8154 14 9408 1 10320 2 2630
1844 0.10194379393309494 1.0373745347731811 4.3945254502771709 145 122 104 1.7961718275523413 3 8929 8 10698 5 8838 2 6837 9 9033 13 9612
1845 -0.49130269138390231 1.2069182527646114 4.216631442461261 143 122 105 1.7572891806995377 8 10775 5 8914 14 9955 1 10447
1846 -0.62301964461995796 1.2442411024380122 4.2033436719008535 70 60 48 0.64416910359310331 8 10798 5 8928 14 9967
1847 -0.45261946592302638 1.2627004625331548 4.2258428467759446 125 110 91 1.5057901645386738 8 10804 5 8934 14 9968
1848 -0.39259350842911217 1.2679812767419125 4.2239740980950886 156 139 121 0.62444894713876442 8 9426 5 8936 14 9493
1849 -0.64427890841393842 1.2946817559280868 4.192964426595915 82 72 61 1.0638618740425245 8 9470 5 8951 14 9987
1850 -0.50066744636770921 1.326574287449318 4.1901059659876907 94 78 68 0.80178164650976658 8 9492 5 8957 14 9994
1851 0.51321198963141867 -3.6297966194869646 9.9913026987812525 114 108 110 1.5756877843335544 3 8481 8 11236 5 9182 6 12397 1 12295 4 9184 9 9189
1852 0.7560422027767193 -3.5977806904900111 10.097469254589852 131 127 128 1.9609602926783494 3 8483 5 9185 1 12303 9 8535
1853 0.63526134930905465 -3.5865389965241015 10.115659914081462 121 122 127 1.8329875486995231 3 8484 8 11242 1 10987 4 9188
1854 12.536400439301778 -5.8838653409573309 14.508642059313026 80 82 94 1.4196092181724522 8 11253 14 8975 6 13343 2 7329 4 9205 11 12652 7 10507
1855 -0.23560800841409665 -3.3251394415296596 10.045082929164238 156 157 161 1.0105108583238209 8 11244 5 9194 6 12411 1 12304
1856 -0.23560800841409665 -3.3251394415296596 10.045082929164238 156 157 161 1.0105108583238209 8 11245 5 9195 6 12412 1 12305
1857 0.75210588175233006 -3.4247468106864289 10.067047692392611 142 145 149 0.69126983953791288 3 8490 8 11248 5 9196 1 11013 4 9197
1858 -0.63810636109742835 -3.2099016647504408 10.09002065241808 146 146 148 1.318023900929441 8 11249 5 9198 6 12418 1 12309 4 9193
1859 0.63758365232914627 -3.3373025102120546 10.014604417709672 153 161 164 1.1613780621778533 3 8492 5 9199 2 7304
1860 -0.66484815469094116 -3.142247500968486 10.084130764103643 78 81 88 1.3381842653235005 8 11254 5 9201 6 12424 1 12312 4 10364
1861 -0.66484815469094116 -3.142247500968486 10.084130764103643 78 81 88 1.3381842653235005 8 11255 5 9202 6 12425 1 12313 4 10365
1862 0.21939314836440932 -2.021077538803695 6.6972974818350322 118 113 107 1.6174941943473251 8 11301 5 9221 14 8912 6 11093
1863 -0.13905472808161923 -1.8697756132379479 6.6696585789948939 145 136 127 1.3420562397071738 8 11313 5 9226 14 9558 6 12496 2 7379 1 12405 4 9287
1864 4.0876957886117689 -1.5819291624271639 3.7071753718417089 13 17 26 1.6356997149510433 3 9592 8 10079 5 9238 6 11195 2 4096 4 1303
1865 4.0619066826950059 -1.5762944707372077 3.6750583528621892 13 17 26 2.0707705788925104 8 10080 5 9239 14 8997 6 11196 4 1304
1866 3.9842259160281799 -1.5392207658952193 3.7554546252598278 119 102 94 1.5997102204256972 3 8493 5 9243 14 9003 6 12553 2 6222 4 7803
1867 3.9842259160281799 -1.5392207658952193 3.7554546252598278 119 102 94 1.5997102204256972 3 8494 5 9244 14 9004 6 12554 2 6223 4 7804
1868 4.1420842860417482 -1.4976529748163014 3.6024839361538494 22 25 34 2.0130998267658926 8 8218 5 9246 14 9009 6 11220 2 4130
1869 4.1420842860417482 -1.4976529748163014 3.6024839361538494 22 25 34 2.0130998267658926 8 8219 5 9247 14 9008 6 11219 2 4129
1870 -2.3227282802152143 -0.97078096820959214 3.9683383194332071 62 47 42 1.8264971243590493 5 9253 6 11197 2 7444
1871 1.6879745120724505 -1.6190414466920504 5.8654269767873117 150 146 135 0.91538711347176072 8 11344 5 9254 3 9203 6 12535 2 7453 1 11251
1872 3.8339189972216081 -1.4368818311229874 3.9416426310229165 122 103 91 1.9151784773806306 3 8509 5 9257 14 9017 2 6244 1 9508
1873 -2.310062033870234 -0.8911370969613539 3.9871253578728609 73 57 52 0.060223498176831064 5 9264 6 12566
1874 1.7646543844987312 -1.495882930320376 5.8795723562945499 149 137 125 1.4245557637356583 3 8540 8 12342 5 9265 14 8978 6 13420 2 8388
1875 0.27554259811326037 -1.3959242008642956 6.4008597750136271 61 53 51 1.0231026926540638 8 11361 5 9275 6 12550 2 7463 4 9359
1876 4.0293265373394203 -1.2329029850297735 3.5720140419967965 52 39 33 1.7518550736910043 3 9197 5 9280 14 9061 6 11278 1 9599 4 5339
1877 2.6430049119415604 -1.4006094793643251 6.129814012466551 75 66 61 1.3314708404863267 3 8553 5 9285 6 12577 9 8596
1878 2.6392638030683249 -1.4024544675318715 6.128989595870781 75 66 61 2.1728611875190387 3 8554 5 9286 14 9029 6 12578 10 10035
1879 2.6910985160190273 -1.3611182173544718 6.0864812687583596 170 159 147 2.2204012090734424 3 9211 5 9288 6 13444
1880 -0.02261948872387215 -0.99833371178822383 4.8743005943085578 76 66 57 0.57344282405832514 8 11410 5 9292 6 12591 4 9423
1881 1.596033406074951 -1.2054791647840202 5.7799467792130272 69 67 73 1.6355909715207457 8 10115 5 9297 6 11264 4 1290 2 1088
1882 1.1966560049696633 -0.99927031833305946 5.3151986580413979 175 163 149 1.0440354824771889 5 9305 6 11285 2 6283 10 10326
1883 1.8299966878455876 -1.0887552663848743 5.8990789016981582 67 68 72 0.99077830293098557 8 11421 5 9306 14 8075 6 12617 2 6276 1 9531 4 7837
1884 3.8508827746857062 -0.92104507767630395 3.7795946321451415 119 98 81 1.3587372501284345 3 8564 5 9315 14 9121 6 11351 1 9715
1885 1.7122931064619098 -0.91036558658744438 5.7837374140690612 45 44 49 0.54516851388432352 8 10178 5 9319 4 7883
1886 2.2128778410949792 -0.84931027865069331 6.0234842197512863 181 171 159 1.8556411167163012 8 11460 5 9327 14 9110 6 12650 1 9617 4 7904
1887 1.2576025420296657 -0.75591664437250072 5.3068527981126614 130 113 92 0.91411551588267381 8 10216 5 9328 2 7563 1 11424 4 7924
1888 0.75362110181798636 -0.67004393263368134 5.0890489041796423 188 172 157 1.0364010774249699 3 9257 5 9331 14 9636 2 6360 4 7946 9 9272
1889 0.70699276469842043 -0.66381849225603984 5.0810663934746501 73 59 48 0.72644328610311037 3 8633 5 9332 14 9635 2 6359 1 11442 4 7941
1890 2.0325970916067884 -0.695680167563137 5.8878980029235244 74 74 76 1.0731350151923207 8 10232 5 9339 6 12670 2 6375 1 9679 4 7948
1891 5.7686865153579898 -0.80924163750797418 9.0726027792638693 191 205 218 1.6861769639282067 3 7726 5 9357 10 9663 6 11383
1892 -1.2781835668161183 -0.35867298512357271 4.7229685644745834 142 135 127 0.95306829758243905 8 11511 5 9359 2 8479 1 12616
1893 -1.2773687650672569 -0.35905688109994693 4.7185929056633498 142 135 127 0.5892026150380667 8 11512 5 9360 1 12617
1894 -1.1972703405587726 -0.32976996843606032 4.6820437854536125 164 157 147 0.89941990005404038 3 7775 5 9367 2 7601 1 11484 6 12705
1895 -1.075856790883871 -0.33478974045368737 4.6448694953506591 93 91 82 0.70293990793622996 8 10297 5 9368 4 9565
1896 1.1932346590303342 -0.44994418854888441 5.1176300157622476 162 145 119 0.7438909329237916 8 11524 5 9370 6 13563 2 7618 1 12634 4 9567
1897 1.1932346590303342 -0.44994418854888441 5.1176300157622476 162 145 119 0.7438909329237916 8 11525 5 9371 6 13564 2 7619 1 12635 4 9568
1898 0.11940849616617605 -0.348676169365012 4.7248612013656519 156 144 128 1.1879207284909246 8 11540 5 9380 6 12724 2 7628
1899 2.5549194598445975 -0.43780440955709354 5.6367093010595086 93 80 71 0.54171451431462803 8 11538 5 9383 2 7638
1900 1.1142614305342216 -0.31438167571274123 5.086879509000557 108 91 72 0.63041321070961465 8 11557 5 9394 6 12738 2 7656 1 11528 4 9589
1901 5.5668181767011244 -0.27477056010739603 8.3334836290267198 18 31 48 1.6650886112740231 3 9304 5 9403 6 13594
1902 2.6970379209217632 -0.18870635171297323 5.6315104223959542 142 128 112 1.1112164371306925 3 8700 8 11585 5 9408 14 9197 6 12765 2 7690 1 11572 4 9613 10 10364
1903 2.693973674847741 -0.19015406143937091 5.627301144660656 142 128 112 0.97263894285181263 3 8701 8 11586 5 9409 6 12766 2 7691 1 11573 4 9614
1904 -0.43128525775548787 -0.10581809772720907 4.5054719558072653 168 152 137 1.0264035399988689 3 8712 5 9410 9 8042
1905 1.1938928171255854 -0.12687372859824936 5.0495815905540873 169 156 139 0.93241331782371273 3 8709 5 9412 6 12772 2 7695
1906 1.7477932505410787 -0.05892199194962669 5.1797241911910978 163 147 125 0.6086540367347163 8 11614 5 9422 6 12789 2 7707 1 11594 4 9636
1907 -1.8134783303895206 0.05450481448153395 4.8141510211700913 108 92 79 1.5819427100996419 3 7872 5 9423 6 12786 2 7701
1908 1.2634926009588725 -0.016157679019743264 4.9970620028291055 171 160 142 1.2737456958942082 3 8724 5 9428 6 12795 4 9641
1909 1.3995805209255614 0.0063952244399896468 4.8682690834696327 168 152 127 0.94476184032562072 8 10393 5 9433 6 11578
1910 1.5594992076485403 0.23973957279834121 5.0123358702786263 74 61 48 0.35807171313297603 8 10459 5 9460 10 10379
1911 2.6049659316811749 0.26975218705851456 5.4710332173837477 165 148 129 0.26022844831768205 8 10460 5 9462 6 11633
1912 2.0189412999476746 0.35664594591649545 5.5729917340051172 37 26 20 1.3823289178554887 8 10473 5 9474 10 10392
1913 -0.89986299496264777 0.34405006362985546 4.4541333962756839 152 142 130 1.3294769397092494 8 11685 5 9486 14 9732 3 8787 6 12861 1 11672 4 9717
1915 1.3323804774273167 0.35595939212122896 4.7465269618253307 56 43 27 0.49208860775208113 8 10492 5 9489 14 9765 6 12871 2 7788 4 9724
1916 1.8422912119123969 0.45265729075382433 5.4716394996393518 104 86 72 0.93356739779333464 8 11690 5 9492 10 10397
1917 2.0588393100035796 0.47776924480211436 5.5494428463520524 101 84 68 1.447845654359565 3 9360 8 11693 5 9494 6 12876 10 10401
1918 2.7411478008100416 0.51282779655090238 5.3212292295315127 57 44 35 0.97987903231961648 3 7960 8 10509 5 9502 6 12891 10 10403
1919 3.8831580383073154 0.2253987375265942 3.336110270057965 139 123 107 0.8055345638017003 3 9358 5 9503
1921 3.9128594055684829 0.29659190547084469 3.3637472838128835 130 113 95 0.67059708134744467 3 8798 6 11748
1922 0.077913954123035978 0.55072874289387996 4.5033046590707846 109 88 71 1.3110422819116965 3 8821 5 9515 14 9784 6 12909 4 6129 9 9409
1923 -1.0347237021138023 0.54950607879040969 4.40484463967785 131 109 95 1.273870430564654 8 11721 5 9517 14 10454 6 12908 2 7827 1 12797 4 9769
1924 -0.89881653824635266 0.56595729359399338 4.3592867246229448 109 91 77 1.0921515787718483 3 8001 5 9521 1 13587 4 10814
1925 -0.57285909244754263 0.56641503114908998 4.3613181223882025 53 35 25 1.2981194697905531 8 10553 5 9522 14 10185 2 7834
1926 3.9304092232434833 0.37024144469804698 3.2861994083337041 134 121 104 1.8001191501775087 3 9374 14 9325 6 12930 1 10187 4 6198
1927 -0.26565497031650187 0.61370239601535681 4.4041510185237875 179 159 141 0.97244823527699376 8 10567 5 9527 14 10198 2 6688 1 11754
1928 -0.84226257002706029 0.61587428722631765 4.3267382709307141 128 102 85 0.45424421710392937 3 8007 14 9792 6 11764 1 11758
1929 -0.74582303320054 0.61218104916209537 4.3347037661428809 138 119 104 0.92903924197425936 8 11733 5 9532 14 10194 6 12924 1 11752 4 9786
1930 2.232174077223839 0.86112714271758495 5.5287867822722934 85 72 63 0.53964781477278623 3 8842 5 9543 6 12943 10 10413 9 8932
1931 2.6775485301320296 0.87680785700429886 5.3515268884943321 141 123 103 0.96418194408954283 3 8850 8 10598 5 9549 6 12954 1 12833
1932 -0.86710101979298848 0.73149714052518133 4.3089053608272385 166 140 116 1.1273752874185281 3 8861 5 9559 14 10216 6 12958 1 11804 4 8399
1933 -0.81480589119610225 0.72917521449139244 4.2876239669298091 166 140 115 1.3403800744286753 3 8044 8 11762 5 9560 6 12959 1 12841 4 9824
1934 -0.7081480496549093 0.74593215267505719 4.3216911912719898 97 78 63 1.2373850423675998 3 8863 8 10625 5 9562 14 9827
1935 -0.7081480496549093 0.74593215267505719 4.3216911912719898 97 78 63 1.2373850423675998 3 8864 8 10626 5 9563 14 9828
1936 0.092179532091129279 0.78861970560692352 4.4503212043082234 135 110 84 0.43960068948829417 3 8867 5 9567 9 8968
1937 0.092268987607829589 0.78783289235197074 4.4511439828254105 135 110 84 0.87188271374095971 3 8868 5 9568 14 9845 2 6750 4 8413 9 8969 13 9583
1938 -0.9750698295671405 0.77484758010670163 4.3469014293888169 77 64 48 0.84831407480350407 8 11763 5 9569 4 9838 1 12848
1939 0.13991441662154236 0.80377236380396744 4.4582850438085275 165 140 118 0.7089593463485695 8 11768 5 9574 6 12974 2 6756
1940 0.14091537951921235 0.80595894488645758 4.4668597085702242 165 140 118 0.80174922646390823 8 11769 5 9575 14 10237 6 12975 2 6757 4 8421 9 9432 13 9894
1941 -0.50114583064686835 0.90918125267479222 4.3288901651134797 54 53 51 0.25392841513358394 8 11794 5 9611 14 10252
1942 2.6457681027125703 1.1587067293816022 5.2850173293694187 126 109 91 2.0793351781304739 3 9412 8 11797 5 9617 14 9395 6 13011 1 11860 10 10433 11 13758
1943 -0.540558677108539 0.92268726969782655 4.2940577866209813 197 178 163 1.2259164221827037 8 11801 5 9619 14 10256 2 7931 1 11859
1944 -0.90545739599831587 0.93513555056817899 4.2672046631982417 115 92 74 0.66652982452451692 8 11805 5 9624 14 10506 6 13015 4 9889
1945 1.3491553991549461 1.0264732360158733 4.5746947448272017 152 132 105 0.71074922840022314 3 8908 8 11806 5 9626 14 10269 2 7937 1 12902 4 9896
1946 1.1110247783326701 1.0658187508187187 4.7299865237714638 134 126 108 1.9026866499783419 3 8910 5 9632 14 9893 1 12901 9 8314
1947 1.3094772982467737 1.0624892650935391 4.5865668061531011 102 81 60 0.86812430595215506 3 8918 5 9641 14 9900 1 11875 4 8506
1948 1.0666243223864227 1.1063723984816134 4.7610232807347908 71 54 38 1.8087356883912369 3 8144 5 9642 1 11878 9 7276
1949 -0.7077333218803562 0.99460481106779108 4.2823460483010161 114 92 71 0.89275396556829623 8 10696 5 9647 14 9896
1950 -0.90527331062647654 1.025803442403844 4.2355485908920087 108 91 75 1.9541827851787943 8 11830 5 9659 14 10517 6 13778
1951 -0.90527331062647654 1.025803442403844 4.2355485908920087 108 91 75 1.9541827851787943 8 11831 5 9660 14 10516 6 13779
1953 -0.34218241999901755 1.2016591666820007 4.2599991517154718 143 122 101 0.28834510842897582 8 10761 5 9712 14 10310
1954 -0.93748478902483212 1.1957863104924384 4.2466913291459027 149 136 122 0.81690471831454825 3 8229 8 10769 5 9716
1955 -0.93591864366225397 1.1848067139805993 4.2185889933799103 149 136 122 1.3629412096109124 8 10768 5 9717 14 10315 6 13097 2 8031
1957 0.64385075530207048 -3.6710310331334828 10.051497790063863 112 110 116 1.1670574117550039 3 9590 8 12978 5 9934 6 13983 4 11197
1958 4.1735464887831437 -1.6012027854330035 3.6623115507789819 12 14 26 0.79566998968619229 8 11369 5 9967 6 13417 2 7494
1959 4.1100797029039624 -1.533003897467146 3.6345773859933987 80 90 100 1.0220022277961403 3 9596 8 12352 5 9973 4 9415
1960 2.6252442533956257 -1.875922587386162 6.350899846794209 83 86 95 1.1278568106811382 8 12330 5 9978 6 13394 1 13303
1961 2.9576585066030581 -1.7440022729346605 6.233415173194933 200 210 220 0.57178460008593157 5 9986 2 7467
1962 0.49848716661912656 -1.4811084541982975 6.0958424273997744 154 140 127 1.0253417003465433 8 12337 5 9989 6 13412 2 8373 4 10477
1963 -0.39088062511830191 -1.0099963322053649 4.7598859862670526 157 147 138 1.0784327696742209 8 11401 5 9997 14 10032 6 13446 2 8397 4 9408
1964 1.3239594529734047 -1.2122671260634534 5.4383607008048154 157 145 131 1.4188559334583484 8 12365 5 9999 6 13443
1965 2.0015053936734084 -1.3277855656564264 6.0000293866241101 78 69 71 1.470028750148531 8 12360 5 10000 14 10063 6 13441 2 8398 4 10511
1966 1.5468944844928294 -1.2604968244883632 5.7187648999834799 130 114 100 1.2657759208443788 8 11388 5 10002 6 12583
1967 3.4289060940123313 -1.2879294481575214 6.3495478263353826 71 74 79 1.4210403052803637 8 12378 5 10009 14 9645 6 13460 4 10536
1968 3.4302028561922464 -1.2885547884053559 6.3510784799525002 71 74 79 1.5790318385842497 8 12379 14 9646 4 10537 5 10010
1969 3.4570830776748895 -1.2243331251324188 6.349956048481781 188 202 215 1.8489349928772576 3 9220 5 10014 14 9649 10 10067
1970 0.44767543493350564 -0.88569528125351815 5.0251141550130809 139 120 103 1.2387232283305625 8 12394 5 10016 14 10056 6 13472 2 8429
1971 0.32290152117736309 -0.85944475511798346 4.9622636952113943 167 149 135 1.5770685792678081 8 12397 5 10019 6 13473 2 7531 4 9457
1972 0.64457750654318313 -0.87058981010058956 5.090761495444049 138 124 113 1.3454498508603498 8 12398 5 10023 14 10062 6 13474 2 8432
1973 2.4726693668792237 -1.0524398078800878 6.0522404888431875 123 110 94 1.936220396094992 3 9231 8 11433 5 10025 2 7532 4 9447 10 10334
1974 1.3287490370717328 -0.64460526522614348 5.2895817300876367 165 153 131 1.7596311990288911 8 13101 5 10052 2 9059 1 13433 4 10606
1975 -0.94157555899661571 -0.36267836050150715 4.618195134123293 47 58 44 1.1113625880350877 8 12462 5 10071 14 10385 6 13556 2 8486 1 13449 3 8674 4 10640
1976 -1.0087220734383098 -0.34647799308851324 4.6254712866644425 151 149 136 0.87188350351075905 3 8682 5 10073 6 14122 1 13451 4 10643
1978 -1.7027976128225726 -0.29895443448833608 4.8486689404750694 136 129 119 0.70762010035866652 3 8689 5 10075 1 13444
1979 2.658754348858805 -0.49072257120855256 5.7153939651180741 149 141 128 2.1129075278162448 8 12469 5 10081
1980 1.6108062104337522 -0.39207215393026573 5.1886559052469385 99 83 67 0.95397278989194578 8 12478 5 10088 6 13576
1981 -1.6348092866228745 -0.17623341966500769 4.7743806183445026 128 118 112 1.6240526511268187 3 8705 5 10091 2 8511 1 13461
1982 1.9617967906043834 -0.329566322135736 5.3133650228694913 151 134 118 1.7766930569557819 3 9700 5 10092 6 13585 10 10347
1983 1.9658544815801222 -0.32834439888944067 5.3311403913638324 151 134 118 1.660571362910044 3 9701 5 10093 6 13586
1984 1.9036268191296277 -0.24012828184892659 5.2906577021425401 154 138 118 1.0508567333287147 3 9307 8 12497 5 10104 6 13597 2 8535 14 10123 4 10689 9 9313
1985 -0.30484177466311591 -0.14115872530904555 4.5377283605662972 97 83 72 0.76706381958476688 8 12502 5 10108 14 10413 2 8536 9 9684
1986 1.9492942830043458 -0.18950516745764084 5.2781116618246093 121 103 91 2.2986087521639402 3 9716 8 11584 5 10111 6 12764 4 8120 9 9937
1987 1.8099104316302794 -0.15424154046478442 5.2114464467054962 151 133 109 0.73241241202302199 3 9719 8 12508 5 10117 6 13612 9 9946
1988 1.3562832466323755 -0.084735882552358088 4.8719786394686961 112 99 83 1.8580041225575705 8 11613 5 10126 6 13621 2 8552 4 10710
1989 2.7342115700841751 0.099757349037889687 5.5154391128691778 132 120 105 1.744190423150155 3 8731 8 11641 5 10146 14 9741 6 13632 4 9660 9 8818 12 12236
1990 2.6874816940076207 0.36889305392905802 5.470007845240878 140 124 108 1.4725926720431837 3 9750 8 12569 5 10172 2 8605 4 10771
1991 -0.77300382408736346 0.33352638983823213 4.4223699283566562 166 157 142 0.54548389616701054 8 11683 5 10173 14 10144 4 9718 1 11673
1993 1.936934393699806 0.44916270501760269 5.4675945035720348 85 74 68 2.1560101481273706 8 13181 5 10181 6 13669
1994 -0.96683690320279969 0.47268749669076482 4.4137862693582264 102 86 71 0.88146246163652719 3 9369 8 11707 5 10193 14 10451 6 13687 2 7807
1995 3.3442050056611565 0.81746928119677842 5.8259285190520345 165 145 120 0.62989062480719082 8 12603 5 10214 6 13704
1997 3.8654728727504457 0.44875347548297473 3.3494392994980835 156 146 136 1.7107648568439686 3 9772 14 9847 6 13722 1 11801 4 9821
1998 1.1170434198392256 0.74775695143377663 4.8252315443742466 48 34 25 1.1873443163257658 3 9778 8 12613 5 10227 14 10225 1 13594 4 10834 2 8668
1999 -0.63526406495057719 0.67781071772871626 4.3577902097204424 167 149 131 0.58190946669466082 3 9386 5 10233 14 10468
2001 0.24833380305059322 0.78308118742861477 4.5276504438042053 87 70 52 1.2698726001384171 8 12621 5 10246 14 10483 6 13730 2 8684 4 9831
2003 3.3070079393107754 1.1590464809557042 5.7292883329285607 149 131 107 1.403150643888089 8 12641 5 10261 6 13742
2005 1.3187096142985291 0.99903618462422605 4.6283421235598725 72 62 54 0.39067241694276994 3 8905 5 10274 14 10508 4 10885
2006 1.1611648787174351 1.08099749067323 4.7050430699781742 115 104 94 0.63555973139924704 3 9421 5 10283 14 10273
2007 1.1608024418558178 1.0800251319136616 4.705043221334825 115 104 94 0.93914004790604688 3 9422 5 10284 14 10274 8 12665 2 8743 4 10899
2008 -0.62369555414020772 1.0746112574639997 4.2949036657128783 146 129 113 0.52121429291999388 8 12678 5 10306 14 10520
2009 12.516526995545886 -5.7347735482027655 14.544889476408891 129 130 133 1.7780692917254968 8 12985 14 9600 6 13994 2 8322 1 13226 4 11210 11 13234 7 10821
2010 4.1032519377506125 -1.4456500293186287 3.6108057755756873 98 111 120 1.6518828819730318 3 9914 8 12362 5 10501 14 9622
2011 2.0918908444186677 -1.5160814525528477 6.0348887001892573 152 140 128 0.052932729983822979 3 9933 5 10504
2012 -0.54842342234985986 -1.0063223155903007 4.7524763696757137 136 125 119 1.0155902147063238 8 13051 5 10510 6 14051 2 9008 4 11333
2013 2.0917137816401974 -1.1912013599128046 5.9899333001659167 51 54 60 1.8971609393585707 8 12375 5 10518 6 13456 4 9413 10 10332 2 7511
2014 3.539087474871303 -1.301432579084572 6.3487158597811497 88 92 103 0.55993061308357184 3 9624 5 10522 8 12376
2015 3.539087474871303 -1.301432579084572 6.3487158597811497 88 92 103 0.55993061308357184 3 9625 5 10523 8 12377
2016 2.6294947077254931 -1.1244901245555425 6.0847202205393938 143 131 117 1.4092623974070502 8 13072 5 10527 14 10082 2 9028 1 13399 4 10549
2017 0.83432843768602094 -0.8985985049756694 5.165398411023606 147 131 116 1.5052521323663295 3 9645 8 13077 5 10529 14 10383 6 14076 2 9032 1 13960
2018 3.9679361464556591 -0.89270290971651134 3.4935366572027529 111 99 87 2.5321646139727325 3 9937 14 10102 6 14100 4 10626
2019 2.3105359197023843 -0.84214677676467686 6.0472874555395215 59 58 63 1.637091029477121 8 13092 5 10546 3 9954 14 9661 6 14090 2 8452 1 12581 4 10586
2021 1.3983288386374786 -0.57080293374084767 5.0719246768236639 148 137 124 1.6169680101699846 8 13109 5 10560 14 10401 6 14110 4 11392 1 13443
2022 -0.87544645833366075 -0.36103416414353173 4.6051602985078972 133 124 109 1.3539381250632387 8 13120 5 10577 6 14123 1 13987 4 11403
2023 1.8321544687618565 -0.49085704101320671 5.2975276189354856 75 61 50 0.607368502823873 8 13121 5 10581 6 14125
2024 -0.076409896533726734 -0.34114880023697092 4.6442679418181685 139 122 104 0.55970928074485027 3 9973 8 13128 5 10582 6 14502 2 9471 4 11421
2025 -1.1076006958422253 -0.27580661703160908 4.6051790585043637 66 57 52 0.61178378540111766 8 12477 5 10583 1 13456 4 10659 6 14128
2026 2.0657031481643808 -0.42159254244822297 5.3859777365155956 157 144 128 1.1639800159057896 8 12473 5 10584 14 9689 6 14129 2 8512
2027 2.0706851612290125 -0.42309475978162092 5.3940972714895361 157 144 128 1.3380848479685132 3 9686 8 12474 5 10585 14 9690 6 14130 2 8513 1 13460 4 10658
2028 0.32417527838992494 -0.30889126378053489 4.8048493047735299 161 146 127 1.9386444723861829 3 9975 5 10589 14 10406 6 14134 2 9080
2029 0.65452900758027543 -0.32226420815063705 4.9765063087388075 74 66 55 0.36488481198706024 8 13133 5 10590 4 11427
2030 1.4010062535146832 -0.35904167491880645 5.0233071790685022 159 146 129 0.99295441409644047 8 12483 5 10592 6 13584 2 8519 1 12655 4 10668
2032 -0.21136416143563566 -0.27821274156201181 4.5588030258955152 35 26 19 1.4271358877339924 3 9707 8 13136 5 10594 2 9082
2033 -0.10512089414493342 -0.12807828895118978 4.5884139250682443 79 63 50 0.88318026050492349 8 12507 5 10607 14 10415 6 13607 2 8539 4 10699 9 9353
2034 5.245820100239718 -0.14520747530932893 8.3723576299184685 39 35 36 1.1625372844754633 3 9999 5 10609 6 14153
2035 3.8052005588603413 -0.24005741450332099 3.6655747467904765 150 150 142 0.5159387649809295 3 9710 14 10145
2036 2.1924558193971762 -0.076405363473396992 5.3781906161690465 142 121 94 1.4148159021502575 8 12516 5 10613 14 10135 6 13623 2 8553 1 12708 4 10712
2037 1.6054432037450965 -0.018974274829746757 5.1016984444603475 68 52 36 0.72960802200532404 8 13156 5 10616 2 8563 14 10134 4 10723
2038 2.7988667288768543 0.067218947475630467 5.4821514786732264 66 56 46 0.96618904912575976 3 10021 8 13161 5 10618 6 14175 4 11463 2 9119
2039 3.7455512821650911 0.15614858321761829 3.6068282165660612 109 93 80 0.62505527313222897 3 9745 5 10640
2040 3.8354727124063066 0.20713023521240662 3.4817458485983468 140 124 106 1.0327569400785148 3 9751 14 10197 1 12794 4 10803
2041 2.2171335947011355 0.50771676209329997 5.5289308629049572 117 99 87 0.88432586569311455 8 13188 5 10646 14 10458 2 9146
2042 -1.8291066575898756 0.56216261349039287 4.6753337953630858 56 49 41 1.4236493491037618 3 9766 5 10651 6 14212 2 9153 4 11517
2044 2.5827430789412542 0.93011861085936887 5.3714665110380375 71 57 48 1.2414997343018019 3 9784 8 12620 5 10665 14 10245 6 14232 1 13605 9 9740
2045 3.8377566239954115 0.59394263782053269 3.2797588099868373 158 153 147 0.72682844501058841 3 9793 5 10669
2046 -0.9208686948323952 0.82328356515617729 4.2748846807032139 109 95 84 0.57775438501758281 8 12639 5 10673 1 13615 4 10867
2047 -0.31282581903553902 0.90822375218065377 4.3332034455735737 173 152 132 1.9371687449262178 8 12651 5 10677 14 10502 2 8719 1 13632 4 10884 9 9760
2048 1.8508056612612562 -1.8337800740960606 6.0172539179928082 155 150 146 1.6870254971270633 3 9919 8 13433 5 10771 6 14699 2 9372 1 14304 4 11837
2049 2.1044796389722875 -1.7785535800854124 5.9803056542417776 151 146 142 1.6228043900493485 3 9925 8 13437 6 14435 2 8984 4 11845
2051 2.6385552363468592 -1.7022408947604588 6.2236586724190675 87 90 97 1.5728775402913049 3 9927 8 13444 5 10778 6 14441 2 9387
2052 1.8298160672431836 -1.530110830264777 5.9064336233639283 160 146 135 1.9824325526567492 3 9932 8 13448 5 10781
2053 1.3127336899045652 -1.4216032987163256 5.5184376396920429 114 101 92 2.0708451707530964 8 13043 14 10369 6 14031 2 8999 4 11297
2054 1.5364959769168844 -0.92608672952218485 5.6762384637993453 57 58 62 2.1346585589620641 8 13082 5 10805 6 14081
2055 0.69048968286684498 -0.80584134914290584 5.1502731633746102 84 71 62 0.54044889875239788 8 13513 5 10808 2 9700
2056 -1.5283946519890057 -0.24297826386789007 4.7239666798547981 33 28 24 1.2647575301537155 3 9988 5 10832 2 9465 1 14376
2057 -0.79704896347691179 -0.2809162847714981 4.5447770809941002 46 35 28 1.3062816815911513 8 13540 5 10833 6 14513 1 14386 4 11944
2058 -0.84210438548964106 -0.20242310241019437 4.5473237264864848 139 127 115 1.1877606919064929 3 9993 5 10843 6 14523 1 14009 4 11956
2059 2.0707333035212412 -0.31873011050545019 5.3414582325128563 76 62 53 1.5762536305113446 8 13137 5 10844 6 14525 2 9088 1 13471 4 11438
2060 0.47768185881541275 -0.2059534223957396 4.7759028822663314 38 25 17 1.2880580057025155 8 13555 5 10849 6 14779 2 9488 4 11960
2061 1.4885789196808201 -0.031453054943327882 4.8757562397480863 61 44 26 1.7931764195676605 8 13565 5 10860 6 14542
2062 2.0513429586207681 0.0012422414870132611 5.3114624063908664 87 73 64 1.1493090414118439 8 13566 5 10865 6 14789 2 9494 4 11976
2063 2.728455094977364 0.0063130508266341714 5.5710589470890044 148 133 114 0.99134125506067072 3 10016 8 13567 5 10866 6 14545
2064 5.235423816429468 0.13195404141547262 8.5116700772446041 25 23 26 1.438517388298254 3 10017 5 10870 6 14541
2066 2.3100008295767647 0.35205499750757741 5.444889693555929 59 42 34 0.43176932812709551 8 13172 5 10888 6 14560
2067 2.7808038618928346 0.44162937122843038 5.4065041499319966 163 147 131 0.92332652372763968 8 13593 5 10899 2 9145
2068 -0.83322678734477318 0.55875245940319185 4.3431495209065121 136 117 102 1.1854353506428226 3 9768 8 13611 5 10914 1 14077 4 12028 6 14580
2069 2.7999373248582069 0.76347723683589519 5.2392240978835236 171 151 125 0.44230336493877909 8 13614 5 10918 6 14587
2070 2.1434010758417181 0.85994745867911582 5.5495924676168675 20 15 12 0.98290304989944111 3 10052 8 13211 5 10920 9 9985
2071 3.8679676193715498 0.50942648292926529 3.3334265508179866 163 158 152 1.9764950324482213 3 10055 14 10493 6 14235 1 13607 4 10855
2072 2.6585156538251518 0.95383456592068316 5.318452965195192 130 109 88 0.93307397364938927 3 10059 8 13225 5 10924 14 10494 6 14597 1 14105
2073 0.2454584019773523 0.86996804930884075 4.5005254858405817 170 155 137 1.5599265244515435 3 10067 5 10930 4 11557 2 8703 9 9994
2074 2.7349424190244691 1.0717906614162831 5.2798205094201736 86 68 48 1.6790268250843139 8 13230 5 10931 14 10505 6 14600
2075 2.577332487788861 1.1738330523622482 5.3306718818293692 74 55 45 0.69923661092166178 8 13237 5 10932 6 14606
2076 2.5205163108762445 -0.50929316022041304 5.9247626040729395 143 127 111 1.2533360550700265 8 11517 6 12704 4 9560
2077 1.2814396690727539 0.79462284710069941 4.750218677469138 167 143 115 1.1669414034467898 8 12618 5 10239 14 10484 6 13727 2 8680 2 9181 4 10848
2079 1.5179949097861893 -3.5614863019877445 11.036542211232984 233 241 240 1.8528627384067313 8 200 14 74 2 290
2080 12.69108329852752 -7.5872011007660713 15.103396738647081 93 99 115 2.3365414829565299 8 4783 6 5413 1 434 11 8418
2081 12.69108329852752 -7.5872011007660713 15.103396738647081 93 99 115 2.3365414829565299 8 4784 6 5414 1 435 11 8419
2082 12.532080890807592 -7.2691282697679993 14.940450559788513 191 208 218 2.6544496016569106 8 36 6 5420 4 113 7 4041
2083 12.451285544353635 -6.7665897530958414 14.959909776990765 200 215 226 2.4897945831092785 8 4811 6 8741 2 238 1 5758 4 4559 7 6425
2084 1.8981382040031733 -1.8173361622595186 5.9758178090216143 83 84 88 1.2089690242241276 5 356 14 328 6 821
2085 -0.49147785211592709 -1.7052291932115085 9.4044429570879604 71 57 46 0.36200744848007932 8 653 6 929
2086 2.6158957205349518 -1.8638965219721459 6.2515670865748802 76 80 89 1.0617242727479879 8 641 6 874 4 946 10 6154
2088 4.0811258566297237 -1.6290708688453366 3.6311321317020875 143 139 138 1.3360208248547469 3 3625 14 566 6 980
2089 4.0087660576626964 -1.6073723774200432 3.719449487696397 156 151 148 0.59813446732890763 5 332 14 589 6 5982
2090 1.1843920909679231 -1.1230613382908405 5.3375419802315163 165 151 138 1.0302261997694642 5 735 6 1320 10 7630
2091 1.0922872388783169 -1.0340983071401642 5.2708220014857448 185 172 156 1.9775702890261271 14 662 10 7634
2092 11.988955169885564 -4.7057274116747552 13.461603250972546 147 147 149 1.2079830637913254 8 301 14 693 6 5681 1 1154 4 455 11 5760 7 6478
2093 11.97945975352717 -4.6500280593456429 13.454312326123624 77 80 83 1.3956202225369547 8 4956 14 713 6 5689 1 1172 7 6485
2094 13.394316197811799 -4.7740780174168087 13.274465292515274 144 143 148 2.1876992038511212 8 315 14 751 6 5693 4 483 7 4173
2095 12.149632884700816 -4.4685520991130403 13.323412709391649 134 132 133 1.1738137528854078 8 344 14 758 6 5720 4 505 7 6494
2096 4.1257896324208287 -1.3871238477650003 3.5826044992958574 58 67 82 1.678461872609035 3 225 5 491 14 772
2097 13.37704599220052 -4.6587851523657484 13.244719436045663 106 109 116 1.6236219094268225 8 4968 14 777 6 5709 2 569 4 506 11 5826 7 4194
2098 2.1718743982883977 -1.1946395744166758 6.079769924167012 55 50 46 0.56216464307187775 8 1083 14 816 6 6221
2099 1.8967601323139802 -1.1124165180003518 5.9106341951386057 72 60 46 1.0625776860993883 8 1130 14 819 10 7730
2100 12.000251859279357 -4.0032367617536622 13.384309316647677 144 139 136 0.81850879801861942 8 5021 14 867 6 5777 1 1377 4 632 11 5859 7 6522
2101 12.012685508667628 -3.8591449891626723 13.342601332082614 81 79 79 0.93103399317497215 8 5050 14 914 2 710 11 8687
2102 12.012685508667628 -3.8591449891626723 13.342601332082614 81 79 79 0.93103399317497215 8 5051 14 915 2 711 11 8688
2103 3.4352077054502779 -1.3180616232283653 6.3658631468537807 86 89 96 1.1450277359682774 8 1076 14 948 1 2146 10 4198 11 8432 3 494
2104 3.4627229222064519 -1.2997410343603446 6.3509771165908662 128 131 140 0.62145593351333395 3 504 14 958 6 1359
2105 4.2189476332536717 -1.1606296404772214 3.2651142549002028 143 140 133 1.3252658700067335 3 3753 8 1279 14 971
2106 4.1924223937542573 -1.1508767779872096 3.3072792604660353 158 153 149 1.174225648974428 3 3767 8 1296 14 980
2107 11.544022702338776 -3.5856462413333143 14.259565368226124 80 76 75 1.0882142533307704 5 4204 14 992 6 5857 7 6570
2108 11.562404801352244 -3.5940475031741896 14.280790314560965 80 76 75 1.3597975355307867 5 4205 14 993 6 5858 1 1535 7 6571
2109 4.1316336234309894 -1.1313916897367839 3.3937179424596495 148 144 135 1.2516071746663227 3 3785 8 1308 14 1002 6 1520
2110 3.5407964827856357 -1.2634546487885212 6.2841518212323786 212 217 223 1.8019444145126771 5 836 14 1004 6 1406 7 9270
2111 4.1095878405074728 -1.1234174178710268 3.4241130824819557 155 148 140 0.51133858784385888 3 3791 14 1012 6 1529
2112 11.559754352724944 -3.5207230275406465 13.906642166041642 121 112 107 1.6147005763994149 5 4207 14 1013 4 760 11 8717
2113 11.486371077744518 -3.5047058657471921 14.486482320605136 147 143 142 1.3424440353303233 5 4224 14 1023 6 5890 2 830 1 6302 4 767 7 6577
2114 4.0630577281022164 -1.1051366087750494 3.5129674829876505 151 141 131 1.4394903920574642 5 751 14 1025 6 1546
2115 11.610816560373285 -3.4451007105324511 13.88784688584056 133 121 113 0.94267756786932733 5 528 14 1037 1 6329 4 792 11 8725 7 4288
2116 2.163986568043589 -0.9098478771261338 5.9850223158163756 108 97 79 0.46138406885219974 5 993 14 1043 6 1612
2117 2.163986568043589 -0.9098478771261338 5.9850223158163756 108 97 79 0.46138406885219974 5 994 14 1044 6 1613
2118 2.1986333646689618 -0.91200695811904819 6.0056853661147542 87 77 65 1.3477975518351635 8 1339 3 4141 9 6327 14 1048
2119 3.4140072414146743 -1.1630648552603913 6.3557431460259757 150 143 135 1.2702258211474793 8 5524 14 1064 6 6308 2 1229 3 6220
2120 11.628751520471486 -3.3368185268285759 13.70200563233864 149 136 127 1.1197445996196496 5 557 14 1074 7 6596
2121 0.80295940886176886 -0.53693531140762518 5.043308687980006 136 119 101 2.0552169976592825 14 1081 10 8761
2122 3.9580260776208558 -1.0482556016478743 3.6413630229553142 157 147 137 0.2587133142056125 3 427 14 1083
2123 0.84947167482432673 -0.52365527068804707 5.0709969688691716 179 163 147 1.0475164066097327 14 1120 6 1924 10 7725
2124 0.27364724685108271 -0.32041859630744407 4.8091124439557156 113 104 89 0.50595253949194952 3 1312 14 1188 9 1585
2125 4.077486243105942 -0.92417451166140574 3.3607371186576791 120 107 98 0.99688417848095379 3 3886 14 1206 6 1749
2126 4.0971580882131802 -0.92361421917843733 3.3287989727579252 135 121 109 0.17930610286830057 3 3878 14 1208
2127 0.86634299439340512 -0.42062841374811055 5.0527679363097793 183 167 148 0.77646381327837877 14 1212 10 7766
2128 0.86005323257215327 -0.3792933829827595 5.041143069105015 184 166 144 1.0912107517739658 5 1420 14 1253 10 8818
2129 3.9584858832726075 -0.83877974997266092 3.5165297509563032 164 157 149 1.7816846665727322 5 1003 14 1272 6 1832
2130 3.9362644742433259 -0.80716830215032409 3.5392778330825561 164 154 144 1.0327323853208517 3 3988 14 1305 6 1871
2131 0.77204275133813183 -0.30986389151318627 4.9873631964800289 180 162 142 0.90726535786506113 14 1307 10 7804
2132 11.651723743302313 -2.4152488235739433 13.592509091982635 66 52 48 1.2434441842527186 5 4425 14 1340 1 2040 7 6697
2133 11.651723743302313 -2.4152488235739433 13.592509091982635 66 52 48 1.2434441842527186 5 4426 14 1341 1 2041 7 6698
2135 1.8653580102772258 -0.3169093737223253 5.3037399452289282 98 82 67 1.3029862465074551 3 4470 14 1479 9 6614
2136 2.6234772094859902 -0.29838740562639809 5.6763917425997823 45 32 23 0.98201826557615057 5 1556 14 1551 10 6600
2137 2.0797650884511527 -0.12487287528752351 5.3510371578549396 131 109 86 0.76035361590357375 8 2163 14 1620 6 2486
2138 11.497871684312583 -0.84162845551633392 13.909779777251275 120 110 98 0.99152632894744686 5 1436 14 1681 1 2608
2139 11.497871684312583 -0.84162845551633392 13.909779777251275 120 110 98 0.99152632894744686 5 1437 14 1682 1 2609
2140 -0.08514128596878659 0.22179462457766583 4.5151720560534541 167 145 124 0.60193517670809493 5 2078 14 1694 6 2894
2141 5.8442509045027533 -0.33976527532560941 8.3218372606293673 19 36 54 0.58969401066218241 5 4910 14 1695 6 6749 1 2817 4 1975
2142 2.800842740326297 -0.051964270180729209 5.5345454122493658 172 157 136 0.64383667647398479 5 1774 14 1722 6 2593
2143 5.4709804126001345 -0.20525573783722331 8.28033129552262 56 45 43 1.9913610144372478 5 4960 14 1744 1 2876 10 6784
2144 2.3825332626475539 0.068163867638059927 5.4132797261152907 110 91 74 1.6231205580205335 5 1919 14 1791 10 6715 11 10630
2145 5.5210764866851925 -0.1157825430099845 8.2902158267952544 145 117 93 1.7697349783155554 5 1701 14 1797 6 6860 1 2926 10 6814 7 9416
2146 6.0363227474117744 -0.17390570036159733 8.266190319568075 108 86 72 0.92568947236932386 5 1683 14 1800 6 6850 1 2920
2147 6.0729897328332996 -0.10453204908946981 8.328483288038699 158 134 111 1.1150703064249654 5 1722 14 1835 6 2463 1 2947 7 8386
2148 5.8504095226929147 0.0091985787063442945 8.2008523703560563 172 152 130 1.2607269207569867 5 5044 14 1887 6 6919 1 3004 4 2196 7 8404
2149 5.9120694603499997 0.10837305710723319 8.2054809363452286 101 83 64 1.3502166112215122 5 1883 14 1969 6 6954 1 3051 7 8420
2150 5.9112641917499538 0.10852674936542483 8.2044344484378815 101 83 64 1.1708077839210631 5 1884 14 1970 6 6955 1 3052 4 2244 7 8421
2151 7.4241760908894268 0.08690762832379384 9.3619868453123036 29 21 19 1.3927282066708488 5 1846 14 1998 6 6930 7 8476
2152 3.9388435045699319 -0.048131939655952298 3.2659271852278651 125 109 96 2.4111103640077602 3 4785 14 2056 9 6609
2153 6.0758839268417786 0.28372703368378771 8.1274353102587682 31 19 5 0.81564495304142226 5 5115 14 2106 6 7034 4 2330
2154 5.3770459546037035 0.32324929827249971 7.8409561701131461 151 139 125 1.3214570061291093 5 2030 14 2109 6 2786 7 8446
2155 2.5270882851334968 0.37398071482851769 5.4306092248286095 110 91 74 1.1100782861718899 8 2585 14 2142 6 7199 10 8153 11 10732
2156 0.4051215826726477 0.47351402295639111 4.633365000992077 157 138 120 0.070795578054949168 3 2161 14 2147 9 2405
2157 5.8700888695049045 0.37882719649055963 8.0514027526125727 170 153 136 1.2593526712701786 5 5139 14 2150 6 7075 2 1938 1 3181 4 2383 7 9492
2158 5.3569008234895712 0.4335139764736714 7.8204172146335695 160 143 125 1.4978013690048799 5 2092 14 2179 6 2876 7 9482
2159 0.63762895210861337 0.4958927740221295 4.7278674273920833 131 110 89 0.23844810990301879 3 2169 14 2197 9 2411
2160 6.2389158438980274 0.47311412247718743 8.1841859093645724 108 95 79 1.5946125056664058 5 2102 14 2225 6 2897 7 8525
2161 6.2097246741241374 0.4913816172658575 8.182357270787703 75 61 48 1.265540835097728 5 2118 14 2234 6 2910 7 8529
2162 3.8356875309546865 0.16603231142780756 3.5125950313894485 110 96 83 1.5497238149083969 3 4926 14 2269 6 3150
2163 1.961056288813642 0.54593002761458986 5.4418506009571015 159 141 127 0.71742485606227868 5 5310 14 2278 8 6507 6 3184
2164 6.1713850256903902 0.60535011345698087 8.1750756194604541 89 77 63 1.4965923009435895 5 5216 14 2295 6 7168 1 3292 7 9519
2165 6.6109437514787635 0.65483426297926983 8.315676001134193 145 132 116 1.2265712810437042 5 2233 14 2322 1 3327 11 6599 7 8565
2166 5.3786664762215928 0.74613916896679078 7.6333765420106801 42 37 30 1.379011918378924 5 2339 14 2364 6 3133 1 3442 7 8559
2167 2.0455274477370451 0.71905188403709852 5.4667780976466807 145 128 113 0.70338528609734696 5 2513 14 2426 8 2909 6 3377 10 8232
2168 0.56370439476035661 0.70241792282271542 4.6762487396452332 139 107 82 0.73665225249242849 3 2405 14 2444 9 2620 13 5185
2170 -0.0021051013842047772 0.71196086048369678 4.4011108832884878 168 150 136 0.33221520017725631 3 2469 14 2471 9 2692
2171 0.29790403875864263 0.72584704844839443 4.5534746372291295 185 175 166 0.42450982883369848 3 2457 14 2475 9 2674 13 5234
2173 0.56495946553888343 0.77415603015675849 4.6604698591880496 143 121 100 0.88932756018116943 3 2485 14 2517 9 2696 13 7095
2174 2.4457595602235003 0.83960862427145688 5.4379244411290069 32 19 10 0.60636891695350481 5 2601 8 3021 14 2540 6 3509 10 7026
2175 2.5750457921994174 0.83202552029666144 5.3952542328037509 22 10 1 0.44011203821021466 5 2602 14 2544 6 3510 10 7030
2176 2.5797593050492127 0.83287922458429353 5.4033844389686285 22 10 1 0.50228651767616372 5 2603 14 2545 6 3511 10 7031 11 10938
2177 0.26320446023031757 0.84650845656684182 4.5113835169689951 123 110 94 1.3468618378928077 3 2588 14 2623 9 2777 13 5342
2178 6.1951333321928193 1.2928909287280907 8.0001460647411005 132 116 100 1.3494688131850032 5 5529 14 2637 6 7515 7 9621
2179 1.0935073564256657 0.90902460446941191 4.8213444502277563 22 18 0 1.2168825100854397 5 2758 14 2663 10 8284 11 13396
2180 6.6355760344321073 1.3682330134806244 8.1125634975711094 30 26 17 1.6483572416894254 5 5549 14 2670 6 7538
2181 5.3730962659319861 1.2997937817731664 7.4478107645202574 159 138 121 1.0750851237068439 5 5575 14 2690 6 7568 7 9625
2183 2.2821143092806633 1.0974595289775193 5.4516683151584244 92 79 70 1.0921345834232608 5 2792 14 2757 8 3290 6 3780 10 8321 11 12125
2184 2.467691769913952 1.1147023051205829 5.3449175546244563 100 74 57 1.3233791633589496 5 2828 8 3336 14 2801 10 8332
2186 2.5261015642999527 1.1955982965819105 5.3366475882681828 114 98 83 1.9292042186050842 5 2903 14 2880 6 3925 11 11117
2187 0.28952756382784989 1.0336309675475721 4.4790685399211725 131 111 92 1.6200747879044541 3 2803 14 2885 9 2982 13 5503
2188 3.7984889089895191 0.77123253227191391 3.4254509914014077 148 139 130 1.9539212108413744 14 2893 9 7255
2189 6.4767521924927358 1.6353581670750201 6.8474424872112873 32 31 26 0.3423449698773493 5 2960 14 2978
2190 0.78066047985523279 1.1386945572561855 4.6467439008268352 182 170 156 1.3209161697600829 8 3541 14 2985 6 4065
2191 -0.036620471026236501 -2.9237074520183208 9.7610471776689334 134 138 139 1.8809075127367594 8 237 14 3553 6 443 1 5883
2192 0.61834513113081657 -1.6260344566871225 5.5358792758559821 105 105 107 1.2417803712629847 5 352 14 3655 6 834 1 1533 4 922
2193 0.61834513113081657 -1.6260344566871225 5.5358792758559821 105 105 107 1.2417803712629847 5 353 14 3656 6 835 1 1534 4 923
2194 -0.78351444768920175 -0.98124468625022143 4.7654219642347924 128 119 112 1.326919073713656 5 666 14 3660 6 1243
2195 0.6264607304958234 -1.4514627207019133 5.4676143050249628 148 140 137 0.91536024485611478 8 743 14 3709 6 965
2196 -0.69479661682158822 -1.8051375256714113 9.5089289965470787 154 138 125 0.1172076115070721 8 582 6 880
2197 0.87711612735311473 -1.3737255678048126 5.3108173493061512 130 120 111 0.81705333837262217 8 5255 14 3772 2 909 4 1135
2199 -0.082671405203824821 -0.88414275017527755 4.7856623480026146 141 131 121 0.82744803077884932 5 828 14 3842 6 1443
2200 2.6274483939069309 -1.8856959540237166 6.2565737353097051 140 147 155 2.819204510184302 5 390 6 861 10 6149 11 10234
2201 0.21493550244018284 -1.2106396604365288 6.3940778640961291 84 79 75 0.27254329914082132 8 915 14 3871 4 1171
2202 -0.64690862233057389 -1.5085847999518358 9.5688474708253324 153 145 137 1.6563093557557655 8 756 14 3882 2 816
2203 1.3018740126234436 -1.3147096684983579 5.4451470276524878 154 141 128 0.78823009335976213 5 602 14 3884 6 1134
2204 0.23527595993329392 -0.90815705709179462 4.9421380500135319 145 135 126 0.42320665083854475 8 1194 14 3921 6 1450
2205 0.99908572124651829 -1.1326120170598679 5.2962232050032378 143 129 116 0.88422087532669968 5 4323 14 3944 6 6163 9 3993
2206 3.8643334929308137 -1.607024035993043 3.9482979186726652 138 138 141 1.1964139298130889 3 6006 5 4117 14 3967
2207 3.7949925536842741 -1.5907792350600141 4.0522301484547585 128 133 136 0.72167157667208393 3 3679 14 3974
2208 12.737889214891306 -5.3839999879424987 14.595890807374424 67 73 85 1.5067354263801975 8 7941 14 3987 2 3744 1 6002 4 4677
2209 0.56337647813081082 -0.90937861418307264 5.0807608654837599 83 70 61 1.2201987386366664 3 683 5 4440 14 4006
2210 1.0772895729413634 -1.055350071020333 5.2647204317952916 158 142 127 1.1069178285345465 5 785 10 8690
2211 0.64522071177258522 -0.86630786924904546 5.0835326363858524 122 109 101 1.623185901543468 5 4484 14 4067 6 6336 10 8672
2212 11.645179605872155 -4.5903872539505928 13.738645792105096 140 142 142 1.3450054873316464 8 7958 14 4076 6 8868 2 3804 11 10518 7 8183
2213 1.9295524832258661 -1.2550193892181116 5.9701973933996868 79 74 71 1.7024831370304967 5 4337 14 4089 6 6157 2 1089 1 6584 4 5189 10 8749
2214 0.94448038800173739 -0.89961302558376433 5.2140467287542824 168 155 139 1.0086877410917445 5 4483 14 4104 6 6334
2215 12.275961014749274 -4.4208694290369168 13.237633518378734 120 118 119 1.2426665476315264 8 4976 14 4124 6 8882 2 582 1 6125 11 8627
2216 11.523950937623754 -4.3784130073949186 14.659580485252715 154 155 159 1.63567647966542 8 7974 14 4140 6 8907 2 3844 1 9177 4 4773 7 6497
2217 11.723181537882271 -4.2436499274514601 13.666563080626661 118 116 117 1.1462001592845261 8 7975 14 4147 2 3851
2218 3.8645064190983378 -1.304486360139965 3.884297355112909 160 139 122 0.94746433871618319 5 4245 14 4166 6 6183
2219 1.9373052169916583 -1.0972426474191532 5.9358751206784222 43 35 32 1.545555136855965 5 6771 14 4178 6 9289 2 1184 1 6666 4 5235 10 8782
2220 4.1877674503892237 -1.292671189224462 3.3668812829041723 34 23 17 1.3136924174936302 8 1135 14 4179 6 6200
2221 11.968450820960976 -3.919164568984415 13.378066002748579 129 125 122 0.8310909861237491 8 5041 14 4230 6 5790 2 686 1 6213 11 8675 7 6530
2222 4.2310671619015832 -1.2214269125817157 3.3032910948592642 132 105 92 1.0771668112541288 3 6046 8 1227 14 4249
2223 0.86405620097664104 -0.68928985718446223 5.1363599932881634 140 124 105 0.86539430833286968 5 1073 14 4253 9 1062
2224 11.711992047467991 -3.7287775918703767 13.510331181634827 170 169 165 0.70311287085704655 8 5064 14 4266 2 745 1 6249 4 4882 11 8697 7 6551
2225 4.244595504830551 -1.1866059848503494 3.2471500092936956 67 54 45 0.040768144581187986 8 1263 14 4274
2226 4.1873796682462618 -1.1688595824667953 3.3087204699016541 71 60 54 1.287693527849207 3 6059 8 1270 14 4280
2227 4.156977197403716 -1.159061733589307 3.3540394587003681 89 80 73 1.4252566335311492 3 6068 8 1277 14 4282 6 6311
2228 11.52137351166726 -3.6461270419470715 14.117536188260495 83 78 79 1.5157873557843586 5 6618 14 4287 6 8996 2 3938 1 9255 7 9359
2229 4.1329616392576272 -1.1501999379411922 3.3903043203231289 86 73 65 0.92329437281798832 3 6071 14 4289 6 6315
2230 4.1002992956822375 -1.1404275123138032 3.429752854334803 88 78 69 1.0870955421174346 3 6082 8 1295 14 4294 6 6321
2231 11.574519505758882 -3.5877969869007811 14.041474713448183 72 62 60 1.2260527862285218 5 6623 14 4301 2 3945 1 9265 4 4906 7 8235
2232 4.1562197342740461 -1.1399582689593801 3.3728146228317368 151 144 136 0.59317582668209934 3 6078 14 4305 6 1507
2233 3.9478142464570656 -1.1179889003867665 3.7046121360608018 178 157 140 1.2473716429847757 5 4350 14 4311 6 6332
2234 11.577389377964202 -3.5530145026917777 14.208802056665661 103 94 89 0.85722287613843362 5 6631 14 4315 1 9269 4 4917 7 8239
2235 11.485314555243896 -3.5091645352489427 14.269759489071477 70 65 62 1.2120911210547243 5 6636 14 4330 6 5881 1 6295 4 4922
2236 3.4076771557655885 -1.203108224893541 6.3526345483647688 132 125 119 1.3181287279692029 3 6202 8 5493 14 4341 6 6285 2 1212 1 2205 10 7834 11 10433
2237 3.9407731909033838 -1.0869588634678773 3.6667791045669085 98 85 76 0.5602865247895733 3 6108 14 4345 6 6361
2238 11.538078424340831 -3.3345057065700838 14.364423615362888 145 142 137 1.5014501237402538 5 4243 14 4388 6 9062 2 869 1 6361 4 4946 7 6602
2239 11.593278001267935 -3.3044191173354025 13.816011150905593 148 138 131 1.0378315246347058 5 6660 14 4389 2 876 1 6364 4 4948 11 10614 7 8257
2240 4.0554437284045664 -1.0482942672134172 3.5244114248049772 124 110 101 2.0321031113915886 5 4396 14 4399 6 1600
2241 11.465202618777164 -3.1754389056809504 14.31872961381316 152 143 136 1.0889414887060216 5 4271 14 4423 6 9080 4 4968
2242 1.9929252760073703 -0.73927267861388823 5.8801162462086749 140 130 118 0.88604868199840259 5 4616 14 4453 2 1363 1 2468 4 1694
2243 4.0751914813787966 -0.93963359229327903 3.3538498075655228 89 77 65 1.0198891342159662 3 3872 14 4479 6 1732
2244 3.9925878243525741 -0.93194546946591184 3.5973887659048129 120 95 75 2.1565160915397588 5 4514 14 4484 6 1731 1 2601
2245 4.1195706430423975 -0.93467621297600922 3.2861696435081322 87 74 65 0.99167627613542164 3 6139 8 1533 14 4487
2246 4.1153707293828932 -0.91978733748782782 3.2964743006451296 161 149 137 0.83052212459669905 3 6146 8 1541 14 4497
2247 11.626539992242074 -2.7101625284571194 13.707560456403122 162 152 143 1.1509483320303455 5 4355 14 4514 6 9184 2 1042 1 6492 4 5042 7 8284
2248 2.4881358566252127 -0.71267763306386589 5.9793085445084007 146 126 101 0.92828495410838985 5 4636 14 4519 6 6484
2249 -0.33563252763670021 -0.11072713469777361 4.5229280191324461 89 75 64 0.75306445706726155 3 1582 14 4537 9 1870
2250 11.587669991739181 -2.5561573637963835 14.104376238154197 153 147 140 1.4927607914344136 5 6759 14 4538 6 9222 2 4122 1 9446 7 8301
2251 0.57762503055856196 -0.28567156606385191 4.9337093697856345 125 113 97 0.19483907293134317 5 1494 14 4539 6 2226
2252 1.1692681803290661 -0.39495117809899805 5.0903282487790369 87 70 44 0.97507506453735715 5 1416 14 4541 10 8846
2253 -0.10646134261193602 -0.13483540074842265 4.5803039233935046 82 66 51 0.31012182681462908 5 1635 14 4555 6 2416
2254 0.82607354339746886 -0.31035092449075963 5.0298971157001118 106 87 70 0.62519288362908887 5 4835 14 4557 6 2203 8 1906
2255 11.619005325353246 -2.3890326159502284 13.640126916748432 74 63 57 1.457845944408616 5 4434 14 4565 2 1129 1 6575 7 8316
2256 11.619005325353246 -2.3890326159502284 13.640126916748432 74 63 57 1.457845944408616 5 4435 14 4566 2 1130 1 6576 7 8317
2257 3.8506412883835441 -0.76261776826216254 3.7560031201198769 157 133 109 1.8251027640223791 5 4605 14 4567 6 6558
2258 0.027380888422115945 -0.12798136258777937 4.6166730647765952 60 47 38 0.60189744998051442 8 2127 14 4575 6 2428
2259 11.488682539931654 -2.277000314095325 13.9656226601486 104 95 90 1.3363982103128649 5 4479 14 4582 2 1156
2260 11.59105325202925 -2.2909423632127059 14.086154001121674 104 95 90 1.6528883585734948 5 4480 14 4583 2 1157 7 8326
2261 0.2622170727716488 -0.15669510318915841 4.7434299822526098 110 91 77 0.71027199086570791 3 1499 14 4587 9 1748
2262 1.2759348342941785 -0.30485955019444022 5.0498877516874696 74 56 32 1.3393126675131226 8 1930 14 4608 11 13187
2263 0.21872811964957101 -0.099378359980169903 4.7364361528801862 66 53 37 0.20839469057845039 5 1679 14 4624 6 2468
2264 1.7865612928171068 -0.2627587116149076 5.2706250915868855 136 118 98 1.8085208803576112 3 6501 14 4671 10 8930 9 6657 11 12628
2265 1.8579989447891898 -0.19023775057615105 5.2429269689853379 97 85 70 0.53855509212135744 5 1637 14 4710 6 2407 10 7960
2266 2.7181226403474779 -0.30062960367639446 5.6905657050646843 129 112 94 1.477629726384267 5 4891 14 4713 6 6769 1 2856 4 2063 10 8968
2267 0.32538641464427914 0.038134367438193373 4.7334894972490194 89 71 57 0.49577887366951323 3 1732 14 4719 6 2651
2268 2.0886349108833331 -0.19048094012909672 5.3757898933594408 161 141 122 0.89783115925075097 8 6105 14 4721 6 9742 3 7820 2 1764 10 8953
2269 1.3933906117655686 -0.072569736785609601 4.8852246178768421 126 110 94 0.76762514648388114 5 1739 14 4737 6 2561 10 7952
2270 1.3933906117655686 -0.072569736785609601 4.8852246178768421 126 110 94 0.76762514648388114 5 1740 14 4738 6 2562 10 7953
2271 1.3667799162952476 -0.0011262374517879356 4.884033856128978 173 153 126 0.51114202951827648 3 1694 14 4777 6 2642 5 1823
2272 5.4157009398235116 -0.1113910855894297 8.3645232932718638 144 116 92 1.8249221725771614 5 4997 10 6809
2273 5.4812617112940831 -0.11330377450831848 8.3003580827674011 159 129 103 1.6211831297425296 5 1700 14 4864 6 6859 1 2925 10 6813 7 8358
2274 2.4276283413366073 0.068537402520693638 5.4006855718319153 166 152 135 0.82763653948762606 3 6652 14 4880 2 1883 9 8027
2275 5.7455282630917823 -0.12544756373323743 8.2353958637370894 173 148 124 1.0755036103193889 5 4999 14 4881 6 6864 1 2936 4 2103 7 9424
2276 5.9594578469777284 -0.15079057809912874 8.2385293470442207 90 71 57 1.0801224127735622 5 4988 14 4884 6 6855 1 7142
2277 6.0634527830429148 -0.13564749653462921 8.2767872415112453 93 74 60 0.76556999203685694 5 5000 14 4890 6 6869 2 1778 1 2938 4 2112
2278 5.5154194444253326 -0.053389408330462386 8.3036013940118654 156 126 100 1.7083831455563023 5 5017 2 1790 4 2136 10 8138 6 9768 7 10108
2279 5.6676898204371069 -0.062939180780127016 8.2502316633255894 151 121 93 0.76050372721376414 5 7134 14 4922 2 1792 1 7159 4 2142 7 10112
2280 3.9097570886096866 -0.17907000585178409 3.4703968794040829 128 108 97 0.81603093343688382 14 4932 6 2738
2281 2.3492063980311961 0.12593685140553321 5.4245683877056114 111 94 78 1.5027544010574656 8 6271 14 4942 10 9044
2282 1.3637830531418429 0.2124021704657896 4.8400593335525137 173 159 133 0.85827636115118 8 2462 14 4969 10 9018
2283 2.3759019355394639 0.16349000307930628 5.4151380085815655 108 89 74 1.5227398325025681 5 5111 14 4981 6 7059 1 3174 4 2392 10 9054 11 11894
2284 3.7979516630715127 -0.10800701142651974 3.6461458367096746 155 151 148 0.17139453251721262 14 4993 6 2785
2285 0.70586774331556823 0.30460052771362778 4.8381465698197132 117 92 70 1.0784025936493109 3 1949 14 4999 1 3286
2286 2.4780367678225264 0.21724826165659103 5.4278788067990442 130 111 94 1.5583389969011392 5 5132 14 5051 6 7089 1 3212 4 2423 10 9072 11 12770
2287 -0.070085008016856604 0.40738190763624726 4.407001040091914 35 25 15 0.64551743082078028 5 2325 14 5083 6 3149
2288 1.3395884877513835 0.34782958449686774 4.7170002430411486 54 40 27 0.43270509177176314 5 2234 14 5118 6 3043
2289 3.9262818548731433 -0.017606166160988868 3.3043871156777307 139 126 117 1.6855042467183881 5 2049 14 5122
2290 -0.52039018513558655 0.48426888834980264 4.3526139986635553 78 64 51 0.99874776742462479 14 5125 9 2488
2291 0.76545174451675657 0.42185642966576486 4.8315218524575361 173 160 142 0.99939552389219488 5 2282 14 5133 10 9062
2292 0.23122903605574091 0.45444827825560086 4.5593759169333596 147 119 95 1.0596231817484179 5 2365 14 5145 6 3188 9 2403 13 6959
2293 5.3735652358879289 0.57597662967395602 7.942872534157531 140 122 108 1.3993058045256432 5 5204 14 5226 6 7155 1 7374 4 2470 10 8214 7 9505
2294 0.46684814713490613 0.59296492734099759 4.659310396602006 164 145 128 1.1522012880302874 3 2286 14 5273 9 2527 13 5133
2295 0.22065291797260694 0.60424158239771009 4.5492663724540758 128 101 83 1.1567031160807146 3 2314 14 5279 13 5167
2296 2.7351546567002267 0.5590352543696544 5.3877316106519135 156 133 109 1.0549211928676816 5 2396 14 5288 1 3535 10 8199 11 12832
2297 6.3566717311904508 0.69133717520457361 8.1802664893884298 173 160 143 1.4566655473797148 5 7306 14 5294 6 9991 2 2077 1 7429 7 10198
2298 5.322334905653376 0.75235668007267287 7.6682682868141434 57 50 44 1.0934224614401418 5 5289 14 5310 6 7270 1 3441 7 9531
2299 5.4267389236701487 0.74508125302308637 7.6424908840890415 59 54 46 1.2480075742181513 5 5290 14 5311 6 7271 2 2131 1 7476 4 2597 7 10191
2300 0.61126509140818763 0.64961377635511874 4.7086554345039513 138 107 87 1.5698807536556387 3 5168 14 5315 9 5338 13 7019
2301 2.1351451509948056 0.68547275475840985 5.512817760161294 47 37 27 0.7645629935750603 5 2494 14 5325 8 2862 6 7398
2302 2.1372814426442255 0.68630862675161086 5.5158930800843997 47 37 27 0.65730899129574127 5 2495 14 5326 6 7399
2303 2.3978295765111302 0.71834740520421492 5.4871816614759865 104 86 71 0.85140338949428662 5 5435 14 5349 6 7428 4 2772 10 9162
2304 2.6839691818388771 0.73182987420094003 5.3951616587388651 163 133 99 1.148757510139913 8 2944 14 5371 11 12042
2305 2.406445298347093 0.77388032172395216 5.480686214889098 109 87 69 1.5581942367224653 8 6652 14 5377 6 7460 1 3706
2306 0.17918290605153669 0.74794002196716536 4.49734300119158 161 140 123 0.94038624004230376 5 2662 14 5397 6 3574 13 7101
2307 2.55204043322796 0.81067963238282326 5.4168388980549738 61 45 31 0.95498064390727722 8 3008 14 5411 6 3478 1 3753
2309 2.5194920245668349 0.85551665359709228 5.4069844762021813 135 117 103 0.76808298970025979 5 2627 14 5441 6 7523 1 3792 10 9185 11 12877
2310 0.58929163984198785 0.81990786030615204 4.6593413034254123 179 158 137 0.81821527988281728 3 2538 14 5453 9 2732 13 7102
2311 0.57021623443619851 0.83090077520097372 4.6488857846018128 149 127 104 1.294629207322858 3 5282 14 5468 9 5464 13 8267
2312 2.3126828918197782 0.90471943698847801 5.4464642050600247 103 83 72 0.36947711305996983 5 2654 14 5471 6 3562 10 8268
2313 1.1891219380483109 0.83610668185131765 4.7933799440304297 53 36 18 0.58136535393173761 5 2701 8 3125 14 5474 6 3623 1 3888 11 13701
2314 5.3560639679346194 1.1661195051845981 7.5058871507736713 121 100 81 1.1346538131758017 5 5510 14 5478 6 7497 1 7672 7 10243
2315 2.443631482331003 0.91181038818886695 5.3938643625142637 21 14 6 0.86857459768330314 5 2668 14 5488 8 3078 6 3586 1 3839 10 8274 11 12888
2316 2.3232970578226597 0.92833723685864733 5.4409408943885671 20 13 5 0.86344224757182764 5 2674 14 5489 6 3589 1 3846 10 8275 11 12887
2317 6.1878344884252217 1.2447710638090315 8.0178275720388417 85 69 53 1.4441176588647835 5 5511 14 5490 6 7498 2 2332 4 2821 7 9613
2318 2.3610453827539848 0.9391545274067572 5.462608816817097 27 18 10 0.74478920023002049 5 2679 14 5493 6 3597 10 8278
2319 1.1937722322058972 0.8644214340119647 4.7979870239088322 73 56 36 1.184129980767642 5 2724 14 5501 10 9188 11 13386
2320 1.1937722322058972 0.8644214340119647 4.7979870239088322 73 56 36 1.184129980767642 5 2723 14 5502 10 9189 11 13387
2321 2.7209513153357645 0.92433695949868566 5.3331185224057105 129 106 90 0.85500436519736489 5 2689 14 5516 6 3617 1 3873 10 9197 11 12893
2322 5.2935501009683144 1.3328632434628986 7.4793251952042628 157 138 121 0.84839307587690149 5 5588 14 5544 7 9628
2323 0.56253930347607239 0.91474515925816746 4.6253510200626149 173 152 133 1.3571563267724007 3 2638 8 3288 14 5545 6 3768 9 2824 13 8294
2324 5.3935996340281234 1.3319866264884463 7.4515246050184132 129 108 89 1.9805753673481796 5 5589 14 5548 6 7584 2 2408 4 2917 7 9629
2325 0.54865187505444601 0.92699179407263765 4.6170604522154957 155 133 110 1.1114608056832869 3 5335 14 5564 9 5531 13 8300
2326 2.4216099093289483 1.0363795881960938 5.407893014716838 50 38 26 1.2865700511021494 8 3227 14 5565 6 3718 1 3960 11 12906
2327 0.0079289279022579651 0.90054408107567963 4.3596099291857966 135 109 84 0.72726796196605392 3 2670 14 5573 9 2860 13 5419
2328 0.27267734812969507 0.92215376057559628 4.4993488155949519 159 148 132 0.61747554180262842 3 2665 14 5574 6 3815 9 7228 14 7473
2329 0.39399341562701989 0.96821541060688798 4.6152735291852709 19 19 19 0.97537230543328823 3 2691 8 3362 14 5600 6 3841
2330 0.0002041577746275669 0.92410873056115694 4.3524084701710564 124 97 76 0.75163477809948276 3 2701 14 5605 9 2886
2331 0.42171782608583458 0.98645000517873715 4.5853180539412461 30 27 22 0.84087059456336666 8 3401 14 5626 2 2567 1 4079
2332 2.512349414550946 1.1100291469869643 5.3334750732817851 113 99 86 1.0697951860702561 5 5688 8 6871 14 5627 6 7719
2333 1.3066818075584139 0.99586219173856538 4.6733365366671364 54 45 36 1.245200335189554 8 3375 14 5628 5 2857 6 3866 11 13437
2334 2.4140947636939631 1.1329718874012185 5.3715807605832904 30 21 12 1.1852604056076415 5 2836 8 3353 14 5639 6 7727 10 8338
2335 0.48887158847151529 1.0166432521596842 4.5685974079060019 155 133 112 1.3006836990584207 3 2762 14 5661 6 3923 9 2940 13 7218
2336 6.0076119464548663 1.6300082552199731 7.7876882115569845 108 89 72 1.8412434822691555 5 5686 14 5663 6 10253 4 6313 7 10287
2337 0.23572617542880975 1.0108201266788803 4.4613062813157613 143 128 112 0.56611117553457191 3 2783 14 5671 9 2958
2338 2.2834814151634366 1.2188739083413784 5.4249744519441894 92 78 67 1.8757856036254199 5 2902 8 3440 14 5688 6 7769 10 8353 3 5404 11 12186
2339 0.54963177498219062 1.1243482866201204 4.5703848407187548 182 163 144 1.8936681059939129 5 3027 14 5750 13 7269
2340 0.54924712262081554 1.1247605054172827 4.570032657889179 182 163 144 1.8428324592276659 5 3028 14 5751 9 5641 13 7270
2341 2.7625672241949215 1.2676604910920979 5.1620611019606546 124 95 65 1.9156058909424425 5 5809 10 9268 11 12967
2342 3.8841903459540852 0.83315434908699904 3.3019881210129873 157 152 146 1.870474645959058 5 5819 14 5774
2343 1.3112103535216464 1.1691945765372014 4.7018752127149401 172 148 120 1.8190689915179441 8 3559 10 9884 5 5825
2344 1.2724127844821278 1.1390918169023725 4.5741671696866968 172 148 120 1.9607774374673099 8 3558 5 5826 6 4080 11 13478 14 5783
2345 0.55589600408983952 1.165291127915203 4.5618990619897302 163 143 126 0.57224448851192777 5 3070 14 5806 9 3066
2346 0.52216969414310421 1.1665797233965991 4.5440000248567944 173 154 137 1.3671793778242554 5 3077 14 5811 9 3074
2347 0.52216969414310421 1.1665797233965991 4.5440000248567944 173 154 137 1.3671793778242554 5 3078 14 5812 9 3075
2348 0.3374253330998645 1.1848483911902932 4.4673726789688297 160 145 127 0.21963631579607923 3 2921 14 5842
2349 0.53499919627680748 1.2105827985548292 4.547093917452103 155 138 118 0.13201803864194767 5 3125 14 5845
2350 0.39842253261227129 1.2101698470896936 4.4830204957160165 148 129 114 0.92863347374672167 8 3671 14 5869 6 4204 9 5687
2351 1.3784566370972742 1.3489468604994515 3.9370888333619476 71 66 60 1.7508225013189829 5 3405 14 6097 9 3475
2352 0.66238641879511229 -1.8571080785015543 5.5099560799908938 148 151 160 0.6093039519972161 8 5031 14 6164 6 5759
2353 0.71641938871903532 -1.4925465112978327 5.2668098842404536 159 154 150 0.6898517687164003 5 4152 14 6226 2 812
2354 -0.40397081677787949 -0.96136258339795233 4.7398538612777283 137 126 120 1.5428162910303935 5 716 14 6253 6 1323
2355 1.6191422974792131 -1.799236492621354 5.9043944544325022 160 150 140 0.92658058794422571 8 8072 14 6262 4 4987
2356 12.704841669654801 -6.9475187843149788 15.226379095218761 121 124 133 1.9901276451133849 8 7889 14 6269 6 10933 2 3605 1 8905 4 7375
2357 -0.67788696779927593 -1.8740573213272893 9.6810755063601786 168 154 141 1.3939927315408698 8 5084 6 8999 4 4859
2358 -1.0577673059828179 -1.7798684892376775 10.340966683488764 108 91 84 1.8713770245264674 8 5121 14 6305 2 3872 4 4883
2359 0.59081453595413791 -1.2801761769885454 5.5186065769536263 125 115 105 0.81837068649682299 8 5293 14 6311 6 6062 2 4055 4 5121
2360 0.66196597043549321 -1.2470060722987295 5.342985259809419 150 141 132 1.016531410007764 8 5321 14 6316 2 981 4 1209
2361 12.654872149599067 -6.362645291599482 14.627199504950617 87 91 103 2.2610151364426403 8 9900 6 10954 2 3640 1 8963 4 7397 7 8163
2362 12.847503502070529 -6.4305961571047652 14.844408758234497 87 91 103 1.7236508721714461 8 9901 14 6318 6 10955 2 3641 1 8964 4 7398
2363 0.64513802633778616 -1.1939378820617208 5.3416758337984591 161 152 143 1.060251715671652 8 5350 14 6333 6 6111 2 1018 4 1255
2364 0.15792825713596959 -1.2543850179968763 6.4188915382707101 81 81 83 0.39797780456498294 8 5308 14 6335 4 1127
2365 12.787318670563696 -6.138250853597043 14.460709293352865 190 204 215 1.4295210850000335 5 6481 14 6341 11 11724 7 8168
2366 4.3756275126365205 -1.7786143172602324 3.2489097088622079 107 107 108 0.17113638117148361 8 8112 14 6345
2367 4.225002151034194 -1.7295770467355895 3.4318558867523743 101 101 103 2.3936291905913945 3 7467 8 5202 14 6366 2 934
2368 4.15761259618548 -1.708340439970425 3.525332108410276 125 123 126 1.6432341698099218 3 5978 14 6375 6 9043 2 944
2369 13.235956197703015 -5.9519974621113478 14.683872171972155 113 116 127 2.1538703031788344 14 6381 6 10997 2 3696 8 7919 1 9039 4 4641 6 8786 11 11747
2370 13.294956412288821 -5.9714141823694886 14.745918045721766 113 116 127 2.1349539948499978 14 6382 6 10998 2 3697 8 7920 1 9040 4 4642
2371 0.29663003952028982 -0.917618200245785 4.9772501996430698 161 145 132 1.9177580565174959 8 8309 14 6392 6 9298
2372 4.0472858403649941 -1.6095426110825757 3.6787230325187483 148 144 145 1.808803095305467 3 7484 8 8165 14 6409 6 9082 2 1010 4 1282
2373 2.6186777817904345 -1.6269803820419331 6.2100478266456989 136 131 127 1.5881994873095642 5 6635 14 6424 6 9102 2 920 4 1087
2374 4.1188030333568548 -1.5635472375085553 3.6322295704213352 65 79 92 2.3781256226786134 5 8231 14 6439 2 1038
2375 0.80026879161878606 -0.9522074942929899 5.169820467028277 41 36 33 0.77572236071677181 5 852 14 6463 1 2198 9 4119
2376 12.302522495889924 -4.6899942543174351 13.214501085224693 147 148 150 1.5390364708718087 8 9950 14 6484 6 12467 2 6050 1 11104 4 7502 11 11786 7 9335
2377 12.618323890607897 -4.7076163253573187 13.15859950438203 156 157 161 2.2935969361104371 8 11280 14 6492 2 7375 1 11110
2378 -0.8111203644992786 -0.40651397311594373 4.6177408249719019 162 152 140 0.67702477438343223 8 1706 14 6505 6 1965 5 1242 1 2613
2379 13.015474981590474 -4.7048654170732176 13.254801337191473 154 153 158 1.829945475401987 8 11285 14 6510 6 12473 1 11118 4 9247
2380 -0.66182924909849739 -0.43037950192960406 4.5918934277721739 31 26 22 0.9576094495715507 3 1082 14 6512 6 1946
2381 -0.72349007892116191 -0.41127862308086693 4.5953585595469848 152 148 136 1.099157229655976 3 1112 14 6518 6 1967
2382 -0.79654454971806399 -0.37310519427237143 4.5955332651722198 182 170 154 0.54701604012712191 8 1762 14 6531 6 2021
2383 0.70430296073284593 -0.73966281568602965 5.1108316004481926 152 131 120 0.91667626000145974 5 4562 14 6549 1 6807 4 1664
2384 2.3498224259380014 -1.1849552087536988 6.0673424558483466 79 70 61 1.2013087108175966 5 4400 14 6556 6 6235 2 1168 1 6654 4 1364
2385 12.426824249605028 -4.1609490494023289 13.139569598574463 94 88 90 1.6732844587947122 8 7985 14 6557 2 6099 1 9202 4 7544 7 9349
2386 -1.1247237260175558 -0.2414889739927828 4.6338619680791844 107 98 88 0.6492806442042004 8 1899 14 6575 6 2182
2387 11.45071711627741 -3.8578838022304573 14.461701425457409 124 120 115 1.6377788350080622 5 8255 14 6592 1 11172 2 6125 4 7559
2388 -0.12431385345950136 -0.41603743684474548 4.6504432223438634 42 37 31 0.84395635828240578 5 4710 14 6597 6 6619 2 1500
2389 11.562303659957768 -3.7233326674299909 14.263250978711792 150 141 136 1.1970382318550306 5 8259 14 6610 6 11149 1 11193 4 7567 7 9357
2390 -0.72412073561051415 -0.24723701487535971 4.5608947088286405 108 99 90 1.2262944741325359 5 1475 14 6623 6 6726 5 4833
2391 4.0228094922937814 -1.1344657730937198 3.5968795957665916 111 97 88 1.2481119335456778 5 6721 14 6627 6 9331 4 5395
2392 -0.85030997124830532 -0.18625136465054765 4.5341347469803575 176 159 141 0.33484815279489172 3 1466 14 6651 6 2296
2393 3.9032360910808581 -1.0723854698181088 3.7149200754441516 114 101 92 1.2892078890954324 5 4385 14 6654 1 2462
2394 11.574075051252693 -3.361263323528827 13.806500609253535 138 128 118 1.1078650164241213 5 6646 14 6658 2 3984 1 9301 4 4942 7 8253
2395 -0.85235509647628782 -0.16973854330956273 4.5331504234234581 105 88 68 1.0452522774292721 3 4646 14 6664 1 2844
2396 -0.78361689651034205 -0.15356848906944659 4.5258082168366611 37 30 20 1.000439215610422 8 2048 14 6687 6 2345
2397 -0.72621712763977153 -0.15338546484249158 4.528299337496942 76 66 56 0.51120825424907312 5 1587 14 6694 6 2348
2398 1.3352453248628564 -0.58220261511065241 5.0730792218979905 114 107 97 1.336200613607567 5 1166 14 6700 6 6537 2 1467 10 8785 11 13159
2399 -0.27182417540664439 -0.20447993599191139 4.5463197968256743 138 128 118 1.0956579590129056 3 1438 14 6722 9 4747
2401 0.46513441998132526 -0.35175513285814441 4.899984987729356 86 74 65 0.63054168202955774 8 5922 14 6727 6 6672 2 1568 1 2745 4 1974
2402 0.80820515249824365 -0.40576963426516111 5.0182709129681538 145 127 107 1.861286111099532 14 6734 10 9549
2403 -0.86767674496057423 -0.038866234486661912 4.5222913906610511 142 125 107 0.74639314195473361 5 1709 14 6760 6 2507
2404 1.2812097941750176 -0.43685057986431119 5.0600097326735893 170 153 127 1.3822045131668339 8 5881 14 6769 4 1935 10 9563
2405 11.568070376281771 -2.5352688173952234 14.254980983711167 161 152 143 1.3526244402086627 5 6762 14 6778 2 4128 1 9451 4 7721 7 9388
2406 11.535526579293972 -2.2060147633414555 14.00605065844953 152 140 128 1.1287095098737518 5 6808 14 6826 6 11276 2 4181 1 9492 4 7768
2407 0.42033386365465114 -0.10974563184580678 4.7969401163560148 152 135 119 0.73563848516738439 3 6587 14 6850 6 6880 1 2961 4 2215
2408 -0.46296484628022827 0.11712648732000258 4.4567476860591198 130 109 88 0.29047224151489015 8 2342 14 6883 1 3127
2409 -0.46296484628022827 0.11712648732000258 4.4567476860591198 130 109 88 0.29047224151489015 8 2343 14 6884 1 3128
2410 0.76096632211268367 -0.045070881635591989 4.9343413783275807 123 101 88 0.69049105562438917 5 5023 14 6888 6 6921
2411 0.074069071015560872 0.23235392960479836 4.6169856723633318 22 18 15 1.6283690360894685 8 2474 14 6979 6 7109
2412 2.1708652982244305 0.055952642191427718 5.4149611005500269 96 80 67 1.5060488474387548 5 7172 14 6992 2 1869 1 7249 10 9661
2413 -0.87598390396659997 0.40105793053425187 4.3655030819959579 131 115 92 0.50540852255744717 5 2297 14 7030 6 3122
2414 2.14332230454893 0.22835351202646856 5.4811681032291615 70 56 47 0.98903906702374178 5 5136 14 7049 6 2852 2 1944 1 7321 10 9068 11 13301
2415 0.6486467757022798 0.34131865641122705 4.881897041453132 86 75 69 0.38006075580000198 5 2188 14 7055 1 3324
2416 -0.95834739286543824 0.46424024526226615 4.411294916407499 119 106 90 0.53567594922171546 5 2384 14 7058 6 3198
2417 -0.55160808266465156 0.43009749465568758 4.3729330451209938 103 91 79 0.58091642934712828 5 2356 14 7063 1 3486
2418 -0.55160808266465156 0.43009749465568758 4.3729330451209938 103 91 79 0.58091642934712828 5 2357 14 7064 1 3487
2419 -0.89430529430876793 0.48080394039632801 4.3691448045658436 33 25 14 0.27620033006171357 8 2799 14 7093 6 7346
2420 -0.89433586439548152 0.48068307783130715 4.3686381310511404 33 25 14 0.27128226816103984 8 2800 14 7094 6 7347 1 3531
2421 3.9254824032023157 -0.050220115047627731 3.3093758690552546 113 99 86 1.5793648758000089 5 7204 14 7101
2422 1.2251242965971183 0.3813648983812219 4.8333822965005862 60 46 33 0.99956434963188145 5 2248 14 7126 6 3058 2 2096
2423 -0.57776398394129236 0.50794693110399747 4.351321393817341 102 89 73 1.0492709805624914 3 2246 14 7135 9 2523
2424 1.1019553592578974 0.43084668927647218 4.9120484312710868 143 122 93 1.3851305313382429 8 6473 14 7141 10 9703 11 13652
2425 -0.25621904702971604 0.49597703353715372 4.3817525200241301 118 102 87 1.1092078778067409 3 5098 14 7146 9 7081
2426 -0.07775294081296294 0.49555750191568071 4.4298799062328635 53 39 26 0.67022074306673929 5 2435 14 7157 6 3263
2427 1.3920362595622844 0.41444329576182304 4.7443806297401565 122 101 74 1.531693376809723 8 6481 14 7163 6 7273 1 3469 10 10146 3 6810 11 13657
2428 2.40701171419779 0.41084746909841197 5.4559651505205577 107 88 74 1.4873302214602502 5 7297 14 7168 6 9984 1 7440 4 5981 10 9729
2429 2.3362063526529102 0.43712767517334383 5.5116059312750529 34 17 7 0.95234827548147438 8 6447 14 7176 6 7225 2 2087 1 7445 4 2567 10 9734 11 13335
2430 0.30773887983981069 0.51712654109437062 4.6082646324644321 143 127 112 0.8280439519310494 5 5363 14 7185 6 7370 1 3577 13 8990
2431 5.3367093066781583 0.47963208651822997 7.7616027245737911 154 137 119 1.0772836622962583 5 7255 14 7190 2 1985 1 3237
2432 5.332836046368957 0.47960191241858141 7.7577262039241628 154 137 119 1.1165742310452531 5 7256 14 7191 2 1986 1 3238 4 5868
2433 -0.66958773592485632 0.57657312832169805 4.3349140128629395 73 60 44 0.40480479157290966 3 2325 8 2946 14 7199
2434 -0.20826287649179534 0.55027028847400106 4.38314006290239 102 86 70 1.0506719991190125 3 2288 14 7202 1 3638
2435 4.0886033117724869 0.085622564223974518 3.1037872349219477 149 134 115 1.4215981319282951 3 7905 14 7211 1 7533
2436 0.71064956761472553 0.55466332202448965 4.7263771964845214 150 131 116 0.75453613056376878 8 2849 14 7226 6 7385 1 3606
2437 -1.0652734207971213 0.6457082433376895 4.4308617184192478 87 71 55 0.29105197729794113 5 2572 14 7229 6 3448
2438 5.3317125015854971 0.5974610055788826 7.7362266338554164 144 125 108 0.85608828905952394 5 7291 14 7231 6 9967 3 6763 1 10022 4 5922
2439 0.40616409709963303 0.57258542982768912 4.6371781458254349 114 97 81 0.57736039010041762 3 6876 14 7232 6 7403 2 2261
2440 2.4329778949893375 0.60544935310749848 5.4904838934116666 95 81 70 0.91756630023610963 5 7369 14 7253 2 4888 1 7568 4 6081 10 9778 11 13366
2441 2.5618948550835863 0.5900365371359092 5.4465100414961771 100 82 68 0.99436816985042764 8 6537 14 7254 6 10047 2 2198 1 3565 3 5046 10 9777 11 12835
2442 2.7295353970516856 0.60915328386938938 5.4094207005981492 159 129 95 1.0522381292725207 5 5374 14 7275 6 10059 11 13373
2443 -1.0605704166703156 0.71451468166325582 4.4302729728838592 142 127 106 0.69694200435102083 5 2645 14 7282 6 3534
2444 -0.72864893074536718 0.70219460989741789 4.3152065412663507 151 131 112 0.70074798843501018 3 2482 8 3072 14 7298
2445 0.58293758288052455 0.68661009920079807 4.6882608559316132 160 129 108 0.54485085098344344 8 6668 14 7300 1 3739 13 9009
2446 0.58293758288052455 0.68661009920079807 4.6882608559316132 160 129 108 0.54485085098344344 8 6669 14 7301 1 3740 13 9010
2447 2.4240356750519338 0.70814626547182857 5.4828468758897442 84 67 57 0.95132701108568885 5 5426 14 7304 6 7422 2 2275 1 7618 10 9160 11 12844
2448 5.3085614845042803 0.86656698098508278 7.5991789160970713 45 33 25 1.1289848502181496 5 7372 14 7305 6 10043 1 7539 7 10203
2449 0.83462579123738956 0.70422511083900585 4.7790872443422794 188 170 150 1.0374703918864763 3 6922 10 10189 9 7118 13 9001
2450 5.3613372451423622 0.90034239949260275 7.5883331587051037 128 109 92 1.2093565042515784 5 7392 14 7317 6 7371 1 7571 7 10205
2451 2.5242147608004477 0.73464494007642245 5.4399765157043758 107 88 73 0.69389347637146603 14 7322 10 9801 11 12849
2452 0.18376840609973555 0.71932879342465028 4.5058238150595891 157 136 117 1.9742472194380771 3 2461 14 7328 9 2680 13 7097
2453 -1.0509577141076754 0.764059896756073 4.3930152027100373 154 138 115 0.83514890407990661 8 3132 14 7333 6 3609
2454 0.29282518249252415 0.74062307361769009 4.5496192200970968 21 16 13 0.66549818368866576 8 3068 14 7341 6 3548 9 5408
2455 0.51449753228196804 0.74964330019140435 4.6430046676065766 161 143 121 0.60878052111835945 5 5546 14 7342 6 7535 13 8253
2456 1.1021658925963056 0.76838308454761273 4.8602273548369501 51 33 19 1.3911063230990355 8 6703 14 7351 5 5530 1 3791 10 10197 11 13960
2457 -0.33309965180186263 0.77831569779579135 4.3616203465956858 126 105 88 0.54596742425879119 5 5606 14 7367 9 2751 3 2555
2458 0.74867910525936354 0.80187766739382182 4.7101973779990267 150 133 115 1.2450510762835729 3 8042 14 7375 6 7564 1 3852
2459 0.74770589980836277 0.80271169527335884 4.7073664612462514 150 133 115 1.6815427966056178 3 8043 14 7376 6 7565 1 3853 9 8233
2460 1.095801697397228 0.81931935754354712 4.8393571238538158 102 81 62 1.0438032621099567 5 5571 8 6732 14 7390 1 3845 4 2905 10 9821 11 13965
2461 1.1994463609787649 0.81214341375418864 4.8090961216986834 63 46 31 1.3336482632723987 5 7496 8 9111 14 7393 6 10184 2 2399 1 7743 4 2907 10 10208 3 8033
2462 -0.96979810446641879 0.81657654483174347 4.3060878128750097 63 53 41 0.74041996700975332 8 3255 14 7405 6 3710
2463 2.2777198838825483 0.9565750357690147 5.4703496020992111 94 81 68 1.6247761717833669 8 6745 14 7434 5 2688 3 5263 6 7583 2 2415 1 3881 4 2925 10 8282
2464 0.49666649648007027 0.8818246300284015 4.6029312045037827 130 108 85 1.0652541960954278 3 6989 14 7446 6 7660 2 2477 4 3012 9 7204 13 9058
2465 2.2628318886153478 0.99741994966140568 5.4794601959434912 61 49 39 1.1524954642971486 5 5610 14 7448 8 3157 6 7605 2 2434 1 7775 10 9208
2466 6.5292176937801045 1.3527319156677644 8.0926157449561273 154 135 120 2.0688948837036003 5 7483 14 7449 4 6205 7 10255 2 5002
2467 1.102717236978396 0.91696042430684932 4.7901656546487255 159 129 94 0.86746243489643438 8 6823 14 7451 2 2476 1 7804 11 13974
2468 2.2961976415597896 1.029064963561362 5.4502859249586315 39 30 23 0.98383792475128351 5 2748 14 7459 6 7635 2 2458 1 7789 4 2989 10 9216
2469 2.7307764123308909 0.99881352949743329 5.2558617645508949 145 114 85 1.1143574945500816 5 5642 14 7465 6 7648 1 7798 10 9852 11 13434
2470 2.2966727041107711 1.0717871279261753 5.4359710759279665 30 21 13 1.3058335562570054 5 5662 14 7475 8 3260 3 2632 6 7678 2 2484 1 7811 4 3022 10 9218 11 13740
2471 2.4239439481901819 1.0956937447660735 5.3941314639485167 25 15 6 1.254803457925312 5 5680 8 6851 14 7485 6 7693 2 2512 1 7834 10 9221 11 13443
2472 2.4239439481901819 1.0956937447660735 5.3941314639485167 25 15 6 1.254803457925312 5 5681 8 6852 14 7486 6 7694 2 2513 1 7835 10 9222 11 13444
2473 0.5116483091027173 0.98102527307229825 4.5865675626777032 169 146 120 1.3935362158272517 5 5728 14 7497 6 3872 9 7246 13 8323
2474 -0.95668600784337632 0.95604502771028688 4.2851867557612398 129 112 92 1.2307067062278261 5 2937 14 7508 6 3939 1 4126
2475 1.2729923545736626 1.0173624903734231 4.6424935095083617 34 27 21 1.0811600421983019 8 3422 14 7516 6 3901 2 2576 4 3107 11 13992
2477 1.2486804611161118 1.0363617649062178 4.6762363123147894 60 56 45 1.0919098782012997 8 6923 14 7532 6 7757 2 2585 11 13996
2478 2.3073036053105955 1.1934015997731631 5.4253060281720398 18 11 4 1.4751186049158309 5 5739 8 3412 14 7538 6 10285 2 2571 1 7886 4 3102 10 9241 10 9861 11 13457
2479 1.2761763522086622 1.0587092549237449 4.6892236497692386 110 101 91 1.9114064674170386 5 5763 8 3458 14 7547 6 7778 2 2601 10 9862
2480 6.0059258708812422 1.7454614426423254 7.7438830935154641 138 117 98 2.136606437280574 14 7567 6 10290 4 6350 7 10675 2 5135
2481 1.2628490077790844 1.0963917503293097 4.6774752077407493 120 97 73 1.3643941420096799 5 5783 8 3498 14 7570 6 7823 2 2627 4 3183 11 14003
2482 1.2698457082050569 1.0804769606012552 4.5853337717649012 141 117 89 1.3515817958390057 5 5787 8 3505 14 7571 11 13765
2483 1.2642856071635584 1.1426732918119722 4.6882523545408601 142 116 89 1.290584506066484 8 6993 14 7585 10 9881 11 14005
2485 2.3782431387394576 1.396349872727306 5.3391838832329697 76 58 44 2.1192178832422526 5 5855 8 7053 14 7624 6 7907 2 2703 1 8001 11 13486
2486 0.29063594403069687 1.1587003098381612 4.4497642867900984 161 142 127 1.9363940857298292 8 3623 14 7627 6 7914 13 7314
2487 -0.32393070242378191 1.2303108017485522 4.2489050138968256 151 125 102 0.61784522877347703 5 3234 14 7733 9 3212
2488 -0.60508685575778665 -0.99673977695423099 4.7394089461169822 141 129 117 0.64014979939500949 5 6699 6 9229 2 4099 1 6550 9 4163
2489 12.877703151632289 -7.3325040932692875 15.238420667419708 110 114 125 1.814367506131124 8 11228 6 12380 2 7273 1 12290 4 9170 14 7945 15 40
2490 12.877703151632289 -7.3325040932692875 15.238420667419708 110 114 125 1.814367506131124 8 11229 6 12381 2 7274 1 12291 4 9171 14 7946 15 41
2491 -0.99188627388048056 -1.9106457905379342 10.246978758219381 92 81 78 1.9931408156817016 8 8046 14 7960 2 6079 4 7555
2492 12.388260546667537 -6.5384251265982849 14.966515132849045 103 107 118 2.0370238098911471 8 9899 6 12395 2 5931 1 11020 4 7391 7 10016 15 80
2493 -0.94718543062320149 -1.7560793264870451 9.9702217660364809 175 171 164 0.76461242320030176 8 5123 6 5911
2494 12.560448713957962 -5.8124893731004876 15.122852085747107 198 210 222 1.4445610625624974 14 8009 6 12428 2 7333 1 12342 4 9211
2495 12.359937621485692 -5.5055276527184267 14.518846961919806 66 65 71 1.7296444959710078 14 8013 6 12434 8 9922 2 6004 1 11063 4 9224 11 11751 7 10030
2496 1.8687372826776816 -1.324268940102004 5.9743863413780334 55 58 63 1.0103532077037169 5 8307 14 8028 6 11241 2 4107 4 5163 9 8606 3 7574
2497 -0.97189863503472362 -0.41911450538836648 4.6609803299009078 104 104 102 0.65576404674608468 5 4660 14 8033 4 1841
2498 2.6565960827526629 -1.4976351303717643 6.1724040459840763 106 101 97 1.246398035850262 5 8291 14 8035 1 9431 4 7765
2499 11.674190634741878 -4.5281703936813056 13.842895534626829 66 69 75 1.1817975528729443 8 11288 14 8048 6 12481 1 12389 4 10402
2500 13.123231615122966 -4.5787772271946716 13.22849094508042 133 130 137 1.3919068047030461 8 11290 14 8061 2 7390 1 12400 4 10406 11 12695 7 10049
2501 3.9215936010008994 -1.335801936765425 3.8112492990854658 109 86 70 0.96555650404765581 5 8274 14 8064 6 11258
2502 1.7592513503905667 -1.0904788445852445 5.8494520003445034 132 119 104 1.8953508306251539 5 6764 14 8066 6 9287 2 4180 1 6663 4 5231 10 9520
2503 -0.65776576629801453 -0.39095272916352597 4.5912044079663374 74 70 59 1.1921800838573156 8 5847 14 8068 6 6613 1 6958 4 1892
2504 4.0966957529933943 -1.3229848364173042 3.5129264493346617 30 30 42 1.8845880024080328 5 8270 6 9246 4 1545
2505 3.9932752205619941 -1.3206278064967918 3.6863136863803589 48 33 28 1.0791557790625403 5 8276 14 8071 6 11265
2506 0.95203310474503078 -0.76878938332391522 5.1824337697175116 146 130 114 0.54691724922198104 5 6837 14 8091 2 4278 1 9612 4 5364
2507 11.952960699969662 -3.9440659633203845 13.397401610207204 146 141 137 1.084960012920515 8 11314 14 8100 6 12502 2 7417 1 11166 4 9280 11 12705 7 10053
2508 4.1201872890802838 -1.2163173207961409 3.4605059224388719 122 106 92 1.1513334462133089 3 8519 5 8300 14 8104
2509 0.67521856674111347 -0.63844681128280667 5.0745890677336831 172 156 140 0.88469419607920607 5 6880 14 8109 2 4326 1 9668 4 5442
2510 -1.0870847181050072 -0.20087656686439365 4.6154562391028184 170 158 147 1.239539923986934 3 4597 14 8116 6 6740 2 1614 1 7054 4 2042 9 4806
2511 0.95772786205457683 -0.66896842835582104 5.1663547907660075 165 146 129 0.29206315082456191 5 6875 14 8122 1 9664
2512 2.7049065659912244 -0.99134505228081027 5.9594982398269334 163 151 136 1.1741659025854896 5 6817 14 8160 6 9361 2 4261 1 6759 10 9570
2513 11.550859400205775 -3.3173701593149789 14.257211724930974 147 140 132 1.3146832633812451 5 9276 14 8163 6 12536 2 6168 1 11232 4 7619 7 10067 15 1051
2514 4.129338305309477 -1.0613545164019429 3.401390727409026 156 144 132 1.476972779766702 3 8536 8 5653 14 8164 6 9369 4 5463
2515 0.67562593851577746 -0.45262434065564328 5.0357910314408025 171 149 128 0.55508114305399558 5 4715 14 8181 6 9545 2 4437 1 9759 4 1881
2516 -0.88177730311661051 -0.1120888961385188 4.542012430093413 81 72 63 0.94408413755553411 8 6109 14 8184 6 2386 5 1628 1 7124 4 2165
2517 4.1125233108957797 -0.95948005486339483 3.2967981654353946 129 115 106 0.98991704512933765 3 7564 8 8444 14 8190
2518 -0.88333572590577392 -0.051875967156668028 4.5313165926239085 126 105 88 0.78140915962197632 8 6160 14 8216 6 6889 1 2967
2519 -0.047480094196830913 -0.15791040606713505 4.5878999634027986 165 153 142 0.82896681776177639 8 6103 14 8232 6 6837 2 1715
2520 4.162022346364842 -0.79965536253860736 3.5583224201579595 72 62 52 2.3047884227941764 5 8378 14 8250
2521 0.7018184490234789 -0.21494166129965564 4.9096920234411598 44 33 27 0.2566096430021696 8 6053 14 8256 6 6799 4 2116
2522 3.8670947872685373 -0.65732642239320704 3.7250939613014631 129 106 88 1.1822528426568581 5 8416 14 8269 1 9837 4 5643
2523 -0.9013697263047673 0.12426093377263564 4.4935443416676071 137 111 84 0.38354940503982338 8 6268 14 8284 6 7017 2 1877 1 9937 4 2358
2524 0.45732000453927807 -0.050094209648934095 4.8164800696489607 151 137 128 1.1847169735161824 3 7853 14 8294 6 9788 2 4633 1 3008 4 2249 9 9359 13 9824
2525 5.8349584611792773 -0.1088875025630259 8.2542018758189322 177 155 131 0.8030937593803682 5 9415 6 12771 2 6506 4 8103 7 10850
2526 2.1251043937524687 0.16686001547603177 5.4640044877817395 69 55 46 1.4781252439711667 14 8380 2 1918 1 7295 4 2388 10 9677 6 9883 11 13292
2527 2.2454779105269309 0.15362417015794744 5.4401872717370185 71 54 44 0.83260797040094181 8 8797 14 8381 2 4721 1 9954 4 5834
2528 -0.88833343557860234 0.41969709895801222 4.3822494627428403 22 13 6 0.7327320622214718 8 2709 14 8387 6 7277 2 2142 1 3464 4 2634
2529 5.4928149252353933 0.035759059006774216 8.2085146142962451 49 38 32 0.8685369042813571 5 8549 14 8391 2 6528 4 8123 1 9895
2530 2.3334360870742552 0.22504100681285208 5.4631364898851507 22 5 0 0.81073074469615969 8 8828 14 8406 3 6697 6 11624 2 4750 1 9983 4 5858 10 9695
2531 -0.33416941079404056 0.42306556928732308 4.3703673965718544 44 30 17 0.36798745728521126 8 2740 14 8420 1 3488
2532 -0.70147190681436422 0.47168400124815324 4.3603150309724947 102 85 69 0.81189982876645994 8 6546 14 8434 1 7538
2533 2.3058480585598948 0.30244713659424693 5.4710511903463743 70 53 43 1.4525221139581366 5 7248 14 8436 6 9936 2 4775 1 10003 10 9711 11 13672
2534 2.2788851396005696 0.31473318779581261 5.4916290458802939 85 69 56 1.1708055788967966 5 7254 14 8438 6 9939 2 1999 1 7363 4 5907 10 9714 11 13320
2535 -0.047993200507474687 0.43788198717444848 4.4509681496508202 26 17 10 0.39558611530767135 5 5306 14 8440 2 2169
2536 3.805974231998202 0.007854456650709038 3.4402791488940472 148 132 116 1.2989418691037378 3 8733 14 8446 6 11647 4 2566
2537 -1.1042080884522929 0.56859915437085873 4.4233639444966819 114 101 84 1.6932687247247891 8 6610 14 8462 1 3630
2538 -0.87517688476819466 0.55328222934148119 4.3600149303453142 129 113 97 0.60608753399016779 8 2907 14 8466 6 3343
2539 -0.053743143452986475 0.49401120369369467 4.4242799931742773 44 32 20 0.60482709115095634 5 5362 14 8469 6 7373 4 2714
2540 -1.0891673741945636 0.57764438224907588 4.4208016231979537 129 116 100 1.0776163091037301 8 2926 14 8470 2 2278 4 2758
2541 -1.0483778817487688 0.60506041980503578 4.3924997194959987 113 97 81 0.34777059573493185 5 2544 14 8490 6 7442 2 2304
2542 6.2922167201006687 0.47763972173215541 8.1979386898118403 146 129 113 1.4364200366550559 5 9466 14 8491 1 11654
2543 0.35795279878820357 0.56514894061791254 4.6271985116368244 126 107 90 1.1744399028268167 8 9008 14 8503 6 7397 2 2257 1 7610 3 5126 4 2752 9 7096
2544 -0.20203278192203417 0.60827005059720085 4.373042799603641 48 35 19 0.7375093573796343 5 5463 14 8521 2 2314 1 7644 4 2808
2545 1.3224935808615832 0.55840350246267334 4.7818915973009481 135 114 85 1.3569675199448412 5 5388 14 8522 6 10071 2 4910 4 2736 10 9743
2546 2.7563667971576664 0.54302795394645664 5.3090615547783342 153 136 116 0.69312150197806144 5 7362 14 8525 6 7332 3 5029 2 4875 1 3536 8 2759
2547 2.2102098961787591 0.62017358930129096 5.5541365936443867 71 61 51 1.7283585519568332 5 8673 8 8970 14 8527 6 11722 2 4883 1 7558 4 6071 10 10181
2548 3.8965987889293157 0.23129089686007678 3.4282941216354552 130 115 96 1.48438384131044 5 8655 14 8530 1 10114
2549 0.4470491049850856 0.66224458630815619 4.6370184367561302 114 95 78 1.4972548947259496 3 6916 14 8548 6 10128 2 2322 1 7651 4 6174 9 7115 13 9011
2550 1.139659527795132 0.6683963985946586 4.8443059899072187 172 156 131 1.1402600820694166 8 6649 14 8552 2 4947 1 7641
2551 3.7619080939365999 0.33317289373245584 3.5672239041693188 144 134 124 1.9846078629261719 3 7967 14 8561 6 10090
2552 2.6039889524141748 0.67780425513279241 5.4156941171422384 53 37 24 0.82338855716595294 5 7414 14 8564 6 10084 1 10126 10 10196
2553 2.3746106457777905 0.71975698041748781 5.5073191559421995 98 85 71 0.67808545415461663 5 8692 14 8569 6 11752 1 10131 4 6139
2554 -0.78779286573327534 0.7150732389956963 4.2769385056345151 127 106 85 0.63941553787430261 8 3096 14 8573 6 3576
2556 1.1561892239959635 0.76552346593583076 4.8429410314461299 35 25 15 0.91972845348103138 5 5531 8 6705 14 8591 2 4996 4 6209 10 10198
2557 2.3798799957943877 0.82670907173806263 5.4773079127738944 90 74 59 1.6584736347994729 8 6672 14 8592 4 6186 10 9825 11 13710
2558 1.1290108549758748 0.78505029581273644 4.8494228882361519 105 86 71 0.62298354240656961 8 6714 14 8594 5 7481 2 2374 1 7722 4 2892
2559 1.4570417269222393 0.75432906091227825 4.685431121566392 174 144 113 1.3108922615429595 5 9547 14 8597 8 10597 2 5004 1 7723 4 6216
2560 2.2999788884669083 0.85630115333824863 5.5140047354516923 115 100 93 1.1177805574236457 5 7464 8 9065 14 8599 6 10148 2 4985 1 7691 4 6196 10 9829 11 13390
2561 -1.0744074782624322 0.81554516125260645 4.4261706111286179 145 128 111 1.1218181422829179 8 3207 14 8600 6 7616 4 2970
2562 -0.65154490433986068 0.79867807753648701 4.3327281561266018 125 107 87 1.308651627724335 3 5296 8 3213 14 8611 2 2460
2564 -0.64277294458537804 0.82141099416257179 4.3367268156317866 109 91 71 1.4553319465112498 5 2766 14 8625 1 3956 3 5311 9 2808
2565 -0.6433740659666034 0.81975631107358238 4.3306101699762634 109 91 71 0.75577521289738281 3 5312 8 6826 14 8626
2566 2.5487859186473103 0.92138686279019144 5.3746046198733346 25 17 11 1.0558367905218466 8 9113 14 8635 6 11805 2 5023 10 10213
2567 5.3501654053535708 1.2482716652581891 7.4874688542379646 134 113 92 1.0697029262458728 5 8737 14 8643 1 11784 4 8381 7 10908
2568 2.4438012277040335 0.96767239036272235 5.4211618124363383 44 31 22 1.392929245587434 5 8762 14 8646 8 9136 6 11820 2 5046 1 10218 10 10217 11 13419
2569 -0.17441132824719194 0.88658395952003655 4.3591387516807822 148 127 108 1.0100084931663491 5 5687 14 8660 2 2530 1 7843 4 3045
2570 -0.24760903212276525 0.89004942357205963 4.3379971848053929 96 75 58 1.1388019902404758 8 6880 14 8664 1 7847 4 3059
2571 3.9103311227206676 0.57929056246933752 3.2830635317527976 152 143 134 2.1724776919493625 3 8056 14 8669 9 8941
2572 -0.033662471562710905 0.90633791673732544 4.3344559955020676 151 124 97 1.1371804960244443 5 7564 14 8676 2 2546 4 3072
2573 0.50368442306380734 1.0015100839473146 4.5756783493317972 128 97 72 1.5008717650366254 3 7062 14 8690 6 10284 2 2583 4 6347 1 10286 13 9084
2574 6.0481006566845421 1.5945855291542541 7.8390098868188227 31 21 11 1.048212184640539 6 11857 2 5083 4 6301 7 10656
2575 1.1029467827071811 1.0752707424146257 4.7495136840011245 139 132 116 1.4562813949560525 8 6940 14 8701 1 7912 4 3139 10 10231
2576 2.5433597248267557 1.1838793709167399 5.312895905083499 81 71 61 1.5696297384581708 5 8810 14 8702 8 9221 6 11900 2 5141 1 11861 10 10233
2577 1.2974690137602767 1.1297145564334632 4.575025794128325 125 101 77 1.0185327757625908 5 7638 8 7006 14 8728 2 2657 1 7955 4 3233
2578 -0.84855550936726054 1.0423533666897338 4.2284825175289384 118 105 88 1.2658039807946853 3 2861 14 8730 1 4229
2579 1.2969528006641549 1.1608849669517418 4.5680513420677276 139 119 95 1.2605485320087302 5 7657 8 7033 14 8740 6 10367 2 2678 1 7980 4 3268
2580 2.313547158798011 1.3586125675478677 5.360117701846975 74 64 54 1.8351359029462269 8 9288 14 8742 5 5830 6 10365 2 5202 1 10342 4 6425 11 13787
2581 -0.79880849522966302 -1.0949859004516467 4.7658312808366166 84 85 89 1.2641114079404117 8 8195 14 8915 1 9412 2 4039 4 5151 6 9159
2582 12.64765233157158 -6.8324462589995285 15.270616480720877 192 206 219 0.92719454439403215 8 12268 14 8953 6 13331 1 13206 4 10356 15 1422
2583 12.953151925382832 -6.607167550104319 14.759008506074586 133 136 147 1.8295192649681356 8 12270 6 13335 2 7308 1 12317 4 10359 11 12640 15 964
2584 1.747168305139176 -1.673919509620942 5.8646902596815957 148 141 133 1.582753156954892 5 9251 14 8959 2 7442
2585 0.26127008931029666 -1.0014634964178981 4.9672183048361278 46 41 47 0.79260289871420164 8 8285 14 8968 6 9262 4 5227
2586 13.022245008839002 -6.0066013421992972 14.528419624680566 194 207 217 2.03437078999676 8 11251 14 8976 6 12415 2 7328 1 12335 4 9204 11 12659 7 10026 15 108
2587 1.8505171907288709 -1.5169687078145484 5.9144958055730656 167 155 141 0.8778677935628435 8 11364 14 8979 6 12551 2 7473 1 12482 4 9367
2588 12.007092116637599 -5.2142923497071054 14.327937813037924 139 140 144 0.96108489934176666 5 9950 7 10031
2589 11.61440990093193 -4.7144657787691049 14.1071098422702 139 137 138 1.9516848504868503 8 11279 14 9014 6 13363 2 7368 1 12373 4 9236 7 10512
2590 12.369252532382218 -4.6301462781867624 13.095052454479934 74 77 86 1.0826265498766194 8 12290 14 9020 6 13364 2 7376 1 12382 7 10518
2591 13.26444313195039 -4.8659112632047572 13.345468521676789 161 160 165 1.3588669877888055 8 12287 14 9021 2 8341 1 13255
2592 -1.0535048884360094 -0.35595957036241344 4.6447629544343236 55 58 44 0.94832800686340113 5 4717 14 9026 6 6624
2593 12.38810761993358 -4.4206634970206817 13.107878898889215 68 71 78 1.1338377917348612 8 12298 14 9034 2 7393 1 12401 4 10407 11 12687
2594 -0.38578501275054855 -0.43006734660830626 4.6002037155333744 25 21 12 0.40692463139441337 8 5822 14 9049 2 4404 1 6946 4 1872
2595 4.0973712436107732 -1.2548724029799923 3.4788635522905982 74 61 53 0.64505039882477311 3 9194 14 9056 6 12610
2596 -1.1754319754587876 -0.19459001277389212 4.6343139449601685 150 138 123 0.70493623111113835 8 8608 14 9068 2 4522 1 7053 4 2041
2597 -1.0036774903648904 -0.20508449894033004 4.5865097684026654 149 136 127 0.3482213883277806 3 4593 14 9072 6 9642 1 7059 4 2051
2598 4.1261214409151954 -1.1181196515973293 3.4058288245921498 128 126 119 1.1931610272491631 3 9202 8 10189 14 9083 6 12632
2599 -0.89919437643663347 -0.18868024013667742 4.5705644356896631 37 28 21 0.69528368200028245 5 4869 14 9087 6 9664
2600 -0.89941575355628856 -0.18810574575449662 4.5591679190511156 37 28 21 0.9681878812269642 5 4870 14 9088 6 9665 4 5678
2601 -0.71746086962302202 -0.21332347772590551 4.5385775769287315 146 134 125 0.79224324111067546 5 7034 14 9090 6 9648 1 7070 4 2067 9 4774
2602 4.0064718694414996 -1.0770546559530576 3.5687454942381365 99 95 86 0.12003307170621628 3 8539 14 9091
2603 -1.2010891826031893 -0.090148104744303764 4.6322963872740788 168 149 132 0.55831915689144218 8 8682 14 9102 6 9730 2 4589 1 7115 4 5714
2604 -0.83373510871179057 -0.1487766355156461 4.5382537019164531 178 168 156 1.0815016141635343 8 6084 14 9106 6 9697 1 7102
2605 1.0927074292028518 -0.52703550931065346 5.1615717236537844 141 122 92 0.54866191084830584 8 8494 14 9112 6 9507
2606 3.9818625032858952 -0.95963034778242817 3.6180468073295202 146 119 100 1.6639902086444227 5 9309 14 9118 6 12652 4 7992
2607 11.620980522584636 -2.4722119794104982 13.833187040275188 160 149 138 1.4389019307454409 5 10012 14 9138 6 13447 2 8416 1 13363 4 10496 7 10540
2608 1.3165810569596663 -0.24808441441937526 4.994084872614974 165 147 125 0.66624470335040931 8 8621 14 9167 1 9867
2609 1.3165810569596663 -0.24808441441937526 4.994084872614974 165 147 125 0.66624470335040931 8 8622 14 9168 1 9866
2610 -0.076251558873193709 0.072826107867464449 4.5489919739430196 167 155 141 0.31432818870036772 8 8778 14 9184 6 9855 2 4680 4 2342
2611 -0.084565589076899123 0.20889610917890875 4.5081357814951284 158 137 118 0.25367418754496129 8 8841 14 9206 6 9916
2612 -0.53148798235785444 0.42168387706718424 4.3677866915361703 42 32 22 0.31401948514247335 5 5293 14 9233 2 2154 1 7491
2613 -1.0703237984943359 0.50308058629745067 4.4315701047356901 121 106 87 0.45175770908592167 8 8987 14 9242 4 6084
2614 5.8309656238423662 0.31307932653319204 8.0345615461000648 163 148 129 1.5355986931690409 5 10156 14 9249 6 13638 2 8584 1 12736 4 11465
2615 -1.0039460683911554 0.55281981264352908 4.3956948594086374 81 64 46 0.5414876600918721 5 7408 14 9251 6 10076 2 4922 1 7607
2616 0.60074671581195149 0.46311608193422515 4.6981507347826215 50 36 24 1.0861994142358977 8 8959 14 9253 4 6052
2617 4.0811608959974102 0.0069708532665255715 3.1466280511312812 122 106 90 0.60424230636964738 3 8736 14 9256
2618 0.18024738168552829 0.50136067444591337 4.5571932859609232 137 120 108 0.6514920137823913 5 8671 8 8979 14 9259 4 2705
2619 -1.0443464278548498 0.58439823503525001 4.3896982737767889 88 74 61 0.40157801093502782 5 7427 14 9262 4 6145
2620 -1.0063774546654074 0.61646228950979354 4.3759101967442122 81 69 55 0.94843482422353664 5 7442 14 9272 6 10117 2 4954 4 6164
2621 -0.16158904909246555 0.59861804245226768 4.3704242225960632 67 51 35 1.3539579301114149 5 7437 14 9282 4 2803 1 7640
2622 6.2262685418174168 0.69277495276389867 8.1441004951502904 58 46 34 1.5291784605549206 5 9493 14 9291 6 12869 2 7787 1 11684 7 11111
2623 2.3441830092503042 0.6179188990937885 5.517229074233132 85 71 60 1.145538085013478 8 8975 14 9296 2 4893 1 10094 4 6080 10 10184 11 13690
2624 0.012828368372441334 0.65640279398996104 4.4126981419443867 87 68 47 0.62218289820304384 5 7462 14 9307 2 4978 4 6189
2625 0.38903180728523173 0.6832826535713683 4.6033313843418489 151 138 122 1.3906663073261587 3 8010 14 9314 6 11773 8 10578 13 9564
2626 -0.33581861867827512 0.71219033148624711 4.3519993176530969 160 140 116 0.83409278532612519 8 9102 14 9321 2 5013 1 10204
2627 1.0846278421636073 0.72189079226581043 4.8493060679880404 168 147 118 1.0901210375385484 5 8715 8 9055 14 9322 1 10181 4 6188 10 10406
2628 2.6004049233684614 0.77996097536492703 5.3736635039609109 86 68 54 1.0578231352946696 3 8831 14 9326 1 11765 11 13971
2629 1.3914087748002959 0.73107135782798227 4.644048109180904 34 25 16 1.1473050145327077 5 8729 8 10591 14 9329 2 6710 1 10197 4 8386
2630 2.4571148893719572 0.87756652276530533 5.4140826605705854 85 67 55 0.70900083066295272 5 8735 8 10592 14 9340 6 12949 2 6721 1 11792 10 10415 11 13975
2632 2.7748835873078064 0.90780463937661415 5.2441516310136054 132 116 97 1.7039277889172582 8 10616 14 9353 3 8862 6 11818 1 11814 10 10417 11 13980
2633 2.331675296586881 1.0418569447963713 5.4323420694837221 125 99 76 1.2289627414085578 5 9583 8 10644 14 9367 6 12983 2 6766 1 11827 10 10421 11 13988
2634 -0.9305327219010715 0.90843458770347496 4.2852547416285365 153 135 113 0.48537475019301257 5 7579 14 9371 6 10272 2 5130
2635 2.4538723125274942 1.0820724193603162 5.3658200054358591 123 95 73 1.4942525384886847 5 8780 8 10656 14 9376 6 11860 3 8102 2 5091 1 10257 10 10222 11 13990
2636 0.56509952796956719 0.9832070583046858 4.6119664011773942 164 146 122 0.91685795720466245 3 8120 5 8796 14 9378 2 5128 4 6332
2637 1.2144157524990935 1.0175363017113288 4.7282039736454013 172 149 119 0.9844932015718123 5 8797 14 9383 6 11885 2 6796 4 8482 8 10671
2638 1.2144157524990935 1.0175363017113288 4.7282039736454013 172 149 119 0.98449320157181253 5 8798 8 10672 14 9384 6 11886 2 6797 4 8483
2639 0.29880395243179175 0.98701227486241938 4.4930895017332428 146 134 120 1.9429677714357561 3 8131 14 9386 2 5140 13 9601
2640 -0.92982088827986131 0.95730402919400104 4.2760389799100178 124 106 82 1.0590382451083131 5 5773 14 9388 6 7775 2 2610 1 7911 4 3128
2641 0.56056339649433284 1.0331881585937663 4.5965936520423503 166 146 122 1.1972174052820368 3 8137 5 8817 14 9393 6 11906 1 10294 4 6355 9 8310 13 9603
2642 -0.70821549476825441 1.0286906431338039 4.2619574668173925 143 126 106 0.75378464038346393 5 7636 8 7013 14 9412
2643 -0.38067236754152312 1.0444208645481514 4.2740059411260036 151 135 120 0.38665415678582188 8 7021 14 9416 1 7960
2644 -0.41879515147469581 1.0579403842395736 4.2549624804325701 86 60 46 1.0746445584990152 5 7654 14 9423 2 2682 1 7973
2645 -0.7451460036933385 1.1000830624476599 4.2148303792507811 155 140 121 0.5939750324331462 8 7076 14 9447 1 8023
2646 -0.98998989228065182 1.1258482921374777 4.2073317544924773 175 158 140 1.59563133481301 5 7709 8 3707 14 9460
2647 -0.17740345280104414 1.2862109911989683 4.2620850684523139 127 108 92 0.70116605564698808 5 7776 14 9492 4 3498
2648 -0.97161138657609181 1.2546768771975869 4.2163840201736242 82 70 58 2.2314517622351833 5 6007 14 9498 6 8078
2649 -0.97161138657609181 1.2546768771975869 4.2163840201736242 82 70 58 2.2314517622351833 5 6008 14 9499 6 8079
2650 -0.21360600543567887 -1.8423520042652402 6.6592923848788139 60 61 66 1.0988788124191926 8 9978 14 9559 6 11114 2 6062 1 11134 4 7571
2651 -0.88443286319629522 -1.0508134555825961 4.7936799945276096 55 58 67 1.0272316660285465 8 10096 14 9561 1 11288 4 7783
2652 -0.53038260084264577 -1.0598533868928168 4.7651420824329476 53 54 56 0.86412967536849761 5 8293 14 9567 6 11238
2653 -0.44954602980703184 -1.0568183558377406 4.7667704073823742 50 51 55 1.7172092799460623 8 10103 14 9573 6 11240 2 6205
2654 12.859724826275764 -6.3402725915315621 14.787798489414977 98 102 114 1.3693255911497852 8 13412 14 9589 6 14401 2 8950 4 11799 15 1719
2655 11.573074763338134 -4.2290815328636908 13.670641061797513 104 107 114 1.3134097707024386 8 12302 14 9628 2 8352 1 13270 4 11238 11 13258 7 10823
2656 3.8151743722979132 -1.1920582445375063 3.9193511826550544 146 143 138 1.5107208283507738 5 10003 14 9638 6 13466 2 7538
2657 -0.67141460815426357 -0.27844115896119059 4.5436740891041358 45 40 36 0.64123806648680715 5 8476 14 9641 6 11475
2658 -0.91511585312517485 -0.1629558294226035 4.5791945410739618 143 128 108 0.42084088348485765 8 8631 14 9652 6 9676
2659 1.2609432095256701 -0.57807561231342286 5.129782537179107 59 49 39 1.3549205354359843 8 12451 14 9660 6 13535 2 7586
2660 3.8109365463860012 -0.94451873319251933 3.849918014105044 132 129 122 1.3919938616633387 5 10027 14 9663 6 13501 4 10616
2661 4.2431077736703235 -0.70970855279487721 3.1512585013667529 127 105 82 0.34571384807924721 8 11536 14 9692
2662 -0.62121739031007628 0.49128356676627627 4.3588350985698918 125 108 90 0.49431794280238761 3 8814 5 7379 14 9764
2663 0.69719059305753994 0.4670816802172375 4.7426360398281648 48 35 26 1.0056682062018432 8 10512 14 9770 2 7803 1 11706
2664 -0.10488185000098432 0.61717502507566269 4.3967120027160327 141 120 103 0.60229872268124063 5 9534 14 9806 2 6691 4 8345
2665 -0.029425609296333088 0.74479460263890174 4.371456212728277 156 134 113 1.2914283112114637 5 9561 14 9834 2 6739 4 6235
2666 1.1192145509555107 0.83031705684288937 4.8094393341484638 172 146 111 0.60336014694025408 5 8753 8 10614 14 9848 1 11811 4 8403 2 6740
2667 0.59436715406089302 0.8441720310750721 4.6534365606831782 137 116 95 1.456088489313458 3 8871 14 9851 2 6759 4 8423 13 9892
2669 0.58469872798445488 0.89057674470243264 4.6405017708683642 171 152 135 1.9650107138535471 3 9399 14 9865 2 6772 1 10246 4 8443 9 9437 13 9895
2670 0.4620018224188957 0.89565117012313122 4.5853406347805583 165 155 143 0.96785114397271821 5 9591 14 9866 6 12988 3 9402 2 6776 1 10249 4 8449 9 9442 13 9897
2671 1.4298539198957412 0.88345560457016381 4.617303865164109 171 138 103 0.84084479756169017 8 11779 14 9868 5 10259 2 7902 1 11832 4 8442
2672 0.077409479318005681 0.93141633307496907 4.4082562674593655 145 120 98 0.81207131115290887 5 9607 14 9875 4 6330
2673 0.69103509409804165 0.99685259649950708 4.6434063153729372 122 101 82 0.69415052124187981 8 10670 14 9878 2 6798 1 11854 4 8481 4 9873
2674 1.3428103964190963 0.99942975413002266 4.6366542718265 71 64 56 1.6300161605478294 5 9615 8 10673 14 9882 2 6799 1 11855 4 8484 10 10426
2675 -0.11678915285421795 0.96318427230480153 4.310197832728405 151 128 110 1.5844406398088227 5 9635 14 9890 2 6817
2676 -0.11678915285421795 0.96318427230480153 4.310197832728405 151 128 110 1.5844406398088227 5 9634 14 9891 2 6816
2677 -0.86000512039353194 0.97164107024414859 4.2283791112946014 122 98 70 0.86489886562532925 5 8830 14 9895 6 11913
2678 -0.11412172555484362 1.0167153352140625 4.3002439646006216 166 140 115 1.4775485691352159 5 9653 14 9905 2 6843 4 8525
2679 -0.11408197179525523 1.0668876703283479 4.29127716718844 120 98 74 1.4248498030757304 5 8852 14 9919 2 6860 4 6414
2680 1.3432257705803574 1.1456072221555895 4.5606686371060672 163 144 119 1.1811349810862795 8 11835 14 9921 2 7963 1 12927 4 9923
2681 1.3480743223289005 1.148607677018386 4.5678275085841538 163 144 119 1.4541371267344954 5 9663 8 11836 14 9922 2 7964 1 12928 4 9924
2682 -0.14813219329652347 1.1270667661610769 4.2846805908087093 76 63 47 2.2670086450670777 5 7693 14 9929 2 6882 4 8584
2683 -0.96566972371339221 1.1595649271615682 4.2490518430855913 75 59 43 1.6269524446766281 5 8895 14 9947 6 12007 2 8020
2684 -0.85056079744735702 1.2809295243368908 4.1744537621392181 147 127 103 1.9723371434342667 3 8280 8 9469 14 9989
2685 -1.0412664504335047 -1.7690625955544428 10.189375543067221 107 88 82 1.4484892498342967 8 12329 14 10038
2686 12.308352818682936 -5.4874287386343585 14.582280548606695 153 154 159 1.8405335923045474 8 13416 6 14410 2 9350 1 14278 4 11801 7 11048
2687 -1.1794581356895548 -0.13908419705835084 4.6364089131921213 113 96 80 0.61195904229262843 3 7832 14 10085 2 7676 1 11547 4 8100
2688 11.531307517098526 -3.2242695096983747 14.602377159962399 87 83 82 1.5168965043960985 5 9993 1 14309 7 11062
2689 11.569731505547988 -3.0881243654731523 14.306545513191674 158 148 139 1.3318259694910735 5 10509 14 10095 2 9395 1 14312 4 11838 7 11068
2690 3.8497647327273805 -0.90029471470697198 3.8091405926685886 124 107 91 1.9673532755425285 5 10540 14 10100 1 13441
2691 -0.1043968915043347 -0.21507090712416041 4.5918717959963562 87 77 68 0.71583125209630705 5 10097 14 10101 6 13595
2692 3.9418792573539116 -0.81078761683682188 3.5459525910936853 143 131 119 1.7267486996692401 5 10545 14 10112 4 10647 1 12638
2693 0.27179262400423726 -0.096356268878549173 4.7382400509506528 85 69 54 0.99308211341719488 8 12512 14 10120 2 7694
2694 2.68794516044247 -0.33141244428328709 5.6520189169159565 142 126 107 1.6269998447778629 5 10597 14 10126 6 14144 1 13472 4 10673
2696 5.5721734363198241 -0.077883734786511394 8.2060231310986396 152 123 96 0.7280709148178488 5 10612 14 10150 2 9105
2697 -0.35832733760071428 0.34290729308203838 4.4220178588801549 159 142 122 2.1230170212420263 8 11691 14 10151 2 7784 1 12768 4 10780
2698 -0.21029578182810826 0.39403693661392825 4.3738887370105264 92 67 45 0.99083078047939444 8 11700 14 10160 2 7794
2699 -0.15504288960402132 0.47250891669361095 4.4145408082811235 130 111 96 0.61806415078486343 5 9506 14 10175 2 7813 4 8310 9 8907
2700 3.7450029651057575 0.068842733943630913 3.6295502211141297 68 54 43 1.2328612818665663 14 10176 6 14200 4 10785
2701 3.8257782213115377 0.056277942848538445 3.4809872317926751 68 54 41 0.80546722833751971 14 10179 6 13665 4 9730
2702 -0.75628099791339953 0.57526426714168499 4.3467924266526676 81 64 48 0.45712897799826452 8 10556 14 10181 4 8339
2703 0.37301860648139601 0.53995179796273696 4.6294740448885507 116 99 83 1.5783221568479175 3 9371 14 10187 6 12905 2 7820 1 11719 9 9405 13 9863
2704 3.8268395540494771 0.37032025671802604 3.4521393980629713 133 121 107 0.76898188789719313 3 9765 14 10220 1 12815 4 9792
2705 1.1191248937155487 0.74730357747001197 4.8295918341435957 31 22 13 0.87449159380970043 5 10228 8 12614 14 10226 2 8669 1 13595 4 10835
2706 1.319506223475067 0.74956918184468657 4.706279634672387 71 53 34 0.798518618270178 5 9544 8 11750 14 10230 2 8672 4 10842
2707 -0.19182288375839179 0.79773059460339957 4.3814492694971445 135 114 95 0.77349974582321968 5 9579 14 10236 2 7884 1 12852 4 9843
2708 -0.50114583064686835 0.90918125267479222 4.3288901651134797 0 0 0 0.25392841513358394 5 9610 8 11793 14 10251
2709 0.46842616307760104 0.95941239825597247 4.5730360573363456 163 153 141 1.3690652906728067 3 9407 14 10255 6 13747 2 7926 1 12879 4 9862 9 9759 13 10105
2710 -0.15150318980427166 0.9354136002929061 4.3253410444847971 113 93 74 1.6751189074404949 5 9621 14 10258 2 8728 4 9881
2711 -0.78720710915028957 0.93216427437673199 4.2535660950757359 98 77 50 1.534076886701174 5 9625 14 10259 1 11865 4 8496
2712 1.3991546039954523 1.1474645366291218 4.5616396553050151 129 104 81 1.1319423753699971 5 10301 8 11837 14 10281 2 7965 4 9925
2713 -0.18984258870777446 1.1989866049369269 4.2851691425059331 185 163 142 0.91776854002688635 5 9708 14 10305 4 9969
2714 -0.79194795480922209 1.3015850179334219 4.1316241078580891 83 78 72 0.95517255961772995 8 11926 14 10345 1 12013
2715 2.1045174298697349 -1.651603533982827 6.0250716511053692 147 134 125 0.81425119053675343 3 9929 8 13440 14 10373 6 14440 2 8989
2716 0.58826795613666305 -0.96594620045973689 5.087599580795036 40 36 33 1.3271684008000093 5 10796 14 10377 6 14475
2717 2.7203506679746692 -1.1310729812377314 6.0336232632075255 146 141 135 1.0262533609729518 5 10799 14 10390 2 9031 8 13073 1 13953 4 11343
2718 -0.53759514276872955 -0.23415376651531652 4.5323194521207828 109 97 85 0.87443546386924276 3 9309 14 10394 9 9341
2720 11.603745399757866 -2.2369110449193097 14.402409177055969 65 58 56 1.7983881326114697 5 10804 14 10418 6 14473 2 9424 1 14586 4 11859
2721 -0.053148165246869272 0.58858494168139908 4.414616300485517 83 69 56 0.99768241951737091 5 10212 14 10461 2 8651 4 10818
2722 -0.3658296134695066 0.70721213298362606 4.3846468898443618 50 50 48 0.94704424821941002 5 10236 14 10472 2 8673 8 13221 1 12829 4 10840
2723 -0.2032577552704749 0.71033296441536098 4.4013355057919874 113 95 75 0.70170049521627798 5 10237 14 10473 2 8674 4 10841
2724 -0.08323172309054333 0.70843605387349251 4.3608627699058884 84 68 52 0.90628050856922115 5 10664 14 10475 2 8676 4 10845
2725 1.2201738927277128 0.75132982101195123 4.7936270110312345 41 31 23 0.85181626479858041 8 12616 14 10479 2 8671 4 10837
2726 -0.35969420630183352 0.78139633168554035 4.3891216847951897 41 40 36 0.5844344829714756 5 10250 8 11764 14 10481
2727 -0.53762516149762951 0.78440849271482593 4.3287325724418455 150 125 103 0.89529131510183402 8 11771 14 10482 2 8689 1 12850
2728 -0.97406453770026546 0.83385407649142729 4.3347598184645975 62 53 39 1.3217875691773113 8 12638 14 10487 6 13734 1 12862 2 7904 4 9851
2729 -0.1471191765297199 0.83155370461423106 4.356731167140877 51 37 24 1.0274141879802081 5 10260 14 10489 2 8698 4 10864
2730 -0.095121684309025373 0.82636091221941255 4.3307388754755962 56 43 27 1.2920855395519153 5 10670 14 10490 2 8699 4 10865
2731 -0.94024597951972866 0.90839733773121412 4.2988817326859312 133 115 91 0.71462503453191784 5 9614 14 10499 6 13752 2 8725 4 9870
2732 -0.06398070180278928 0.95719798329637162 4.3152707386503915 109 88 71 1.6731458454643515 5 10679 14 10509 2 8734 4 10892
2733 2.4405319206685099 0.92858827425673185 5.4257285641825197 35 28 19 0.85843761301103871 8 10605 14 9350 5 9556 14 9853 6 12960 2 7871 1 11805 10 10416 11 13978
2734 12.825257709634556 -7.6603304709260716 15.195842232314092 170 186 202 0.90577379325418295 8 10 6 42
2735 -0.075804722554868503 -4.0489971530856792 10.036935264659277 116 119 128 0.75891842004185028 3 13 6 66 1 281
2737 0.24867858848004748 -4.0170216454601073 9.960020337138598 127 130 139 0.86736453704643857 3 14 6 90 1 337
2738 0.40819410974173947 -4.0413176200638707 9.9985726960111503 118 120 132 1.0925912158147817 3 10 8 42 6 91 1 345
2739 -0.30746762988196746 -3.869378031939251 10.135007613982225 128 131 138 1.2770428367086748 8 49 6 125 1 358
2740 -0.28195217830032943 -3.8511278784679273 10.087769928478098 83 84 90 1.5123454167549708 8 51 6 128 4 118
2741 -0.33394588606320136 -3.8410139847593534 10.113031400483909 127 130 139 1.0175858763022916 8 54 6 133 1 363
2742 0.70958057189591117 -3.9427841094092355 10.092920679597899 133 133 141 1.1392183306176669 3 25 8 64 6 150
2743 1.0496912711920428 -3.9486986512025406 10.208679585288369 130 130 138 1.7288415572126399 3 35 6 167 9 29
2744 -0.22930375236543737 -3.6650356352925555 10.110396105833656 140 141 146 0.74698884253418019 8 75 6 192 1 450
2745 0.83986923496211929 -3.6100440172807091 10.070910701031861 132 128 129 1.5066398230181777 5 42 6 261 9 94
2746 0.83986923496211929 -3.6100440172807091 10.070910701031861 132 128 129 1.5066398230181777 5 43 6 262 9 95
2747 0.4489092349369383 -3.4500564377558747 9.958548406037611 72 73 77 0.73760263834643736 5 74 6 296 4 235
2748 0.44930038808574618 -3.4517540780240221 9.9603878183212551 72 73 77 0.85654938120366553 5 75 6 297 1 625 4 236
2749 0.41306866547350957 -3.439026273456216 9.9435800053254724 149 148 153 0.50340259767445739 3 124 6 299 1 628
2750 12.631111546737777 -6.0363974599504209 14.603803148280537 129 132 141 1.5495576164509277 8 145 6 315 1 826
2751 1.0730667377388514 -3.5244293913021032 10.171643873051067 63 66 73 0.99641827603233324 8 141 6 318 1 678
2752 0.15725814995773935 -3.247928177733407 9.6952285756472119 140 141 145 0.72905583663040929 8 155 6 335 1 684 4 266
2753 0.19636927330820247 -3.2523533766988182 9.6979380447956665 148 149 153 0.79193669311444792 3 151 8 159 6 336
2754 0.96361557353406502 -3.4214120859009229 10.065154731945615 121 119 122 1.5072864754203426 5 113 6 341 9 147
2755 0.17285730659094678 -3.2140363650002852 9.645700753013271 44 45 50 0.6796479642440737 3 160 8 169 6 345 1 700 4 277
2756 -0.020253488366747563 -3.2293693071767309 9.8917734676718148 137 140 145 0.63643012077507632 8 168 6 349 1 689
2757 0.21682923209670429 -3.205983669982194 9.6505775629374391 46 47 52 0.62410388156357599 3 163 8 172 6 351 1 707
2758 0.055304981043153012 -3.1955326693663277 9.8353318164340973 83 85 90 0.66463294441401799 8 181 6 358 1 711
2759 -0.76911476753935615 -3.1026554565654716 10.029118115173313 123 129 141 0.54665650488371043 8 175 6 366 1 5775 4 262
2760 0.05908013918529792 -3.1607035560601977 9.8352490387056548 136 141 147 0.66613229738749036 8 194 6 373 1 726
2761 12.239252871193615 -5.6836037113698499 14.518335393497166 111 111 119 1.8068496179655438 5 140 6 379 11 979 7 299
2762 0.15970197022108507 -3.0459155225226033 9.6210495283188067 102 97 94 0.71199079293662126 8 208 6 402 1 763
2763 -0.7556196458057991 -2.9529603116880607 9.9962326951353102 111 114 120 0.83066415202198496 8 210 6 416 1 743 4 306
2764 -0.84758672829462522 -3.006828832635577 10.480667157371986 144 154 166 1.7238881099740067 6 424 1 8953 8 216
2765 -0.88487830349246099 -2.9896978541240586 10.610476113091382 138 150 162 1.3194429983378668 8 228 6 436 1 5843 4 4637
2766 11.623718838663546 -4.6755222435486985 13.768140480752891 130 128 131 1.1155730315209846 8 303 6 522 7 4128
2767 11.959381845670242 -4.6352620006552581 13.510056444979933 123 124 128 0.89860028357562327 8 310 6 541 1 1178 7 4138
2768 0.15532678225634572 -2.1336204384522692 6.8132826630234158 64 68 75 1.4728408537124673 5 248 8 4978 6 560
2769 13.448058545295478 -4.6066454675611812 13.162915615604623 71 72 90 1.6998101331096993 8 345 6 572 1 1262 11 5833 7 6513
2770 13.448058545295478 -4.6066454675611812 13.162915615604623 71 72 90 1.6998101331096993 8 346 6 573 1 1263 11 5834 7 6514
2771 11.531907298937286 -4.4558685781835061 14.271064632513275 50 49 54 1.2444481382616048 14 757 6 603 1 1237 7 6491
2772 0.70290466530084483 -1.8285588473604135 5.3937642492920759 137 134 135 0.97229506689859679 14 3565 6 683 2 579
2773 12.701821924542381 -4.1385090399247142 13.043232704743749 144 136 134 1.2736296732720478 8 436 6 685 7 532
2774 12.628088316988936 -4.0970368607214285 13.017358874514166 48 38 37 1.5156605715226605 8 440 6 694 7 539
2775 11.453736213983442 -4.1646564956355929 14.648298558458444 104 107 116 1.709991600801047 5 381 6 697 7 4193
2776 -0.80311669164687194 -1.9196506462162939 9.580600048759182 153 149 150 1.5982221089667068 8 5071 14 3719 6 810
2777 0.85840105394134536 -1.6594816209104142 5.3729627495094263 128 119 114 0.40945873570363545 3 301 6 816 9 326
2778 -0.43264894979036728 -1.8948118325335932 9.594057344963792 81 75 77 0.54011234341856174 8 555 6 849 1 1338
2779 -0.43264894979036728 -1.8948118325335932 9.594057344963792 81 75 77 0.54011234341856174 8 556 6 850 1 1339
2780 -0.39261787606155396 -1.8965965687210107 9.5571553712451056 73 64 65 1.25998311550311 8 560 6 851 1 1342
2781 -0.23308165038444456 -1.8813072801980832 9.5154201091467758 160 155 151 0.72467822847677366 8 571 6 868 1 1358 4 711
2782 -0.17126671174297708 -1.8845373121775642 9.481281739201922 166 158 155 0.75398199148844236 8 572 6 869 1 1363
2783 1.2772163437071464 -1.6509959581786531 5.5603257595229074 93 84 75 1.0604823396339425 8 655 6 875 2 760
2784 11.495565957876465 -3.4452238593097779 14.501781895402155 59 58 63 1.2212998497521732 5 554 6 903 7 6585
2785 -0.2801388885888999 -1.769304199534504 9.5175922706209963 163 153 151 1.3112440261798362 8 629 6 908 2 677 1 1412 4 764
2786 0.97079547012854195 -1.5373870992763399 5.3869055218114203 108 95 87 0.45711990222604909 3 349 6 910 9 393
2787 -0.5589641683190929 -1.7375485266497559 9.6624963039188501 161 155 155 1.533293788762446 8 638 6 919 2 676 4 763
2788 -0.50391920830628811 -1.7387141489625622 9.6242459991387559 154 149 147 1.0976840055971195 8 639 6 920 4 770
2789 0.55904306038573948 -1.5000055440991666 5.9474495773919172 113 99 88 0.46657829898307668 8 720 6 952 2 817
2790 -0.48288110884347385 -1.6564528035195139 9.6083115074480734 164 158 158 1.5908620916489939 8 688 6 972 2 733 4 814
2791 -0.017852251956826992 -1.4555542457240096 6.538623535597349 140 131 124 0.43314052926352176 5 529 6 977 1 1636
2792 -1.8247246172889067 -0.91612191294096901 5.0624979661985767 113 112 117 1.8860327045900318 5 687 6 1222 1 1906
2793 -0.78351444768920175 -0.98124468625022143 4.7654219642347924 109 99 90 1.326919073713656 5 665 14 3659 6 1242
2794 -1.7519747420613159 -0.90194572212950441 5.0214023122369404 154 148 150 1.2095213469462813 8 1011 6 1250 1 1944
2795 2.375544819566473 -1.2723830263563229 6.0145339893442742 65 55 46 1.8659994523308754 5 746 14 4141 6 1307 1 2089 10 7728 11 11628
2796 4.0475122261555718 -1.2105057945776323 3.5589142669031393 122 107 95 1.525268662382536 3 3765 8 1218 6 1425
2797 2.1966959569349274 -1.0783565272794566 6.03368974474742 70 59 53 0.71770655638750658 14 905 6 1462 10 6323
2798 0.40898515023783816 -0.90787285397750928 5.0138679718874446 127 110 100 0.98169846105186731 3 677 14 601 6 1468 9 873
2799 -0.39000789214336989 -0.85326216154772894 6.5193142315315376 91 81 72 0.89203952764751759 8 1189 6 1483 1 2150
2800 2.8673732645479015 -1.0784087785548093 6.087133592217568 130 112 98 0.73211247588743567 3 632 6 1512 9 3946
2801 3.1156038227705389 -0.90462347001184784 6.1498782710481521 134 116 104 1.6546762811845537 3 4154 8 1415 6 1679 10 4344
2802 3.1115560690446635 -0.90704475951422026 6.1481709570624421 134 116 104 0.40756165153936941 3 4155 8 1416 6 1680
2803 2.55980601745242 -0.80539255329397574 6.0414322001879635 140 122 102 1.3833407456968985 5 4601 6 1737 10 6467
2804 3.2672886770894314 -0.84297308426925499 6.2115740707015021 120 102 90 1.9653662898380901 5 4606 6 1743 1 2470 4 1687 10 6510
2805 3.2129369078888823 -0.8093044056359433 6.1862503351287428 140 122 110 0.24369295231348653 5 1110 6 1770 1 2493
2806 1.7305705678618843 -0.70493644578524839 5.7603105403356709 114 104 94 0.51085154265062693 8 1502 6 1772 3 4247 9 4270
2807 2.2570256594505169 -0.65207626330057322 5.9640344332312969 139 126 117 0.37695029973234684 8 1577 6 1851
2808 2.015504057399097 -0.60749713586323584 5.7842168995424545 143 131 117 0.90369789949409185 8 5771 6 1877
2809 -1.6988328282823859 -0.37655663770069969 4.8605264878831509 45 38 35 1.4511087800309923 5 1223 6 1904 1 2525
2810 0.64427092304449673 -0.51849801214598712 5.0589420758518919 168 150 136 1.329281555820174 5 1209 14 1063 6 1909
2811 -0.73178043701590778 -0.42871935626666946 4.5981600808045089 60 50 41 0.48829249414499015 8 1692 6 1942 1 2595
2812 -1.3697460687734511 -0.37645758183643563 4.7499268402002066 123 118 114 1.1357943544104041 5 1252 6 1950 1 2576
2813 -1.5792181088700772 -0.33510260732100161 4.8104967157183474 137 134 129 1.2051420053400432 5 1292 6 1987 1 2604
2814 1.3686879602913589 -0.50149628831683135 5.0414263145298364 156 136 112 0.63888320677236465 8 1734 14 1228 6 2006
2815 -0.91263837391935931 -0.35536103312614231 4.6187039817332067 38 41 26 1.626640424311141 5 1308 8 1785 6 2034 1 2658
2816 -0.072669124274663793 -0.39853166648656313 4.6578658425732522 154 137 126 0.4333665150765979 5 1309 14 4290 6 2044
2817 1.3461951921732174 -0.41799188167491241 5.0145329168822261 134 117 97 1.0345548174691788 14 4543 6 2110 1 2744
2818 2.7605607442837909 -0.46666281437142354 5.7036916662538717 64 55 54 0.7912272294204693 14 1471 6 2120 10 6550
2819 5.5504776326151486 -0.49040131620624927 8.6222719666671441 27 37 47 1.5124366649411052 6 2121 10 4736 14 1621
2820 2.496184585251044 -0.43835927018317433 5.599378024434345 67 54 46 1.1021194678149466 3 1119 14 1460 6 2133 10 7941
2821 5.4696017886117172 -0.4691505611672433 8.5728642921053808 158 165 171 1.4309682003885698 5 1492 6 2138 7 8291
2822 1.9641852763925276 -0.40321042919383998 5.4058891415627315 30 20 8 0.73678678979709233 5 1442 14 4617 6 2152 10 7904
2823 5.4737093573335001 -0.42401816043024898 8.5672547999595352 163 170 176 1.6974527085888598 3 1215 5 1519 6 2172 10 4753
2824 1.7933738348164296 -0.38228277840865565 5.3201854716646846 28 19 9 0.58297685508506358 5 1458 14 4612 6 2175
2825 2.7557191953319271 -0.38800678984008485 5.625552010184605 34 33 31 0.52976215798777782 5 1484 14 4684 6 2205 1 2803
2826 0.42937249613668155 -0.2953992978381294 4.861419772112213 170 152 137 0.43320685707995032 8 1911 6 2211 9 4630
2827 0.47280426803598591 -0.27194534473161186 4.8853066100827984 24 14 7 0.44827473431760406 3 4515 6 2241 9 4649
2828 -1.1231297763769814 -0.1954477598074788 4.6110824721795343 132 116 108 0.94780669711275434 3 1455 6 2255 4 2050 14 9070
2829 0.69101937039074124 -0.26786375501839754 4.9799336992518111 172 153 136 0.20591125928435641 8 1953 14 4564 6 2256
2830 2.7216273942430322 -0.33057510437579529 5.6894471437699954 127 108 94 1.5221201661889312 5 1529 6 2260 10 6594
2831 5.3862676951416812 -0.27507436620791959 8.4273313945033124 178 184 193 1.4446535671763741 5 1611 6 2292 7 8332
2832 -0.83270687809789634 -0.18475711593284186 4.5271362006364866 174 157 147 0.27844811211970005 3 1467 6 2304 1 2835
2833 -1.3438813790412509 -0.13527598558737081 4.6800032832795635 128 120 117 0.91050295971970696 3 1541 6 2317 2 1653 1 2832
2834 -0.7419489280647571 -0.16684772721506991 4.5366941742294227 169 155 146 0.78432543717981407 3 1488 5 4900 6 2332
2835 -1.9707338284801292 -0.074000300160937421 4.9278480288885822 46 38 35 1.5521572581765799 5 1607 6 2334 2 1650
2836 -0.6975167460232794 -0.15417267689221817 4.5268837087306224 139 130 122 0.4387980211155183 14 4442 6 2349 1 2874
2837 5.4746358118539193 -0.19915505345046741 8.2344793653370978 24 14 14 1.0959422031010781 14 4829 6 2360 1 2880 7 9398
2838 2.3790696463636998 -0.20162893020136258 5.5260709409598601 118 100 85 2.4305035483460533 3 4579 9 6688 12 11707
2839 5.3262620249392985 -0.13543570313407255 8.35183845116598 31 17 13 2.1675790518547955 3 1470 6 2389 10 6798 7 9400
2840 5.5773542346439937 -0.15495467834262078 8.2776668555640889 66 47 40 1.3193261801705876 5 1682 6 2400 7 9410
2841 -1.8631757855279985 -0.017888295561921279 4.8262465487403139 20 6 0 1.5691850138719505 5 1678 6 2433 1 2901
2842 1.9714963850138214 -0.16414721397401913 5.3008090874542688 68 49 35 0.65181813961739854 5 1662 14 4730 6 2436
2843 2.426153059249601 -0.16750640067836126 5.5254087719717297 172 154 135 0.90487492206906806 8 2115 6 2437 3 4618 10 8022 9 7947
2844 2.426153059249601 -0.16750640067836126 5.5254087719717297 172 154 135 0.90487492206906806 8 2116 6 2438 3 4619 10 8023 9 7948
2845 0.83680228928484679 -0.083647579035062966 4.9760017100602942 174 156 135 0.29204280201770821 6 2498 9 1783 3 1603
2846 -1.8582070177406549 0.092429381448926956 4.7956341490221286 37 21 9 1.6838022524390786 5 1814 6 2600 1 3013
2847 -1.8582070177406549 0.092429381448926956 4.7956341490221286 37 21 9 1.6838022524390786 5 1815 6 2601 1 3014
2848 1.3254989907272827 -0.033716604258508212 4.9025884273362301 160 142 124 1.1222514445057834 14 4757 6 2611 11 13215 10 8938
2849 0.8192387500881293 4.8729401215176493e-05 4.955661679333403 130 109 88 2.1287051118523133 3 1693 5 1790 6 2614 10 8932 9 4858
2850 -0.09524426415238027 0.022339275215727386 4.5675154809570406 56 47 39 0.57684934621361295 14 4679 6 2632 2 1840 4 2304
2851 1.6862043195658423 0.05515495483014124 5.1055415233373962 99 89 79 0.40705097838341037 14 1708 6 2687 10 8029
2852 5.4313316637701305 0.30567198384570127 7.8439448315029141 144 134 124 0.76903454148707973 5 2024 6 2779 7 8443
2854 1.0454269995637706 0.18860453725692697 5.0103103169729204 175 153 131 2.1642141487410256 5 2026 6 2830 11 13630
2855 3.6973019593520382 -0.033926040727132727 3.5533329657815615 0 0 0 1.3379031453101509 5 2001 14 2010
2856 5.8908706456545454 0.47483116636969869 8.061248597937217 33 25 14 0.85786836436265734 5 2112 6 2905 7 7011
2857 4.2883238784174766 0.41205852913603003 7.0642086598669431 103 85 66 0.46700426281119933 5 2111 6 2909
2858 3.8875906561229829 -0.015046569212064098 3.3225328010041824 127 111 95 1.740106875936249 3 6659 14 7122 6 2952
2859 0.28829172708494438 0.11896988499977457 3.3814219885146355 39 34 34 1.1130432631589997 14 6958 6 2957 1 3335
2860 4.1775220185581627 0.52895301062638567 6.976900786483081 162 137 117 0.96641122520980283 3 4953 6 2999 7 9464
2861 3.918109966682505 0.056603570030742748 3.3211233965259206 0 0 0 1.1749158630504888 3 4852 5 5181
2862 4.1176080970450259 0.56497593333042584 6.9160015853282628 167 142 122 0.56215907195054993 5 2243 8 2602 6 3027 3 2002
2863 3.8387519549015545 0.086669394464927357 3.470761879292779 96 79 63 0.97211701531577521 14 2183 6 3035
2864 5.3657120142887971 0.71053584003015624 7.6594639676544647 47 42 36 1.030698985747647 3 2053 6 3088 7 7078 7 8549
2865 1.8959701379204699 0.4856032128283817 5.4646758280955137 92 82 72 0.74650948687130469 5 2290 6 3100 10 8167
2866 1.4745066586223767 0.40057258240866578 4.7892624480462249 151 126 100 0.51320636734208336 14 5168 6 3110 2 2118
2867 5.3377519457438689 0.79479138878530875 8.0661443819984253 48 35 26 0.58677264246958372 5 2332 6 3115 7 8558
2868 6.1931351948793019 0.79529344556035819 8.1386438818847537 47 35 21 1.3162942427910032 5 2340 14 2383 6 3129 7 8589
2869 5.3386109411126856 0.7905334607562402 7.5972254929776835 44 39 35 1.3133232919504358 3 2120 14 2390 6 3176 7 8571
2870 5.4125198808229316 0.78825725807003877 7.6012313626447314 44 35 28 1.1259866595699173 5 2373 14 2391 6 3177 1 3480 7 8573
2871 1.922153930084233 0.55186199449789008 5.4371478313391775 23 15 5 0.94947314627117274 5 2372 8 2736 6 3189 10 8184
2872 1.993349927709982 0.55316781201814469 5.4567571816324847 39 29 20 1.9591726765818429 5 2366 8 6512 6 3190 10 6895 10 9127 3 6834 9 8154
2873 -1.8957935047833911 0.51476586540790137 4.6594391200727188 47 42 38 1.6279334981613449 5 2394 6 3192 1 3477
2874 5.7561143582615548 0.85789845693423228 7.915841938077949 114 93 76 0.65492052560178304 5 2397 6 3199 7 8597
2875 5.3552213171153484 0.88446143612994932 7.9583653540164141 106 87 73 1.4747591356466896 3 2164 6 3204 10 5147 7 8587
2877 -1.853640948581742 0.52480473935704419 4.6430302198089057 97 89 86 1.3292120176482962 5 5340 6 3211 1 3494
2878 1.9341642169018445 0.57665969471141532 5.4501039682955446 56 43 34 1.0094049205773394 5 2395 6 3213 10 8188
2879 2.181208181590236 0.60698266687650837 5.5605724215703267 124 111 102 1.0816562515260617 5 2409 8 2771 6 3234 10 6926
2880 2.6035032183171825 0.57213816914352722 5.4160531954303499 92 73 59 1.1976714698645914 14 2332 6 3235 10 8201 11 10817
2881 1.9209420107070607 0.61505125249835801 5.442235219494914 120 102 90 1.1133808815762791 5 2431 8 2793 6 3256 10 8198
2882 -1.6699369899024732 0.54947143098788498 4.599610142636366 75 61 48 1.7801220910555988 5 2455 6 3262 1 3540
2884 -1.8625081784741053 0.58857398723284227 4.6529167341791213 100 86 76 1.8334926830998666 5 2489 6 3291 2 2240 1 3580 4 2722
2885 0.3529575029338427 0.54526922770371333 4.6177151733782562 151 132 117 1.1980922140895307 14 2253 6 3295 13 5115
2886 0.3529575029338427 0.54526922770371333 4.6177151733782562 151 132 117 1.1980922140895307 14 2254 6 3296 13 5116
2887 2.2187745507179084 0.84617704392676241 5.5499676777865412 107 94 85 1.0453599484797222 3 2408 14 5410 6 3483 11 12869
2888 0.39860161757963258 0.69928419618236759 4.6033806288272361 164 150 137 1.0539990988642527 14 5355 6 3494 13 7070
2889 2.4391260167463344 0.83629064507726525 5.421740582687625 28 14 5 0.3983863425541469 5 2600 8 3020 6 3508
2890 5.3642555387049953 1.2938831464094978 7.7962917008341188 15 5 3 0.73633925248602161 5 2643 6 3535 7 8704
2891 5.3642555387049953 1.2938831464094978 7.7962917008341188 15 5 3 0.73633925248602161 5 2644 6 3536 7 8705
2892 2.3162524932057034 0.90531965466455855 5.4533189450965702 84 71 63 0.51503093270451972 14 5472 6 3563 10 8269 11 12883
2893 -1.6611511397003151 0.78074257077307907 4.5848764678520109 156 140 125 1.1700635187483324 8 3106 6 3575 1 3822
2894 2.3333656300662744 0.95318644999225588 5.4567217041421276 95 83 71 0.82222043540886947 14 5507 6 3615 11 12891
2895 0.24356959693151276 0.78956641278901696 4.5130632042925463 149 128 113 1.0102017480408358 5 2704 14 7384 6 3627 13 8273
2896 2.7591624113502848 0.94801701035363839 5.2259270774319715 58 42 26 0.72527718376476591 8 3160 6 3664 1 3914
2897 5.3732829210017155 1.4802714307034917 7.7973502138246147 25 16 9 0.75564638277146112 5 2742 6 3673 7 8743
2898 2.3553373532912061 1.014165959480684 5.4184208241476224 72 53 38 0.88803369686993727 5 5621 8 3188 6 3684
2899 -1.1196111328470428 0.83048664335992917 4.4091061833377276 110 89 72 0.96498976330912134 8 3244 6 3696 1 3946
2900 2.401430094326535 1.0285878849201886 5.4129882286819457 119 102 92 0.97682855116593359 14 2708 6 3700 10 8306 8 3201 11 12105
2901 -1.7685785363956916 0.89788565245925112 4.5546355357729986 67 53 42 1.489466886847659 5 2800 6 3755 2 2514 1 7813 4 3020
2902 0.13883813818934837 0.88891638760525027 4.4462288611035428 162 131 113 1.2606339669735527 8 3311 6 3779 9 7217 13 7173
2903 2.4028152830120515 1.0932410502279593 5.4026195041826135 104 90 77 0.98473596955779785 5 2797 14 2763 6 3787
2904 5.2669917371497332 1.5889014644862978 7.7319771964481632 47 38 31 0.97380078930574199 5 2799 6 3788 7 8773
2905 2.5432628278008851 1.0901949231464267 5.3488822671180687 45 31 22 1.1588910606497669 5 2805 6 3797 1 4016
2906 2.7353765617375232 1.076940896733861 5.2241838955062931 117 91 74 1.1962947999167577 14 2800 6 3819 10 8329 11 11066
2907 0.19331179897322232 0.92644887489069938 4.4616974894745196 158 126 105 1.3257351031091142 14 5583 6 3830 9 2864 13 5411
2908 2.4011143236093964 1.1437855964184382 5.3903617878429557 98 80 68 1.6355158255749074 8 3349 14 2815 6 3844 11 12154
2909 -1.2688972962912555 0.94904540348505018 4.4421451592761496 27 19 14 1.8912798811897666 8 6914 6 3874 2 2578 1 4074 4 3089 9 2906
2910 -1.2688972962912555 0.94904540348505018 4.4421451592761496 27 19 14 1.8912798811897673 8 6915 6 3875 1 4075 2 2579 4 3090 9 2907
2911 2.2802854240816943 1.1880393914435396 5.4288933277013225 87 74 65 1.1208895936943502 14 2841 6 3893 10 7135
2912 2.7266886081260311 1.1724446818503205 5.1856239466200567 174 152 133 1.7217100250806834 3 2784 6 3940 10 8362 12 11947 9 5592
2913 2.7269491058178792 1.1723564983963537 5.1813818791841335 174 152 133 1.4633866340485331 3 2785 6 3941 12 11948 9 5593
2914 4.121624292801835 1.4222990547023384 6.2278930230790204 67 53 42 1.5958231586455309 5 2915 6 3950 7 10296
2915 5.3834888556132299 1.7018747516784194 7.398013001845773 89 71 57 0.62864934118895421 3 2812 6 3953 7 8827
2916 3.896083073851603 0.75694296604435019 3.3036717506164446 0 0 0 0.60415740519510908 5 2930 14 5707
2917 2.5673377556628387 1.2781737103993256 5.3040940981891724 53 36 20 1.7643274472416148 5 2990 6 4035 10 9264
2918 0.49458736786811669 1.126520239012202 4.5435127036764271 177 154 138 1.612067565377034 5 3041 6 4078 13 8381
2921 0.43028005667884045 1.1985518277293303 4.500756927034903 69 51 35 2.4963351396280964 14 5851 6 4187 13 8415
2922 1.3005135869171682 1.2916163862016257 4.5653089422192039 91 66 44 2.0822643053292165 6 4278 11 13809 14 3138
2923 0.0031685287840413356 1.2313642660037525 4.2739301722113776 89 73 57 1.1228544399825522 5 3217 6 4335 9 3206
2924 0.0031685287840413356 1.2313642660037525 4.2739301722113776 89 73 57 1.1228544399825522 5 3218 6 4336 9 3207
2925 -1.6771727263549718 0.91449023987463995 2.7576026892056831 165 152 144 1.2239237994452972 5 3458 6 4603
2926 1.5358009204818874 1.2348690640333053 3.5024837880341657 146 139 133 2.0954766640562639 5 3430 6 4647 9 5937
2927 -0.6020049954704374 -3.9910168263849397 10.28554065000249 80 86 98 0.80228941776779383 3 31 6 5421 1 265
2928 -0.41729485229908403 -3.9636627181545507 10.198457800177641 133 140 150 1.0460000143332349 3 29 8 41 6 5425 1 5581 4 94
2929 0.42703867568468795 -3.9863925681985211 10.017150308753804 125 125 133 1.1946744445036488 8 4791 6 5435 3 3597 1 373 4 121
2930 -0.35615775798978033 -3.8671172350657974 10.1312256923592 82 89 99 1.3924766947815612 6 5440 1 5604 8 4792 4 110
2931 -0.38126818144321312 -3.812331968523651 10.153001092002995 81 86 94 1.417371547175754 6 5455 1 378 8 61
2932 0.076064874644064195 -3.835600844224738 9.9494542139367788 101 105 114 0.99507175457828567 3 37 8 4797 6 5456 1 5637 4 4513
2933 0.76272292427034927 -3.9506767991600586 10.156856046555014 127 127 135 1.4457563608866471 3 30 6 5463 2 93 1 5653 4 133
2934 0.20657983310419908 -3.7294985241857614 9.8279615472187896 120 121 125 0.92790435494070955 3 3608 8 4808 6 5476
2935 0.20604413972759433 -3.737694765011033 9.8407513044661385 120 121 125 1.7154573874300989 8 4809 6 5477 2 102 1 446
2936 1.1629423863186308 -3.9796778762012184 10.296228850834584 102 102 109 1.8175334853356477 8 4810 6 5479 2 116 4 145
2937 1.0160490712152142 -3.7643252313539697 10.26403406445346 118 119 124 1.850033457422932 5 24 6 5507 2 162
2938 12.607661290241806 -6.3501310931888053 14.692766270491543 111 111 119 1.9694673294155567 14 397 6 5515 1 744 4 233 11 5610
2939 0.28458704934241991 -3.4744556644065336 9.8032887348784037 76 72 71 1.3141896507528175 3 101 8 110 6 5520 1 578 4 205 9 146
2940 -0.29231037173066676 -3.4843924786652569 10.220653860236961 73 74 79 1.6047370885348873 5 57 6 5524 2 3582
2941 -0.0079541632772846538 -3.3236658334701774 10.026492650174779 137 138 142 1.4885303833671495 5 110 6 5555 2 216
2942 -0.77976131175516239 -3.1310940172007382 10.032693326258432 77 85 98 0.84914251088351156 8 170 6 5566 1 660
2943 0.17450371651418151 -3.1839667754171215 9.6650737640607005 114 113 118 1.5241315965357163 3 167 8 4872 6 5569 2 249 4 281
2944 0.14197503798046984 -3.1650309033082933 9.6630119735277589 53 51 56 0.68609206882716556 3 171 8 187 6 5571
2945 0.14101915468844528 -3.1709517749344442 9.6770443515311904 53 51 56 1.6736779913821245 8 188 6 5572 2 255 1 715
2946 -0.046924010958005247 -3.1549912503780857 9.889365907383036 126 133 139 0.59686916166177484 3 188 8 4877 6 5580 1 5808 4 286
2947 -0.81671746230404896 -3.0582637975111182 10.484309394776941 103 109 121 1.0208488906848616 6 5599 1 5812 8 206 4 285
2948 12.277212860456087 -5.58683355238073 14.746417916397888 100 104 116 1.7622269833968272 5 4020 8 214 14 550 6 5601 1 946
2949 12.971132817229945 -5.5452500312089397 14.489015182060189 113 114 119 2.6213119099878659 5 4030 6 5608 1 980
2950 13.007009329419116 -5.4875062740443816 14.618877089739769 56 56 65 2.4659805693724408 5 182 6 5622 1 998 14 623
2951 13.491516811925035 -5.6124900272477287 15.001386828961845 90 89 97 2.1481707587968466 5 4041 8 240 6 5623
2952 0.019025022570132666 -2.4122667698415325 6.9463629024761451 46 50 61 1.1212118507410398 8 4919 6 5639 2 367 1 5952
2953 -0.244703337741805 -2.6128396522471142 9.8550954817772034 107 111 120 1.603098863274333 8 4948 6 5685 2 416 4 413
2954 -0.23768886057564853 -2.623144310780356 9.9118630346885492 107 111 120 1.432985848321187 8 4949 6 5686 2 415
2955 11.87142549579521 -4.5935670715673611 13.628763714167709 107 106 111 0.91323615032911942 14 722 6 5706 4 469
2956 13.432364022617698 -4.6594368957335401 13.224671293816312 173 185 199 1.7484379629140825 8 4969 6 5711 1 1248
2957 13.447128320741427 -4.66056372852875 13.234797523694496 173 185 199 1.7319042981800234 8 4970 6 5712 1 1249 11 5827 7 4197
2958 11.633430582303163 -4.407363722530925 13.693203366134551 98 99 104 0.89145417421162321 8 350 6 5722 7 4150 11 1135
2959 13.077098300914706 -4.456531487171203 13.259165214290073 139 132 131 0.69896240298711165 8 4983 6 5727 4 542
2960 13.379954430392612 -4.4682768591416977 13.168464896839712 66 66 74 1.5427028292360023 8 4985 6 5731 11 5848 7 4216
2961 -0.11333336130655064 -2.3183898766108908 9.55267873744436 61 57 58 1.4996721623731026 8 396 6 5748 2 490 1 6061 4 513
2962 -0.90664199239130672 -2.2947027673821405 10.090712691743388 154 160 172 1.5940307430762433 8 386 6 5749 2 470 4 4750
2963 11.471325880449076 -4.323930253280392 14.713498062402419 108 110 117 2.0083457341189428 5 4114 6 5753 2 597 1 6136 7 4165
2964 1.3825281419802053 -1.9721905182514714 5.6623045759333079 61 63 68 2.3694596846404354 8 452 6 5756 2 577 1 1348
2965 -0.18642578730142217 -1.9187269870575616 6.6810708901716556 35 39 42 0.46287925227729937 8 5009 6 5757 1 6109 4 663
2966 12.962805811902287 -4.1184888053298163 13.251693182897615 103 98 95 1.0509825487493185 8 5018 6 5773 4 646
2967 0.3116236848565756 -1.8768946778105622 6.7955076392794513 156 143 134 0.37019609868766862 5 4110 6 5784 2 584
2968 11.594806421312001 -3.8163917032442884 13.766896853215039 20 14 16 0.75739627902705331 14 912 6 5808 1 1427 11 8679 7 6531
2969 11.594806421312001 -3.8163917032442884 13.766896853215039 20 14 16 0.75739627902705331 14 913 6 5809 1 1428 11 8680 7 6532
2970 0.092632750231306626 -1.7191146387027938 6.5621693885601395 99 95 92 0.7495286502290015 8 5087 6 5820 4 819 14 3651
2971 11.607448903115987 -3.7481378350027192 13.930585421858042 131 123 120 1.0799875278547115 14 4265 6 5821 2 739 1 6244 4 4870 11 10580 7 8232
2972 -0.27365202466878624 -1.986973921745725 9.5732081468531387 148 146 147 1.254890935521447 8 5069 6 5825 2 591 1 6145 4 657
2973 1.2833324386399396 -1.7267612017226475 5.5875750283126049 90 85 79 0.77308537445523251 8 594 14 3692 6 5828
2974 1.2833324386399396 -1.7267612017226475 5.5875750283126049 90 85 79 0.77308537445523251 8 595 14 3693 6 5829
2975 -0.0022627356776752094 -1.6755033818147269 6.5867569219478552 112 103 95 0.33245461387096809 8 580 6 5832 1 1419
2976 -0.3285776387881571 -1.9249916208201709 9.6227764032321854 154 151 151 1.4719265949079836 8 539 6 5841 2 612 4 684
2977 -0.33309619392072259 -1.920279698518143 9.5859677376297849 154 151 151 1.8104476744886464 8 540 6 5842 2 613 1 6161
2978 -0.92171255545499053 -1.8714244671827902 9.8782160852102283 151 142 145 0.33952903161022924 8 544 6 5852
2979 -0.38539038328324748 -1.867171505699434 9.5766842267852272 148 143 144 1.4990749678332418 8 570 6 5859 2 625 1 6178 4 708
2980 -0.43444622514238102 -1.8665490046980333 9.6438312846020651 155 151 152 1.4531275050153174 8 5101 6 5862 2 624 4 707
2981 -0.89392403783004504 -1.8287951295610918 9.8757291616693994 155 146 149 0.12177789092720789 8 5100 6 5866
2982 -0.12760967918365099 -1.8654104433567114 9.4498792730217076 104 95 90 1.3102889108989562 8 5105 6 5870 2 635 1 6191
2983 -0.49102087660755744 -1.8207097846278393 9.636876814733073 134 129 125 1.5597766874855594 8 596 6 5878 2 634 4 724
2984 -0.17379257911364002 -1.8312825986805719 9.5059226128269287 157 152 149 1.2406129467796987 8 5111 6 5888 2 652 4 745
2985 -0.17659568732146158 -1.8271334400540837 9.4662855005296809 157 152 149 0.94501897384484679 8 5112 6 5889 1 6202
2986 -0.23295973226881747 -1.8214418421574972 9.5086986897330927 156 148 145 1.3009163518634115 8 5110 6 5892 2 650 1 6199 4 740
2987 -0.435100512185566 -1.8020705397553136 9.6355957307877294 158 153 151 1.5322221315994295 8 5115 6 5896 2 645 4 736
2988 -0.45155967090448812 -1.7998703576533792 9.578580755930842 158 153 151 1.7797036040561736 8 5116 14 6306 2 646
2989 -0.38040415583107884 -1.8022119741218825 9.5649242617968362 149 144 141 1.6094606329265833 8 5120 6 5898 2 648 1 6197
2990 -0.94153630601644922 -1.766457631663586 10.125801937461977 167 161 163 1.4986747446589692 8 5122 6 5910 4 4891
2991 -0.33943930341419881 -1.7602308846631687 9.5378014357708807 145 140 136 1.3854504143946285 8 5128 6 5915 2 682 4 771 1 1414
2992 -0.20407610317945196 -1.7427465022214486 9.4888041055978611 154 144 142 1.5398040382099687 8 651 6 5923 2 3899 1 9234 4 4934
2993 0.53617528461752428 -1.5232264112019154 6.0265582468969408 149 136 127 0.77462639445196868 5 4183 6 5926 2 800 4 993
2994 4.0152797290889923 -1.6602370441401404 3.7013991365395928 127 124 123 1.841023119863368 3 5994 8 799 6 5938 1 1941
2995 -0.27989276824597237 -1.7064224423984531 9.5064780303834677 159 154 150 1.2797509803110376 8 5146 6 5940 2 716 1 6246 4 801
2997 -0.41517099269197566 -1.6683895634096175 9.5597592869512429 119 109 107 1.2902505207965447 8 5154 6 5955 2 731 4 810
2998 -0.41605556987716014 -1.66688268158557 9.5411414461745974 119 109 107 1.3156843088468109 8 5155 6 5956 4 811
2999 2.686909239229851 -1.691222839390556 6.1878875739905901 91 86 82 0.92736310569008651 14 3958 6 5966 1 1771
3000 2.7912625544094469 -1.696835072188285 6.2138509819206025 104 96 93 1.7667737615389847 5 4198 8 5215 6 5968
3001 -0.50704342541253966 -1.6165425796995183 9.6099070108505629 149 144 140 1.2680816222223406 8 5177 6 5979 2 759 4 836
3002 0.5739492196172491 -1.4284425005804353 5.8801950597373782 113 100 92 1.0362282331603605 14 6279 6 5983 2 862
3003 0.5739492196172491 -1.4284425005804353 5.8801950597373782 113 100 92 1.0362282331603605 14 6280 6 5984 2 863
3004 -0.30898200122671426 -1.6030841026931868 9.4889985642513572 148 138 136 1.0734971505617656 8 5191 6 5989 4 4961
3005 -0.37180501614043843 -1.5866336171629567 9.5173510238390211 85 75 73 1.4575354016129463 8 5195 6 5996 2 789 4 864
3006 -0.3667875861955574 -1.5909192303541959 9.5625172252839743 85 75 73 1.2935756532953322 8 5196 6 5997 2 790
3007 -0.54135716690759128 -1.5567492951110986 9.5982063354419189 154 147 144 1.6161102312971278 8 731 6 6005 2 797 4 866
3009 1.2604218233483802 -1.4287631486857564 5.4879207966354446 103 89 78 0.6142776188071345 14 6320 6 6015 1 1815
3012 1.6244587609317866 -1.4673962414200807 5.7619979592198201 83 79 76 0.46821521959236634 14 3877 6 6024 2 926
3013 1.6241175429207775 -1.4675701344001992 5.7600008069811537 83 79 76 0.45845284758607169 8 5256 6 6025 2 927
3014 0.46050647811810469 -1.3638002457848328 6.2007297409629318 84 73 67 0.42832629924505877 5 597 6 6040 2 899
3015 0.46050647811810469 -1.3638002457848328 6.2007297409629318 84 73 67 0.42832629924505877 5 598 6 6041 2 900
3016 0.61244071893161145 -1.3186098471972529 5.431280403689061 164 150 139 0.35719178887194769 8 859 6 6042 2 924 4 1148
3017 0.36275585002977645 -1.3165039367110059 6.4504895774700888 111 92 77 1.2168049131261469 8 5281 6 6056 4 1107
3018 0.90867701252351063 -1.2957981519692774 5.300109925679898 155 143 131 0.64400780396596657 8 5300 6 6058 2 973 4 1190 9 6176
3019 -0.55158784817814299 -1.0997545826339654 4.7468503288024477 31 29 28 1.1940446376987603 8 5328 6 6077 2 951
3020 0.20856976839683433 -1.2628991453060641 6.4131126256166402 89 84 82 0.062913584311485263 3 3955 6 6078 4 1128
3021 0.39547615138809306 -1.2812312816141171 6.3693701610520712 88 76 64 0.33439186469172549 8 5299 6 6081 2 949
3022 0.16225112364867794 -1.2541786067463416 6.4295735184998044 70 66 67 0.50935068337046518 3 544 6 6085 1 6466
3024 0.51824725711251918 -1.2159654509545816 5.9783454457282401 69 60 53 0.3161537254368349 8 919 6 6110 2 996
3025 -0.029521285173239986 -0.9756871456618289 4.8291141514291676 121 108 102 0.54331643168331778 5 4347 6 6208 9 4132
3026 1.925676648973027 -1.1717217429881823 5.9605757524481042 132 122 112 0.85874960133189382 14 6527 6 6217 2 1136 1 2119 4 1350
3027 11.630330003340829 -2.2397063740328451 13.371442143609974 139 121 109 1.0469216175194822 14 1375 6 6220 7 4499
3028 11.620037971592994 -2.2236491818923847 13.274510867585708 135 118 108 1.4263955732773699 14 4589 6 6225 7 6750
3030 1.6146115130617065 -1.0274271814448139 5.7622972912573349 93 81 69 0.41594393530192514 5 4452 6 6294 10 7717
3031 10.084706415304558 -1.9190042072343068 14.819326364603565 177 190 206 1.5162910213850032 5 4549 6 6295 4 1219
3032 2.1101369926647107 -1.054326218520695 5.9919343112297634 125 113 101 0.67953063418621618 5 4466 6 6304 10 7764
3033 2.0584301820660942 -1.0468345771250671 6.0042245269170369 33 28 24 0.99066820654019216 14 4235 6 6307 2 1220 1 2211 4 1451
3034 10.063377128808947 -1.823082440541383 14.590167689630876 188 197 206 0.92609566055324388 5 4572 6 6313 2 1223
3035 12.21104191346439 -2.017621031562808 15.312465819867041 70 68 73 1.9463976944691708 5 1018 14 1468 6 6314 1 2185 7 6804
3036 0.39087307939185517 -0.87668682003433729 5.011001066294301 29 19 10 0.50880885082404614 5 4455 8 1243 6 6320
3037 3.1115124926679174 -1.0932916904735674 6.1960988597777273 121 104 94 0.92891914654133412 8 5559 6 6331 1 2254 14 1072 10 6412 9 6191 11 5537
3039 3.996037129045428 -1.106418513913842 3.5841063239202779 89 75 64 0.80744608307761878 3 6091 14 4326 6 6347
3040 -0.03940798675484547 -0.79017180158913325 4.797634485380792 162 143 125 0.46487256519157522 8 5603 6 6359 2 1235
3041 3.8473882557751198 -1.055846293474213 3.7984088951718715 82 68 59 0.46237115101682241 3 6128 14 4374 6 6371
3042 0.66026046809093963 -0.80791814108243776 5.1404759385600398 47 35 26 0.78394781323476559 14 6514 6 6379 2 1281 1 6764 4 1594
3043 3.3576939754261237 -0.9780430974749138 6.3189767588704857 137 123 112 0.29074991336694583 8 5637 6 6410 4 1587
3044 10.107892570533354 -1.4188672109603684 14.9178817813322 129 124 121 1.3021220433266338 5 4639 6 6425 4 1396
3045 2.4327150828454398 -0.86354421792050629 6.0399250709944665 144 131 115 0.85113504718561628 5 4578 6 6427 4 1624 10 8876
3046 0.84880404359922013 -0.60002824978198321 5.1089366406988317 167 150 135 0.51391866049278756 14 6639 6 6498 2 1406
3047 3.900255362505904 -0.79871778278646954 3.6103824798007844 164 138 121 1.8925833383427648 5 4583 6 6523 1 2714
3048 2.0150844010792355 -0.61576354698550773 5.8507649114636981 19 9 6 0.47492515341248587 8 5764 6 6528 2 1457 4 1781
3049 0.59763566387759171 -0.53160111810043953 5.2587058787557472 152 134 120 0.52982670617349481 5 1196 8 1612 6 6534
3050 3.9453461145861306 -0.7825341426735265 3.5966123851705012 48 30 16 2.192665276508647 5 4593 6 6549 1 7003 14 8246
3051 0.69958865331503728 -0.51983649268096621 5.0141847700357056 108 87 70 2.2764559268936124 14 6662 6 6555 10 9511
3052 -0.8040855472159002 -0.42940733196898906 4.6112869241652863 48 39 34 0.94427865978296377 3 4349 8 1675 6 6569 1 6916 4 1849
3053 2.1823525193458506 -0.57752663154493333 5.8859252030820937 168 158 148 0.44296346487742194 5 4695 8 5783 6 6573
3054 -1.9311235984342623 -0.33853126761469621 4.9717870647247508 112 103 94 1.7491900495602533 8 1674 6 6576 2 1414 4 1814
3055 -1.9681339172601486 -0.30569317769190352 4.9966836434778932 113 103 94 1.4362842895140968 5 4719 8 5831 6 6604
3056 5.8113944050509039 -0.63762979852029811 8.5776951134088275 26 36 48 0.98990172896660189 5 1406 6 6621 4 1799
3057 -0.72753213704070629 -0.36565955218189861 4.5874597748020012 161 152 135 0.69623072882459047 8 5862 6 6629 4 1911
3058 -1.9048379383277267 -0.22458677897697601 4.8896826036237195 57 49 46 1.5825900500400853 5 4799 6 6665 2 1520
3059 0.43284061822181602 -0.35711769738794774 4.8752531876555567 112 98 87 0.40817247225014697 8 5917 14 6723 6 6668
3060 0.057128716061758011 -0.33795448408613427 4.7098492204318374 142 125 110 0.38889600999499829 8 5927 6 6671 2 1560
3061 2.3343845591848797 -0.40976861448280655 5.5172054275791016 158 141 131 0.26252543505729647 8 5931 6 6693 2 1605
3063 -1.859264163004221 -0.14180812238940571 4.8608707612372095 116 105 101 0.29296699910166324 5 4876 1 7026
3064 3.9479582649339031 -0.5318334076528155 3.6869724637998114 37 22 15 1.9061704506008486 5 6982 6 6746 2 1702
3065 2.6969569522660946 -0.30191727683899783 5.660756069408535 126 107 93 0.77349928890546016 5 4892 6 6768 4 2062
3066 2.1905495706159348 -0.28911439148256135 5.4025111676082931 152 134 120 1.1344909467983739 8 6027 14 1524 6 6777
3067 -1.8548636987785381 -0.10010475393627237 4.843952417651991 46 37 32 1.0917664833696528 5 4915 6 6785 4 2068
3068 -1.8797479931022947 -0.078375677670401905 4.8500551033757375 94 85 80 1.5224285163663016 5 4924 6 6807 2 1657 1 2829
3069 -1.8539522408173299 -0.08000018079643928 4.8329121198272134 92 83 78 1.8270412325952616 5 1613 6 6808 1 2834
3070 1.9543641246910837 -0.21286998341017158 5.2821974449928062 55 41 30 1.2222620073284138 8 6086 6 6832 4 2151
3071 5.947266047279113 -0.18119135248343579 8.2446835304241599 68 53 47 0.85521628120061144 5 1677 6 6845 1 2913 7 8366
3072 2.1729554526703012 -0.16537937411258893 5.4014168673556266 122 100 86 0.6431360792024291 8 6125 6 6870 4 2183 10 8967
3073 5.1839205577081362 -0.02757442118863029 8.6643005615480337 103 84 75 0.71520454755105367 3 4688 8 6112 6 6883
3074 6.1635150743227989 -0.096450796315699056 8.3659438096937642 135 112 96 1.1903652222141581 5 5009 6 6884 1 2952 14 1844 4 2129 7 8396
3075 5.2406929211199493 0.0046805640879399799 8.57305668578244 114 88 73 2.4617084805576446 8 6132 6 6895 7 9425
3076 1.6436919714606786 0.054552747425791373 5.108791989849859 178 157 136 0.40211302818602901 8 6234 6 6988 2 1873
3077 0.3398739025478939 -0.05361344178834232 3.3860037504267626 15 12 13 0.63115139553011301 14 8285 6 7011 2 1892
3078 1.6198346528960954 0.095866234584926741 5.0611304549569391 89 76 60 0.30670950219727494 8 6262 6 7024 2 1902 4 2361
3079 6.0387638498603824 0.35360995672614359 8.1658770102206883 78 68 59 1.5529410132280954 5 5130 6 7064 7 8488
3080 5.3187761261978945 0.34461223200791991 7.7660070286582776 140 126 117 0.98351331399801079 14 2119 6 7069 2 1932 4 2370
3081 5.3500726802538257 0.3871888113274945 7.9424311914544559 15 8 2 0.65015360132656164 5 5140 6 7078 2 1937 4 2382
3082 0.28447254976964792 0.20101683799763823 4.6988911423633608 64 46 35 0.30131290107577524 14 8346 6 7088 2 1942
3084 3.8398155951441861 -0.05869718620576754 3.3896823719901907 18 9 4 1.6143894277341297 3 6625 6 7112 2 1989
3085 0.25517843269596757 0.28123891978192317 4.7120766093206123 13 12 10 1.4675019222482966 14 8368 6 7138 2 4781
3086 0.27297364412403874 0.1125361107814733 3.3889427326296642 36 30 30 2.5516155292299159 14 6953 6 7147 1 3317
3087 -1.8079418695263747 0.37541548935295888 4.7203487406207056 104 84 67 1.3995626085611006 5 5212 6 7170 1 7372 4 2511
3088 0.29651241528595079 0.12997020947448773 3.3752089416781201 40 36 33 0.93294423065118215 14 8342 6 7172 2 2037 1 7418
3089 -1.9269999479689426 0.39092383979774048 4.7844274326563969 140 123 111 1.3419462226835104 5 2204 6 7175 2 2014 4 2510
3090 2.1383371015615258 0.37910409312762061 5.5504364177669236 39 25 16 0.87626986516028182 14 7131 6 7177 1 7403 4 2515 10 8143
3091 2.1291006724412371 0.37639470256214291 5.5348784958221158 39 25 16 0.62144974977098077 14 7132 6 7178 1 7404 4 2516
3092 5.3688635302096159 0.64724700229253873 7.9027728495268805 91 73 61 1.339344920194866 5 5235 14 5267 6 7201 1 3334 7 9512
3093 5.4052183615055069 0.64939066679603108 7.9608872952176535 91 73 61 1.1554677185476256 5 5236 6 7202 10 8228 7 9513
3095 6.0406644508410396 0.65125792224888146 8.0985778575758403 59 49 39 1.2172227974970473 5 5234 14 2314 6 7204 7 9526
3096 5.3555378219037388 0.71032484263457829 7.917536935688239 98 78 69 0.97356328204916343 3 4978 14 5285 6 7229 4 2548 7 9518
3097 1.9366433951207527 0.46389704177880486 5.5072122921860114 28 19 12 0.74611826966570849 5 5255 6 7242 10 9112
3098 1.8599831640976978 0.47574503262508172 5.4822847144679567 111 96 86 1.3468417886202466 5 5264 6 7246 10 9113
3099 1.9578804604845881 0.49976225257406759 5.487758087965652 104 93 87 0.64264987764360293 8 6467 6 7263 4 2613 10 9120
3100 1.9578804604845881 0.49976225257406759 5.487758087965652 104 93 87 0.64264987764360293 8 6468 6 7264 4 2614 10 9121
3101 -2.0107054127209363 0.48949311565532128 4.7620427997290653 35 30 27 1.109773711054195 5 5291 6 7269 2 2112
3102 5.311983014399023 0.78479352803077607 7.6838956765229893 133 119 110 0.73751057626297412 5 2361 6 7297 7 9536
3103 5.3005823385614139 0.78785317023927615 7.6688536901859061 133 119 110 2.1430064119359709 5 2362 6 7298 1 10068 14 8549 4 2615 7 9537
3104 1.8282851024611317 0.53834502327177969 5.4220636691488275 101 88 79 0.92480978188046281 5 5307 8 6502 6 7306 10 9124
3105 2.8829823123760323 0.52036777228621511 5.369083421621764 63 45 30 0.30490469175676993 3 6826 5 5308 6 7317
3106 2.620868427556482 0.56054005333198331 5.4096992815724807 44 23 6 0.25135938888806053 8 6532 6 7331
3107 -1.3989475241658247 0.50699217477102887 4.4862383312699228 51 40 31 0.85687999914012358 8 2796 6 7340 1 7529 2 4877
3108 -1.3989475241658247 0.50699217477102887 4.4862383312699228 51 40 31 0.85687999914012358 8 2797 6 7341 1 7530 2 4878
3109 2.1480488992735172 0.61681255361981169 5.543251172104469 33 20 11 1.1097787991394525 5 5350 8 6536 6 7359 10 9140
3110 -1.0884655287805667 0.50832385673823266 4.4360744845825248 82 66 53 0.54736885005588998 8 2820 6 7363 2 2202 1 7556 4 2703
3111 -1.4416349166182403 0.53575157979203025 4.5223791126560338 100 87 78 0.943335356218862 8 6565 6 7369 2 2214 1 7554
3112 -1.932167800644689 0.62580334471833921 4.6871450460598325 57 40 32 1.9719612948596383 5 5427 6 7405 2 6672 4 2749
3113 -1.6273701606835262 0.60980537065900864 4.5604827612945638 122 106 93 1.7678331813260639 8 6624 6 7415 2 2273 1 7611
3114 -1.6274114831460342 0.60996974962737338 4.5617797703185792 122 106 93 1.5091203330612555 8 6625 6 7416 2 2274 1 7612 4 2757
3115 -1.423854080674686 0.62483693401024454 4.5571154320684659 82 66 55 0.98304526914842505 8 6636 6 7433 1 7620
3116 -1.1642369955191569 0.61759760289345622 4.4670151748399407 137 120 104 0.96455706201819857 8 2965 6 7441 1 3674
3117 -1.2309342268199173 0.65834730344005743 4.4778211595640611 143 122 105 0.52882623308649401 8 3005 6 7474 2 2326 1 3713
3118 -0.99008173731406046 0.63508294883686323 4.3738745097131861 72 56 41 1.0930470078802823 5 5488 6 7475 2 2327 4 2814
3119 0.41419203384776854 0.65961076729929558 4.6154228606440411 110 91 74 0.56102910799671835 3 6915 6 7476 2 2325
3120 5.3866157243865329 1.194264926600924 7.8256551786711812 81 65 52 1.6642041570197492 14 5464 6 7482 1 3717
3121 5.3866157243865329 1.194264926600924 7.8256551786711812 81 65 52 1.6642041570197492 14 5465 6 7483 1 3718
3122 0.46464999957569358 0.68838442642087438 4.6363398353297089 172 154 140 1.056433479428853 14 8562 6 7490 1 7674 4 2839 9 7125 13 9019
3123 0.46464999957569358 0.68838442642087438 4.6363398353297089 172 154 140 1.056433479428853 14 8563 6 7491 1 7675 4 2840 9 7126 13 9020
3124 2.3064548451226208 0.88302180957959087 5.4869935669415684 51 40 34 1.1763506714213983 5 2633 14 7394 6 7527 2 2358 1 7713 4 2879 11 13398
3125 2.2996042017561891 0.87911834023038804 5.477278476538312 51 40 34 1.162093027252592 14 7395 6 7528 2 2359 1 7712 4 2878 10 8265 5 2632
3126 2.264498287718284 0.89098379879919498 5.504338434632313 47 34 26 0.53504406739457333 5 5542 6 7533 4 2883 10 9186
3127 2.4626681437626408 0.89089269844316499 5.3905302240057882 105 91 80 1.5566553069672158 5 5548 8 6718 6 7542 2 2379 10 9191
3128 5.3463993797504301 1.2989997985996398 7.4865600493672737 83 64 47 1.2837367625140907 14 5534 6 7562 1 7736 5 5569 4 2897 7 10252
3129 5.4011717148717002 1.304597362190975 7.4876418392853079 143 122 105 0.81147684450822044 5 5574 6 7567 7 9626
3130 3.9081758409522456 0.48721498905183702 3.3154970768526897 142 132 120 1.7782929051594438 3 6934 6 7578 4 2943
3131 2.4064444896909261 0.9461807367171895 5.4409835686790657 106 92 81 0.84281143467464947 5 5585 8 6746 6 7579 1 3872 14 5509 10 9195 11 12087
3132 -0.74014178269776199 0.74253379132725628 4.296188506047586 166 145 127 0.78226476675974155 8 3136 1 3877
3133 2.3229717060048194 0.97735767755989278 5.4735697746875758 29 17 9 1.1844725195831509 8 3131 14 7442 6 7599 5 2711 2 2422 1 7764 4 2944 10 9204 11 13417
3134 -1.256494875929826 0.79800802531092496 4.4486964359970678 155 139 128 1.0734908749165188 8 3173 6 7602 1 3897 4 2945
3135 2.2575340743157688 0.99560315136949018 5.468140258002248 55 41 32 1.280722754089801 5 5611 8 3158 6 7606 2 2435 10 9209
3136 -1.9591780529299498 0.86016258943477097 4.6547053410946067 53 40 34 0.82546839008779505 5 2750 6 7609 2 2459 4 2953
3137 2.4401712054474523 1.010529743358997 5.420031614272057 70 53 43 0.8834430863844801 14 7454 6 7619 2 2454 1 7787 10 9214 11 13428
3138 2.4931953531672137 1.0033294228788521 5.367721021375516 79 61 47 1.1700676698279051 5 5622 8 6790 6 7623 2 2455
3139 2.4830937621750224 1.0000187889660999 5.3461671003356273 79 61 47 0.92274530253018805 5 5623 8 6791 6 7624
3140 4.0654722279673212 1.1953662917709591 6.286373073001724 36 24 12 1.5131801310452182 5 2754 6 7636 7 10251
3141 2.5091424088797347 1.0259639577160973 5.3441865437934606 100 84 71 0.94190008236116141 5 7522 8 6808 6 7658 10 9217
3142 1.2713769246190718 0.92082885005657555 4.7456159888043219 170 149 124 1.7868153859662885 5 5659 8 3259 6 7672 2 2483 14 8659 4 3024 10 9846
3143 2.3495463699271171 1.0583156398329425 5.3869596541767431 57 40 24 0.56321657939686931 8 3261 6 7674
3144 4.1714038774741384 1.4367532456247889 6.7778431643255193 147 119 98 0.82246698684549713 8 6875 6 7725 7 10651
3145 -1.8365332916805548 0.98381827937169331 4.5762586443256374 113 94 80 1.7416176047143306 3 5382 5 5750 6 7744
3146 -0.97065022922064159 0.92846700349375699 4.310905427601937 59 41 25 0.4252037324090055 14 7480 6 7745 2 5148
3147 1.2657956047819954 1.0537527099991029 4.6673597408704781 111 101 92 1.3055217511920489 14 7546 6 7777 2 2600 11 13998
3148 2.2665782802955761 1.2701057103110391 5.4225624260504555 61 47 38 0.59581094115100475 5 5780 6 7816 10 9257
3149 5.989690849493484 1.820009957485188 7.7197931581336867 99 80 65 1.8699960595947509 5 2957 6 7817 7 9708
3150 0.44907415957663227 1.0778638930163638 4.5377074954804479 168 145 129 1.5537330993688667 14 8719 6 7836 9 8333 13 9094
3151 -0.97235929930559428 1.0305580602681643 4.2517299908642228 51 34 18 0.87010802726320058 14 8724 6 7851 8 7019
3152 2.7129601134575272 1.2775772021214538 5.1734471818695189 109 80 56 1.7884517840407455 6 7855 10 9271 11 12968
3153 1.27705224755819 1.1573299021335726 4.675237054980709 89 63 38 1.6155806184850492 14 7590 6 7865 11 13785
3154 2.437365618001933 1.3319296714196658 5.3210727701066878 46 32 21 1.9833141257888816 5 3037 8 3549 14 7597 6 7873 2 2659 1 10334 10 9276 11 14008
3155 -0.9246832320738867 1.058067991781126 4.2141763716890219 158 131 110 0.079178227396042383 8 3602 14 8741 6 7891
3156 2.509920970869711 1.3661986010364824 5.3145185745578551 76 58 42 1.5216859613458529 5 5845 6 7897 2 2683 10 9281
3157 -0.038786036372266797 1.1011333856780281 4.2884571888848404 83 67 52 1.3297292617226133 5 5859 6 7904 2 2705 9 7328
3158 -0.95711092767435213 1.121611402800466 4.2424723716557731 144 123 102 1.129277820231146 5 5903 6 7949 2 2757
3159 0.34252170384988717 1.2032140642036881 4.4734700482274921 94 76 62 1.3847563889078192 8 7094 14 8772 6 7950
3160 2.375987235959744 1.4437716044996212 5.3291838453438043 86 68 55 1.0863919737351366 5 5886 8 7078 14 7651 6 7953 1 8029 10 9903 11 13498
3161 2.3434537306563241 1.4642327755797586 5.3187603135567771 140 126 113 0.91548716115349393 14 5878 6 7966 10 9907
3162 -0.0063725202666619074 1.2485780769603501 4.2668544620898583 149 132 118 1.061283963190981 5 5974 6 8025 9 7393
3163 -0.65075649268760549 1.2532610530754971 4.1824980767837303 151 135 119 1.2837599818074474 5 7779 14 8848 6 8075
3164 1.518799364355347 1.3026704590062808 4.0582034699501808 131 121 120 0.61664850752624245 14 8845 6 8126 1 4547
3166 12.708075079045683 -7.7740840101275639 15.186462696359152 120 132 148 2.3394188067886232 8 7884 6 8703 2 3553 4 4485 1 8844 11 10393
3167 -0.55904675277799898 -3.9549209768376596 10.264314883150792 128 135 145 0.97610128637904514 3 3601 8 4788 6 8725 1 5575 4 4491
3168 12.793592427145089 -7.1178085256548407 15.246494986029548 104 108 119 2.2044291225203825 8 7886 14 283 6 8729 1 5718 2 189
3169 12.984767863815158 -6.9617444326315479 14.996871649246922 100 104 115 2.0153135247889513 8 7888 6 8736 1 5747 4 150
3170 12.442918050359005 -6.7634595590246764 14.953311262849542 165 181 194 2.627301267768142 6 8740 2 237 1 5757 4 4558 7 6424
3171 0.087722196435530642 -3.487931570174013 9.8207627055843805 61 62 66 0.69361728924586452 3 3631 8 4838 6 8760 1 8884
3172 -0.36474811270281349 -3.3927127244986721 10.091870240151687 130 131 136 0.69122711333814835 8 7902 6 8765 1 8889 4 4579
3173 -0.23972620272552361 -3.3900315911701906 10.007737055592616 59 62 69 0.74020309855994337 8 7903 6 8766 1 8892 4 7394
3174 -0.80985814516008769 -3.3502320836827151 10.528022366927644 111 119 130 0.65243163271936844 8 7906 6 8774 1 12300 4 9187
3175 0.89218846104006277 -3.4646759858706373 10.155057488223319 125 121 122 1.8786066561924368 5 3998 6 8778 4 4601
3176 12.533777152859123 -6.0354411576372362 14.878022024630052 97 99 111 1.6135988921434996 14 469 6 8779 2 354 4 4621
3177 0.090047429406581947 -3.1917408203221247 9.7069090540174763 45 46 51 0.54936896526225909 8 4871 6 8785 1 8939 4 4619
3178 1.0171148305726789 -3.3366985912599518 10.088626427364042 147 143 143 1.2568188947523193 3 3658 6 8798 1 8961
3179 0.075736797080608598 -3.1184584617896536 9.7789357878618315 89 89 92 1.9654024533760892 8 4882 6 8803 2 5929 1 11027 4 7417
3180 1.0473955362523228 -3.0928234208835805 10.048445080517151 50 50 58 0.84055812177786693 8 4906 6 8825 1 5910
3181 12.565937932218576 -5.2284090212185177 14.374987403226331 39 45 57 0.55897289396310734 8 7943 6 8831 2 3753
3183 12.025642405288478 -4.3849853924433821 13.3205821422718 116 111 111 1.0716350874470308 14 4121 6 8885 2 580 1 1260 4 524 11 8626 7 8199
3184 12.064676719329068 -4.3949855410436056 13.36304356145795 116 111 111 1.1101810593717651 14 4122 6 8886 2 581 1 1261 4 525
3185 -0.23754874268556281 -2.3632202863468299 9.5916603350220395 51 52 57 1.6117698280103734 8 7972 6 8895 2 3757 1 9116 4 4759
3186 -0.57273869804944066 -2.3306708568167296 9.731685737198152 70 70 78 0.44900852731435381 8 7971 6 8897 1 9111 4 4751
3187 11.511855740976907 -4.2834681837515465 14.234467558984443 117 115 120 1.7340884196072601 14 4144 6 8911 2 599 1 6139 4 4792 7 8203
3188 11.464588326593121 -4.2942341864485991 14.51245945628297 57 57 65 1.4523797439390425 14 4145 6 8913 2 3848 1 9187 7 8205
3189 12.317484291112859 -4.1066615221817084 13.138499765309518 132 124 122 1.0709162684010272 14 4190 6 8931 2 3878 1 9207 4 4830 11 10559 7 8219
3190 -0.63316319643915908 -2.1993811160971934 9.7781023030428464 128 126 131 1.7583191975320631 8 7992 6 8934 2 3784 4 4782
3191 11.876884894533532 -4.0597565812217189 13.456393392882511 131 126 123 1.1115143702216146 14 4187 6 8937 2 3875 1 9204 4 4825 11 10551 7 8211
3192 11.876884894533532 -4.0597565812217189 13.456393392882511 131 126 123 1.1115143702216146 14 4188 6 8938 2 3876 1 9205 4 4826 11 10550 7 8210
3193 0.6612062682732236 -1.8022563872432553 5.4689638333699548 121 117 116 0.62418850421034788 8 8028 6 8942 2 6076 4 7606
3194 11.725901730107561 -3.9810041817803006 13.603934388217091 114 108 108 0.65050071103740414 14 4205 6 8948 4 4837 11 8662 7 8215
3195 -0.51883799100331185 -1.8846909904733198 9.617796056173896 83 79 80 1.2428190240676751 8 8051 6 9003 4 4865
3196 1.7636253126828678 -1.7621618874395939 5.9486467038115132 152 140 128 1.0840506591943828 14 6290 6 9006 2 752 4 940
3197 1.7696635777906886 -1.7662921332938259 5.9613742831797731 152 140 128 1.5002864007355539 14 6291 6 9007 2 751 1 1574 4 939
3198 -0.2428251499371768 -1.6252223851225323 6.7871265140852319 137 126 120 0.96660404635743191 8 8081 6 9009 2 6107 1 12434 4 7632
3199 1.6978631186772355 -1.7449098271355505 5.9317225031550889 147 135 123 0.95765798260050217 14 6288 6 9011 2 756 1 1587
3200 1.6978631186772355 -1.7449098271355505 5.9317225031550889 147 135 123 0.95765798260050217 14 6289 6 9012 2 757 1 1588
3201 1.6023534859665041 -1.7159284498036598 5.8565924452569265 149 137 125 1.6244847543750542 8 8092 6 9020 2 771 4 957
3202 0.55420599149616256 -1.5882631860044865 5.6931822285221632 168 163 160 0.28967168026647372 8 8093 6 9024 2 3915
3203 1.6878321356292434 -1.6705866140724532 5.8987410980014268 146 134 122 0.80328690820954962 8 8104 6 9045 2 813 1 1669 4 1003
3204 2.0269064661653018 -1.6844430307834823 5.9760446444347419 100 85 74 2.5032765887406248 8 5178 6 9057 1 6391 10 9471
3205 2.3302203094010348 -1.7183037900166724 6.1836563912965392 149 133 120 0.70263121710863596 8 8115 6 9059 2 853 1 1720 4 1023
3206 2.0180352963561545 -1.6071968757912733 6.0287555259496646 157 141 126 1.0485469809409751 8 8140 6 9074 2 882 1 1757 4 1068
3207 -0.38766835713473224 -1.4003956569583553 6.6351642133417634 146 136 127 0.39875183632093769 8 746 6 9083 2 810 1 6358 4 988
3208 1.11283343759491 -1.3978982527154593 5.4196352316963772 138 124 115 0.868780858947799 8 5264 14 6313 6 9109 2 917 4 1137
3209 1.1115940479195565 -1.3982598794501171 5.4163926801030682 138 124 115 1.0701312772690226 8 5265 14 6314 6 9110 2 918 4 1138 9 6143
3210 3.0838343948002565 -1.6300713701542815 6.2905563801316715 105 100 97 2.0868865146355238 14 4058 6 9117 10 7710
3211 2.3108135940946228 -1.5138164756907369 6.1146806163206433 150 132 115 2.305570533188142 5 6662 6 9133 2 967 4 1131
3213 2.5977383833397929 -1.4872144212725855 6.2078723037605403 119 103 87 0.30504327061193609 8 5304 6 9169 4 5124
3214 2.2824875404096656 -1.3969947749756966 5.9919500504106527 46 35 29 2.2105783901749949 5 6693 6 9201 4 1216 10 9499 14 6476
3215 -1.3610817940964088 -0.96852538327401538 4.897881270208833 109 103 103 0.56744155633285087 3 4018 6 9213 4 5178
3216 -1.2971691479891092 -0.96584768046559033 4.8772622695000347 104 96 93 1.1342921449948631 8 8241 6 9218 2 4070 1 9437 4 5182
3217 -1.2971691479891092 -0.96584768046559033 4.8772622695000347 104 96 93 1.1342921449948631 8 8242 6 9219 2 4071 1 9438 4 5183
3218 1.9022843572456578 -1.2887445458673152 5.9945983864249177 103 94 85 0.1443431486425929 8 5374 6 9226
3219 1.8709093475214478 -1.2821854140115871 5.9264705321319679 103 94 85 1.2983045302701501 8 5375 6 9227 2 1072 10 8741
3220 -0.12125617384248488 -1.0450646803968104 4.8145498934988806 36 32 33 0.43019803736427498 8 8250 6 9228 2 4109 4 5200
3221 2.8829585025526687 -1.3379918076044746 6.1449243640171369 124 110 99 1.3014273136739569 5 4341 6 9240 2 1104 1 2084
3222 2.8222786665110684 -1.2702615529005035 6.1162236006555286 145 131 120 0.97268565440247667 5 6741 6 9256 2 1141 14 4204 4 1338
3223 11.603761896811672 -2.1793256875707359 13.18353394862247 142 126 113 1.0104625203833839 14 4599 6 9275 2 1186 11 8884
3224 3.9180410465045385 -1.2339868042718898 3.7717327405337939 147 120 101 1.5040161689199052 14 6578 6 9277 2 4228 4 1575
3225 1.9357469406649179 -1.0603536110332565 5.9240723564492601 131 118 109 1.3751987553076244 14 8093 6 9303 2 4198 1 9545 4 7849 10 9538
3227 1.7180847110449324 -1.0105810876934118 5.8200379961794715 137 124 115 1.759545349326783 3 6255 6 9310 2 1210 4 1456 9 6293
3229 1.6327854893549771 -0.98962250378285355 5.7777108268533324 175 160 148 0.99319486141349567 5 6789 8 5546 6 9322
3230 2.7067529229792684 -1.0741884900145142 5.9773471150902084 158 145 132 1.5632045292814865 14 6629 6 9326 2 4225 1 6716 4 5273 10 9562 5 8351 11 12593
3231 2.2427697077656319 -1.032077870454273 6.0652038329589422 47 42 43 0.5013864824490869 8 8329 6 9333 4 1476
3232 2.238468257649469 -1.0325096964359219 6.0583407633085633 47 42 43 1.5719067125384534 8 8330 6 9334 3 7630 2 1233 1 2227
3233 0.27588355951742843 -0.84386244831314816 4.959693959398134 41 32 23 0.66012790979934444 8 5578 6 9342 2 4210
3234 3.0631135134507099 -1.0730702733880744 6.1687688677844523 156 140 128 0.95129513609060823 3 6249 14 4387 6 9347 2 1257 1 2264 4 1504 10 7835
3235 0.42731879534878608 -0.84278993620373821 5.0184548317118987 142 123 108 0.74333297284163535 14 9006 6 9351 2 4222 1 6725 4 5307
3237 1.9563678448049693 -0.88148191465572756 5.9257053463724709 37 34 31 0.9287556783638925 14 6646 6 9378 2 4267 1 6775 4 5330
3238 2.7064620757646396 -0.91981387713264851 5.944821070963231 152 136 121 1.0143838729360335 5 6841 14 6692 6 9386 2 1316 1 6795 4 1608 10 8861
3239 3.9618749504369628 -1.0106929765086854 3.6765245703723375 141 117 106 1.5016982196000241 3 7565 6 9387 2 1371 4 1768
3240 2.8098695086496464 -0.91608890424447453 6.0038621173489526 160 143 127 0.76807092830672896 5 6847 6 9389 4 1611
3241 4.0928491109955667 -0.95648403160799622 3.4799074907656169 164 146 133 1.9498434117988683 5 6784 6 9410
3242 11.60506502350089 -1.3004594828516292 13.154266398608845 151 135 119 0.89790599711958163 14 6909 6 9437 2 4345 1 9651 4 5311
3243 2.4278011342119323 -0.75302727708005035 6.0139453167668595 145 130 111 0.60771056047727101 14 6735 6 9440 2 4334 1 6845 4 5413
3244 2.4278011342119323 -0.75302727708005035 6.0139453167668595 145 130 111 0.60771056047727101 14 6736 6 9441 2 4335 1 6846 4 5414
3245 11.652958998886714 -1.2834398467650519 13.051483857782564 135 119 106 1.218275959819797 14 4739 6 9443 1 9658 4 5319 7 8411
3246 1.8384410414724468 -0.6937591026606138 5.817237908713909 30 25 24 0.84135009302396013 8 8452 6 9447 2 1383 1 6854 4 5431
3247 0.63406829521779251 -0.53224232796756377 5.1307418620130827 127 109 95 0.41859345941187009 5 4656 6 9489 2 4377 4 1806
3248 2.1179078523321317 -0.59676814379377541 5.9060536646602877 28 24 17 0.88482645982883545 3 7730 5 6924 8 8479 6 9493 4 5490 9 8688
3249 2.7104600562050476 -0.601920174715881 5.8776483501921311 140 131 116 0.52185613816176313 8 5790 14 6810 6 9514 2 1495 1 6948 4 1831
3250 -1.8679216624170054 -0.28087114695483906 4.9171212171145129 47 42 38 1.9302653493211637 5 4740 6 9555 2 4410 1 9731 4 5538
3251 -0.96741574853302525 -0.28801412193283971 4.5596483638793464 120 112 105 1.8422581954548753 14 8081 6 9597 1 9793
3252 -1.0055297883839984 -0.26614888408548248 4.5894334054201309 42 32 30 0.97960761854757583 14 9633 6 9603 4 5612
3253 2.1199601543511424 -0.37075397410444266 5.3703630109964422 158 141 131 0.9307376485164417 5 7013 6 9622 2 1625 1 2798 4 2006
3254 2.5376481096315797 -0.37830130427752284 5.6124347828140637 142 128 119 0.92833748666174809 5 7019 6 9625 2 1632 14 4677
3256 -2.0162718177093462 -0.10423355616741398 4.9545855110942743 49 41 38 1.4786942165597741 3 6592 5 7064 6 9663 2 4524
3257 5.3053768720074599 -0.19339780283960345 8.2939537449733258 28 18 19 1.6597728011571746 5 4962 6 9704 2 1717 4 2036 10 8117 7 10091
3258 5.3984706292077638 -0.19743295542052797 8.2657117411980838 32 22 22 0.59324905906662107 14 6986 6 9709 4 5649
3259 0.59050058769007552 -0.18405466044249816 4.8928793166151667 40 31 24 0.73909508625270803 14 8259 6 9712 2 4593 1 7122
3260 0.93862518222857783 -0.17099589908785928 5.0456470496925734 150 128 105 0.55535863221987392 8 8671 6 9727 2 1731 1 7138 4 2155
3261 1.7328874937180192 -0.14464625064188702 5.2166971285931929 103 83 59 0.68700092018277537 14 6899 6 9760 2 1781 1 2970 4 2200
3262 6.0055101616173321 0.080218145994497281 8.1760102662074896 142 132 122 0.71229427122992128 5 7161 6 9824 2 4665 14 7061
3263 5.8187359207027107 0.17489713855161451 8.0939799706199675 147 135 123 1.7207545498479315 5 7182 6 9844 2 4681 14 8428 1 9927 4 5770 7 9461
3264 5.5173024898840426 0.22698860237024168 8.205016499187435 19 13 13 1.0297014427412867 5 7187 14 5095 6 9857 2 4687 1 7247 4 5775
3265 5.51015954806096 0.22499054776672775 8.1958051085893739 19 13 13 0.94602523734261068 5 7188 6 9858 2 4688 1 7248 4 5776
3266 5.4184805347391993 0.27143902212760007 8.153977005808132 83 70 61 0.91754155934823578 5 7198 6 9867 4 5790
3267 5.5538326384381076 0.25157608200594361 7.9046436074723188 142 134 125 0.10849769273125955 5 7199 6 9872 4 5796
3268 -0.079732088775692905 0.14965758826210404 4.5344036036195874 155 130 111 0.37889514440479338 14 8323 6 9885 2 1917 4 2404
3269 -0.90267809185493819 0.19430397747839115 4.4725392347198341 133 109 93 0.28283061917634045 14 9186 6 9893 2 4727 1 9967 4 2416
3270 6.3003323442793846 0.39642576959682463 8.2399391276852221 157 140 122 1.3344207051248371 5 7232 6 9897 2 1943 4 5835 7 9503
3271 0.33335362737174218 0.037984274398697698 3.3437085733935281 149 137 125 0.24136792678283933 14 9193 6 9904 4 2491
3272 3.2365261026586745 0.25775311597590955 5.9333331195421328 154 128 105 0.51677822155058795 3 7891 8 8829 6 9906
3273 5.6145976029994795 0.4320675365276353 7.9336474073219589 84 63 46 0.69148095870747106 5 7244 6 9908 7 10159
3274 2.1776515340477358 0.25286013731984591 5.4937831924462444 46 31 24 1.0629547472126621 14 8411 6 9912 4 2437 10 9696
3276 -1.8936996081894188 0.32591259161749409 4.773999534831848 160 133 114 1.4487791046158698 5 7249 6 9926 2 4755 4 5882
3277 2.0776275377906517 0.2950727771381676 5.5065717251593025 79 65 56 1.0191297880903072 3 6731 14 7089 6 9928 4 2460 10 9704
3278 6.3124937933389216 0.55189846408742527 8.1537545018418225 156 137 121 0.8652302542097795 14 2274 6 9944 2 2005 1 3259 4 5884
3279 6.0485551168217961 0.58674623694958972 8.1367966538895899 45 35 25 1.2354643605926783 5 7275 6 9952 2 2030 4 5897 7 10184
3280 2.0808167880768815 0.37547418864850435 5.5307124811139809 61 47 36 0.53491301763107746 14 8450 6 9961 2 4793
3281 5.95234817694101 0.60261958837093854 8.0639146732219267 159 147 138 0.71241224765932321 5 7285 6 9964 4 2485 7 8544
3282 5.8603207867859641 0.6238634632893153 7.9857650666371525 33 24 16 0.93022615224440641 5 7295 6 9971 2 2052 4 2506 7 9517
3283 2.069940514617842 0.40111851973800328 5.5536520249157082 32 22 15 1.4442654743500307 5 7279 8 6407 14 8457 6 9974 2 2050 4 2530 10 9726
3284 2.0208743677625591 0.4089816557961965 5.552469893820267 102 89 80 0.78618087880227272 5 7284 6 9976 4 2537 10 9725
3285 1.2117831233443084 0.36991162978040415 4.8747887051973757 151 135 119 1.5297353423434832 14 7114 6 9990 10 9064
3286 6.2215199354641202 0.7545335691929328 8.1215607133929222 111 97 80 1.5060409746367198 14 5307 6 10002 2 2104 1 7456 7 10202
3287 2.0368413892447275 0.4896569711336054 5.4988315055466739 105 90 83 0.64934018702450658 8 8924 6 10005
3288 5.8466264948195494 0.76891487923500279 7.9461472113523302 41 31 21 1.2080386963949639 5 7331 6 10010 2 2121 1 3427 4 5998 7 10200
3289 5.6496842687228686 0.76381928901129703 7.8923184932804658 131 112 94 0.37845050114014794 5 7336 6 10012 7 10197
3290 2.7675409872268935 0.47118917180605202 5.3901240537131274 143 130 115 1.8594366824250239 5 7322 6 10015 11 13348
3291 -1.9323382344266906 0.55594421335978783 4.6974308297448966 18 13 9 1.3784440409205363 5 7374 6 10045 2 4880
3292 -1.9338446057570051 0.55731552228674985 4.7063863730573194 18 13 9 1.7208531619302494 5 7375 6 10046 2 4881 4 6067
3293 2.5645577556790986 0.59043206681668392 5.4490070000579083 92 75 65 0.87004533763599368 14 7255 6 10048 2 2199 1 3566 11 12836
3294 -1.3255682346724988 0.52364934044443812 4.4826226254931987 97 84 76 0.65959247777223184 8 8994 6 10051 2 4892 1 7555
3295 1.3209011585953292 0.52995251749680827 4.7776648291033501 128 104 76 1.8699684882280414 14 8509 6 10054 10 9735 11 13937
3296 -1.2040929309475745 0.53605688602551982 4.4443757095126681 106 92 83 0.82146005165824931 8 2855 6 10065 2 2233 1 7586 4 2723
3297 2.2660867366064616 0.76451404536808831 5.5525279958685907 81 67 56 0.61814572045168859 14 8578 6 10111 2 4941 1 10148
3298 -1.7669667884520173 0.67255389095310325 4.6140374819696666 129 106 92 1.3664529303830029 5 7446 6 10118 2 4956 1 10149 4 6162
3299 -1.2211834659879319 0.67802469097542772 4.4714591289261829 119 98 81 0.73765995177778265 8 9068 6 10135 2 4979 1 10168 4 6183
3300 -1.2211834659879319 0.67802469097542772 4.4714591289261829 119 98 81 0.73765995177778265 8 9069 6 10136 2 4980 1 10169 4 6184
3301 -1.2681277622767078 0.72263131090286137 4.5016790642838931 16 11 8 1.8214269421108915 8 9090 6 10160 2 2362 1 7703 4 2871 9 2708
3302 -1.2733761574862157 0.71817900536372781 4.4738278563159897 16 11 8 0.82247562536800811 8 9091 6 10161 1 7702 2 2363 4 2872
3303 -0.93284565203914238 0.68781438198541789 4.3311506296479596 103 86 68 0.80391922431594998 8 9086 6 10162 2 4999 1 7705
3304 4.622893170516976 1.1625142144291567 7.0829525376852267 28 19 10 0.47207294291276791 5 5543 6 10170 4 6203
3305 0.42812617981696938 0.75817622274013796 4.6042635715278539 32 27 23 1.3481028167127962 3 6946 6 10177 1 7731 9 7157 13 9036
3306 1.2528337020233904 0.83100700535980687 4.7159566345218469 163 141 114 0.46142325429049946 8 6766 6 10200 5 5596
3307 -1.7753031498824337 0.8363412318886122 4.5854560474937012 94 76 62 1.4171129076929876 3 5290 6 10205 2 5059 4 2955
3308 -1.8272242784251742 0.86957526028224885 4.570133893448709 136 113 97 1.5149546371909812 5 7525 6 10222 2 5081 1 7792 4 6268
3309 2.4435598473106435 1.0338794952685681 5.3665266619346355 118 93 75 1.3645507612697587 3 6990 8 6818 6 10227 2 2475 2 5072 1 3968
3310 5.3782407860825066 1.5299646884845648 7.7458136296221509 79 68 62 1.6068633010290072 5 7524 6 10232 4 8437 7 10648
3312 5.3972732496703646 1.612348952473901 7.7249105882924631 65 51 41 1.3258240871772575 5 7551 6 10252 4 6311 7 10282
3313 0.78474153012033465 0.97175886621376828 4.7039442993573362 164 143 124 1.1487192833601858 14 8679 6 10255 2 5111 4 6324
3314 5.346499074635223 1.5708836996324449 7.4111981090891978 147 128 114 1.6124341140308638 3 7040 6 10259 2 2525 4 3064 7 10286
3315 2.2974400139370164 1.1454592304873497 5.425256153149868 35 25 15 1.7737071026857292 5 5705 6 10260 4 3061 10 9856
3316 3.9055902309461414 0.66566602427821508 3.2549365536317225 156 151 147 2.4168254994279641 3 8111 6 10277 1 7877
3317 -1.3937486515153121 0.97143757734936387 4.4497920364934664 144 126 112 0.94622601927200878 8 9227 6 10283 2 6810 1 10288 4 6346
3318 5.514801656608074 1.8166577761353098 7.8376659770095882 68 54 45 1.4909029530432931 5 5766 6 10310 4 6358
3320 1.2700165577533691 1.1059762415354155 4.573919302254863 161 133 109 0.83997553725242313 8 6986 6 10339 5 5800 2 2642
3321 1.2700165577533691 1.1059762415354155 4.573919302254863 161 133 109 0.83997553725242313 8 6987 6 10340 5 5801 2 2643
3322 2.3410733520206675 1.3971727387665884 5.3359770157135866 134 115 101 1.5795100570449958 5 7667 8 9308 6 10379 1 7992
3323 2.3410733520206675 1.3971727387665884 5.3359770157135866 134 115 101 1.5795100570449958 5 7668 8 9309 6 10380 1 7993
3324 0.39836276345965832 1.1918608667550141 4.488044735876521 156 135 118 2.1902080935774979 14 8763 6 10406 2 2738 4 3320 9 8381 13 9118
3325 12.86094890161259 -7.201852109110451 15.042811057372335 155 172 188 0.29718889587357733 8 9892 6 10929
3326 12.949520551732764 -7.1341270589931902 15.150287286843939 87 91 102 2.4838281179587551 14 6255 6 10931 1 8890
3327 -0.0050213094838028605 -3.6406798654124026 9.9155149606681743 98 101 106 0.89318763870613005 8 9895 6 10944 1 10962
3328 0.083664296493408841 -3.4593815915528903 9.9062614263870028 111 110 115 1.7697029827469797 8 9902 6 10963 2 5899
3329 -0.35376028411648575 -3.2764538358661075 10.057003123894329 95 96 101 0.75460193858913038 5 8165 6 10982 1 10998
3330 -0.0198725980314996 -3.2667085469249932 9.908166309117199 150 153 158 0.94742797518647959 3 7498 8 9908 6 10985 1 11008 4 9195
3331 -0.020899783308788611 -3.2666954756556117 9.9019339640643427 150 153 158 1.0206149492526515 8 9909 6 10986 1 11009 4 9196
3332 0.092121690503146947 -3.2598103393564593 9.7795159845422059 117 118 122 0.8475646950058503 8 7909 6 10987 1 11012 4 9199
3333 -0.39474206084968472 -3.1739640802160558 10.166860303200252 128 137 145 2.2996808757916805 8 9914 6 11002 2 5921
3334 -0.071837809171870853 -3.1833886356587318 9.9473616982584101 124 131 137 1.7240043309628801 3 6021 6 11003 2 5924
3335 -0.069244183477743498 -3.1688085979507443 9.90571335699134 124 131 137 1.0410176854451492 3 6022 6 11004 4 7413
3336 0.032169146533339688 -3.1794998694923398 9.86209124584032 113 122 129 0.41282724086840128 3 6020 8 9915 6 11005 1 11022
3338 0.068254681508025883 -2.6015493343427938 7.0434824271912335 43 51 62 0.52495348357665106 8 9920 6 11009 2 3646 4 7465
3339 -0.1988324287116775 -2.6513977721080964 9.8042855770238528 132 142 152 1.0032608426070964 8 9947 6 11059 1 11060
3340 11.705064427236236 -4.7332295910641138 13.875494901280678 129 127 130 1.6197966959580361 8 7950 6 11062 2 3794 4 7493
3341 11.559025039904004 -4.555784677050517 13.857808699118747 135 135 137 1.8059942554419348 8 9955 14 8045 6 11071 1 11111 11 11784 2 3807 7 9334
3343 -0.30621056814797137 -2.3033050819864394 9.7114521210708915 38 36 39 1.4818115304059631 8 9968 6 11096 2 6032
3344 12.40002989415051 -4.1486227213040889 13.114546468869202 65 59 59 1.3059411433175527 14 6558 6 11105 1 9203 11 11815 7 9350
3345 -0.30669681870373278 -2.2020873536598433 9.6100830673640179 146 142 141 1.3427944929257032 8 9970 6 11111 2 6041 1 11103 4 7531 1 9148
3346 11.795973988314543 -4.0085869264030265 13.510370133379004 36 35 40 1.0186051035595618 14 6568 6 11118 2 6104 1 11153 4 7550 11 10556 7 9347
3347 0.56146133540001353 -1.7735689773265617 5.7324543175027562 98 98 98 0.66752313764845295 14 8923 6 11128 2 6084 4 7618 15 201
3348 0.64558039211504492 -1.7203007553729401 5.4800208462832298 122 116 116 0.77021135586889011 8 10003 6 11134 2 6094
3349 0.95263715867676724 -1.7199500588415895 5.4277648482618863 100 91 86 1.4207965735983825 5 8222 14 7918 6 11139
3350 -0.54808381726800925 -1.8264055588472168 9.6629095743629811 90 84 84 1.6318211108080645 8 10011 6 11159 2 7404 4 9290
3351 1.7662959115855212 -1.6726682879596257 5.8988047844096103 145 136 129 0.98732475451119439 8 8108 6 11167 2 3966 2 6154 1 9316
3352 -0.58360702154746469 -1.6243100308067908 9.6612367369549794 161 159 160 1.6294559789826171 8 8111 6 11183 2 6134 4 7616
3353 -0.48362344938712987 -1.6319252319592652 9.6058731174913046 147 146 147 1.4912508566796534 8 10031 6 11184 2 6137 4 7622
3354 -0.48502468673713761 -1.6293487990438267 9.5720228047264992 147 146 147 1.0064956376432401 8 10032 6 11185 4 7623
3355 2.1825406181803597 -1.6232394774836643 5.9902290825816991 151 137 128 1.7143477147087463 8 10056 6 11187 4 1072 10 9478
3356 0.090106372669362667 -1.4344356852790909 6.5017777758455795 127 120 112 0.36116172362575794 8 10050 6 11190 2 6160 1 11243 4 7692
3357 2.2706501227660452 -1.5577932338969545 6.0747962954250303 153 138 127 1.1586545619529509 5 9268 6 11199 2 4043 1 6461 4 5091
3358 0.55852248311985719 -1.3751018759547311 5.8965296616533847 88 77 73 0.45833752675807582 8 8160 6 11201 2 6175 4 7726
3359 0.5547052265989405 -1.3311418957695607 5.857946525316736 136 118 106 0.50301460284079635 8 10075 6 11213 2 7471
3360 0.57014236399368046 -1.2191220374689877 5.5138756774523694 157 144 135 1.0156036807160904 8 8215 6 11235 2 7488 4 7775 4 9377
3361 0.61156588661319966 -1.202932547640436 5.5032756214803671 106 92 81 0.82033093117836353 8 10097 6 11239 2 6207
3363 -0.25125247778753762 -1.0498185217705276 4.7800219672902857 46 40 42 0.95447524365380065 8 10108 6 11252 2 6212 4 7796
3364 2.0188868310608639 -1.2030177616096964 5.9816339801470404 132 122 114 1.4427033924100066 5 6744 6 11271 2 1124 10 9522
3365 0.046898773179938402 -0.88404185172906069 4.8477661846241276 155 139 124 0.58773494636221679 8 10154 14 9597 6 11290 2 6280 4 7864
3366 4.050463371182758 -1.0917162043180946 3.5529335396416561 88 75 66 1.9973966009726609 3 8535 6 11306 2 6352
3367 10.070888343389925 -1.60237369150274 14.472909060322394 183 192 194 1.8955066790438593 5 8392 6 11312 2 6319 4 9409
3368 10.066487929328284 -1.4063551522491993 14.703736836633119 178 187 192 1.3141610198379152 5 8409 6 11335 2 6345 4 7838
3370 2.5533629111961882 -0.81679139401571632 6.0033304543756367 136 119 99 0.8061537349496678 5 8385 6 11347 4 7921
3371 2.4882051768103959 -0.71956314947087407 5.9878454205388314 162 140 117 1.0730840097327141 14 8222 6 11371 2 4358 1 9688 4 5438
3372 5.6449623417631258 -0.69886767596948851 8.8662180150079255 55 60 67 0.13499358406386491 10 8070 7 9375
3373 2.2608742151396779 -0.58290844977173772 5.9582539962548955 33 29 24 0.6053583445024121 3 8648 8 10258 6 11403 2 4412 1 9726 9 8689
3374 -0.86926573963360898 -0.38022692603732688 4.6081214026050779 148 138 128 0.84301226050616451 8 8524 6 11418 2 6398 1 11475 4 1886 3 4394
3376 2.5997798838425386 -0.51317615821480911 5.9595255797828228 41 37 28 1.2078964095988367 8 10286 6 11427 2 4454 1 9774 3 6415 4 8017
3377 0.14417677300334725 -0.38378773442178427 4.7609034544009541 27 18 10 0.57220911372620686 14 9097 6 11446 2 4457 8 10301 4 5576
3379 1.8986315961535145 -0.44674715305011492 5.3575753464677076 114 100 87 1.5442831306316303 5 8454 14 9144 6 11454 1 9795 10 10082
3380 7.8778921670085245 -0.52586493188337624 9.6796369825477164 59 62 67 0.68221574192857359 5 8490 6 11466 4 8015
3381 -2.3087004402584181 -0.21562467457469767 3.8122311521409777 82 66 50 0.19541347028404396 8 11559 2 7627
3382 0.09729538058331666 -0.23806152429202077 4.6675336089097863 41 32 27 0.31254047197423634 14 9668 6 11495 2 6473
3383 0.57370772063594644 -0.15575935131156715 4.8857783377544566 65 54 48 0.62942704013610196 5 8510 6 11525 13 8856
3384 1.3835470811425685 -0.19160434886149968 4.9383358231331975 155 140 120 0.65248655856256466 5 8509 6 11529 11 13886
3385 -1.1537815436868635 -0.073882935796469762 4.6213689272228224 137 123 114 0.551261437614747 8 11591 6 11534 2 6491 4 5725 1 9873
3386 0.078284517575899493 -0.09812483599225659 4.6529141899174542 123 106 99 0.62409252212930444 8 10363 6 11540 4 2221
3387 0.83240153247977133 -0.068614081359806262 4.9663274717851396 155 137 117 0.92156816722049506 3 8714 6 11544 9 8809
3388 3.9421669297711279 -0.30274018957536308 3.6778426899954817 122 97 77 0.6732355636947176 5 8520 4 5798
3389 5.8792847640636525 0.06737580742984739 8.2094867517140031 154 132 113 1.4711693571455491 5 9432 14 7051 6 11564 2 4659 1 9903 4 8136 7 10558
3390 5.5725609516522949 0.16990128771522334 8.2086203647960279 55 54 59 0.90360255039205251 5 7178 14 7080 6 11579 2 4676 4 5762
3391 0.30512707817018331 0.098510339509683742 4.7196316867062382 147 133 122 0.72025067063464221 14 9196 6 11587 2 4696 1 7262 4 5821
3392 2.693707552137675 0.28265966594083403 5.4762175477458763 155 138 122 0.060066675223898885 8 8854 6 11637
3394 -1.8389566027228359 0.37573958736073232 4.7486932255697702 118 92 74 1.6333324411438843 5 8623 6 11656 2 6602 4 5934
3395 5.5358803327919404 0.6063154086466882 7.8084779130385193 126 104 86 1.4730112253163397 5 8627 6 11665 1 10024 4 8240
3396 1.2556825365657396 0.34926108812907508 4.8169377945236045 29 21 18 0.41028998151056068 14 9244 6 11673 2 6619 4 8261
3397 2.285263326055599 0.48778473253675392 5.5235398566715261 48 34 23 1.3794807053988016 8 10497 6 11689 2 6630 1 11692 4 8270 10 10170 11 13951
3398 2.4288980371379383 0.49236790584252699 5.4847868150578689 59 45 36 1.2442578166758405 14 9270 6 11696 1 10061 4 8277 10 10171
3399 0.054985944808374487 0.45254204580868074 4.4671882258178046 42 28 19 0.80969249422116718 5 8658 6 11714 2 6644 4 8303
3400 0.042120935663513159 0.57797005075657548 4.4839665948355556 95 76 62 1.026666838652363 14 9279 6 11751 4 6142
3401 2.3443358942683452 0.79159194167101787 5.501797468662768 79 65 54 0.32576822321527094 5 8705 6 11767 10 10205
3402 -1.771325096407395 0.7360117095423212 4.6031385339129756 79 61 47 0.96396769017265804 5 8730 6 11778 2 7858 4 8366
3404 -1.0137734946963533 0.76364314161316516 4.3899502448024386 140 121 106 1.072216346968963 5 8759 6 11809 1 11810
3405 1.2296282285936435 0.83091809647419401 4.8007731009698427 166 135 105 0.76138744510230649 14 9342 6 11814 2 5038 4 6242
3406 -0.9725550124196416 0.78178219125889781 4.3436411239803103 60 44 31 1.0379905346780416 14 9837 6 11823 4 8416
3407 2.3435605859890027 1.0056741038012067 5.4537643998502014 117 95 82 1.4877292524554346 5 7508 8 6775 14 9361 6 11832 1 10228 4 8427 10 10218 11 13985
3408 -0.94616070665957586 0.79320896025842891 4.3249442465965711 156 134 120 0.85559381566711457 14 9841 6 11834 2 6762 1 11823
3409 5.3372304461804907 1.678743845924157 7.5094687038326997 70 53 43 1.4415184440944062 6 11897 7 10943 4 9887
3410 2.4196018244828035 1.191955542784837 5.351462332612468 30 17 8 1.6304161177916907 5 8808 8 9216 6 11899 1 11867 3 7067 10 10232
3411 -0.97540362501367972 0.96266882676621879 4.2865668262887926 85 66 51 1.4726647087210403 5 8821 14 9389 6 11907 8 6952 2 6826
3412 2.6545874570030752 1.2229047817779704 5.2791884373725155 122 106 91 1.5034332913426964 5 9636 14 8715 6 11911 1 7919 11 13465
3413 2.4059604063274915 1.2336802846782104 5.2951512590825098 53 36 29 0.64939793272109159 5 7604 8 9240 6 11914
3414 2.4059604063274915 1.2336802846782104 5.2951512590825098 53 36 29 0.64939793272109159 5 7605 8 9241 6 11915
3416 5.4197052287007788 1.8506079944308658 7.6183360028008931 60 46 35 1.4449818556288356 5 7616 6 11937 4 8533 7 10686
3417 -0.717033125814451 0.38367986950903066 0.18771200005627492 126 104 83 0.7030192639204238 8 7684 6 12315
3418 -0.24712408697187008 -3.7147907912296705 10.080648785420903 66 67 72 1.1912423210714636 8 11233 6 12384 1 12282 4 10352
3419 -1.0715405890125846 -3.8005184112411645 11.150759560199603 120 127 137 1.0520363147085392 8 11231 6 12386 4 11190
3420 0.053906355481306345 -3.6774036607147687 9.8959832947164887 109 112 119 0.90658804932530135 3 7476 8 11234 6 12387 1 12287 4 10354
3421 0.12937279386159095 -3.6505420957111911 9.8338862607005328 69 72 81 0.67816109509223776 8 11235 6 12390 1 13194 4 10355
3422 0.82622998891633714 -3.83306510689961 10.15052392134765 129 128 133 2.1072319829105615 3 8476 6 12391 2 7260 1 10966
3423 12.353169715011084 -6.5100689428959191 14.925701922940807 74 77 92 1.4305622113724066 6 12394 2 5930 7 10015 11 12635 15 79
3424 12.619675590205009 -6.4538511675990575 14.681945645693721 107 107 115 2.3975392226448733 14 7979 6 12396 2 5941 1 11024 4 9189 11 11708 7 10018
3425 -0.066686551837855101 -2.9434474035813891 9.9162454099235049 132 142 152 1.0884595497114014 8 11266 6 12443 2 8310 15 980
3426 12.460107275722162 -5.1738774363639051 14.520399412926684 82 80 83 1.470266787254662 8 9933 6 12454 1 11087 4 7470
3427 12.460107275722162 -5.1738774363639051 14.520399412926684 82 80 83 1.470266787254662 8 9934 6 12455 1 11088 4 7471
3428 -0.29527944254536675 -2.6445389331948297 9.9448137354196628 135 144 153 1.8899635207940804 8 11276 6 12464 2 7335
3429 11.791721702259395 -4.635493403877569 13.743436637393224 137 136 137 1.4773284822982808 8 11284 14 8041 6 12472 2 7373 1 11108 4 9241 11 11782
3430 -0.099218833869047646 -2.1293697340830331 6.8223952947058537 112 107 104 0.88818303954994204 8 11289 6 12475 2 7350 4 9257 1 12368
3431 12.181369145590052 -4.583982425066222 13.276185557608303 48 45 52 1.8181314722736284 8 9954 6 12476 2 7381 14 8049 1 11114 4 9246 11 11790 7 10038
3432 11.506853690953028 -4.4360874335169633 14.392634791421669 139 137 140 1.5521088310139837 14 8059 6 12489 2 7389 1 12396 4 9248 7 10041
3433 0.64481682682840225 -1.8945218018555097 5.5105228866295786 100 98 101 1.4229077365649854 8 11304 6 12492 2 7380 4 9292
3434 13.380050106289165 -4.3892772210232458 13.172427591837435 68 71 78 1.4893648184648522 8 11299 6 12493 2 7401 1 12422 14 8086 4 9265 11 11820 7 10054
3435 0.12893279241902683 -1.8633091661941978 6.5963002432830811 88 84 86 0.74883038168199068 8 9981 6 12499 2 6068 4 7580
3436 1.8578542474213076 -1.7815161472661492 5.9529250734701167 136 128 121 0.91679208032612991 8 11333 6 12515 2 7428 4 9334
3437 0.070037042904924685 -1.6415260898795592 6.5621642941462817 130 120 116 0.77880994520429503 8 10019 6 12516 1 11190
3439 -0.5330973699766729 -1.7162308472311003 9.6562698578894182 151 149 149 1.660333981295274 8 10020 6 12531 2 7418 4 9300
3440 -0.5330973699766729 -1.7162308472311003 9.6562698578894182 151 149 149 1.660333981295274 8 10021 6 12532 2 7419 4 9301
3441 4.2014870856983784 -1.4770544797146195 3.6051506078594899 91 104 113 1.5867810073062105 8 11382 6 12567 2 7502 4 7839 4 9429
3442 4.1095112706911276 -1.297360184302309 3.4244524869260111 93 80 69 1.4158406720537153 3 9181 8 10132 6 12592 4 7886 15 412
3443 4.148839007942688 -1.3006623683970671 3.4645769891512797 93 80 69 0.98603178479311293 8 10133 6 12593 4 7887 15 413
3444 4.1166364214267643 -1.2915242200887749 3.5117562181734248 103 92 82 1.2485371918973645 8 10135 6 12594 2 6294 4 7891 15 411
3445 0.029728607283677544 -0.98540830715879402 4.8609998631810303 120 107 99 0.41391769543295248 5 9296 6 12595 2 7501
3446 4.1266146259424472 -1.2607893076147854 3.4187361079920402 65 53 41 2.0354584680814511 3 9190 14 10080 6 12606 8 10141
3447 0.37773368462292073 -0.94528936478988312 5.0076190735965325 140 124 116 0.85761083867281895 14 9601 6 12616 2 7517
3448 10.170956171703304 -1.8913545934663185 14.842421838693696 73 76 89 1.4364538484430771 5 8367 6 12625 4 9383
3449 10.170956171703304 -1.8913545934663185 14.842421838693696 73 76 89 1.4364538484430771 5 8368 6 12626 4 9384
3450 -0.61189050646828624 -0.85907734396645274 8.7655556948597564 108 100 97 1.9225013224551022 5 9326 6 12627 2 6261
3451 -0.34584560353318622 -0.79845118390196823 4.7137548884120823 168 150 136 1.4458213131546858 14 10042 6 12631 2 6290 4 7877
3452 -1.1139429624699098 -0.35059257598513272 4.673204007897878 32 38 24 1.5111564581270502 5 9363 6 12698 2 7596 1 11478
3453 -1.0773354833328443 -0.33436997691315029 4.6487972383717784 93 93 83 1.2480254936178232 5 9369 8 10298 14 9625 6 12706 1 11487 4 9566
3455 1.1913060447417267 -0.12601869267050014 5.0454983342526356 156 141 122 1.2330586066785758 5 9413 6 12773 2 7696 1 11577
3456 -1.1698928781006626 -0.02667169835855223 4.6178224839210511 134 116 104 0.96146839265860817 8 11601 6 12776 2 7693 1 11575 4 8134
3457 3.9909702390902666 -0.33213448998633077 3.6577314114272377 188 167 150 1.4238759706750104 5 9404 6 12782 4 8160
3458 3.9573720434826347 -0.34196208684357809 3.4481998292018168 77 51 28 1.6781055276070744 3 9290 14 9727 6 12785 1 12721 4 8170
3459 3.832223072544017 -0.30009279518138865 3.6422367673791674 117 85 70 1.527792013179502 14 9731 6 12787 1 12722 4 9652
3460 5.9943394465190529 0.037349754817365272 8.2305033070086466 45 28 20 0.70148578949160501 5 9429 6 12790 2 6534 14 8397 1 11588
3461 5.9763809770477963 0.034177299171227471 8.205970798975887 45 28 20 0.5944216011403104 5 9430 6 12791 2 6535
3462 -1.169680820571698 0.20811581103648283 4.5640440590564353 154 135 119 0.3718224659877607 8 10435 6 12822 2 6559 4 5848
3463 5.3960066395574211 0.37964941083120674 8.0182452452858453 66 57 52 0.71551484071276283 5 9454 6 12823 4 9663 2 7730 7 10869
3464 5.3824978105531516 0.36679663052369726 7.86761418126635 144 131 118 0.87004922989067857 5 9455 6 12824 2 7732 7 10868
3465 2.4329272957972301 0.19506266404539954 5.4234238201419762 126 106 95 1.4395383409018407 14 9229 6 12825 2 7731 1 11637 4 9673 10 10385 11 13932
3466 3.7900409778478865 -0.038926991397837084 3.7303951659924235 64 59 55 0.1917503828675145 5 9445 4 9697
3467 -1.788069154803178 0.41611434470282149 4.7718125922496295 165 152 143 1.510641366302049 3 7957 6 12865 2 8608 1 13550 4 10777
3468 0.3041857165523924 0.42664214095158592 4.6034282044037766 28 15 7 1.5415960558162687 14 9762 6 12881 2 7795 1 11700 4 8287
3469 3.9284942482921279 0.1788445415744454 3.4178245225869115 130 113 97 2.3288621193062546 3 9354 6 12892 2 7809
3470 -1.2220466017877107 0.48515738586020929 4.459140411746338 98 84 75 1.2432518697683779 8 10522 6 12893 2 6642 1 11710
3471 3.9230652339310801 0.22964377362344465 3.4065938213255968 139 120 103 2.0873352974986186 3 9357 6 12895 2 6659
3472 -2.4101163897505744 0.38154482168831394 3.491294206957043 20 20 15 0.93149322569615955 8 11713 2 4890
3473 -2.4101163897505744 0.38154482168831394 3.491294206957043 20 20 15 0.93149322569615955 8 11714 2 4891
3474 -1.377174507213323 0.60738687558617477 4.5537747005624816 111 96 83 1.4182825167152238 8 10552 6 12911 2 7831 1 11728 4 6133
3475 -1.0921659755038216 0.65617510877560292 4.4397420111696126 108 89 74 0.8215146007195393 8 11740 6 12927 2 8662 1 12810 4 9790
3476 0.55814227545645489 0.70791480212752156 4.6727914563298025 140 108 87 0.63022406351349491 5 8721 6 12936 2 6705
3477 -1.8037563057860753 0.73342670967627099 4.61640755926451 144 123 104 1.5813198269610433 5 8728 6 12941 2 7857 1 12819 4 9797
3478 -0.7625350060951912 0.7079128010057546 4.3064268846662053 116 95 78 0.59630640556819248 8 11758 6 12953 1 11795
3479 5.3731283002811008 1.4282834809139131 7.8486835716698655 35 28 20 1.5424514953738819 5 9565 6 12970 7 11132
3482 -1.8678957837254762 0.92586126478578401 4.5729490184052226 61 45 32 0.84682421404643027 5 9602 6 12993 2 7922
3483 2.3297317974625789 1.1493705520264974 5.3784663958458685 103 77 60 1.2925337023052181 5 8793 8 10667 6 13007 10 10430
3484 -1.3429488140372583 0.96994093694430161 4.4273918592786892 151 134 116 0.99310006402012407 8 10684 6 13014 2 7940 1 11864 4 8495
3485 -1.0101148697648288 1.0566406318602026 4.308694519356651 150 127 109 0.90608628167646488 14 10280 6 13046 2 8758
3486 -0.084625609613024122 -3.779670709636985 10.009203421663022 105 112 120 1.5316273511197649 3 8477 6 13330 4 10350
3487 13.0122136492105 -6.6259888173621402 14.821621728096074 114 116 128 1.6710492670484216 8 12269 6 13334 2 7307 1 12316 4 10358 15 963
3488 -0.51934170890053455 -2.7393551656101875 9.9995590683949303 128 133 139 1.3266075456410842 5 9218 6 13354 1 13224 8 12282 4 10380
3489 12.606108978243617 -4.8997930147165238 13.272829841004461 128 127 132 1.4124641669393718 8 11275 6 13356 4 10390
3490 11.501957599674203 -4.3643807635959826 14.157497147500834 45 42 49 1.8435623821688356 14 9032 6 13372 2 8347 1 13260 7 10520
3491 -0.31607302594383524 -2.0405593498383188 9.5571249558307461 76 72 73 0.99681953158396619 8 12318 2 8344 1 13263 4 10414 15 1450
3492 -0.29206680096685222 -1.9534644183243552 9.5786740055056416 155 155 160 1.3755530426470128 8 12320 6 13389 2 8351 1 13274 4 11245
3493 -0.39663070504617104 -1.8364959822772777 9.6830049202864217 155 151 150 1.5898257719624134 8 11328 6 13400 2 8360
3494 -0.30324665285494096 -1.7275375383995599 9.5588489128522163 96 93 88 1.3671750762175889 8 12331 6 13409 2 8366 4 10440
3495 -0.038309714310032217 -1.4011458859527608 6.532294742797772 95 82 73 1.1731843843587184 3 8558 8 11352 6 13416 2 7450 1 12471 4 10479
3496 4.1973157729234405 -1.429364764009017 3.532154679900386 24 32 41 0.89745308149070313 8 11395 6 13435 2 7509 4 9437
3497 0.44980468233819632 -0.88502573883803426 5.0293289840114568 121 102 88 0.60629985601833536 14 10055 6 13471 2 8428 4 9453
3498 10.110719187850076 -1.5224541824078917 14.665507766863362 85 84 92 1.3460453400773544 5 9337 6 13490 2 7544 4 10538
3499 1.2728042001956845 -0.63985973557390785 5.1778331945249265 154 138 115 2.1257743157986506 14 10089 6 13523
3500 1.2628503237533224 -0.5778415745813068 5.1353717671552053 41 28 19 1.3465223595395048 8 12450 14 9659 6 13534 2 7585 1 12614 4 9538
3501 2.6723071368997573 -0.56456902577404178 5.8917477667945954 142 130 119 0.49968630860968444 8 11505 6 13551 2 8497 1 12629 4 10622
3502 4.0717047243851923 -0.7347151955104857 3.5286608566689974 108 94 81 0.85647564243386953 14 9687 6 13552
3503 2.6479422087843751 -0.49611593005961707 5.9263550146930255 139 130 114 1.147369508870709 3 9277 8 12463 6 13567 2 7624 4 9563
3504 3.8536839104130847 -0.60814569644866368 3.7278128381425346 86 55 36 0.94925434835107214 5 10066 1 12671 4 9598
3505 3.9791711124969744 -0.13269995830148437 3.8316109151546689 175 167 164 2.0575933527935315 5 10135 6 13633 2 8585
3506 5.5649830204891231 0.32714305133666288 7.8945564849735765 38 35 26 1.3685924341133717 5 10158 6 13639 2 7728 4 9658 7 11088
3507 3.7617228915204599 -0.096280587744060286 3.5050676559326206 153 133 122 1.1718206058891996 14 10156 6 13646 1 12748
3508 5.7576246642836573 0.48481560026009674 7.973657492701812 146 121 101 1.214927365835069 5 10166 6 13650 2 7755 14 9266 1 11655 4 9682 7 11098
3509 -1.2093254728138929 0.40236232961656104 4.4830934952607544 46 38 27 0.86918102051676538 8 11697 6 13674 2 8618 1 12775 4 9729
3510 -1.0320530259000367 0.39292249033589477 4.4087462273693623 76 59 49 0.89020951934998127 8 12576 6 13675 2 8619 1 13562 4 9734
3511 2.1582711260870333 0.53932185904567687 5.5512702453761209 47 36 30 0.6989375475358417 14 9788 6 13684 2 7799 4 9741
3512 -1.181485368878028 0.48635748797063394 4.4561651473118742 108 92 79 0.71096197764172853 8 12584 6 13686 2 8634 1 13576 4 9757
3513 6.2098401082262962 1.2212794087242858 8.0160877208999768 85 66 52 1.5587308665059196 5 10220 14 9344 6 13708 2 7847 7 11124
3514 -1.8243154457125288 0.77578245544312774 4.6023221106932741 117 94 78 1.4477502308912182 5 10243 6 13725 2 8677 4 9812
3515 -1.8243154457125288 0.77578245544312774 4.6023221106932741 117 94 78 1.4477502308912182 5 10244 6 13726 2 8678 4 9813
3516 5.471921718186282 1.4792534515749851 7.6502673166122559 115 96 80 0.59124060500810316 5 10257 6 13731 4 10861
3517 5.4914112492560783 1.5836287598352081 7.766273687396839 25 17 12 1.0488556155921549 5 10263 6 13740 4 11562
3519 2.1635583364842752 1.1874709924323514 5.5261507504954359 38 28 26 0.61489159483731382 5 10270 8 11790 6 13754
3520 -0.9430776543897148 0.95380768929000792 4.2835794670629248 108 87 66 2.0351939246303692 14 10507 6 13765 2 8742 4 10896
3521 5.4084007919198012 1.768314456872256 7.5240096080787717 128 110 96 1.906201454418093 5 9639 6 13772 4 9903 7 11148
3522 -1.0152181332511219 1.0042864417220847 4.3188200420958855 176 155 138 0.95861735102945189 5 9648 6 13774 2 8747
3523 -0.93744430404894286 1.1207561695592601 4.2370137441074593 155 134 114 0.97476439165643347 5 10318 6 13797 2 8772
3524 -1.0116825670605352 1.1909726819969475 4.2441341111335067 151 125 108 1.6685257065766399 5 9715 14 10536
3525 0.18840259057076947 -4.0864277594934535 9.9658663520486002 109 111 123 1.6398583250446708 3 9584 6 13975 2 8927 4 11187
3526 12.89126102939092 -6.8069353168257365 14.733251891232447 163 179 195 1.4248871521662663 1 13207 4 11196 11 13220 7 10815 15 1717
3527 -0.12643857246367071 -3.2791056468049491 9.9606825019357199 81 82 87 1.101113851106464 8 12980 6 13985 1 13824
3528 11.639317266820829 -4.6598402112434156 14.433050891687465 150 148 151 1.0989864811099768 14 9619 1 13850 4 11229
3529 11.940851382567164 -2.6335629738114674 14.934930225523365 74 70 71 1.5402266894492336 6 14050 2 9414 1 14327 4 11290
3530 4.0052710838829109 -1.3087072017329899 3.6201832826629006 145 136 129 1.9406150030145206 14 9630 6 14057 2 7528
3531 0.29143402406112234 -0.92801844371385556 4.9714292642537385 135 117 103 0.58925816433236122 8 13071 14 10374 6 14069 2 9021 4 10554
3532 -0.41524500910498352 -0.83581729502630431 4.7099895266379841 164 146 132 1.3682452881045088 8 13075 6 14072 2 9024
3533 1.1833825316137483 -0.62706924325479774 5.266204818382036 146 129 111 1.9130564268036381 8 13100 6 14103 2 8469 1 13432 4 10605
3534 2.4966287564982053 -0.43091790607130998 5.6057115940790352 60 47 39 1.1586983039797623 5 10588 6 14131 2 9081 14 10425 1 14003 4 11416
3535 5.3425260458061041 0.27265535675705443 7.7894812661691351 98 88 78 0.77094965769371382 5 10152 6 14179 2 8578 4 10736
3538 -2.318880023116181 0.32755268343671051 3.6611203381705706 142 103 86 1.6489498777414611 8 13190 2 9144
3539 -1.1879672369078782 0.63295564857290487 4.4735369122835875 143 123 106 0.52833334110126751 8 13205 6 14220 1 14085
3540 0.9118289343445698 -3.8302963468086038 10.193410893314532 128 129 134 2.0567492464703796 3 9908 2 9328 1 13815
3541 12.502249378917574 -6.1502888164941929 15.139908778176213 158 175 191 2.0268331416355885 8 13413 14 9594 6 14405 1 13836
3542 -0.17502466470901357 -1.5741903393808194 6.5918457549767675 147 134 125 0.87031045607738733 8 13436 6 14436 2 9371 1 14302 4 11832
3543 2.6385552363468592 -1.7022408947604588 6.2236586724190675 68 68 70 1.5728775402913049 3 9928 5 10779 8 13443 6 14442 2 9388
3544 11.596096941552629 -2.4738591045859089 14.184902932195172 131 122 112 2.6339297990298323 14 10114 6 14465 7 11075
3545 0.07941163514356947 -0.94332483514924059 4.8646219087222082 144 126 114 0.72493100784849507 8 13065 6 14474 2 9020
3546 2.635931750625244 -0.49988076785815305 5.648984723234225 144 135 120 0.57364583625991861 14 10424 6 14500 2 9075
3547 -1.0067310745486366 -0.26980109644772909 4.5908385671386744 35 27 24 1.3966350023714056 8 13131 6 14509 1 14001 4 11425
3548 1.5040715397987632 -0.31263603204863466 5.0695400005134044 99 85 71 0.2804311189636931 8 13547 6 14521 4 11437
3549 5.4044351280913157 0.18701153141506632 8.2118093963053074 99 71 51 1.700642094260715 5 10872 6 14546 2 9113 4 11969
3550 6.0782441843814556 0.19921788856611336 8.1767740630653414 162 150 136 0.77591003051917007 5 10875 14 10171 6 14547 2 9117 1 14404 4 11974
3551 5.3914425695484587 0.4306867072571009 7.8103437846406898 112 98 87 1.0679222059104472 5 10883 6 14553 2 9130 4 11993
3552 5.6286126590311909 0.65293947708411737 7.8424677291088321 121 100 81 1.2516588117343137 5 10896 6 14564 4 12010
3553 5.427332248638808 0.79707561309142527 8.0071489336506367 140 120 109 1.2376437174147079 5 10647 6 14571 4 11498
3554 12.930776014129643 -6.2886161270595169 14.532989529281741 157 174 190 1.6120995729709464 14 10370 6 14681 11 13904 15 1953
3555 -0.0037432962502803035 -1.9612903782689233 6.7026710788309876 134 124 115 2.1187551045978066 8 13422 6 14692 2 9662 4 12219
3556 0.73725553758548967 -0.955338002402075 5.1569517972740373 30 26 25 0.38170048408459289 8 13737 6 14738 2 9698 4 12269
3557 -1.1850020937948753 -0.086281207179125824 4.6313766465969302 127 108 94 1.8734878382655333 8 13763 6 14783 1 14620 4 12306
3558 2.0614977123799156 -0.12275201825877666 5.3420397868843041 152 127 107 1.1904718205109344 8 13766 6 14784 2 9493 1 14025 4 11965
3559 -1.1941060037764941 0.088014733625588565 4.5874328377440019 164 145 130 1.0361519869678528 8 13771 6 14790 2 9730 1 14400 4 11980
3560 -1.1941060037764939 0.08801473362558887 4.5874328377440028 164 145 130 1.0361519869678142 8 13772 6 14791 2 9731 1 14401 4 11981
3561 6.0125409372295051 0.37051378180621175 8.0853265628401765 63 53 44 0.92423750845489627 14 10178 6 14800 2 9504 1 14046 4 11992
3562 2.4648278119321976 0.27229340458962448 5.4465904316817193 109 92 82 1.1649341820501602 8 13782 6 14805 2 9741 1 14646 4 12328
3563 0.3262346790833493 0.46751677238066791 4.6054824173951348 103 84 70 0.73721155099185731 8 13604 6 14815 2 9754 4 12347
3564 13.143428455446056 -5.8205347918511228 14.605600783479975 117 125 130 1.3375502378290278 6 11006 8 4881 6 8800 2 403 11 10493 7 9323
3565 1.3131348779136771 -0.58569758474159406 5.1205958385304049 49 40 32 1.6522514795922951 8 13108 5 10558 6 14109 8 12446 14 10398 4 11390 1 13981
3566 -1.0513653121109134 -0.36317242979350084 4.6516459103702781 31 35 28 1.1008145406019512 3 6456 14 9623 6 11420 8 10284 1 11472 4 8018
3567 10.309363552179539 0.40108783301864537 9.9136071012600269 96 74 63 1.7648856328468014 8 2350 6 2806
3568 3.8097039239477812 0.34042647194559283 3.4471352086093865 167 149 135 1.2304680681362328 14 2451 6 3403
3569 3.850252437932669 0.382326174186565 3.3632320690766604 152 135 119 1.3633397797193665 14 2502 6 3467
3570 3.859318442181654 0.42404418325752657 3.3323501820673562 162 148 137 1.5882064871298396 14 5430 6 3517
3571 0.11703597743234218 0.72636132225654459 1.5459039689296787 136 113 97 0.28533620963871709 8 4199 6 4874
3573 3.7386085738376771 0.7277072464971629 3.4301114509593056 31 22 13 1.4137637847838491 14 7530 6 7752 1 4100
3574 0.11060455361362098 0.72741455386010612 1.5666381574013091 149 124 101 0.12281924385824333 8 4192 6 8367
3575 0.11278030445755011 0.73933693133957068 1.5581495432448573 47 29 17 0.056697596577373013 8 4223 6 8383
3576 4.1139926668155722 -1.0541877348391873 3.4320724700391199 99 81 71 1.4768346902037695 5 8330 8 8394
3578 3.76500799884343 0.40489305624691962 3.5082684467880401 138 128 118 0.89154742614362026 14 8584 6 10132
3579 0.10588046660759731 0.73547065529943578 1.5923789501962131 169 145 122 0.22661951166921426 8 9630 6 10711
3580 -2.3212115314889923 -0.82483568270108654 3.9656596856903343 147 122 117 0.29515317970109217 8 10110 2 6194
3581 4.109831352568631 -0.67637918132621955 3.4844568878414601 79 72 65 0.61429488570390567 5 8414 2 6453
3582 3.9151840349741365 0.84697994155553813 3.2287468652674769 157 153 146 1.6995243818600878 3 8942 6 11965
3584 3.8779499867820819 0.69558613785883494 3.3638342312839313 150 142 139 0.71609689103883356 3 9800 1 12888 4 9879
3587 1.3754010207418848 0.27384923139605855 4.8025349060682538 161 144 124 1.7111445281607305 8 13585 6 14808 4 12005 2 9743
3588 -0.36913813790397831 -4.0080409739805427 10.174036651488839 79 79 87 0.32373069749842298 6 81 1 279
3590 -0.77158354648211613 -3.745642384180444 10.398322413319871 94 97 103 0.05100417604225916 6 160 1 5623
3591 -0.17478850699077939 -3.7535562539067784 10.009006213468755 130 128 133 0.96240762186434914 6 5465 1 421
3592 -0.44434747883538267 -3.6444191413712077 10.116143140669905 133 131 132 0.65656684084984374 6 5483 1 5654
3593 -0.44434747883538267 -3.6444191413712077 10.116143140669905 133 131 132 0.65656684084984374 6 5484 1 5655
3594 -0.55035127963790109 -3.480056616832246 10.154185003769733 146 144 145 0.92168303498664061 5 37 1 504 8 92
3595 -0.22355175306227848 -3.4511946068541652 10.084117529772486 121 117 122 0.78746183001466363 5 58 1 5713
3596 -0.87359987608557432 -3.2957623587342795 10.701912759034862 74 73 79 1.2561939938254887 6 333 1 5743 4 222
3597 -0.87359987608557432 -3.2957623587342795 10.701912759034862 74 73 79 1.2561939938254887 6 334 1 5744 4 223
3598 -0.61779203157901585 -3.1668170591185261 10.04447520655814 124 116 113 0.14126573822894267 6 5565 1 664
3599 0.40918460592237599 -3.3623054925601901 9.9362433772618513 160 158 161 1.3557286801854258 3 3647 6 5557 2 230 1 5772
3600 -0.43566538699846108 -3.1669045544249852 10.083050428717092 81 77 78 0.32630974588086448 5 155 4 4608
3601 0.4541091764210366 -3.2730553548947579 9.929968837427424 154 156 155 1.4044107032552735 3 3663 2 260 1 5804 4 4622
3602 -0.82572030688857145 -2.9673820046028103 10.424459330385858 93 94 96 0.006670029624815629 8 226 1 8972
3603 0.068010236141484715 -2.5052745619853898 6.9953614913324795 54 60 74 1.108164222359169 5 4002 2 339 4 410
3604 12.478267792589161 -6.0109137057590933 15.062425706904282 192 204 219 1.375818170922805 6 8782 14 476 2 360 1 850 4 4627
3605 0.073812108421722089 -2.3660584182067903 6.9139070938096383 52 58 68 1.2510737082403594 8 284 2 392 1 969
3606 0.045406584537678207 -2.6739586017945007 9.7158261077832186 149 152 157 1.196928982511799 6 5677 8 4941 2 407 1 5964 4 4700
3607 -0.58002019978532926 -2.4297551322619269 9.9486597025672481 124 117 109 1.257604003026324 5 326 1 6007 4 4732
3608 -0.03562906795157389 -2.1220300792767128 6.7113076075980915 40 39 44 0.84539771416521747 8 347 2 452 4 559
3609 -1.0461534445203711 -2.3456337129290308 10.778725042821549 91 86 83 0.57458701870415463 8 385 4 461
3610 12.549215012571786 -5.0990922020856102 14.329619125510089 57 59 68 1.2813629954518453 6 501 8 4922 2 486 1 9119
3611 -0.4737168098049373 -2.2419270815444179 9.7058394584290557 66 55 51 0.1402170937399686 5 386 1 1121
3612 -0.4705038820070484 -2.1527206146998048 9.7019813113287956 143 126 116 1.1126396689713984 5 4149 1 6087
3613 12.324895560409967 -4.709564059232993 13.18783073061419 126 125 128 0.92030013934391253 8 7951 2 525 4 4738
3614 -0.6024225974136086 -2.1203026084912548 9.7826061616104489 155 139 124 2.3824515119335143 5 425 2 528 4 568
3615 -1.1023988664538442 -2.0848934079937824 10.590694271780013 64 49 46 0.90674746511254334 8 5039 4 558
3616 -0.22273324414640738 -2.071378682693727 9.5216117964081537 161 144 135 1.5968368660930217 8 5049 2 563 1 6122
3617 1.4166404715970142 -2.0034291458912157 5.7278540999580718 188 198 206 0.015841513707114421 2 568 1 1329
3618 -0.33650502234805546 -1.9802633581386022 9.5793419859747004 164 160 153 1.3659232991323829 8 5068 2 588 1 6144 4 656
3619 11.5658027250296 -4.2837311627220878 13.621590005204082 70 70 78 1.0510919217582606 14 781 2 590 11 8622 7 6496
3620 13.482752884776431 -4.552787434183367 13.224124328587529 192 201 209 1.0157523634381831 8 7969 2 594 1 6137 4 4794
3621 -0.99931062679048099 -1.87389025991896 10.232620457937193 74 60 51 1.9158070027026899 14 3747 2 608 4 661
3622 12.79233104259008 -4.3123394915386228 13.105591245439786 131 125 125 0.83159952831711892 6 8906 8 7978 14 830 2 614 11 5843
3623 12.983881963456405 -4.3497424613472271 13.131817193742416 82 76 76 1.0995222581709045 6 8900 2 615 1 6152 4 570 7 6517
3624 -1.0721857919853492 -1.8284762567621455 10.364430766313138 143 121 107 1.6575078018406153 14 345 2 622 4 679
3625 1.6152227255759548 -1.9007250411421068 5.9236160362539376 147 137 128 0.84727848188185739 14 3694 2 631 4 838
3626 12.193257895609051 -4.120224713240173 13.188654628024379 148 143 139 0.99379606311734148 14 4184 2 633 1 6179 4 4824 8 7995 11 8659 7 8212
3627 12.21046730260665 -4.0806858594435056 13.129982393036093 79 73 73 1.4447718840041521 14 4191 2 640 1 6184 11 5850 7 8217
3628 -0.2296590304190429 -1.8245188813385693 9.5341868078352778 162 156 146 1.3696353297947388 6 5891 8 5109 2 649 4 739
3629 12.654912640068126 -4.0439654842320936 13.033690823869879 119 111 109 1.9119106574172391 14 4223 2 671 1 6208 4 645 7 6539
3630 -0.96665048559207034 -1.6987714871566282 10.077181159165351 67 51 38 1.7308571182113854 8 652 14 6315 2 673 4 755
3631 -0.074679806438982616 -1.8004873122768636 9.4561414463484859 70 58 51 1.5598865439768244 6 5905 2 678 1 6220 4 765
3632 12.587891212996034 -3.9933823688442973 13.028966578871902 76 68 66 1.1444391565177352 14 901 2 687 1 1404 4 659 7 6542
3633 1.7658395761785588 -1.8368459426831563 5.9709703235971459 155 142 133 1.1690832687309733 6 8981 2 697 1 1512 4 4983
3634 -0.98965825896749404 -1.6579734280621106 10.149271051866213 71 54 44 1.372914153415965 14 6327 2 706 4 778
3635 12.113825731682386 -3.8406502778790119 13.21415269566282 84 79 78 0.89157798534166377 14 927 2 722 1 1443 11 8693 7 6545
3636 12.999705800313535 -3.9745708028342985 13.079816970484346 144 139 136 1.0978698761774102 14 940 2 723 1 6231 4 4862 7 6567
3637 -2.3426453490204242 -1.0267691589848587 3.8661909273604032 150 134 118 0.13700769437873433 6 5944 2 730
3638 -0.21106665003520414 -1.6900441852622266 9.4507451301495369 78 65 57 1.6602329660821966 6 5948 2 732 1 6252 4 816
3639 11.938974894821621 -3.7728178354703967 13.430688463147137 91 83 81 1.0242614387026812 14 944 2 737 1 1466
3640 12.144700716938967 -3.7139413241956025 13.194373946858517 146 135 131 0.80606221354633933 14 961 2 769 11 8709 7 8234
3641 1.5962712997836279 -1.711584633055719 5.8443744573649035 162 150 137 1.19963095739766 6 9021 2 772 4 958
3642 0.060906293663327449 -1.509505678627445 6.5306469855061371 98 88 86 0.40397785623190202 8 5165 2 773 1 6321
3643 0.060906293663327449 -1.509505678627445 6.5306469855061371 98 88 86 0.40397785623190202 8 5166 2 774 1 6322
3644 11.574693727608878 -3.6533043664577192 14.014690322177117 92 86 86 1.026743882122638 14 4286 2 777 1 6264
3645 13.027306321513077 -3.8163098848179415 13.071779039346181 138 134 135 1.7541061758266008 14 4293 2 778 1 6269 4 4900 11 5928 7 6583
3646 1.8244659013285744 -1.7263535773974696 5.9226892888984608 67 62 59 0.73219773354362283 6 5876 2 786 4 968
3647 1.8244659013285744 -1.7263535773974696 5.9226892888984608 67 62 59 0.73219773354362283 6 5877 2 787 4 969
3648 -0.25946732969648195 -1.5949642904047789 9.4536702815222231 92 79 70 1.3073352752028027 6 5992 2 798 1 6288 4 867
3649 -0.25946732969648195 -1.5949642904047789 9.4536702815222231 92 79 70 1.3073352752028027 6 5993 2 799 1 6289 4 868
3650 1.580676883135113 -1.6655091453816924 5.8071315774301917 149 137 125 1.4818500634458236 6 9039 2 801 4 5024 10 9457
3651 1.580676883135113 -1.6655091453816924 5.8071315774301917 149 137 125 1.4818500634458236 6 9040 2 802 4 5025 10 9458
3652 0.47691658802055453 -1.5177597454306866 6.1540820634940445 40 35 39 0.67825626421130092 5 4191 2 804 4 989
3653 12.465815954912246 -3.653699833018953 12.928443156768735 144 137 134 0.89648725001905583 14 998 2 805 1 6281 4 4921
3654 1.6885301880298209 -1.6706655791353084 5.8999260990061178 152 140 126 0.97349271992233044 6 9046 2 814 1 1670 4 1004
3655 -2.5912352695547045 -0.88800981043441352 3.2372723498119029 108 91 71 0.42667304963043307 6 6014 2 822
3657 1.9732620551567255 -1.687141951158305 6.0261527845206802 145 127 113 0.36149677127617214 14 6331 2 831 4 5032
3658 11.831086522979154 -3.4421417369931162 13.393948174101384 141 128 120 0.80431269950585149 14 1040 2 851 1 1607 4 802 11 5940 7 6584
3659 2.4150589463269432 -1.7039860826500091 6.2237554477929269 155 137 122 0.70443967643314431 14 3910 2 864 1 1739
3660 2.4150589463269432 -1.7039860826500091 6.2237554477929269 155 137 122 0.70443967643314431 14 3909 2 865 1 1740
3661 -2.6164890034499741 -0.82243092424600439 3.2266278544168441 37 25 11 0.94321959527152333 6 9164 1 1894
3663 0.98821215969090526 -1.4041029285715576 5.3490822936907731 150 137 128 1.5887938765895167 8 5244 2 901 9 6142 3 6110 12 10691 13 7704
3665 2.1600306064044354 -1.5699924161102403 6.0705333615004182 136 119 103 1.442627452716861 8 5238 2 919 1 6448
3666 0.98830252211670744 -1.3672961920397031 5.3744753674404571 146 133 124 0.38704403277513988 6 6033 2 925 4 1149
3667 4.1161861684192171 -1.6925413403760028 3.549322036826962 115 111 115 0.83009780447224957 14 6377 2 946
3668 -1.8176002168003969 -0.93308518254343475 5.0766113901837189 157 139 127 1.132881964937491 5 4297 8 966 1 1888 4 1251
3669 11.760798939462303 -2.9748720268948681 13.346570183350241 136 127 120 0.68975935149264722 14 4469 2 974 1 6449 11 8789
3670 11.769406425987924 -2.9761996488701414 13.355611596798838 136 127 120 0.68997936103200708 14 4470 2 975 1 6450 11 8790 7 8269
3671 -1.7294922015141359 -0.92679736138404401 5.062443813373914 155 134 117 1.5479280567181457 5 4303 6 6132 2 979
3672 4.6221751034090079 -1.6846369889723927 3.0359051771104686 100 78 64 0.35661417419151947 8 8153 2 992
3673 -1.1978652891281227 -0.96187073825593217 4.8693057292682207 142 124 110 1.0073896551847035 8 5384 2 1000 1 1958
3674 11.627831831166048 -2.8215818789773177 13.739695015162786 152 141 136 1.211891916728949 5 4325 2 1009 1 1849 4 1001 7 6633
3675 2.4789215722445821 -1.4463740732969335 6.1831453053101475 161 140 121 0.78424533761064374 14 4071 2 1021 1 1945
3676 -0.91999820725541737 -0.95372710879582534 4.7660122415801087 166 148 134 0.8282119414589495 6 6153 2 1030 1 6552 4 1333
3677 11.590765974161483 -2.6675345723059194 14.105354512619671 159 155 156 1.5307500663089326 14 1261 2 1060 1 1909 7 8289
3678 1.0092155862961332 -1.1732216380708231 5.3038234202830932 141 123 109 0.70288090476786236 8 5383 2 1066 4 1294
3679 12.110940326307654 -2.6497939098542376 13.001321917980968 52 46 46 0.93880062723959179 14 1279 2 1076 1 1954 11 8841 7 6663
3680 11.94002906775207 -2.5088502338936758 13.123846107381956 59 51 44 1.0671542800625669 14 4551 2 1102 1 6548 11 10668 7 9391
3681 12.202673766582045 -2.4971438071203194 12.908788231079686 150 137 128 0.96601180421014265 14 1330 2 1116 1 6561 11 8861 7 6714
3683 1.1026549926076574 -1.0853485694389946 5.2940475541769878 177 158 141 1.6509913514553629 14 3999 2 1123 10 8688
3684 3.4318029275167619 -1.3410772622068023 6.3747952795304936 208 213 217 1.2476255882244003 8 1060 14 6595 2 1142 1 2129 4 1327 3 485 11 11681
3685 11.51377994861765 -2.2942387301968541 13.90180816461694 71 61 58 1.1544339283290803 5 4470 6 6201 2 1145 1 6591 4 1154
3686 11.51377994861765 -2.2942387301968541 13.90180816461694 71 61 58 1.1544339283290803 5 4471 6 6202 2 1146 1 6592 4 1155
3687 4.8385738503865463 -1.4839092083770471 2.8780443950387111 101 78 64 1.7251580138747127 8 8245 2 1152 4 1499
3690 11.632865610023654 -2.2841484479414795 13.903207312746439 152 142 132 1.4908135195732879 5 4478 2 1165 1 6600 7 8330
3691 0.42735591842391912 -0.95528638054938508 6.1792516011956407 35 26 17 1.9134669977643188 5 4467 2 1170
3692 1.6398786673884203 -1.0934110271421893 5.8236928855712691 63 51 42 0.78899215164887249 14 4126 2 1173 4 1386
3693 1.6398786673884203 -1.0934110271421893 5.8236928855712691 63 51 42 0.78899215164887249 14 4127 2 1174 4 1387
3694 1.7396540028488996 -1.0856221262279415 5.8986261444367871 41 31 29 0.38077743433928884 6 6266 2 1177 4 1400
3696 12.424101992142143 -2.2933561165773977 12.730267843511324 152 139 130 0.98957068689471572 14 4603 2 1180 1 6635 7 8344
3697 11.646442698240207 -2.1871385114985413 13.226044157999921 144 126 114 1.1276663116317724 14 4600 2 1187 11 8885 7 8338
3698 1.5824709925869136 -1.0264208930380383 5.7605210258368498 79 67 55 0.66488942394424533 14 4156 2 1200 4 1440
3699 1.6713551205149133 -1.0157382639234036 5.8196007790160955 27 18 10 0.54319370777330855 14 4181 2 1207 4 1454
3700 2.0769638431114461 -1.0467955275982275 6.0355527334627039 44 37 31 0.41489971781910301 6 6306 2 1219 1 2210 4 1450
3704 2.0593281855478582 -0.97039240396668003 5.9648937770880126 133 123 113 1.9832483124852216 14 6616 2 1255 1 2263 4 1511 10 8819 3 7640 9 7747
3705 1.7482007766563239 -0.9307543371095508 5.8131457967349602 66 55 49 1.0495932144179332 5 4529 2 1265 1 2279
3706 2.2507080570241409 -0.96160416398910598 6.0364091209361934 143 131 117 1.04296295905525 8 5600 14 8142 2 1274 1 6743 4 1538
3707 2.2637018372224906 -0.96462751871347163 6.0558262849864493 143 131 117 0.61753374181685861 14 8143 2 1275 1 6744 4 1539
3708 2.2002496287227293 -0.95953788931793871 6.0283331853422881 44 35 31 0.93755337052712218 8 8357 2 1278 4 1536
3709 2.4232327943493353 -0.97330061125893952 6.0674330182462244 134 115 100 0.78938862571621826 14 6650 2 1284 1 6751 4 1540
3710 2.7171822908648311 -0.96216955192041065 5.9723898713332506 157 140 125 0.58521818196343134 14 6680 2 1303 1 6774
3711 12.358998420461029 -1.7888082449018081 12.664201651682687 137 124 115 1.3411431847848856 14 4687 2 1308 11 8924 7 8379
3712 1.8679697133375659 -0.86226171653414097 5.8392302353467986 133 123 111 0.66261697595481051 5 4555 14 6642 2 1310
3713 11.481830283657418 -1.6509393443740528 14.014841846757257 128 118 108 0.86852152518727799 14 4689 2 1311 1 6737
3714 0.62389990415717489 -0.70754909402733224 5.2362878117104925 82 64 50 0.44959569670742838 14 6561 2 1325 4 1668
3715 2.0225602759045347 -0.79041584599613346 5.9157792229203565 50 41 34 1.3324459269627287 5 6867 6 9407 2 1341 4 1658
3716 0.67960705528141951 -0.68499531590302809 5.0762546723825954 168 151 133 0.59056050888160527 5 4589 2 1343 4 1700
3717 0.64333685257977136 -0.66960678457472267 5.2016769813268446 114 95 80 0.65438958718289941 14 6584 2 1346 1 6830 4 1698
3718 2.4458768008624916 -0.80661499788900337 6.0467105444927887 155 141 125 0.65571330367504654 6 9413 2 1351 1 6829 4 5377
3719 2.3152624052002007 -0.79137735077868188 6.0358526298397699 40 35 29 1.0437130547092486 8 5692 3 6335 4 1669 9 7794 2 1355
3720 2.0549702990801344 -0.74395042911581677 5.9006971423509276 128 115 106 1.272305026178393 14 4462 2 1364 1 2469
3721 4.9847399529216796 -1.131718278314682 2.7517833857376801 142 119 103 1.7825702523086415 8 5656 2 1373 4 1809
3722 -1.836501492731581 -0.36392290701737751 4.9117868653905221 38 28 19 1.5491553482928033 5 4677 1 6875 6 6556
3723 12.162750069200865 -1.2884657491874967 12.837474459025495 31 24 17 1.0989882890232117 14 1618 2 1417 1 6847 11 6283 7 6871
3724 12.160375030730487 -1.2810789155815807 12.74236568354223 110 97 88 1.0466862431032524 14 4754 2 1427 1 6851 7 8415
3725 -1.1543080712245841 -0.40825416856483987 4.6780714824110596 37 28 19 0.39355952520211956 6 1920 2 1434 1 2559
3726 -0.92092463305503691 -0.42213652256524992 4.6334453953485291 51 42 31 0.29952815239725034 8 1670 14 6479 2 1441
3727 11.504889409926157 -1.1357976734862809 13.346866259448278 54 44 42 0.62386804809789842 5 6940 6 9466 2 1443 4 5348
3728 11.581143978876735 -1.1381005092496546 13.437201450412308 54 44 42 0.7724286359908088 5 6941 6 9467 2 1444 1 9680 4 5349
3729 -1.6863492043176567 -0.33573082139778521 4.8507950312350729 37 27 18 0.82385722866635136 5 4711 1 6911 8 5823
3730 -1.0238090839975218 -0.39974561991923374 4.660397864638794 119 113 101 0.78765182137513445 5 4678 2 1452 4 1852 1 6917
3731 12.442792255759942 -1.2219416657962887 12.398342837455207 109 97 85 1.1712495824114368 14 1639 2 1461 1 2524 11 8961
3732 -1.5000857168723827 -0.34090322630265668 4.7751308158591446 162 148 137 1.1511190019455009 8 5834 2 1468 1 6921
3733 -1.5000857168723827 -0.34090322630265668 4.7751308158591446 162 148 137 1.1511190019455009 8 5835 2 1469 1 6922
3734 4.7349196645656058 -0.98080335271184182 2.6301025196836694 58 37 22 0.27305317951374741 8 8463 1 2699
3736 0.73512304959173114 -0.4542849942922037 5.0206598766141903 169 148 129 0.85554994219167368 14 8182 2 1508 1 9763 4 5545
3737 10.260765473422348 -0.74224633241694615 13.75664512340521 178 171 163 1.1097907665923237 5 4808 6 9544 2 1510 4 5417
3738 0.02044605873154709 -0.40542903957841492 4.703089080070427 17 6 4 0.97937805484934426 8 5859 14 8137 2 1513
3739 11.456886086017168 -0.70502837199277069 13.18224709118512 43 38 33 1.0348916455600796 5 7020 6 9574 2 1557 4 1782
3740 10.514052496008141 -0.53391823418386208 13.752598793006941 142 141 139 1.1367907911069861 5 4867 6 6663 2 1571 4 1792
3741 10.514052496008141 -0.53391823418386208 13.752598793006941 142 141 139 1.1367907911069861 5 4868 6 6664 2 1572 4 1793
3742 0.1195035333646749 -0.30066614952833626 4.7352694244665781 157 147 138 0.64469232766999329 5 4814 2 1599 9 6730
3743 -2.8493346092569363 -0.21772323547854677 2.4925619601409026 112 99 83 1.3822620763067237 6 6763 2 1622 1 2863
3744 0.67172264025006134 -0.28680639667071728 4.9793554415968435 48 38 26 1.0374382929519592 14 6785 2 1629 1 2808
3745 1.1840390732487365 -0.32070842126273436 5.0780732506617472 132 113 89 1.8306123444002811 6 6728 2 1630 1 2801 11 13179
3746 3.7623804823102303 -0.56665165497920811 3.7011899304783475 157 139 125 0.025543011208786832 6 9617 1 7103
3747 -1.7506348712721831 -0.077311090317233072 4.8054624013265572 116 103 94 0.43446069707287616 5 4935 1 7084
3748 -1.8208661409909188 -0.059955355988085518 4.8338967927450476 53 36 28 0.85897250693029759 5 1631 1 7095
3749 -1.2587610210550342 -0.084214883741816418 4.6483326776326424 7 5 4 0.77331582784358888 8 2095 2 1698 4 2163
3750 -1.5465253866175201 -0.047898460615844046 4.7233982711032816 145 131 120 1.6252705006287875 5 1664 2 1711 1 2908
3751 3.8751045266133772 -0.50889883530742464 3.6119536178256455 157 131 112 0.3950456422278501 14 8304 1 7149
3752 1.0399525392647249 -0.17910592239025203 5.0780647857588885 172 150 127 0.53638117357666915 6 9723 2 1726 10 10085
3753 2.4223481372843216 -0.23005517477406012 5.5341620811581071 57 41 28 0.2619716831308927 14 6901 2 1732 4 2125
3754 2.4203299626374268 -0.22972829369369083 5.5312848161867665 57 41 28 0.31500838849675344 14 6902 2 1733 1 7133 4 2126
3755 5.8729818943823702 -0.22066375730560109 8.1577947004592843 52 41 39 0.62321510163342297 5 4965 2 1744 4 2058
3756 5.66611046272393 -0.062071327364405599 8.247534132744553 154 123 95 0.62389702027220562 14 4921 2 1791 1 7158 4 2141 7 10111
3757 -2.8546554104061834 -0.07644829048081675 2.5369494045132917 112 98 87 1.1594848961593303 6 6946 2 1815 1 7222
3758 -2.8546554104061834 -0.07644829048081675 2.5369494045132917 112 98 87 1.1594848961593303 6 6947 2 1816 1 7223
3759 -1.48673930287639 -0.21584551658693149 1.8602839951967498 5 8 12 1.1385266980237994 8 8770 2 1823
3760 7.4703675560736862 0.057893721525310832 9.2027779513034389 23 14 14 1.101067366298156 14 5063 2 1828 1 7192 4 2206 7 9479
3761 0.28941197889843012 0.013656406734117277 4.7495877132759716 58 49 42 0.44883753336809773 6 6953 14 8300 2 1832 4 2292
3762 2.525653321821578 -0.032680544837258588 5.4971119512462678 124 101 76 1.1658918716316111 14 6969 2 1833 1 3055 4 2271
3763 -1.9265994660474803 0.16315231423827328 4.8286036624701616 129 107 93 0.87510630257918953 6 6980 2 1845 4 2312
3764 0.68688021175617875 0.056682297326585002 4.9010966229734985 148 132 119 0.89565951245754549 8 6230 2 1861 1 7241 4 2320
3765 -1.926538844627752 0.19062816476932898 4.8216791419982288 132 110 96 1.1087242813529714 6 7009 2 1862 4 2329
3766 -1.5391196408399692 0.18628859973064835 4.6583625018121584 162 144 130 1.2687666979037633 8 6282 2 1888 1 3113
3767 2.2773153344011834 0.099553188830527162 5.4110179257251323 63 46 34 1.5472914961860105 5 5095 14 8371 2 1896 10 9672 11 13655
3768 5.3194208806721868 0.31986240636895646 8.2312890909291543 32 19 11 1.3711951798103774 3 4833 2 1906 4 5803 7 8438
3769 2.209006434960338 0.23621506994984884 5.4945780567945057 63 48 41 0.8614245007566167 14 7056 2 1951 1 7332 10 9694
3770 2.1924977979585081 0.23392896511871711 5.4701293088756788 63 48 41 0.70098636257593905 14 7057 2 1952 1 7333
3771 0.29928591668225307 0.21651646378585807 4.678889899866074 159 133 113 0.85264741165008995 14 8353 2 1956 1 3219 4 2447
3772 0.28862200372413466 0.23737858370893558 4.7019823481613052 80 64 49 0.59395629979485454 6 2899 2 1965 4 2466
3773 2.7757984109019169 0.25448428105852072 5.4495027973746675 163 142 122 1.4632064885830773 14 7100 2 1970 1 3240 4 2462 10 9712 11 12781
3774 2.5784419916334715 0.26439602268566187 5.4354894999939942 163 142 125 0.97585256886687088 14 5094 2 1977 1 3245 4 2467 10 9709
3775 3.949653281416893 -0.096719585557957719 3.1827394121123138 41 32 23 1.1887106353375534 5 7191 1 3289
3776 4.1993278252017463 -0.16310976190446358 2.8695207493069028 85 69 55 2.2109241943005009 8 6335 1 3295 9 9259
3777 -1.9286275347961663 0.36606829786306228 4.781530192615655 121 100 86 0.84973416954262915 6 2945 2 1991 4 2486
3778 3.7511011903188045 -0.043250744080764167 3.4230320368946079 25 16 7 0.99192131404445538 6 7115 14 7095
3779 1.3602927569447323 0.25727040333990092 4.8274222350526408 175 159 136 0.85658105933650952 14 7048 2 1998 4 2501 10 9668 11 13917
3780 6.3421711280032103 0.55382281353574359 8.191611948749653 164 143 126 0.48637103117361979 6 9943 2 2004 4 5885
3781 -1.2047199811824711 0.327155701572997 4.5242524512284676 148 123 101 0.80014052357761578 6 7161 2 2012 1 3275
3782 4.4715022506811186 -0.15306129476766492 2.602314702536658 149 139 130 0.45039942707320202 8 6372 1 3363
3783 4.4060855436062525 -0.13792693017634561 2.6720269941796686 165 153 141 0.26093893452879913 8 8870 1 7438
3784 4.3194988390774807 -0.10451670256853068 2.7971170780546926 102 85 75 0.46620180692941404 8 6383 1 3380
3785 6.6525305115063729 0.62427222377035785 8.2748514592940001 146 129 114 1.6491998333966138 5 5224 6 7187 2 2043 1 3308 4 2493 11 12048 7 8563
3786 6.6890145200383486 0.62722118640465119 8.3198712386631097 146 129 114 1.1477609088043805 5 5225 6 7188 2 2044 1 3309 4 2494 7 8564
3787 2.7727113653432518 0.35318294505247039 5.4222851329199893 174 153 132 1.2584971552360136 14 7150 2 2047 1 7412 4 2532 10 9728 11 12794
3788 5.8479741862170131 0.62382259076254876 7.9680486026547177 37 27 17 1.027213841266295 14 2305 2 2051 1 3320 7 9516
3789 4.4263264581089388 -0.09106807766214732 2.6476509471539096 111 97 84 0.29412588219937508 8 6410 1 7469
3790 0.30610240329838972 0.36239234579798663 4.6634912876226045 156 135 114 0.41232401066208263 6 7213 2 2074 1 3366
3791 2.2155206636589062 0.43583536224082109 5.5426936749002236 102 85 75 0.71061934074353084 14 7167 2 2079 4 2563 11 12787
3792 7.6000001885406485 0.71250325382716673 8.5622296690007484 56 47 40 1.2417575834966517 5 5249 6 7216 2 2080 1 7431 11 10930 7 9554
3793 4.0609300295595316 0.018731473125356404 3.1704240321024248 115 99 83 1.6117854068803528 3 7880 14 7159 1 7471
3795 7.5352538857277249 0.75652725997192205 8.7319932376994966 29 19 12 1.9013628164327017 6 7226 2 2088 1 7441 4 2538 7 9556 5 5256
3796 -0.91227617977962661 0.36880134725556879 4.3626209036964942 22 13 7 0.53888374495033331 6 7235 2 2090 4 2594
3797 4.3872555029669646 -0.055494118642122621 2.6893968178244592 168 154 141 0.48013150847415909 8 2617 1 3470
3798 2.4479443687985554 0.46641004175592615 5.4706975319935021 78 64 53 1.1599144247940889 14 7193 2 2108 1 7464 10 9741 11 12800
3799 6.093222895144093 0.76871153520516944 8.0767559629697097 168 154 141 1.8680813768377271 6 11690 14 5313 2 2116
3800 7.6227551946312353 0.82728055886295149 8.6822840289372252 83 63 48 1.1297312731680165 5 5283 2 2119 1 7468 11 10953 7 9570
3801 5.9160967991016076 0.77049787681942405 7.9766173893312731 160 147 132 0.78594395800535877 6 10013 14 2371 2 2122 1 3422
3802 -1.8284239481711724 0.48362050522363664 4.6491496131404251 20 12 9 1.2629331880586503 6 7280 2 2137 1 3434
3803 2.2355647055650594 0.54565195465529992 5.5232288222161934 50 36 27 1.6116329392913133 14 7228 2 2163 1 7510 4 2635 4 6046 2 4864
3804 6.579355401710357 0.87378734659431267 8.2451298451958284 153 133 115 1.2511414920068451 5 5318 6 3185 4 2619 11 2572
3805 6.6479296049136485 0.87829733330375659 8.2715544102727918 39 29 19 1.2395267883627037 5 7358 6 10028 2 2168 1 3491 4 6028 7 9568
3806 0.84575983068948979 0.47966689545366126 4.7867366256087891 43 27 17 0.6550217891012442 8 6525 2 2173 1 7519
3807 -1.464040712738621 0.52388023462012201 4.5350756935379763 55 42 33 0.8534827025564532 3 5106 8 6550 2 2193 1 7542
3808 0.81297771771145677 0.52613541948724085 4.8126425381677311 47 33 18 1.0806349403801903 8 8974 14 8493 2 2203 1 3564
3809 2.6573541604914164 0.59134676267086983 5.4090235461080383 162 132 104 1.2033481587762156 3 6847 2 2204 1 7570 9 8160
3810 2.7704041977708274 0.56651716269775931 5.311292607904547 164 142 121 1.1038750022877226 8 6539 2 2205 1 3573
3811 2.7756783255435238 0.56800140744853256 5.3197668063677854 164 142 121 0.94586650509962311 8 6540 2 2206 1 3574 11 12839
3812 2.2866518832875622 0.63282377795018097 5.5382979765603988 45 31 22 0.73628519151252392 14 7265 2 2226 1 7581 4 2697 11 13364
3813 2.2866518832875622 0.63282377795018097 5.5382979765603988 45 31 22 0.73628519151252392 14 7266 2 2227 1 7582 4 2698 11 13365
3814 0.66892999866558966 0.54675467323222249 4.7476837331834334 56 42 31 0.84152033429882367 14 7217 2 2231 1 3595
3815 -0.28429851453531596 0.52101041795260095 4.3679387460562751 134 112 101 0.55025734162931617 14 8476 2 2246 1 3614 4 2746
3816 -0.98353455305405979 0.54277703185988935 4.4015161140263226 147 126 111 0.71317787290898038 3 5134 6 7390 2 2250 1 7601
3817 2.2066806598892179 0.68520509679551367 5.5769561046200495 104 90 81 0.8776932299706548 6 10073 2 2251 4 2737
3818 2.1968844153812181 0.68261211713425018 5.5618492831755182 104 90 81 0.98585515171956339 14 5322 2 2252 4 2738 6 10074 10 9788
3819 6.0290393973210588 1.0731145230843646 8.0479481034527147 167 152 140 1.1609951527245352 5 7423 6 10088 2 2265 4 6112 7 10226
3820 6.8273810348283268 1.0804249045508574 8.1546133331204373 145 126 109 1.159398087065149 6 10092 2 2268 1 10125 4 6116 11 12096 7 10239
3821 -2.553629596704317 0.38067668326944515 3.0533573775330547 73 64 54 1.4187818955344649 6 3407 2 2298
3822 5.7840874337657882 1.1420109064991799 7.7953745003260622 87 70 52 1.5501307929633139 14 5450 2 2311 1 7636
3823 2.2857171129172191 0.77954852811882069 5.5219284430913156 99 85 76 0.16076841806982398 6 10120 2 2315 10 9810
3824 2.5495488308706991 0.76310704037674804 5.4245786273037062 67 49 35 1.0180984881190489 8 6654 2 2316 10 9173 11 12853
3825 6.0890945867066844 1.2014369831039919 7.9730465886982502 165 148 133 1.4436364503108405 14 5473 2 2323 1 3708
3826 1.2315192058941704 0.78322996760351815 4.8180066543479398 78 58 43 0.84299921612351691 14 8596 2 2378 6 10175 4 2896 11 13963
3827 6.771362178292625 1.3851985315679971 8.0269024261239004 126 107 90 1.5903912908252542 6 10182 2 2382 1 7733 4 2898
3828 6.0757248207052914 1.3943072772557252 7.9087629078377342 162 145 129 0.75073008579896472 14 5543 4 6224 6 11807 7 10638
3830 -1.2065606288384616 0.74693168236310226 4.4486281149792086 164 143 124 0.9360328107198953 6 7546 2 2393 1 3816
3831 -1.2065606288384616 0.74693168236310226 4.4486281149792086 164 143 124 0.9360328107198953 6 7547 2 2394 1 3817
3832 2.5919628445104976 0.91687836001151535 5.3544030645392509 32 19 11 0.96883274151924659 14 5503 2 2405 1 3861 10 8279 6 3599
3833 -1.2553841474798157 0.76858497932198189 4.4552952145960907 142 125 115 0.95532137959354646 6 7574 2 2411 1 7744
3834 0.86507564846750529 0.82068057138677708 4.7564304450032084 172 163 156 1.1488909782592911 3 6961 2 2414 10 10207 9 7174 13 9032
3835 6.2349584226058221 1.4937683029533124 8.163338480291122 131 114 98 0.80288755863403694 4 2926 7 9642
3836 7.5947504332079072 1.6283692967618713 8.65466801822161 96 80 66 2.7815061203571667 5 7512 2 2440 1 7777 4 2958 7 9657
3837 6.6125485827352328 1.5285194554632544 8.1177283950293919 138 119 102 1.6207416105520718 5 7511 2 2444 11 9439 7 9651
3838 4.4520062196692631 0.39344327144372204 2.5208513932259664 159 152 144 0.32022504670665203 8 6788 1 3980
3839 4.4520062196692631 0.39344327144372204 2.5208513932259664 159 152 144 0.32022504670665203 8 6789 1 3981
3840 -0.42621803929361118 1.7267004113737889 8.7202029740744571 16 16 18 0.71260363157316642 3 2634 2 2467
3841 0.29406072545500145 0.85699775691468494 4.5203163745511814 11 11 8 1.1558092095336152 3 6987 14 8641 2 2473 4 6277
3842 5.8451061619680997 1.5965256504974912 7.8172781960335405 44 28 18 1.4759475414417731 5 8779 2 2490 4 6299
3843 2.3716861825280895 1.1011262776563553 5.4017695294783934 69 52 36 0.85856405862077556 14 7484 2 2515 1 7833 11 13442
3844 0.59664725643290861 0.94485907667797309 4.6306638648474587 171 146 126 1.2036246876011203 14 7474 2 2527 1 4034 4 3046 13 9067
3845 7.0140829153375917 1.7828402276549309 8.1965159835173935 131 108 94 1.8715314702100041 5 5711 2 2538 4 3077
3846 4.397407588048118 0.52309001747838269 2.5447091759942779 169 164 158 0.42967449268935676 8 6898 1 4107
3847 2.2591389613449184 1.1734040969913508 5.4310965483260576 64 51 42 1.3087279599172965 5 5724 8 3368 2 2560 10 9238
3848 6.2660635243686942 1.7961531811266178 7.9770045780399199 82 63 47 1.3486774211288575 6 7761 2 2572 5 2889
3849 -0.62997987031881397 0.92421847031707716 4.2991123394813489 184 161 143 0.63018705676282183 3 5379 5 5740 2 2580 1 4087
3850 -1.5307396292247832 0.9599519461625422 4.4892422653052702 162 143 129 1.010930076110796 8 3429 2 2584 1 4070
3851 1.4182842325019505 1.0090932169311475 4.5533492564772819 130 105 84 1.0353860425538575 14 7533 2 2586 1 4110 11 13751
3852 -1.1067989621940217 0.97126881768647311 4.3627742549686461 130 109 90 0.8526087993498852 8 6945 2 2606 1 4124 4 3119
3853 -1.1067116148685561 0.9704723380155883 4.3604367147325425 130 109 90 0.64842029264064882 8 6946 2 2607 1 4125
3854 4.3582912692497366 0.63748563309210282 2.5870955618673896 98 88 79 0.33573192735192225 8 6975 1 4208
3855 4.3582912692497366 0.63748563309210282 2.5870955618673896 98 88 79 0.33573192735192225 8 6976 1 4209
3856 6.156389592124782 1.8941900323945489 7.8449131310342919 120 101 84 1.4092919484614457 6 7839 2 2628 7 9727
3857 6.156389592124782 1.8941900323945489 7.8449131310342919 120 101 84 1.4092919484614457 6 7840 2 2629 7 9728
3858 2.4345136270928887 1.2925976960679555 5.3262473671412041 51 37 26 1.1960273919184681 8 3524 2 2636 1 4198 10 9265 11 13471
3859 5.9809558293703446 1.9263495399748922 7.7942086445613921 88 67 50 1.5832491142175795 2 2637 6 10348 4 3227 7 10317
3860 2.5505936578813602 1.3049643984791643 5.2652691699810221 76 57 43 0.93193041709869484 14 7592 1 4212 5 3015 8 3538
3861 -0.20403915269207901 1.0749290998069956 4.2891039300627485 148 127 110 1.539597696015002 14 8738 2 2684 4 3258
3862 1.3664720496102987 1.1856921918557739 4.5553147059164303 172 151 134 0.99322152272283271 2 2702 4 3291 10 10451
3863 0.27672108138248236 1.1637112959700511 4.4378246558535794 74 57 42 1.0056976416828098 6 7927 2 2728 13 8409
3864 2.5334395222205788 1.4462058084303184 5.3214162173883928 99 83 67 0.15037142912018794 14 7652 1 4297
3865 -0.62737643632039231 -3.9474381708949653 10.278204299580407 131 132 141 0.94700189322013173 6 8724 1 8824 4 4489
3866 0.085317830606639722 -3.6792745422175885 9.8923101813263195 110 113 118 0.47042436938556609 3 60 8 4816 1 5669 4 4541
3867 12.557018907500886 -7.6216749451927628 15.041426634023384 175 191 206 2.2092380929501285 2 3560 1 8849 7 6409
3868 12.55701890750089 -7.6216749451927637 15.041426634023388 175 191 206 2.209238092950248 2 3561 1 8850 7 6410
3869 0.29062941816287918 -3.438340072994106 9.8283317801816459 134 124 122 0.94527181990010167 3 6001 8 7904 1 5736
3870 0.085386773277450256 -3.1934059701338171 9.7015833496376889 44 42 45 1.6485568032341584 6 8784 2 3615 1 8938 4 4618
3871 0.62967681901911043 -3.2175182365477508 9.9874735564627901 169 169 171 1.2392244777606436 3 6019 8 7926 2 3634 1 5849
3872 0.12607031995422041 -3.0154340861452917 9.6348061175462583 133 126 120 1.6411291315606982 6 8814 2 3642 1 8984 4 4654
3873 -0.13745971704473572 -2.8953036291477985 9.8476595137045404 126 130 131 1.5282066743548661 8 7940 2 3665 1 9008 4 4662
3874 12.320299820357649 -5.4375697881979077 14.562541278366879 120 118 123 1.7944736307808258 14 3965 2 3726 4 7449 11 10497
3875 -2.6115457969022486 -1.2794573285063282 3.2872742733512608 59 55 51 1.1611421486542581 6 8873 2 3734
3877 -0.69427794611324445 -2.1959447665524823 9.820097582371961 100 87 79 2.0528242141119812 6 8933 2 3780 4 4780
3878 -0.53204762093490354 -2.1407738151556437 9.7244260667904641 150 133 123 1.0687482594071185 5 4153 1 9152 4 4808
3879 11.551857408187773 -4.483664536260779 13.734971157795622 48 47 53 1.0447421962467998 8 7964 2 3813 4 4757
3880 -0.25406878038810876 -2.0902965866204055 9.5372537384572791 151 134 125 1.1327702028982574 6 5800 2 3815 1 9171 4 4823 15 165
3881 -0.27266048797197034 -1.8402341517981642 6.9361963137432179 131 118 109 0.65809109405572164 6 5779 2 3820 1 9189
3882 -0.29132622511902889 -2.0238020280853082 9.6305210853801686 90 79 75 1.7113445597396744 6 8975 2 3838 1 9183
3883 11.768643789135425 -4.3609899553803979 13.643676752928622 128 122 122 1.0927874429832836 14 6524 2 3842 1 9175 4 4775 11 10532 7 9339
3884 -0.27241251087279017 -1.9214559059512228 9.5588851025922956 165 162 162 1.4259714010487228 6 5847 2 3855 1 6164 4 4863
3885 -0.08660512618736943 -1.8660777390544443 9.4380866884965631 50 35 27 1.2616601529284921 6 9028 2 3873 1 9216 4 4899
3886 12.312281005152407 -4.1051662093174492 13.132716028853126 140 134 133 1.1644164408364774 14 4189 2 3877 1 9206 4 4829 6 8930 7 8218
3887 11.886498250566033 -3.8642261050358711 13.449644593202777 135 128 125 0.87935704771536971 14 6588 2 3905 1 9228 4 7561 11 10574 7 8229
3888 12.302131029717753 -3.8398260382389826 13.014733526827008 135 129 129 1.0360522361822826 14 4257 2 3914 1 6233 4 4877 11 8699 7 8233
3889 12.385401762158411 -3.8353626074242793 12.915361631544039 141 132 130 1.0324174956013401 14 4261 2 3916 1 9240 4 4879 7 9358
3890 12.964886874253132 -3.9068590634206477 13.078384711105089 69 63 63 1.3049077637135724 14 4278 2 3923 1 9246 11 10592
3891 12.122644664912087 -3.7306500968603369 13.270133865218224 59 54 53 0.8006187343998159 14 6613 2 3934 1 9250 11 10586 7 9360
3892 -0.84606442063021436 -1.5047291510679561 9.5905741531768491 174 164 152 0.97533089279691909 8 8126 2 3944 4 7637
3893 11.939606455366443 -3.596888857475538 13.362154589311874 139 132 129 1.2579412704467203 14 4307 2 3946 1 11216 11 10596 7 8238
3894 -2.6111895626948818 -0.88394935268683095 3.1977383215392554 53 44 27 1.4739111412754085 6 6018 1 1801
3895 2.8959559654759484 -1.7579917088423711 6.2464513816937846 134 130 127 1.6003572942441135 5 6610 8 10043 2 3989
3896 1.9218962374553845 -1.5997963323242599 5.9683676135518349 153 137 121 0.28852853167137976 14 6358 2 3993 4 5064
3898 -0.01427416195246467 -1.2988424190425929 6.5115317732853013 143 128 117 0.8850094896307148 6 9138 2 4018 1 9370
3899 -0.94502392864048623 -1.0922257124663752 4.7995744732292547 60 51 46 1.6007600162907851 6 9154 14 8910 2 4027 1 9406
3900 0.51909792002493327 -1.2674904228689154 6.0351412098344399 90 81 74 0.42908399941198921 6 9181 2 4061 4 5115
3901 1.9475295307570515 -1.4212943639293931 5.9522838464194843 52 41 39 1.0999505545176649 14 8018 2 4074 4 1175
3903 -1.1751148408848624 -0.97535289537443093 4.8365283537582515 148 131 117 1.2091256314580383 6 9220 2 4077 1 6518 4 5187
3904 -1.1681476586694621 -0.97308466161888529 4.8610236809558938 148 131 117 0.99241149125737282 8 8243 2 4078 4 5188
3905 11.604849601377229 -2.8377718803343739 14.192763198776296 109 105 100 1.6210961270667323 14 6737 2 4081 1 9408 7 9380
3908 11.684426249485711 -2.7935577779259924 13.592700581845179 154 142 128 0.82789697634548709 14 6742 2 4091 1 11277 4 7694 7 9381
3909 11.472707838207596 -2.7365667293092284 14.367021166206435 114 108 108 1.2991546597276293 14 6751 2 4101 1 11283
3910 2.0948428639553849 -1.339137603771885 6.0586584749412689 55 44 40 1.1816279265846776 6 9212 14 8037 2 4112 1 9459 4 1243
3911 12.100154845221844 -2.7050023273801043 13.033615901184488 144 135 130 0.84381974099977852 14 4524 2 4113 1 9432 7 8293
3912 3.8398095582046281 -1.4468056249337164 3.9014031278019354 149 123 106 1.1053880516910977 14 8039 2 4135
3913 1.9072154855516623 -1.193704648667246 5.9768365303172351 49 43 39 0.77604989930362633 6 11270 2 4150 1 6615 4 5202
3914 0.60123215473778657 -1.0028846110953329 5.0936806832216988 97 88 83 0.94932139922957226 6 9276 2 4165 1 6652
3915 -0.41628155716484661 -0.86012883598312606 8.3341861283752579 163 144 127 1.0242020202059798 8 5502 2 4171 1 9495
3916 4.3264196832402577 -1.3432369562657764 3.0857839674079695 120 92 80 0.83070573404257275 8 8282 1 9573
3917 0.39050938704045307 -0.87517984312001262 5.018629407147718 27 20 12 0.80165442413773269 14 8999 2 4203 1 6710 4 1519
3918 4.7776341283586481 -1.3891463761807061 2.7038306915196522 90 77 68 0.46289592505038407 8 10123 1 9581 4 5337
3919 1.6065925478690888 -0.95312103458709363 5.7751257952479635 52 43 32 0.60669535977830213 14 8096 2 4227 4 7870
3920 -0.061058953779655728 -0.74500117517417497 6.3678408604286876 149 132 116 0.83600548826979471 3 6358 8 8373 2 4238 4 5289
3921 12.136988439549588 -1.8599610891328642 12.852537148101346 149 136 127 1.1875904248275544 14 6865 2 4257 1 9567 11 11931 1 11383 7 9420
3922 2.6129994884102441 -0.94903810635037689 6.061334733300372 77 65 56 0.67595835757324252 14 6678 2 4268 1 6772 4 5317
3923 2.6129994884102441 -0.94903810635037689 6.061334733300372 77 65 56 0.67595835757324252 14 6679 2 4269 1 6773 4 5318
3924 12.163226296691143 -1.7638112910931638 12.854162666859521 142 132 123 0.90537501463748793 14 6872 2 4272 1 9586 11 11939 7 9428
3925 1.6687746639080545 -0.8118908186313798 5.7612376844802684 35 26 19 0.50448201790862535 14 8145 2 4284 4 5356
3926 1.6687746639080545 -0.8118908186313798 5.7612376844802684 35 26 19 0.50448201790862535 14 8146 2 4285 4 5357
3927 2.4928982011106351 -0.86837292569298408 6.0271070902371298 152 137 118 1.0666427293214595 5 8373 2 4289 4 5353 10 9578
3928 1.2957770673186586 -0.75912609900424466 5.3004247594090019 160 143 127 1.0865231332636844 5 6860 2 4292 1 6819 4 1675 8 5682
3929 11.506369038970854 -1.4066442023419408 13.977435099436271 139 126 117 1.3262537691410814 5 6914 6 9409 2 4305 1 9616 4 5274
3930 11.514894196098908 -1.4000821526548699 14.10526789803872 76 69 63 1.13871192151491 14 6893 2 4310 1 11410
3931 3.1783138209593909 -0.8603687308279272 6.1754469400870029 149 130 115 1.735643048183519 3 7663 14 6750 2 4312 1 6832 4 5379 10 8902 11 11728
3932 12.440267536937483 -1.5198338806990535 12.419032065632916 134 120 107 0.58876478571544233 2 4316 1 6818 7 8401
3933 0.96163288084795484 -0.67026556734145226 5.1681435528072397 154 133 114 0.54537161712020854 8 8445 2 4317 9 7842
3934 1.0569565269248244 -0.66353604162384572 5.2135321792182809 154 133 114 0.65333253935846558 14 8135 2 4330 1 6850 4 5443
3935 12.156427542438433 -1.3690902857457803 12.742439272369339 133 123 113 1.0812303024033376 14 6910 2 4348 1 9653 11 10742 7 9447
3936 12.093915455714511 -1.3431124699385999 12.859277205190429 145 132 124 1.0493986442925392 14 6911 2 4350 1 9657 7 9448
3937 0.46385799590137372 -0.8133754837856787 -0.38320417334904322 11 15 18 2.5100925381830237 6 11281 2 4351
3938 -1.7912921586824502 -0.37031883322964865 4.8920528886420218 59 44 35 0.70659866234786572 5 4672 1 9694
3939 11.928205970517636 -1.295313030504099 12.962442744342136 148 135 126 1.3306822198314994 14 6914 2 4359 1 9661 7 9449
3940 4.3970815639528382 -0.99153713783221276 2.8980952533586462 149 142 132 0.2756745714056465 8 8448 1 9737
3941 12.194294504496128 -1.1814542446578375 12.740851853867738 135 122 113 1.2900098523172676 14 6936 2 4385 7 9456
3942 2.0150528225971249 -0.56892157316290559 5.8356509871239588 148 136 122 0.95807337665825421 6 11408 2 4405
3943 11.420321224859705 -1.0041237144647441 13.326594196856664 159 142 132 0.32862944488193663 6 11393 2 4407 4 7919
3944 4.0507159753490916 -0.87825058781185705 3.4609833603159581 48 37 31 1.4631143958581785 14 9127 4 5543 1 9761
3945 1.2151166923125325 -0.53392401022193647 5.1112571732245877 163 145 125 1.2760557880378802 8 8500 2 4417 1 9740 4 5521 10 10050 11 13869
3946 -1.3639963708293621 -0.32630199412982075 4.7409549056194074 43 36 26 1.7394003255323822 5 6949 2 4419 1 9743
3947 -1.3639963708293621 -0.32630199412982075 4.7409549056194074 43 36 26 1.7394003255323822 5 6950 2 4420 1 9744
3948 4.2090579029887811 -0.87847515854523306 3.158131531830128 62 43 29 0.58143343001089565 8 8474 1 6981
3949 11.523864773998598 -0.89251648278182905 13.307983858893072 43 38 35 0.83206550849507122 5 6991 6 9531 2 4438 4 5418
3950 11.523864773998598 -0.89251648278182905 13.307983858893072 43 38 35 0.83206550849507122 5 6992 6 9532 2 4439 4 5419
3951 -0.2101315187580414 -0.39772936349609112 4.6257949207399802 134 122 109 0.3179792516112589 6 9554 2 4442 4 5559
3952 11.515232143178871 -0.86983054093225498 12.994585398839465 157 140 124 1.1205318359299361 5 6996 6 9538 2 4447 4 7949
3954 -0.056338926832055991 -0.39020282462954847 4.6683996016889537 150 132 118 0.80618579964728743 14 9080 2 4449 4 5571 6 9560
3955 -1.6233172227540613 -0.2505209516457883 4.7563945254433468 65 55 44 0.82748409990285077 5 6995 1 6977
3956 -1.8324054824379408 -0.14434942691175845 4.8573218662136481 112 99 89 1.1765438386277214 5 7042 1 7027 4 2018
3957 -1.5776928381605324 -0.16539879673437041 4.7525098872909277 167 154 145 1.1802746587538098 3 4644 2 4509 1 7037
3958 -1.4661798687771492 -0.17835171686953802 4.7116989036192054 56 43 34 0.60263587372043459 3 6541 2 4510 1 9819
3959 -1.3350402283733582 -0.18582469809827218 4.6711626040944063 167 151 138 0.65295090500068131 3 4615 2 4514 1 7042
3960 -1.2253523478292037 -0.19243660553734696 4.6508761082218282 149 135 124 2.0331770228456048 3 6537 2 4518 1 9824 9 4820
3961 -2.5297912547184245 -0.19541530333476728 3.1410881642346018 86 72 61 0.09011973852314227 8 8641 2 4527
3962 -1.5004549293417266 -0.15482688309854342 4.7359162602461238 43 29 18 1.7430269890686514 5 7048 2 4528 1 7057
3963 -0.16642261155761923 -0.26551912213881013 4.5853652092066461 38 31 25 0.51442508251230723 3 4521 2 4529 9 6754
3965 4.5299686559204089 -0.67586978671105236 2.6826861105010642 144 119 99 0.18435374985631731 8 8599 1 9877
3966 -0.44025651950206035 -0.11166804255142714 4.5043851123259113 175 156 142 0.47616621338482207 14 9129 2 4607 1 7144
3967 2.8465590485739418 -0.1839737521823506 5.5940347720030745 156 140 124 1.2378910234141889 5 7112 2 4616 1 2966 14 4768 4 2184
3968 7.3950002482334813 0.053477093321378774 9.4648336851917847 93 97 109 1.5778134471353056 6 11552 2 4645 5 8550 4 8121
3969 -2.7883464190497258 -0.065343083309544872 2.5735321749896132 153 137 122 0.9643336330539295 6 6957 2 4653 1 7233
3970 2.3875170816133795 -0.047365428722769283 5.4415206574915373 163 142 123 1.0600565685191696 14 6961 2 4654 1 7205
3971 7.5600796662693863 0.099930836166744641 9.1561488817958718 50 29 17 0.76177834296262803 5 7165 6 9821 2 4664 1 7208 4 5744 11 11994 7 9485
3972 7.5087985617386126 0.22620225524602863 9.3312698244540488 169 147 131 0.83207175092549079 5 7183 6 9845 2 4682
3973 7.4552999262123478 0.24327402971702131 9.3749033896234124 143 125 111 1.2589575576194068 5 7185 6 9846 2 4684 1 7235 4 5766
3974 -2.8105011349810685 -0.0070456750366004323 2.5554109025258933 153 139 128 1.8363433634064847 6 9874 2 4695 1 7288
3975 -0.079350436969810895 0.10642656620110449 4.538147217736336 183 162 145 0.37673214050277637 8 8789 2 4700 4 2376
3976 4.5235170061183956 -0.34122622445748696 2.623217224009796 140 115 95 0.029974858370105883 8 10404 1 9973
3977 5.3742519799671289 0.28702632296877917 7.7929661852431664 162 149 140 0.63616470735651187 14 8445 2 4718 1 9946
3978 2.251178939797283 0.15343060376168452 5.448616051962194 57 42 35 1.0281523376705941 14 8382 2 4722 1 9955
3979 2.2355743899164855 0.19209831661839574 5.4456972035815339 65 51 42 1.2379689757319106 6 11610 2 4736 10 10135 11 13297
3980 0.33613291425873287 0.010432477138494566 3.3608017407726929 138 128 118 0.35871305968756056 6 9888 2 4738 4 5889
3981 1.5445962669204245 0.18828479314120131 4.9942971460863355 80 70 58 0.69670510678984021 14 7032 2 4746 4 5862
3982 4.4941996563500277 -0.24922249006902006 2.6092195156256683 105 97 95 0.18925491612521114 8 8817 1 10004
3983 2.3150846164448442 0.25848526214994738 5.4680659453501512 75 61 52 1.3480781797860877 14 8417 2 4762 10 10143
3985 0.6648630980893413 0.27609660895042032 4.8596744001438967 71 56 46 0.61692911228980796 14 8378 2 4770 1 7355
3986 4.4240588091245661 -0.18459766533148586 2.6198758802788742 95 83 71 0.38711514362155897 8 8845 1 10028
3987 -0.35542161596070782 0.26682695611463159 4.4347145242352779 166 149 135 0.51098932150233134 8 8879 2 4778 4 5935
3988 0.3469413355325946 0.094359966566131603 3.3584686931878842 21 19 12 0.59690556997412025 14 9722 2 4782 4 5969
3989 4.2143730704350402 -0.12818352683231202 2.8682282417748239 145 127 117 1.4499136122263818 8 8858 1 10032 9 9266
3990 2.2345356547168853 0.3568365453973269 5.5095781074192223 70 53 45 1.5894580801816314 14 8444 2 4789 1 7396 4 5940 10 9721 11 13326
3991 5.7844425779930244 0.62142569441140938 7.9731321895897382 150 127 105 0.72141855401570887 6 11667 2 4799 4 8238 7 10584
3992 4.2030011615619198 -0.072315647629287411 2.8840722917208148 83 69 56 0.37729007974595896 8 8889 1 10042
3993 4.3584094459946199 -0.075934145024334931 2.7375715028187257 153 137 124 0.50033523660340395 8 8900 1 10054
3994 4.3869046246529209 -0.077470475480751116 2.707346630583932 32 22 12 0.36104721631338632 8 8901 1 10058
3995 6.036401257568631 0.68065712060298589 8.0336918074737849 159 146 134 0.99579095590469502 14 5286 2 4813 4 5947
3996 0.18349108001272463 0.18543778009965425 3.4255310895191911 152 141 125 0.65550886105339135 14 9217 2 4818 4 6019
3997 2.292540270064654 0.44593205619311449 5.5015741181872633 79 61 51 0.69449267065701781 14 8482 2 4821 1 10039 4 5993
3998 3.8250792429861313 0.096676434490061969 3.4747191560286308 0 0 0 0.9850936912631183 6 11677 14 8484
3999 -2.6233786101350889 0.22536114484581279 3.0220366464361406 53 44 33 1.6540269833034527 6 7251 2 4829 1 3418 4 2641
4000 6.6380208335368449 0.76786103887468171 8.287118201311813 69 57 43 1.077213297557662 5 7327 6 11687 2 4836 1 10048 4 5983 11 12067 7 10204
4001 4.4453971901643907 -0.02879782945134781 2.6207481273827091 160 155 150 0.41602317346826645 8 8922 1 10078
4002 4.3819639313060978 -0.0058470767100838941 2.6959197338720484 156 144 132 0.43508700783834886 8 8929 1 10082
4003 2.2530260269761229 0.55400357072121953 5.5456785568270917 54 41 32 0.67907646080005646 5 7351 2 4863 1 7509 4 6045
4004 -2.6599179881144335 0.27827598913689422 3.0378800853634065 92 87 83 1.088062260813379 6 7319 2 4868 4 2695
4005 2.2483376491288483 0.62695425974057417 5.5450285558490453 97 80 72 2.0953868342620519 5 8675 2 4896 10 10186 11 13360
4006 6.6169595421472271 0.99680291130896792 8.2130368671242202 51 43 31 1.0518046095262534 6 11727 2 4898 1 10097 4 8306 11 10986
4007 1.1425691647876268 0.55604504774581531 4.8783069950707487 166 145 118 1.2857737034090591 5 7385 2 4901 1 10106 4 6095
4008 1.1425691647876268 0.55604504774581531 4.8783069950707487 166 145 118 1.2857737034090591 5 7386 2 4902 1 10107 4 6096
4009 6.7440277136577071 1.03579903245631 8.2002567668937516 136 115 98 1.2142202982898569 5 7406 6 11736 2 4911 1 10111 11 12093 7 10232
4010 -0.52210707321247252 0.53735333172004707 4.3592320743393769 63 45 33 0.42486480855701991 8 10548 2 4919 1 7609 4 6126
4011 6.1625331800562302 1.0786794421763999 8.0869476514296537 150 136 127 0.75350365672941577 5 8694 6 11750 2 4928 4 8330 7 10610
4012 2.2455990069071037 0.71979212590378483 5.5347466945972794 48 34 25 1.1576190569261182 14 8560 2 4929 4 2763
4013 2.2455990069071037 0.71979212590378483 5.5347466945972794 48 34 25 1.1576190569261182 14 8559 2 4930 4 2764
4014 0.84366697781010158 0.63250910577239994 4.8128135533045251 168 146 123 1.7823159103382673 3 8825 2 4935 1 7623 4 6146
4015 1.369380779505343 0.61866030833755203 4.6871385523689071 172 151 122 0.82458277290621029 14 8551 2 4940 4 6158 11 13948
4016 -2.5688054019975186 0.38136838619714442 3.0337872694051082 137 127 117 1.5818596797766002 6 11757 2 4942 1 3692 4 2812
4017 -0.63573958794785623 0.60389631450589554 4.336193383979789 73 55 41 0.49452597205005794 14 9793 2 4951 1 10153
4018 4.3469711811988141 0.25628697430659775 2.6833654492801484 161 153 142 0.27451477346844633 8 10573 1 10196
4019 -1.5236319795840199 0.68835651297279821 4.5780437502716644 129 108 91 1.7101699924485796 3 2422 2 4969 1 7650
4020 4.4379563593071651 0.24086232953047418 2.5649394671370609 163 156 150 0.46010234646631487 8 9045 1 10198
4021 -1.1182182144345678 0.70027387355914816 4.4356787014443668 80 59 42 0.56389346325809597 6 10154 2 4994 1 7697 4 2860
4022 6.6880796033319134 1.4528957759975529 8.1057007730660473 137 119 99 1.4771323165958863 6 11817 2 5030 4 8402 11 12140 7 10646
4023 3.9096698649481425 0.49927491256031287 3.2768629864071182 109 97 85 0.78323347514395747 3 8844 1 10225 4 6252
4024 3.9096698649481425 0.49927491256031287 3.2768629864071182 109 97 85 0.78323347514395747 3 8845 1 10226 4 6253
4025 4.2759759157538921 0.40035296097858408 2.7616298232647201 161 149 137 0.2013471704963769 8 9126 1 7783
4026 2.4817883102241955 0.96179562731479573 5.3789388655706096 54 37 27 1.0462035986091329 14 8648 2 5047 1 10221
4027 2.4570936156776488 0.95366674137418872 5.3463254442288894 54 37 27 1.307442152510641 14 8649 2 5048 1 10222 6 7600 10 9842
4028 4.4996834428926835 0.36328053660325565 2.4755870672704847 102 101 97 0.65603778741466534 8 9141 1 7802
4029 -1.9128851447328441 0.82890230901732553 4.6197525010452596 123 100 81 0.60352094131988476 5 5612 2 5053 4 6245
4030 2.4658588634414556 0.99831455310796591 5.3922104630659131 126 100 83 0.80932340128674607 14 8655 2 5057 1 10234 10 10219 11 13729
4031 -1.4393931136128351 0.82971276621547796 4.4921268979487889 142 125 115 0.61087437322663307 8 9155 2 5069 1 7782
4032 6.0481006566845412 1.5945855291542541 7.8390098868188209 33 20 11 1.0482121846405901 6 11856 2 5082 4 6300 7 10655
4033 6.3801118127127898 1.6454595056920731 8.0395359254563949 35 20 11 1.503863408033808 5 7540 6 11861 2 5084 4 6304
4034 6.2415712193237614 1.6645253079523217 7.908958907769196 100 83 67 2.4124220628770283 5 7553 6 11871 2 5098 4 6316 7 10289
4035 6.4640122810222236 1.6935307512189524 8.0416842951477463 105 87 70 1.8644204997415361 5 7554 6 11872 2 5100 7 10663
4036 -1.5031820786901047 0.92900118288642208 4.4826013635213453 142 123 109 1.5085051028671881 8 6896 2 5125 1 7854
4037 6.0071064132340029 1.763189044249442 7.8495625779525549 104 83 66 1.8316451143242929 5 8805 6 11898 2 5131 4 8498 7 10673
4038 6.0512230768176591 1.893960101731484 7.8278870193755035 141 118 103 1.6239634878869136 5 7617 6 11934 2 5166 7 10684
4039 1.4008120724873407 1.1256817169496696 4.5356365596492525 114 93 72 0.89690633193465386 8 9277 14 8732 2 5192 1 7958 4 6405
4040 0.59246193672534053 1.1268890708770782 4.5720719594843935 173 152 135 1.6888123138908286 14 9417 2 5194 1 7957
4041 0.60034436716995732 1.1296839657785236 4.5894874880102199 173 152 135 2.2576924989836313 8 9279 2 5195 9 8349 13 9619
4042 2.4724262062588829 1.4484744700545606 5.2858788381396398 165 148 132 1.7539493184905341 14 7657 2 5246 1 4323
4043 -0.11407900375090177 1.1664683016343032 4.2558690922481954 165 146 129 1.3604012370687066 5 7717 2 5272 4 3364
4044 -0.12910367339697906 1.2663692980441015 4.2290245701713065 152 130 116 2.1001983180256665 5 8933 2 5350 4 6559
4046 0.029692280848683583 -3.989143680737099 9.9906394392814502 129 130 136 0.76404837443875839 6 10927 1 10938 4 7361
4047 0.34165186986435153 -3.3339508479751676 9.8683857682598859 106 99 97 1.7898855865424372 6 10983 2 5918 1 8926 4 7406
4048 12.920878349250492 -6.8438012743570029 14.84054548483517 124 139 146 2.0768947430556408 8 7892 2 5920 1 8913
4049 12.614711605540256 -6.4517843686514773 14.677042113549742 117 117 122 2.4776805148130188 14 7978 2 5940 1 11023 11 11707 7 10017
4051 -0.41671616417499646 -2.4117436495430549 9.8551608656739198 144 148 151 0.63989398985736312 6 11087 1 11083 4 9240
4052 11.705653406632496 -4.7111593065278425 13.716840389430024 123 119 120 1.3968521600160235 6 12465 2 6042 4 9237
4053 12.8854878980198 -4.5996493398621414 13.200960743931729 52 50 55 1.66706012715206 8 9959 14 8057 2 6065 1 11124 11 11799 7 10042
4054 -0.058962254257671598 -1.9112943862801273 9.4149888197355551 147 130 116 1.8032509856921606 6 9008 2 6091 1 6181 4 4884
4055 11.664708718436444 -3.9631445396805747 14.283512118037336 127 121 117 1.1599527689428084 14 8098 2 6111 1 11161
4056 11.664708718436444 -3.9631445396805747 14.283512118037336 127 121 117 1.1599527689428084 14 8099 2 6112 1 11162
4057 2.6015275158818314 -1.9222992929592326 6.3466451019701955 191 202 213 0.88056119720031401 5 8238 6 8995 2 6131 1 1566
4058 12.337325056770526 -3.7753294835531461 12.980587258229349 52 46 46 1.275544584340857 14 6604 2 6138 4 7572 7 9361
4059 11.760310296307239 -3.5786381020619524 13.462033503392936 113 103 101 1.4714594554806413 14 8131 2 6151 1 11212 4 9294 11 11839 7 9362
4060 11.606716451929493 -3.5263306520607962 13.700988519406581 139 131 128 0.67961834057909321 14 6634 2 6153 1 11217 11 11841 7 9365
4061 1.6346259158833245 -1.5483337553744438 5.8634308262784725 153 143 131 0.89312238080924689 14 8966 2 6170 4 5075
4062 2.5351409954883546 -1.6838630358585243 6.220590641497747 161 145 130 1.5109784790230356 6 12539 2 6171 1 9354 10 10023
4063 11.65589546195036 -3.1864774716844004 13.826262494721339 160 150 141 1.2785692747707846 14 6688 2 6178 1 9335 2 4020
4065 11.576676277999907 -3.116438081317523 13.411342896612256 109 104 98 0.86532424731089097 14 8178 2 6183 1 11253 11 11856
4066 1.5431481650233119 -1.4433919198393623 5.7802901884996238 156 140 124 0.82455910120247078 14 8974 2 6187 4 7750
4067 -2.3440978623924811 -0.82463463107089141 3.8393554227839468 115 70 53 0.73056693321309218 6 11250 1 6521 4 5217
4068 12.2221968461554 -2.8484840370880007 12.99303949534929 156 147 140 0.82074491762310464 14 8213 2 6211 1 11281 11 11890 7 10075
4069 1.2693729668821525 -1.184768867071597 5.4195625550741555 133 116 100 0.83209923424614995 8 10111 2 6233 4 7795
4070 11.779994633223899 -2.4913180704139846 13.290909646594672 41 35 37 1.1660433575909022 14 8235 2 6238 1 11313 7 10080
4071 11.883114506651621 -2.4024155868609327 13.200028058277578 146 134 122 0.99615525303453223 14 6802 2 6253 1 9472 11 11911 7 9392
4072 2.2441857029426666 -1.2155673289911726 6.0861723904637666 72 61 55 0.84260970700343407 6 11273 2 6256 1 11344 4 7806
4073 3.4690687697162357 -1.3640308432575372 6.4002917581321768 202 209 218 2.2416007443525237 14 9067 2 6260 1 13389 3 9213 15 366
4074 0.0075467806378207158 -0.91294001221428756 4.8409774792368472 32 21 15 0.39433764801751842 14 9593 2 6268 4 5260
4075 4.1548038134023191 -1.3665057152821833 3.3779230786010506 133 106 93 0.92445956605467106 14 9031 2 6277
4076 -0.14941692219317729 -0.77772197540197729 6.4012780657526731 117 97 85 0.78692614151741613 3 6349 2 6297 9 6529
4077 0.48659841278679777 -0.92764441390804409 -0.28636912023221545 0 4 4 2.3380543766396489 6 12558 2 6299
4079 12.15274199223238 -1.9714018578264159 12.886448245477229 150 137 128 0.98459579601793945 14 8279 2 6308 1 11371 11 11924 7 9411
4080 4.7807804556569158 -1.2793874366930842 2.6641587694839042 98 93 89 0.51141577702265761 8 10155 1 9623
4081 2.0507775578811787 -0.91205677003336871 5.949898055648978 43 37 34 0.85839989401586914 14 8141 2 6323 1 9598 2 4265 4 7890
4082 0.66145861553866969 -0.74652949120110135 5.1584654836323462 152 134 117 1.1499867084579143 5 8366 14 9043 2 6333 1 11408 4 7914
4083 3.832870333761015 -1.1011995678393307 3.8586617043965612 158 132 117 2.0693668593297914 3 8543 2 6336 1 9639
4084 4.530410728975359 -1.1921790128455276 2.8315969984605767 147 150 149 0.21607504280927942 8 12399 1 11435
4085 4.0785936491592985 -1.1076947832059283 3.3807139097411176 128 119 112 1.9715134209173795 14 9082 2 6347
4086 0.66966905593721782 -0.50976510191678526 5.0485588961053063 166 145 128 0.8599631295881629 14 9654 2 6393 1 11468 4 8002
4087 10.531815198613158 -0.71127868565635644 13.874093427525747 211 212 216 1.6037882730709179 5 7012 6 12700 2 6409
4089 4.7893686700474083 -0.91804386037807306 2.5838638544086825 131 117 106 0.47457825944328125 8 11487 1 11504
4090 -1.4146075979259307 -0.24262015421586552 4.7103125763844176 29 21 14 1.3738012497798326 3 6509 2 6419 1 11501
4091 -1.2829417556050502 -0.19363522567320354 4.666724933062647 159 140 130 0.71304417285840349 8 10326 2 6446 4 8069
4092 2.2635702332909338 -0.2509099331444461 5.455333718730274 107 90 72 1.1104347492351281 6 12755 14 8306 2 6484 4 8101
4093 -0.4145935683619586 -0.1499879299114652 4.5224169742285403 157 138 124 0.93333212028772083 8 8673 2 6486 1 11565
4094 1.9543241283230928 -0.17625342727825311 5.2930765081729563 78 62 47 0.50850502290450272 14 9188 2 6498 4 8119
4095 -2.5047790005781367 -0.10001085900804063 3.0081858874896907 160 149 137 0.85312472408864426 6 12779 2 6502 4 5780
4096 4.342680595945116 -0.49230914297600392 2.8500699834716965 161 151 141 0.80112958651607546 8 10358 1 11600
4097 0.034802773796854591 0.13559057943131972 4.5872845249207899 154 135 120 0.4474279654420914 8 11650 2 6556 4 8197
4098 7.7843764212648514 0.48104751650852273 9.0189612751414217 40 37 34 1.4086512063426633 5 8602 6 12832 2 6575 1 11642
4099 7.7843764212648514 0.48104751650852273 9.0189612751414217 40 37 34 1.4086512063426633 5 8603 6 12833 2 6576 1 11643
4100 2.4151639298401566 0.24493860334572001 5.4351973461042062 57 42 33 0.98086074015981295 14 9238 2 6581 11 13935
4101 -1.2236500304326769 0.27963699860996394 4.5338304357757711 163 140 122 0.99412437621550875 8 10467 2 6585 1 11653
4102 7.7849453801521813 0.54763976620326815 8.9619834373559453 152 130 111 1.3394407327830449 6 12840 2 6587 1 12746 4 9680 11 13385 7 10590 5 9469
4103 7.9602296369786822 0.55192482587093816 9.0408706419300149 150 130 114 1.2433998380652154 6 11635 2 6588 4 8211
4104 -1.8925360106980762 0.36184066312300789 4.7574547123469966 156 131 111 0.80390145759332776 6 11643 2 6592 4 8234
4105 6.5726769052110745 0.5245841045859807 8.3404386501416585 155 130 110 1.0226275893047905 5 9472 6 12841 2 6593 4 9686
4106 4.4105003671618528 -0.17231715954106458 2.6575640519099757 80 63 53 0.3023492452719686 8 10461 1 11677
4107 -2.5807129970359162 0.19098632816459232 3.076873945655016 72 62 50 2.0160645341501051 6 11670 2 6610 4 6004 1 10033
4108 0.21355755154511696 0.18472763390877461 3.4217045492722868 18 20 19 0.69646669274207795 14 9736 2 6622 4 6021
4109 2.0042763949572975 0.45565030640602222 5.4747695712205005 120 103 96 1.2536915609494466 14 9261 2 6626 4 9725
4110 2.400999194110331 0.4600578559280547 5.4775618837561328 43 26 16 0.83290098463381324 5 8635 2 6629 1 11686 10 10168
4111 4.2684769651272667 0.016786705983253977 2.8578920487717769 132 111 94 0.47066097681101743 8 10499 1 11707
4112 4.2684769651272667 0.016786705983253977 2.8578920487717769 132 111 94 0.47066097681101743 8 10498 1 11708
4113 2.7493094202586792 0.46578353355028979 5.3670985989956943 161 148 132 2.0008604989952405 14 9273 2 6636 10 10402
4114 2.5470595815989165 0.54686187144825671 5.454948679840478 68 50 36 0.78263133095203263 14 8516 2 6641 4 6053 10 10177 11 13688
4115 0.060735660333759323 0.45554467674346932 4.4820169949373989 34 24 15 0.70016261745791697 6 11713 2 6643 4 8302
4116 1.2298499952412696 0.54650861908304249 4.8541357814812258 176 156 132 0.50488852399892759 14 9795 2 6662 4 9766
4117 -1.9004002537542271 0.60002821986544097 4.674270480307988 106 93 81 1.0485674492081722 5 8690 2 6668 4 6105
4118 6.705382515336626 1.1322275758822451 8.1884077230423244 148 129 112 1.3279884245268732 5 8700 6 11756 2 6681 1 11738 4 8336 11 12898 7 10616
4119 4.5203126091000607 0.18781410610163365 2.4990585311569169 149 148 146 0.62727681537933844 8 10560 1 10183
4120 -0.022277331340986584 0.63277470500246402 4.4060490494285744 173 150 134 0.7996570719138405 5 8709 14 9810 2 6697 4 6177
4121 6.5489065940685238 1.2409334681983768 8.1579673869771447 141 123 109 1.3717540030728568 5 9536 6 12929 2 6698 4 9789 11 12106 7 10907
4122 4.3330499520887589 0.27378376619415046 2.7120981694786024 158 146 134 1.1344407215048722 8 9051 1 7717 1 11789
4123 6.3219071549948902 1.2875839787903931 8.0605430853560129 153 132 115 1.378968839034393 5 8726 6 12945 2 6706 4 8359 7 10629
4125 -1.7087335596925797 0.74064565974720087 4.5981454338188312 68 52 39 0.46667177454094794 6 11780 2 6709 4 6202
4126 7.7332309954438783 1.4613599541538076 8.6738667052102194 108 89 74 1.6280969829933838 5 8740 2 6718 7 10262
4127 6.2010012124025273 1.373780333097979 7.9766145799259425 118 100 84 1.9316061860562477 5 9554 6 12956 14 8656 2 6725 7 10919
4128 6.3911484154869092 1.3828382199643818 8.0598964473344008 175 154 137 0.95173783146784319 6 11797 2 6726 4 8390
4129 6.4424156228115192 1.3936006229779576 8.1186585443026935 175 154 137 1.0446638298106368 5 9550 2 6727 4 8391
4130 -1.5347125540652715 0.75487997200847756 4.541459326387761 108 89 72 1.101016088862887 8 10604 2 6729 1 11791
4131 6.6619196841983737 1.4163924003305697 8.1437054888078482 21 14 3 1.5261877147662348 5 8752 6 11804 2 6732 4 8395 11 12913 7 10640
4132 -1.438993889240737 0.79045980709077168 4.5138619516259642 148 130 118 0.48559774253558396 8 10629 2 6749 1 11807
4133 6.2454190526306288 1.505777073992695 7.9987687125064513 65 52 35 1.5405898326484668 5 8770 6 12977 2 6754 4 8419 7 10924
4134 6.3041030024036395 1.5233506898063989 8.0735657719215261 65 52 35 1.3804898060573934 5 8771 6 12978 2 6755 4 8420
4135 0.5923979702633746 0.84403520704483681 4.6534986096102608 134 109 89 0.64736183325658725 14 9850 2 6758 1 10229 4 8422 13 9891
4136 1.2104246934206166 0.89475225655513602 4.7474062118412022 167 133 101 1.6377781055233054 8 10648 2 6765 4 8438
4138 -1.2542283293413372 0.83333222699037579 4.4337195600369892 164 144 133 0.9088551485679276 8 9164 2 6769 1 10237
4139 0.081222154401123903 0.84586867718634484 4.4177995449026302 70 49 32 1.1119405234102071 5 9588 2 6771 4 8441
4140 0.010070195103497936 0.83812571405662706 4.3422940162125743 161 133 112 0.68469881417362333 14 9861 2 6775 4 6291
4141 -0.11496927302690158 0.87903351282046382 4.3266840596872322 144 121 106 1.0208615947410917 5 9599 2 6788 4 8462
4143 -0.63683627111726915 0.87854175261297596 4.3213007073628171 94 71 55 1.6854483564092793 5 8787 2 6791 9 7233
4144 1.3425659863223844 0.99933290368960181 4.6356993247612017 47 38 27 1.8309860072595361 5 9616 8 10674 2 6800 1 11856 4 8485 10 10427
4146 0.63996685140397025 1.1927374803350854 4.5898008635546095 146 123 107 0.16199851234454488 8 10728 4 8574 9 9058
4147 -0.12116491672512666 1.1326603238103155 4.2629707734623006 143 121 107 1.4124556422401355 5 8873 2 6886 4 6469
4148 0.24070335390254755 -3.1996385632223716 9.6759077484716869 69 64 70 1.6360906055335509 6 12419 2 7303 4 9203
4149 -0.18740458239543334 -3.0838952914097164 9.9865899502210898 143 152 159 2.0665614387440372 5 8182 2 7309 4 9208
4150 -0.18740458239543334 -3.0838952914097164 9.9865899502210898 143 152 159 2.0665614387440372 5 8183 2 7310 4 9209
4151 -0.2100242007795094 -2.4388325878081765 9.7477863041685371 136 145 152 1.3457979456070694 8 12295 1 12359 4 10399
4152 11.868674242404236 -4.6306155360684107 13.596276009261505 122 120 122 1.411547390996025 14 8042 2 7374 1 12378 4 9242 6 12471 11 11783 7 10035
4153 11.715757819878769 -4.6250650664832387 14.777421877828258 118 116 117 1.4648234814630705 6 12484 2 7383 1 12386
4154 11.563143420409979 -4.5344325910458183 14.062204439885251 137 134 133 1.8284137904819324 6 12483 14 9024 2 7385 1 12388 4 10401 7 10036
4155 -0.3994360426409731 -2.0095574723165166 9.7795612575679058 77 68 62 0.23097911343408023 6 12509 2 7392
4156 12.399069660708546 -4.4254935497770989 13.117867181227643 35 36 41 1.0818392987045538 14 9035 2 7394 1 12402 4 10408 11 12688
4157 -0.62291927883578102 -1.8174289134944841 9.6196596485167429 136 120 107 1.7483949537561208 8 10010 2 7403 4 9288
4158 13.19639067131839 -4.1578721389442173 13.144913205153815 148 142 142 1.17187228472532 14 8102 2 7413 1 11164 11 11829 7 9356
4159 -2.4937238675227764 -1.0092507551913699 3.3727186738959136 65 62 57 2.0031649337586042 6 12524 2 7416
4160 12.82003896115898 -3.9897932686331328 13.117482305194571 129 120 115 1.9650513036128896 14 8105 1 11175 11 12714 7 10059 2 7421
4161 -2.5827720012338151 -0.93462645998705451 3.2568975485547282 53 43 34 0.88568508792578093 6 13414 2 7429
4162 2.8019012292166008 -1.8170356296022689 6.2161679434256589 111 107 106 1.7368962477052843 2 7449 1 11245 4 9343 6 12523 10 10327
4163 2.7302445589425832 -1.7836973476432505 6.2230760513432246 128 123 119 1.245815618473642 6 12527 2 7451 1 11247 4 9349
4164 12.092761934324461 -3.4268557152594399 13.281405303548039 115 102 96 0.95978313279249339 14 8158 2 7457 1 11228 4 9311 11 12728 7 10066
4165 -2.5837555287351557 -0.84408163598536801 3.248250102947472 67 55 39 0.67035624113477055 6 12563 1 11279
4167 0.59624442312198789 -1.2412315282340167 5.4607340009322085 157 147 135 1.0931390470738505 6 12574 14 8963 2 7485 4 9376
4168 11.975736911297776 -2.9615806974204171 13.233642844218979 169 160 155 0.64018246111446775 14 9120 2 7486 1 12483 4 10469 11 12752 7 10537
4169 0.56934213753748497 -1.2194464537576317 5.5107037701183312 167 155 143 1.1662047718410535 6 11236 2 7489 4 9378
4170 12.165060800944275 -2.924698058286487 13.248800377244999 32 32 38 0.91097753330982112 14 9123 2 7492 1 12485 4 10475 11 12754
4171 3.7569980800199607 -1.4501345819658502 3.9289382231330627 144 135 128 0.90641086976215512 6 13431 1 12521
4173 4.1017984046260594 -1.3958130418892687 3.6745486898952273 64 68 77 0.32832374834296763 6 12582 2 7513
4174 -0.037801795065696586 -0.89270790377484222 4.8336454745600745 165 145 134 1.387216464932876 6 12620 2 7518 4 9446
4175 4.1180737688435123 -1.3520269580040927 3.3994991984327756 141 132 125 0.43886428499540231 14 10073 2 7522
4176 1.272566615644408 -0.98477738084744404 5.3835189981879896 140 123 103 1.3235496561297699 14 9624 2 7527 1 11369
4178 4.4851702770029869 -1.1418288701148109 2.8230895745758167 110 107 104 0.35490181837676416 8 11455 1 12596
4179 4.7244283982973903 -0.9144571670258147 2.6166288348921225 158 139 125 0.79729709168092866 8 12452 1 12646
4180 4.515918314276993 -0.86563415408664302 2.7340795410058027 127 104 85 1.2250393507455324 8 11494 1 12648
4181 0.45290074429028143 -0.7187953228973476 -0.36509584923994287 5 9 8 1.0275707832074557 6 13504 2 7630
4182 -1.4026420493043563 -0.12795934624094535 4.6957516577424663 136 119 108 1.2850403133854451 3 7839 2 7675 1 11544 4 8096
4183 -2.5502773018510756 -0.17245205851618409 2.9749747090328511 176 167 158 1.1775282179389808 6 12754 2 7678 1 11562 4 8132
4184 7.5190991311086748 0.008587701536342085 9.3926002067379244 16 25 45 1.3225092864562857 5 8544 6 12784 2 7704 1 12700 14 9230 4 9616 7 10154
4185 4.3284541052772045 -0.47353873628405851 2.8771357256348216 131 105 89 0.08519955993067152 8 11598 1 11601
4186 4.2304046777023361 -0.41089752445425576 3.0995933456083811 91 64 49 1.100976068156714 8 11606 14 9724 1 11606
4187 1.9504004421901753 0.24784169781947887 5.4707325831209097 75 65 56 0.99955845277509692 14 9746 2 7739 4 9684
4188 4.1572312792168935 -0.18884644671732195 2.8196827173562506 41 30 24 0.83151293810380977 8 11656 1 12755
4190 1.9691038807137367 0.34387988083404275 5.4959224103670925 31 22 15 1.3260394075874509 14 9758 2 7763 4 9700
4191 4.0493973110752535 -0.067645780490010271 3.1530974531112794 136 123 107 1.0181695932772761 14 9761 1 12765
4192 3.9841994372657137 -0.05088775860912368 3.2271095736887236 127 110 94 0.97939336610422378 14 9760 1 12764
4193 4.2898975262385761 -0.051754724173153306 2.806436795013366 109 91 77 0.50844183153398903 8 12570 1 12782
4194 6.2367133921354521 0.69399956161028087 8.1533021740150602 44 30 19 1.155644944772942 14 9290 2 7786 1 11683 7 11110
4195 0.4018122183698179 -0.41226820874557468 -0.50117266040522801 0 5 4 1.2982941276840954 6 13661 2 7789
4196 -0.07383878131186547 0.38468843285074705 4.4035729498138405 53 39 30 1.1355208789615669 14 10161 2 7792 4 9739
4197 5.5426563463326266 0.76778148750702957 7.6920941905897608 143 122 105 1.7621588900128062 14 8542 2 7796 1 10062
4198 2.1582711260870333 0.53932185904567687 5.5512702453761209 39 32 26 0.6989375475358417 6 13683 14 9787 2 7798 4 9740
4199 2.7151058297192612 0.52487880680266874 5.4294541042489053 110 92 78 1.0958644340956378 5 10191 2 7802 9 9392
4200 6.841320200692361 0.98626681624031354 8.1590441771927154 151 135 119 1.6131129384165668 2 7819 7 10897 6 13690
4201 1.9847992052371719 0.71354771231576919 5.4911912424834499 54 37 24 1.497383124642925 14 9313 2 7832
4202 7.0672318080891214 1.1720721535055658 8.3453681392635577 117 98 83 2.0069376253394626 6 14219 2 7835 4 10815
4203 -1.9059698150511974 0.65973884105251857 4.6673457091431558 117 98 81 0.66005342280268131 6 12915 2 7837 4 8338
4204 6.6494509247563789 1.1890255192601922 8.1837145509765712 44 36 25 1.9663849812215102 6 13706 2 7841 4 9779 11 12902 7 10903
4205 4.3955355529297018 0.25475346879945238 2.6018885599703467 164 160 151 0.75762626785468579 8 12606 1 12832
4206 -1.4050188034536211 0.73803150504270687 4.5300763621338609 21 17 13 1.4428395664189877 8 11756 2 7861 1 12821
4207 -1.4050188034536211 0.73803150504270687 4.5300763621338609 21 17 13 1.4428395664189877 8 11757 2 7862 1 12822
4208 -1.2795723660520073 0.7293765022736638 4.4839413162652537 22 18 16 0.42291120171747965 6 12946 2 7863 4 9805
4209 -1.2795723660520073 0.7293765022736638 4.4839413162652537 22 18 16 0.42291120171747965 6 12947 2 7864 4 9806
4210 0.58842788271252311 0.79335597005128988 4.6569937060396569 166 145 126 0.62820626856867801 14 10233 2 7873 1 12842 4 9825
4211 6.8309639836813236 1.4381890215754705 8.0829747070912319 134 116 99 1.8167039476614555 5 9564 6 12967 2 7874 1 11808 4 9823 7 10922
4212 1.4409138505394812 0.80208991003305752 4.6646818092461126 175 141 113 0.70827630619310777 14 9849 2 7877 1 11813 4 9832
4213 7.6144277589405878 1.6447798904821149 8.5149839484212055 104 84 69 1.9788648518541816 5 9582 2 7889 4 9846 7 10932
4214 5.8610718908205799 1.5353939010210083 7.8108341639906547 148 129 114 1.3278569882410651 6 12984 2 7897 5 9585 4 9848 7 10928
4215 6.326243312143915 1.5787424122558711 8.0168230789238564 137 118 103 1.7991361222630999 5 9586 6 12985 2 7898 4 9849 7 10929
4216 2.3345095308024724 1.1134666192828917 5.4082357798229195 115 94 77 1.3008438701195681 5 9598 2 7916 10 10425
4217 4.3990069883783214 0.5047211255524271 2.5647800452001484 145 141 136 0.27468843766926748 8 12648 1 12889
4218 -2.6339698477250089 0.57307514506197799 2.944539770275199 73 65 54 1.3414498763134042 6 12996 2 7925 4 8464
4219 0.40601423882687765 1.0041105027144488 4.5361734598481789 157 139 125 1.294731755676146 14 10263 2 7934 1 11866 13 10107
4220 -0.15440036995111242 0.97844028094931412 4.2963122618476843 110 87 69 0.8881652447011753 14 10268 2 7944 4 9902
4221 1.5068849550291554 1.0745549026907188 4.6027439307044418 42 31 27 0.99152835032573627 8 12668 2 7946 5 10682
4222 0.26531159294856549 1.095423485448729 4.4512449643588026 161 142 125 0.51704483430568016 2 7962 13 10115
4223 0.40122131884861872 1.15902629030355 4.4956376745900863 162 141 124 1.1146418314820559 2 7984 4 9941 13 10121
4224 0.11207040351867598 -3.1981878710361795 9.688540097812302 87 85 91 1.6084065928519036 6 13346 2 8290 1 13211 4 10366
4225 0.15540846485160914 -3.1146897623575871 9.7136507523167896 124 116 113 1.2938424771185111 6 13350 1 13214 4 10368
4226 0.024670431337318721 -3.0572815925710364 9.803887274538674 137 141 144 1.3842371015346397 6 12433 2 8301 1 12323 4 10369
4227 0.08251204872539819 -2.973295360076698 9.7198180788120165 109 104 98 1.6406022024461544 6 12435 2 8306 1 13218 4 11213
4228 -0.52593231452883948 -2.5833211413223096 9.9521949468746325 133 137 140 0.12719656655857448 8 12288 4 10384
4229 12.884655693541466 -4.8428214524358459 13.226694313136703 98 98 103 1.4114679568126078 14 9618 2 8339 4 11226 11 12677 7 10519
4230 12.317830237697482 -4.7402292209133172 13.299820277251479 144 144 145 1.8029146589650047 8 12286 2 8340 4 11228
4231 13.420584199950657 -4.6190371213569676 13.280800568208104 72 72 80 1.1243801970832141 8 12296 2 8348 1 13262 4 11236
4232 11.58479854524316 -4.2362503312256257 13.684962731859095 102 105 114 0.93851213389312438 14 9629 2 8353 1 13271 11 13259 7 10824
4233 -0.19575348937390111 -1.8518086872095836 9.5093584192156069 183 174 165 1.2928242658736844 6 13398 8 11326 2 8361 1 13284 4 10433 15 1023
4234 11.424702110117934 -4.0195659044559759 14.6525383707627 69 72 81 1.6237957755423686 6 13383 14 9634 2 8362 7 10523
4235 11.623233966655162 -3.7686864674357272 13.989533728688359 129 118 112 0.93862084133990376 14 9640 2 8368 1 13296 4 10422 7 10527
4236 -2.2974427835989397 -0.88753387366010295 3.9873287872707621 78 58 44 1.3738066416079606 8 11379 2 8384
4237 -0.81431985139041529 -1.0214516584292483 4.777815577133504 159 146 137 0.80800695553826929 14 10356 2 8391 1 13351
4240 10.1095817038447 -1.4698369305466641 14.327182986126065 155 139 121 0.39401458758009383 5 10050 2 8446 4 10543
4241 12.099989560214214 -1.5325439342890519 12.849238370369752 136 126 116 0.91349917916254308 14 9708 2 8455 1 13420 11 13328
4242 1.0246360859801553 -0.51961166055569596 5.1709815493422955 157 136 117 1.3721292774316896 14 9662 2 8482 10 10333
4243 0.29817208689085156 -0.43214524090132422 4.8504543203803481 131 110 91 1.1435913675670788 6 13554 14 10087 2 8493
4244 1.3816489939082184 -0.45090959575848633 5.0167455381754582 143 128 109 0.7448605505536785 14 10110 2 8506 1 12642 4 10656
4245 4.2266775019575578 -0.8012647545338607 3.1272750622181755 151 126 106 0.76151969749269677 8 12459 1 12650
4246 4.241453824652698 -0.69243072807315831 3.0778953161008733 187 166 147 1.4392852938343035 8 12475 1 13477
4247 2.2735574753172467 -0.063388387098783444 5.3773309243148644 92 75 56 0.75898912640693061 6 13626 14 10137 2 8557 1 12709 4 10715
4248 1.5922747085543887 -0.019154726764576128 5.0806960471090576 62 45 29 0.74063906365537002 14 10133 2 8562 4 10722
4249 2.7181821514014675 0.019775976315927202 5.5903581657177108 157 140 120 1.0416817534626532 14 9737 2 8567 1 13510 4 10727 10 10378
4250 7.8073118192305815 0.15758967811732819 9.0128983556379385 140 109 81 1.3699850473957689 6 14168 2 8568 7 11095
4251 7.7863693473797726 0.16310099041004822 8.9883742897466377 140 109 81 1.9365890439974176 6 14169 2 8569 1 12719 11 13374 7 11096
4252 0.43066826267517649 -0.52044478089466428 -0.51121455255768877 0 2 1 1.3910490674038849 6 14162 2 8580 4 8291
4253 4.1220498543836372 -0.20373624183913566 3.0657474423248448 168 163 159 0.32759378646397425 14 10152 2 8590
4254 3.8465491265788545 -0.10945071875439802 3.4708961343214262 163 140 132 0.75854876261433268 14 10157 1 13540 4 10767
4255 3.8135313399739239 -0.047244168833552383 3.4755953321536688 51 44 38 1.6231598528177351 5 10624 1 13547 4 10770
4257 4.2797410893803658 -0.092220251626939143 2.840530911963203 56 39 29 0.39514154791308698 8 12562 1 12774
4258 -1.7907947238806479 0.4129356918714957 4.7568387314582976 147 129 116 1.8253556570252278 5 10179 6 12864 2 8607 1 13549 4 10776
4259 -0.12132725761175531 0.35776049837615265 4.5256746874465108 15 11 11 0.76777577900366989 5 9490 2 8614 4 10782
4260 -0.078661731889754977 0.35948612551296466 4.4868535877086977 150 128 109 0.30928543924234919 6 13668 2 8615 4 10784
4262 6.7330823779954718 0.79966817904437026 8.2350073884099562 153 135 115 0.91445680677784991 5 10188 6 14207 2 8626 1 13567 11 13712
4263 4.3069701658138566 0.043356021164987449 2.7875110513416783 148 127 110 0.45511972182339833 8 12580 1 12792
4264 0.6037555432419377 0.56311151614361821 4.7212310608343664 115 94 77 0.65350659426853652 14 10460 2 8639 1 12798 4 10807
4265 4.3563730569910115 0.20605510994883594 2.7790395954421916 121 105 90 0.48889878691046662 8 12595 1 12811
4266 4.3563730569910115 0.20605510994883594 2.7790395954421916 121 105 90 0.48889878691046662 8 12596 1 12812
4267 5.4767818762292189 1.1861519993808094 7.5044323717374324 147 126 105 1.7963931628706058 14 9347 2 8664 1 11774 4 10830
4268 6.6856063768112737 1.3224050551256405 8.2026832710712778 47 38 29 1.6077841137240196 5 10234 6 13714 2 8666 4 10832 7 10916
4270 1.3122838280938971 0.85653864320552509 4.6565781813541083 134 101 68 0.73716032458469283 14 10246 2 8691 1 12856 4 10859
4271 4.3251149190493727 0.45457448055900762 2.7111104255794891 159 155 146 0.15667917843671664 8 12630 1 13618
4272 5.4888577629957434 1.5360158344966732 7.5542239069271107 38 28 19 1.3893816736220654 5 10264 6 13741 2 8704 4 10870
4273 4.3498053179835736 0.5177691991031208 2.628247783040413 151 146 140 0.26412385778344072 8 12647 1 13636
4274 -1.0152125747585363 0.93962240276013065 4.3401241469320544 119 98 81 1.0122691437206692 6 13760 2 8730 4 9880
4275 0.27157152622678954 0.9923712095876972 4.4676010648095801 157 141 127 1.2462615207343759 14 10510 2 8735 4 10893
4276 1.347117391139617 1.0945393009517308 4.5599999210118325 166 140 115 1.1618665818491947 5 10292 8 12670 2 8745 4 10910
4277 -0.046798679454391479 1.2642412960671068 4.205767705657756 0 0 0 0.48169139341083256 5 10705 6 13833
4278 -0.042910667207087749 1.2744785768619336 4.255304385764731 46 33 25 2.4012987806242672 5 10706 2 8795 4 10958
4279 1.1441798573461701 -3.9858491127987516 10.389976215172936 100 100 108 1.2842649636975294 6 13981 2 8937 1 13814
4280 -0.10855391441683873 -2.0362910430931391 6.7507825245005018 99 100 105 0.8990849427298272 8 12300 2 8960 1 13849 4 11239 15 1728
4281 0.68931969321865827 -1.8022561489757365 5.4000133071904637 85 83 84 0.29724604105056918 6 14014 2 8971 4 11254
4282 11.597519939550736 -3.9587475816979163 13.629714406593678 128 120 118 1.3180610942538478 14 10079 2 8978 1 13868 4 11242 7 11054
4283 0.6642046096121601 -1.5914422393690759 5.2016522053585517 65 57 55 1.1288954063097043 6 14023 2 8980 4 11273
4284 1.9388387275748049 -1.758688345857744 5.8974331854128774 69 58 52 1.2357790030294646 2 8983 4 11269 10 10321
4285 11.655281451825152 -3.203258527766526 13.753273679547673 146 133 124 0.6475831356728341 14 10090 2 8994 1 14310 4 11831 7 11063
4287 11.65861415755505 -2.4621829890965246 13.277253495717556 105 97 95 1.3122340577719858 14 10113 2 9016 1 13928 7 11073
4288 -1.1937445101637081 -0.34355953097476843 4.6730079072839112 112 103 88 1.009740594530657 6 14120 2 9065 1 13985
4289 -1.7753020410295615 -0.075319967616568478 4.8311808165563956 103 86 78 2.0195755375507525 5 10604 2 9089 4 11443
4290 6.2918696148180606 0.3560003083971246 8.2131735052610804 138 120 100 0.90680870279847914 14 9771 2 9126 1 13522
4291 6.4818150484169781 0.58446465795626534 8.2838335535552421 146 125 104 0.93195879607475229 5 10889 6 14559 2 9133 1 13542 4 11485
4292 6.4753744174033185 0.71442448312662221 8.2428071099527109 153 132 111 0.8484536081931463 5 10900 6 14566 2 9140 1 13555
4293 4.3448005507267284 -0.054834550593030967 2.7420786224537781 109 95 82 0.68658609843681528 8 13176 1 13570
4294 4.0877815689771859 0.039428502516164088 3.1801891900314998 132 113 98 0.75178441286599118 14 10457 1 13571
4295 -1.4393457433053143 0.50771983072983717 4.5174513893415789 83 73 63 1.1960988573313838 8 13194 2 9151 1 14073
4296 6.4699870697058399 0.92267290477377395 8.2071289273865471 165 144 125 1.5116241908521746 5 10910 6 14574 2 9152 4 11506
4297 -1.3722591011144405 0.5518022684251378 4.4920341313850951 47 35 29 0.37019227822780332 8 13200 2 9161 4 11519
4298 6.8726040111043174 1.3226312150136872 8.2421801335047995 139 118 97 1.8563254719302313 5 10921 6 14590 2 9173 4 12036
4299 6.8051065499387136 1.6727155126704956 8.2547869857900658 59 46 37 1.6452934727987698 5 10675 6 14247 2 9186 4 11563
4300 -1.7780920356541761 0.88171871291110993 4.5503890121706743 57 45 33 1.3732966434237268 6 14241 2 9187 1 13614 4 11553
4301 -0.12706757419147141 -1.8149692127807378 6.6846333407742184 137 127 118 0.82651373703252051 8 13425 2 9365 1 13862 4 11826
4302 -0.13854637350654495 -1.4147026740986437 6.549377501576334 145 131 120 0.62114892112980669 6 14443 2 9378 1 13886 8 13032 4 11280
4304 11.699932358869368 -3.3593358439217273 14.142933530060297 39 43 58 1.2190824875689623 14 10395 2 9385 1 14307 4 12227
4305 11.699932358869368 -3.3593358439217273 14.142933530060297 39 43 58 1.2190824875689623 14 10396 2 9386 1 14308 4 12228
4306 2.7202476525765533 -1.6162782248918992 6.1236679161011507 123 113 103 2.0730343499109862 6 14447 2 9396 1 13906 4 11856
4307 4.0054180980233376 -1.6162641836537928 3.671467720223978 90 85 81 0.78141763582956347 1 14328 4 11872
4308 11.870192180955694 -2.6907834395513603 13.184183554177588 153 143 134 1.172300694083158 14 10412 2 9409 1 14325 11 13928
4310 -0.08283031238537239 -0.96998970244011484 4.807060555117344 163 150 141 0.58553497976612678 6 14470 2 9421 4 11339
4311 0.46796450515362747 -0.83311098738240308 -0.41124091375811567 159 133 107 1.9304160248167981 6 14734 2 9437
4312 0.46796450515362747 -0.83311098738240308 -0.41124091375811567 159 133 107 1.9304160248167981 6 14735 2 9438
4313 0.63948978605969065 -0.62287248370015025 5.1245480360308004 119 100 85 1.5933796442866719 5 10813 2 9442 4 11915
4314 -0.43969881514734338 -0.27592958747927421 4.5474230474379134 43 34 30 1.0716374783478582 8 13541 2 9473 1 14387 4 11946
4315 -0.43969881514734338 -0.27592958747927421 4.5474230474379134 43 34 30 1.0716374783478582 8 13542 2 9474 1 14388 4 11947
4316 -1.3568383807917956 -0.17936651339900805 4.6813249258841765 167 153 143 0.70313828070987883 8 13545 2 9476 1 14389
4317 6.0125409372295042 0.37051378180621142 8.0853265628401747 78 64 53 0.92423750845496355 6 14799 2 9503 1 14045 14 10177 4 11991
4318 -1.5120696676277634 0.44840014953925011 4.5739616455420382 44 34 24 1.4542361254595841 8 13600 2 9516 1 14063
4319 -0.077845700333764367 0.43118724924567764 4.4225072007757698 25 14 5 0.38361524525303359 6 14572 2 9520 4 12021 5 10907
4320 -1.1609298871146692 0.48858169066501056 4.4181853280874543 94 76 62 0.99995512197367631 8 13605 2 9521 1 14430 4 12023
4321 6.4219891164282501 1.1316986799092752 8.1270630592332971 173 154 137 1.013256390183715 6 14822 2 9530 4 12353
4322 0.4767616812875452 0.83496799321539206 4.5946126523740514 166 152 141 0.90119854960450874 6 14598 2 9539 1 14107 4 11551
4323 -0.50391594280167706 -2.2902302695856909 9.7628637043155759 53 45 43 1.1248695059179992 8 13705 2 9659 4 12210
4324 4.1679908345180712 -1.6585934355873369 3.4547978479952968 136 132 129 1.3032214611675335 8 13725 1 14584
4325 11.687440684317183 -2.7393779372326694 14.00583050327768 52 52 60 1.5408077627793315 14 10410 2 9687 1 14580 4 12240
4326 11.687440684317183 -2.7393779372326694 14.00583050327768 52 52 60 1.5408077627793315 14 10411 2 9688 1 14581 4 12241
4328 -1.2563081739396607 -0.25906708507090853 4.644121036860116 25 16 7 0.60978183994937951 8 13536 2 9714 1 14382
4329 5.5830907279551649 0.11734208934469334 8.2073674414352009 43 37 39 1.0779547963064697 6 14788 2 9732 4 12312
4330 -1.5071451332436356 0.35097606369466849 4.625936595420991 143 121 99 2.4660654874844545 8 13787 2 9745 1 14419
4331 -1.5071451332436356 0.35097606369466849 4.625936595420991 143 121 99 2.4660654874844545 8 13788 2 9746 1 14418
4332 -0.37471497587731339 0.62523994570881603 4.3653701607249067 161 144 128 0.67829198746027464 8 13803 2 9761 1 14665 4 12361
4333 2.5476233811828131 1.2325599006748105 5.2907650343962409 43 29 17 1.4788690237335502 8 6949 6 10320 2 2609 14 8716 6 11919 1 10307 10 10237 11 13769
4334 0.090676895722048234 -0.3905487706853833 4.7248329112094671 18 12 8 0.91328434932612446 6 11437 14 9650 8 10300 5 6957 2 6410 4 5572
4335 2.043225841741001 -0.99416333540563262 5.9818232950174313 42 33 28 1.1144269065758894 14 6600 6 6338 2 1247 8 5564 5 4519 3 4091 1 2246 4 1496 9 4061
4336 -2.3457176779392128 -0.84588233456852369 3.8844397440542986 118 80 59 0.62929599636072697 6 6106 2 937
4338 3.927876648672683 0.26480690183345956 3.30608185467299 128 109 96 0.749333959530599 3 9364 1 10138 4 8340
4339 -2.4181785846762804 0.58910297778324094 3.3678387230374982 28 24 21 0.67922975767003013 6 12972 2 5063
4340 -2.4181785846762804 0.58910297778324094 3.3678387230374982 28 24 21 0.67922975767003013 6 12973 2 5064
4342 3.8903341352929717 0.57235474461589031 3.2026509744960361 151 143 135 1.2656359839776976 6 12989 1 11842
4343 -0.52522829922028658 -3.9925018122874922 10.235976270913405 83 83 91 1.5823575806479144 6 78 8 25 1 271
4344 -0.52522829922028658 -3.9925018122874922 10.235976270913405 83 83 91 1.5823575806479144 6 79 8 26 1 272
4345 -0.48467907888972483 -3.9973267657958327 10.228285298685211 82 82 90 1.2712464658778706 6 80 8 27 1 278
4346 -0.029534507710133384 -3.9986311214891472 10.012212398005623 122 121 126 0.81039204912907259 6 86 4 100 1 319
4347 -0.6535154964034311 -3.8633277641053811 10.252911741481412 100 103 108 1.119415956094306 6 121 1 332 4 104
4348 12.725605370457465 -6.9813917373786429 14.955230306131028 101 105 116 1.7160210857971709 6 5451 1 594 4 144
4349 -0.45678294316996482 -3.2573696357287054 10.083154649294224 160 156 153 0.6318297869295787 6 323 8 143 1 633
4350 12.774130529386316 -6.7853506762709284 14.868044355538053 84 88 99 1.7142517566058644 6 171 1 653 4 164
4351 12.888815571052435 -6.3418037716641749 14.669296495697447 108 111 118 1.2237190353115308 1 765 11 5630 7 6444
4352 -0.019391706063569492 -3.0269728926665573 9.8500964972320517 112 116 118 0.35902872010288345 6 418 1 774
4353 0.27365188485197572 -2.9361472193395008 9.7340083803891115 138 135 130 1.1009507333235753 2 341 4 357
4354 0.23885887315154025 -2.2449538660678092 6.9692794715023929 46 47 52 0.38144843539845064 2 445 1 1053 4 519
4355 0.23885887315154025 -2.2449538660678092 6.9692794715023929 46 47 52 0.38144843539845064 2 446 1 1054 4 520
4356 -0.10443878549115865 -2.36063756655206 9.4082926180089999 29 23 23 0.83851522015414082 2 473 1 1085 4 486
4357 12.038704420174572 -4.6661141594569413 13.518705324257853 77 75 81 1.5021485538643882 6 5690 14 714 1 1173
4358 11.978873217453243 -4.6437568301095915 13.531274957637171 131 130 136 0.86961502210814168 8 311 1 1179 11 5768 7 4139
4359 -0.041843311430287855 -2.0125878068862142 6.6823430515807756 87 78 73 0.42066710592498535 6 608 1 1182 4 612
4361 11.670712978028055 -4.5738047549893261 14.101147718419229 149 145 146 0.88496006753855172 6 568 1 1200 4 476
4362 12.065411224006949 -4.3370098990140331 13.328050695829756 53 49 48 0.99182962746282299 6 5732 1 1277 11 1179 7 4163
4363 11.627555725538043 -4.2946744496450435 13.94315868305622 136 131 128 0.97367739730842806 14 794 1 1281 4 533 11 5813 7 4161
4364 12.824847875202405 -4.3947733563329505 13.126792557457012 71 67 68 0.96909519661033006 8 4986 1 1302 7 4201
4365 13.085908810631771 -4.3286994185185561 13.155190546544926 148 144 145 1.3475196999421475 6 5745 8 403 1 1335 11 1256 7 4218
4366 -0.39261787606155396 -1.8965965687210107 9.5571553712451056 66 51 41 1.25998311550311 6 852 8 561 1 1343
4367 11.483063628523432 -3.9734338566720027 14.622522052262797 62 63 68 0.90903956474347158 5 422 1 1382 4 623
4368 -0.084225130415672617 -1.8293717981081956 9.4520687898905908 103 87 75 0.62432256583208878 6 891 1 1393 4 752
4369 12.043215613623518 -3.9530443062860785 13.365217269704011 86 82 83 1.1657359091052888 6 5786 8 5034 1 1394
4370 -0.051285355740855243 -1.7788418721905044 9.435343421969316 173 162 150 0.35420411504127258 6 913 1 1437
4371 11.510825342666934 -3.8045040049952248 14.647325978628501 116 112 113 0.8891203410720987 14 942 1 1446 4 669 7 6549
4372 12.048966441929261 -3.8231890124401842 13.297000360628962 141 136 133 0.42437724709582147 8 494 1 1451 4 691 11 5892 7 4243
4373 1.7151400186577539 -1.8737471610761154 5.9860302228871403 161 150 137 0.81370528956216848 2 661 1 1464 4 870
4374 11.599760111613655 -3.698912296664858 13.735733164791949 140 134 131 0.54842240868523362 14 951 1 1478 4 710 11 5895
4375 13.397500689007623 -3.7767568060433043 13.102069781773897 73 71 76 0.87633748305507408 14 1024 1 1562 11 5964 7 6603
4376 2.1888874725315577 -1.8351986829983 6.164439873441613 157 147 138 0.63109581945809279 14 3798 1 1580 4 925
4377 12.788141793106753 -3.5387992085098818 13.016092862888923 160 152 150 1.0223404360143369 14 1065 1 1624 4 812 7 6604 11 8760
4378 12.061756250509591 -3.3359754086923994 13.34948368492944 96 83 77 0.4677909463642374 14 1100 1 1679 4 848 7 4312
4379 2.3559209560391956 -1.7233645935172344 6.2217403993209563 158 143 128 0.42262938181850224 2 854 1 1721 4 1024
4380 2.0229482734653992 -1.5840868595964537 6.0244645652334334 157 139 125 0.18435733123019404 14 3900 1 1781 4 1081
4381 12.759308516690647 -3.1365475982436131 12.896179825379749 164 153 149 0.77226640351432674 14 1170 1 1796 11 6050 7 6628
4382 -2.6111895626948818 -0.88394935268683095 3.1977383215392554 56 37 22 1.4739111412754085 6 6017 1 1800
4383 2.6049558551718053 -1.5670477926747057 6.1701650480149723 125 114 104 0.30757675459688005 14 4008 11 10282
4384 12.836530258245649 -2.9932173345869342 12.929945632311899 164 153 148 0.47346450403582224 14 1222 1 1840 7 8285
4385 2.1009596633307361 -1.4965902581703958 6.0367097460887837 169 149 138 0.73259223156917086 2 953 1 1848 4 1143
4386 -2.5837281965340062 -0.84519133968444227 3.2084399129376213 79 61 39 1.6668130311409672 2 3990 1 1862 4 1339
4387 12.438228407842077 -2.7985503629766124 12.845585026342128 149 142 136 0.59831850499010919 14 1247 1 1904 11 8831 7 6650
4388 12.444695232747435 -2.7744041918724531 12.770194920078218 87 82 77 0.48260011644787437 14 1257 1 1920 11 8836 7 8295
4389 12.444695232747435 -2.7744041918724531 12.770194920078218 87 82 77 0.48260011644787437 14 1258 1 1921 11 8837 7 8296
4390 2.6087232536294911 -1.4500321307383246 6.1876519392689211 117 103 87 1.6652959742193765 6 1148 1 1959 11 10310
4391 12.531417170894132 -2.6458143093025317 12.650640848050841 46 38 35 0.6784446779754576 14 1296 1 1975 11 8852 7 8305
4392 12.374598762915639 -2.5941194371835685 12.824570256268174 46 40 39 0.61216848846058225 14 1309 1 1989 11 6119 7 6694
4393 12.220136649954259 -2.5616375797798283 12.940749420813976 37 28 25 0.72282728855417544 14 1312 1 1995 11 8854 7 6693
4394 11.967275265925231 -2.5078870808848448 13.028507168566643 167 157 148 0.76189878832621971 14 4552 1 2010 11 6118
4395 11.645483695557061 -2.4486806168588839 13.659833470665902 147 135 124 1.1289313410184143 5 848 1 2017 7 4449 6 1261
4396 -0.95690320877938184 -0.94419075824707199 4.7937692626112565 185 168 152 0.84915676552774577 6 1279 14 6197 1 2023
4397 11.648401870610403 -2.4411829769964348 13.441575235192676 44 33 30 1.0878023937439121 14 1322 1 2024 11 6116 7 4447
4398 11.648401870610403 -2.4411829769964348 13.441575235192676 44 33 30 1.0878023937439121 14 1323 1 2025 11 6117 7 4448
4399 12.486128871670569 -2.5345374519171688 12.759268117429786 78 69 62 0.75087775789576827 14 1335 1 2033 11 8863 7 8323
4400 12.486128871670569 -2.5345374519171688 12.759268117429786 78 69 62 0.75087775789576827 14 1336 1 2034 11 8864 7 8324
4401 -0.41695697774169238 -0.97939538437817975 4.743123336587721 109 92 82 0.62431818473330258 6 1301 1 2072 9 856 3 581
4402 13.477718468464689 -2.577736935947875 12.856791191153697 40 35 32 0.58727353227640056 14 1366 1 2074 11 8892 7 6768
4403 11.578429494902201 -2.2904622555483169 14.309283715428702 126 121 118 1.2739176242521495 5 925 6 1346 1 2080 7 4491
4404 3.3042179463078027 -1.365399862577942 6.3588500321711967 135 122 113 0.51383523995271341 14 884 1 2108 4 1309
4405 12.177441644248574 -2.0080295312299956 13.028213972210274 32 25 19 1.3249613448743436 14 1464 1 2202 7 6793
4406 1.8664554623442258 -0.99593277810931313 5.8827476197987654 69 56 47 1.2534099851223708 14 4238 1 2232 10 8795
4407 -0.101950852284481 -0.73219757443199174 6.3649497405441622 113 93 75 0.38367624419972968 6 1620 8 1337 1 2253
4408 13.566495665759257 -2.0021375903373926 12.691533821786804 103 99 94 0.73572560262198883 14 1514 1 2255 11 6229 7 6826
4409 2.0468191952502388 -0.95796330897207105 5.9975038118438722 50 43 33 0.50634245820244039 2 1260 1 2275 4 1527
4410 2.2075951545258174 -0.96050154902179452 6.0449827370319378 52 43 34 0.81568889654558019 6 9357 14 4316 1 2280
4411 -0.24434018475049801 -0.67059810532470931 6.3940897138041342 175 159 146 0.67733395377827887 3 920 6 1670 1 2291
4412 3.0656198563605122 -1.0089743119636239 6.182230080531447 144 126 112 0.52343352354957007 2 1295 1 2323 4 1552
4413 11.691260063915642 -1.4875481970515945 13.560898566799624 161 143 129 1.3060938333227003 5 1137 6 1687 1 2373 7 6833
4414 13.577590111690698 -1.7325328467230927 12.633407611678747 110 106 102 0.91748665482633163 14 1558 1 2374 11 6265 7 4703
4415 2.904551224145179 -0.93179259318211927 6.0900703958171647 125 108 92 0.49232996447007743 2 1318 1 2380 4 1604
4416 11.785857590580711 -1.4095530567613066 13.088766298914706 132 122 112 1.2148690228118153 14 1570 1 2423 4 1523 7 6850
4417 12.497428877772498 -1.2269380873100988 12.443218990241659 85 75 65 1.0826637234705012 14 1638 1 2523 11 8960 7 6882
4418 2.2158036403307326 -0.66566893326529464 5.9899492136840538 142 132 120 0.37222665542622629 2 1428 1 2530 4 1759
4419 -3.0387556075201561 -0.38248316211756928 2.4405580087302634 168 129 114 0.29117259674137963 2 6362 1 2581
4420 -1.8442700304068431 -0.31353661648523112 4.9129786060138247 48 34 25 0.9362798894577411 5 1301 8 1736 1 2582
4421 1.3498537579409104 -0.58103314266565242 5.0996859323589101 130 126 115 0.38398398724876831 6 1893 1 2597
4422 -0.50000453524166422 -0.42807449395643771 4.5950209410238765 41 31 21 0.46368081778452847 8 1707 14 6535 1 2623
4423 2.0637867993363463 -0.50139153600989561 5.4110836003085678 28 15 6 1.0015216813199059 14 1355 1 2708 10 7881
4424 5.1490111146468882 -0.98153703792089009 2.4867406231566704 43 31 19 0.92225077586206672 8 5761 1 2731 4 5596
4425 2.0784810438927201 -0.41325912316182756 5.3789483476859736 166 152 139 0.66672822657690256 2 1590 1 2761 4 1964 10 8913
4426 12.489252158646419 -0.5821655937010155 12.268197932086249 126 112 102 1.4248451213282542 14 1819 1 2779 7 6988
4427 12.775694429308119 -0.52458202416417687 12.317128209515028 177 161 148 1.576006617222838 14 1857 1 2802 7 4896
4428 13.343139611908834 -0.55342090134277078 12.399127953898383 135 121 113 1.3819643588950821 14 1866 1 2804 11 6440 7 4916
4429 7.7660397282743956 -0.33628853730354036 9.4290393694500061 66 74 86 0.60174051543069784 5 4930 6 6770 1 2837 11 8970
4430 -0.85084212205103582 -0.17025170467620815 4.5431602024188908 87 68 53 0.46925621831966885 14 6663 1 2843 4 2106
4432 7.677294865086 -0.17038513800355887 9.2893004951879199 25 35 47 0.98668644913882753 5 4989 1 2923 4 2077 11 8989
4433 5.5956020238207032 -0.12019657740914362 8.2793627521321191 129 99 79 1.5961288989156004 5 4998 1 2927 4 2088 10 6815 7 9419
4434 7.744897416909974 0.0059289497572434097 9.017718921740725 25 16 14 1.5943300335578001 6 2557 1 3019 7 8477 5 1795
4435 7.7694255571218802 0.098658741278990131 9.0083920129365644 119 88 67 1.414697814742057 6 2622 1 3053 11 9055
4436 7.4852656785659963 0.17133459266124026 9.3936568049739808 116 94 80 1.099163972683902 5 1905 6 2635 1 3060 7 8496
4437 2.2784785626495925 0.006974306140657742 5.3973070372589529 131 107 91 1.6530283519066549 14 4820 1 3075 10 9015
4438 1.39742634138479 0.0067591175550528876 4.879284315939362 171 153 133 0.66850614646255613 8 2279 1 3083 4 2315
4439 7.8770829979531163 0.23743740559307616 8.984050680355594 28 16 11 0.69506668557880025 6 7005 1 3106 11 9091
4440 5.3886476634145879 0.31202781103577293 7.953981650002107 28 21 9 1.9482810878649006 14 2093 1 3146 10 6893
4441 10.263434650885506 0.3543884492537851 10.051084270846877 96 77 62 0.67426249233441515 1 3149 7 7115 11 6578
4442 10.17407398278303 0.40947798657529988 10.09404978292862 110 87 69 1.9574409137934063 14 2241 1 3165 11 9164 7 7123
4443 5.352780873009424 0.33454450773113109 7.7515952914251045 102 89 80 0.80260492842445663 14 5150 1 3166 4 2363
4444 5.352780873009424 0.33454450773113109 7.7515952914251045 102 89 80 0.80260492842445663 14 5151 1 3167 4 2364
4445 5.4275741443539243 0.39615267982225788 7.8044271745307743 135 122 106 0.80695580869777805 5 2079 1 3198 7 9477
4446 5.4275741443539243 0.39615267982225788 7.8044271745307743 135 122 106 0.80695580869777805 5 2080 1 3199 7 9478
4447 6.6280623874165432 0.45304370384359938 8.3555876002688017 27 17 7 1.0741782838904406 6 2877 1 3214 11 9118 7 8531
4448 2.359475124572032 0.27169046358548798 5.4568434025325541 30 17 9 0.83373624428856685 14 5085 1 3244 11 12773
4449 5.340198283335531 0.59162497542322579 7.8581323550760382 23 13 4 1.7613728915235534 14 2273 1 3281 10 6957
4450 6.5931501765957687 0.60810508708560773 8.3186925481895564 162 145 129 1.3907177445124461 5 2198 6 2982 1 3287
4451 3.9141850273965106 -0.09553158710130974 3.1949091612685301 23 15 8 1.9142684357141597 6 7103 14 7075 1 3288
4452 2.7163679013206381 0.33359739021508594 5.5061530778233889 161 144 128 0.81954692003839291 14 5146 1 3296 10 9101 6 7157
4453 6.6362591925363006 0.62424134426188649 8.3187957266418469 35 23 11 1.3539228437168731 5 5223 6 7182 14 2308 1 3300 4 2492 11 6590 7 9533
4454 3.8377813436778805 -0.057565007207498228 3.2431244561168278 119 102 92 0.55208319108618475 6 7121 1 3328
4455 2.5819210396281829 0.36092160529088091 5.4444180098850001 116 98 78 0.53222451399019033 5 5202 1 3332 10 9103
4456 6.6550053863757315 0.72317201608050807 8.2915206693851928 142 129 113 0.99940164420632693 5 2271 6 7230 1 3368 11 9190 7 8585
4457 6.6554658029184655 0.72367746616307949 8.2919493252982601 142 129 113 1.1050665902544767 5 2272 6 7231 1 3369 7 8586
4458 7.4684802728779118 0.77510616707605129 8.7680563313610538 29 22 17 1.0870285475399808 6 3053 1 3379 7 8609
4459 0.42999339234954098 0.38820090916562733 4.7238185219471669 144 132 120 0.50836408334134597 6 7239 1 3396 4 2588
4460 5.3867475784746066 0.85099705393160319 7.9191113049709942 89 67 54 1.1530894994702492 6 7313 1 3483 10 7009 7 9540
4461 4.1644284280264872 0.085727065520579904 3.0244867754221576 135 118 102 1.368503889298152 14 7225 1 3545 9 9332
4462 -0.27164004461743974 0.51109044243308133 4.3886885464381491 73 53 42 1.8667298607211757 8 2847 1 3593 9 2505
4464 5.3870718859250077 1.0083354016452286 7.8739660960460816 75 56 42 0.95614230241350739 5 2492 6 3315 1 3604 7 9571
4465 5.3339643087028303 0.98098200650109446 7.5944644991135037 110 87 69 0.78408989780745475 6 7400 1 3617 4 2724 7 9572
4466 5.3179599190018152 0.97783619717715642 7.5760136954011177 110 87 69 0.81909102746562701 6 7401 1 3618 4 2725
4467 1.0936915984923312 0.58745242553464072 4.8774493670259185 172 152 125 0.54381511782383796 14 5280 1 3622 11 13671
4468 2.5560243885524545 0.66439741466844171 5.4263166297654273 91 76 65 0.93159641745942823 14 5333 1 3633 11 13376
4469 1.3616042309978424 0.6155067790575931 4.680914180632894 170 149 120 0.98774512252330871 5 2518 1 3688 10 9131
4470 4.2597845261204172 0.21837679119437217 2.8450467120096721 99 82 66 1.0673261134083594 8 2916 1 3719 9 8837
4471 4.2597845261204172 0.21837679119437217 2.8450467120096721 99 82 66 1.0673261134083594 8 2917 1 3720 9 8838
4472 1.3248673220933167 0.65964730683678485 4.7069110079627352 145 126 108 0.36942657376822602 14 5345 1 3722 11 13339
4473 -1.5616034720899785 0.72044383194584327 4.5673043243622864 145 122 106 0.71522349245703321 5 2625 8 3046 1 3765
4474 6.0375015348791772 1.2839008451772391 7.9436421938787793 128 112 99 1.4726584216567855 14 2634 1 3773 7 9617 5 5527
4475 6.7899482235184694 1.3324465107197843 8.147955947348466 118 99 82 1.756151455465004 5 5537 6 7525 1 3784 4 2859
4476 6.0587401759225061 1.3766639189618017 7.9509009729551918 114 96 82 1.4131703007370633 6 7557 1 3819 7 9630 5 2675
4477 -1.8872349355662879 0.79074503028170928 4.605177759664163 113 87 70 1.6438334776703336 5 2687 6 3584 1 3824
4478 2.5910611582202239 0.8923669056056136 5.355498579974336 116 98 85 0.24832673231695068 14 5482 1 3825 11 12886
4479 0.75422836895785483 0.81720690349934255 4.7134825390927224 138 119 102 0.81711365909697842 2 2420 1 3879 4 2933
4480 0.75422836895785483 0.81720690349934255 4.7134825390927224 138 119 102 0.81711365909697842 2 2419 1 3880 4 2932
4481 1.0983869804653288 0.84803023635211205 4.8446988367918182 99 78 54 1.2737610307292748 14 5470 1 3886 11 13970
4482 6.7473886312653484 1.5243078038571105 8.0639442502285945 142 121 104 2.1533300560302022 5 5620 1 3915 7 9653 6 3676
4483 7.5182407484637501 1.6127622088390356 8.5164347257564295 64 50 39 2.1000530976357052 2 2443 1 3916 7 9660
4484 0.55230692108468848 0.84205004719766419 4.6375508178994407 165 144 125 1.0656531087356012 6 7610 1 3921 13 8274
4485 6.6730518137041361 1.5487198624924037 8.1205671922076998 33 21 9 1.7438919880053987 5 2744 6 7628 1 3924 4 2968 7 9654 11 11082
4486 6.7224187368850332 1.5545541154844327 8.1090640525101154 143 122 106 1.8225865832120791 5 2749 1 3928 7 8770
4487 6.6778910940350542 1.6023056773333837 8.106155945506643 42 30 19 1.929418538976452 5 5655 6 7669 1 3961 4 3010 11 11090 7 8775
4488 3.9057604400959161 0.56765912955208853 3.2659541583354001 163 154 145 0.57487994681134991 3 6966 14 7464 1 3979
4489 1.1976859510406959 0.9248368909480742 4.7501405557146432 153 122 94 0.86517095111592468 6 3750 1 3989 11 13716
4490 5.3626441180966982 1.6110173565538146 7.3964524033870376 95 78 62 1.7407738105465578 3 5385 5 2854 1 4049 7 9676
4491 -1.3648403323207199 0.95707717831992223 4.482002468938787 42 37 34 1.0023684675577762 2 2582 1 4065 4 3088
4492 2.6848114481524008 1.2177505115492842 5.2708973855087606 27 19 8 2.1053898488034468 14 5712 1 4149 10 9251 6 10317
4493 0.070410748256564071 0.71591940361139517 1.5527850550052265 56 47 30 0.50876389347109419 6 8358 1 4893
4495 0.038070585478119923 -3.8223366337792748 9.9581064520638183 73 76 81 1.0391264208307911 8 4800 1 5636 3 3604 4 4516
4496 -1.1954795196476757 -3.4601545958564714 10.800617321614988 126 124 127 1.2372971827869155 2 3578 1 5685 4 4553
4497 -1.0582056994692286 -3.397025290173322 10.562050856872379 148 137 133 1.875735451007684 2 143 1 5699 4 172
4498 -0.83900846933167372 -3.3582385543347333 9.9949630006471661 80 75 72 1.8024748368475096 2 137 1 5700 4 178
4499 -0.83900846933167372 -3.3582385543347333 9.9949630006471661 80 75 72 1.8024748368475096 2 138 1 5701 4 179
4500 -0.86744883463145217 -3.0744915423278196 9.8499961500793169 47 39 36 1.5258219954172054 2 226 1 5770 4 260
4501 -0.97662439778438159 -3.1019674869907368 10.409469183207271 50 40 38 1.5068936009879577 2 3611 1 5780 4 4602
4502 0.31547145198606547 -3.2580653802321407 9.7441626212632517 170 168 169 1.0304912564136675 2 3617 1 5791 4 4615
4503 0.41048153991690034 -3.245612642692107 9.791605276360059 167 163 160 0.86549919765072991 2 261 1 5805 4 4623
4504 0.37016952235010742 -3.2037259713482111 9.7588215452033982 114 110 105 0.87182843413233535 2 3624 1 5817 4 4629
4505 12.970335911874118 -6.5337192513916165 14.886400354389554 112 112 120 1.6590623957122219 6 8754 1 5818 4 4582
4506 12.900556434786278 -6.443626314147787 14.701036138336759 124 124 132 1.8338867126849996 6 5511 1 5832 7 6441
4507 -0.29901299515909041 -2.7442028899375104 9.7050942029163192 128 133 137 1.3316719559949535 2 3682 1 5920 4 4676
4508 -0.24891158471083658 -2.7282183950293639 9.852862279789127 138 144 148 0.52055409256672691 8 280 1 5931 4 387
4509 0.16795971829110706 -2.4238432541343791 9.4063776814260578 157 148 140 0.38922417098605894 2 3758 1 6038 4 4756
4510 0.25985829323500548 -2.1794876479151077 6.8008363529506912 107 110 115 0.42802680717747627 2 454 1 6052 4 552
4511 0.25985829323500548 -2.1794876479151077 6.8008363529506912 107 110 115 0.42802680717747627 2 455 1 6053 4 553
4512 0.0025020848849086064 -2.1807881274403891 9.3737332083820348 168 149 135 0.36059535404089677 2 535 1 6097 4 574
4513 0.090385716565095031 -2.1887053274113013 9.3327792069544149 140 123 113 0.44942555991104777 2 536 1 6101 4 577
4514 13.502371792784372 -4.5570113951337978 13.24229759751292 207 215 222 1.3113078894959669 2 593 1 6138 4 4793
4515 0.68080068797436266 -1.8581359446547006 5.5431484704939074 130 125 122 0.62222018634506115 2 571 1 6162 4 784
4516 12.864584025592061 -4.1043824298097986 13.137775382864936 124 118 118 0.89530560191927888 14 889 1 6198 7 6543
4517 -0.20709387569602233 -1.8176403188883352 9.3764454185267212 178 169 159 0.61049231671771109 2 651 1 6201 4 744
4518 11.678312507433443 -3.9437193103267725 13.861248016316289 107 100 97 0.7175501846542206 14 4214 1 6206 7 6525
4519 -0.26900363235503627 -1.6517015663876087 6.8122496838303253 89 78 68 0.50018485531985257 2 637 1 6222 4 828
4520 11.610866902500955 -3.6652501037792429 14.136737422398285 58 53 52 0.72442331974304741 6 5833 1 6262 4 720
4521 11.610866902500955 -3.6652501037792429 14.136737422398285 58 53 52 0.72442331974304741 6 5834 1 6263 4 721
4522 -0.12474382598559741 -1.5870721342482341 9.263763718961032 146 130 117 0.015935001323407753 2 807 1 6301
4523 11.700999913780771 -3.4563778045169604 13.506271525811282 38 34 33 0.51343734234716742 14 1027 1 6318 4 795 11 8721 7 6578
4524 11.601292711334114 -3.4414225280643596 13.620015934353031 40 32 35 0.52493457824370093 14 4338 1 6325 4 793 11 10604 7 8245
4525 11.601292711334114 -3.4414225280643596 13.620015934353031 40 32 35 0.52493457824370093 14 4339 1 6326 4 794 11 10605 7 8246
4526 12.035511273276621 -3.4446761124664254 13.345036941663018 94 84 75 0.82415384724432006 2 856 1 6343 7 6590
4527 12.035511273276621 -3.4446761124664254 13.345036941663018 94 84 75 0.82415384724432006 2 857 1 6344 7 6591
4528 12.138145405363352 -3.4405257032908692 13.117948393966927 136 125 119 0.94954965853469897 2 858 1 6348 11 8737
4529 13.157243039003889 -3.512938868679051 13.016563578596717 120 114 114 0.92167026451692546 14 4400 1 6366 4 4953 11 8781 7 8264
4530 11.571655283101096 -3.082947470329827 14.182954945930799 150 142 140 0.52477963617905832 14 1159 1 6422 4 898
4531 11.640769801078983 -2.9365582902044154 13.766516939093902 151 140 135 0.80705435676119475 2 4068 14 4477 1 6455 4 5012 7 8272
4532 12.001595659629034 -2.6383658754732511 13.096252832311006 65 57 57 0.97811033162052907 14 1278 1 6522 11 8840 7 8299
4533 12.42506971103462 -2.5987654279177668 12.783423900857418 34 28 28 0.68424666392965505 14 1310 1 6541 11 8855 7 8311
4534 12.808639055277983 -2.5940524991049076 12.788144958029157 66 57 51 0.71082848972460011 14 1337 1 6559 7 6728
4535 12.808639055277983 -2.5940524991049076 12.788144958029157 66 57 51 0.71082848972460011 14 1338 1 6560 7 6729
4536 11.659313395665045 -2.3643184864636342 13.523060359401393 144 127 117 0.55720756748020983 2 1134 1 6581 7 6715
4538 12.143226205157788 -2.336816372651092 12.947966082278343 133 122 112 1.0138444983906718 2 4172 14 6813 1 6609 11 10682 7 8335
4539 11.628333744331908 -2.198620116765682 13.814372802658381 136 121 107 1.4899299632511649 5 4512 1 6628 7 8339
4540 0.19178729649394582 -0.89565491023102228 6.3123415079970968 99 89 79 0.78159315443712896 6 6310 14 6488 1 6662
4541 1.3149506697297446 -1.0310668460745691 5.397653546334217 160 143 125 0.6194349404360221 2 4182 1 6672 4 5246
4542 0.12458376271514537 -0.79091243243796794 6.3148770098620597 37 30 24 0.58610999415179521 6 9360 14 6532 1 6715
4543 5.5028351955637902 -1.5143553253371693 2.5209867898835761 95 77 65 1.7171230166046403 8 8251 1 6721 4 1549
4544 -0.21319710128899694 -0.69809371850015145 6.3981469037478229 91 78 69 0.49894863803341843 3 4275 6 6413 1 6736 9 4432
4545 2.395208248194725 -0.98166806734468159 6.1462464375779735 110 94 79 1.2340035554264903 2 1271 1 6740 4 1522
4546 12.26279909369439 -1.4267340182582871 12.654201541961873 108 99 90 0.76032402155175172 2 1378 1 6824 11 8939 7 8412
4547 2.5314675863175458 -0.78833179516179519 6.0618386187946367 169 151 129 1.4314485070446743 2 4320 1 6837 4 5394
4548 12.292160128782708 -1.1724977546757691 12.672501167452769 122 112 103 0.44000426286621525 2 1470 1 6886 7 8428
4549 3.9905058324407046 -0.93895451649911432 3.3940313270818576 65 51 38 1.7247266034395274 5 6792 1 6923
4550 -0.95710074172917037 -0.39068418345926681 4.6102768165471506 40 48 29 0.61606140738818904 2 4398 1 6933 4 1864
4551 0.96448973606337352 -0.5128207667988921 5.1291146597902619 186 165 146 2.471993824068722 5 6926 1 6947 10 9540
4552 12.473570156415315 -0.94860872397357487 12.372271691545709 83 74 65 1.0334763546610699 2 1526 1 6954 7 8452
4553 -1.2256486705779694 -0.29221318944998642 4.6122848838562751 45 35 25 0.52404724078702558 2 4452 1 6980 4 1943
4554 -1.2541376406757927 -0.25709413552444055 4.6333078154823424 24 15 9 0.78425420791321931 2 4471 1 7005 4 1976 5 4802
4555 12.504960569755108 -0.6918798968465163 12.239334471430649 160 151 142 1.2549938106573242 14 4862 1 7017 11 10804 7 8487
4556 -0.47205004484423124 -0.275902883046798 4.5334833875932716 40 32 24 0.36831085041409456 8 5972 1 7033 4 2015
4557 13.061561877686108 -0.5302648322014839 12.337611072689773 143 126 116 1.8197251993126482 14 4962 1 7065 7 7017
4558 -1.6235023564708944 -0.11310624022787516 4.7212120529311319 116 100 90 0.86575991245609496 2 1651 1 7073 4 2084
4559 -0.97685273558337538 -0.15000515400944875 4.5820441845790869 127 113 102 0.13096200007037698 8 6070 1 7089 4 2113
4560 1.0647396007644141 -0.17564015053611098 5.127169784498383 186 164 140 0.26788401377307064 2 1725 1 7130 4 2149
4561 0.64236392091505645 -0.15089101284522161 4.9456751447624994 91 78 72 0.42410198378164532 2 1748 1 7140 4 2169
4562 1.2046843842887809 -0.12012058237042179 5.0413963210916393 176 159 139 1.553304331498123 3 1551 1 7167 11 13616
4563 6.0113090610747308 -0.054484223245630597 8.3034984953258739 155 133 109 1.3490898939728211 14 4961 1 7168 4 2160 5 5027 7 9436
4564 0.90603207706873379 -0.016963133088971655 5.0112629336000643 183 161 140 0.13387949282514777 6 9810 1 7203 4 2270
4565 8.0356724002196067 0.052642396707744371 8.9251252769061828 54 38 23 1.4421637874653861 6 9819 1 7211 4 5746 7 9495 11 10832
4566 2.8023873117817693 -0.029179521876242946 5.5302809312113794 158 142 126 0.49522060789171807 14 6985 1 7221 10 9026 2 1842
4567 -1.5393281644380223 0.21605127530027476 4.6461146173315901 164 144 133 1.4819833277291536 2 4713 8 6297 1 7278
4568 9.7634431991744695 0.44058662368957324 10.06292860406346 121 89 68 0.13524046207255497 1 7299 7 8580
4569 10.198962007769444 0.41528851331062233 9.9992531088051457 120 95 78 1.7198114514316121 14 5216 1 7302 7 9542
4570 8.3984043505369232 0.49856868067594051 8.9997165169500768 55 37 23 1.3290163955765222 14 2272 1 7337 7 7112 11 2428
4571 3.998018376143639 -0.10291751511883493 3.1876826383840369 26 18 12 0.67842894298838297 14 8418 1 7394
4572 2.7667496066879353 0.40020904436504168 5.4055929447937512 148 133 114 0.48667570829775592 14 7177 1 7443 4 2568
4573 5.0966950740757779 -0.21522640953127772 2.3355678808343043 96 86 77 0.86441868505036323 8 10468 1 7446 4 5995
4574 6.7504745980653933 0.73847259695670586 8.2592461160053077 144 127 114 0.92255879658261786 5 7318 6 10000 1 7450 11 12064
4575 3.8829379716024288 0.044106152814272437 3.4116951961999598 108 92 79 1.9381351290490016 5 8609 14 8463 1 7457 4 2599
4576 8.0515026793290367 0.89764974528464492 8.4651727586553669 72 54 34 1.3414045194853801 14 7324 1 7513 7 9591
4577 8.0515026793290367 0.89764974528464492 8.4651727586553669 72 54 34 1.3414045194853801 14 7325 1 7514 7 9592
4578 6.6382742910663595 0.93361299499429118 8.2490310717277193 28 20 9 1.1971152478666016 6 10042 1 7536 4 6050 5 8670 6 11718 11 10967 7 10218
4579 5.3900304299784461 0.8624682750272169 7.5643169701615642 52 37 24 0.89001060556272893 5 7373 1 7544 7 10599 14 8570
4580 4.0495200912428633 0.12505111958133766 3.1880430341856498 129 112 94 0.79465042230563609 14 8508 1 7561 9 9350
4581 -1.1374446269839349 0.5525912209421362 4.4121564103604651 129 108 95 0.49017761216985439 2 2256 1 7602 4 2750
4582 -1.3467870111895408 0.65568534939864886 4.5134915494260772 105 86 69 1.3985840025529905 8 6666 1 7637 4 2807
4583 -3.0554045577922233 0.25149232421369683 2.2847838749382285 160 165 168 1.1505459821039341 2 4950 1 7643 4 2828
4584 -2.584838190037293 0.39327598940985342 3.0162410739853232 89 76 68 1.7587626177865872 2 6695 1 7647 4 2825
4585 6.8019766071661678 1.2737479941865002 8.0742496356775071 130 112 98 1.5254114163678401 2 2339 1 7679 7 9624
4586 1.0603051953766189 0.73859794101163945 4.8678138780887696 148 126 99 0.95601434260763052 5 5513 1 7681 10 9157
4587 -0.33244794663395094 0.67557259412157555 4.3885227425281537 142 123 106 0.63741264472361348 2 4990 1 7695 4 2861
4588 2.7017981864135914 0.89326805380875163 5.2735273898414059 28 14 5 1.4065996485784882 14 7431 1 7748 10 9192 6 3591
4589 2.3214046683651741 0.97548661075808163 5.4730081498106022 21 11 3 0.69813631359522577 2 2423 1 7765 11 13418
4590 6.7034772652522117 1.6620129352899471 8.1122699120629722 27 17 7 2.3203647452177383 5 7542 1 7824 11 11107 7 9667
4591 6.8272390729911798 1.6711914438097115 8.1384734367483738 26 16 7 0.99496294435257482 1 7825 4 3028 6 10248
4594 -2.5729722686017791 0.59415314994627011 2.973271760736139 118 108 99 1.4411431818955152 2 5136 1 7871 4 3071
4595 -0.84978390393123959 0.94304560674502158 4.2417571881554217 151 123 99 0.66459252639299482 8 6942 1 7902 4 3121
4596 2.7030303670496485 1.2339137338746642 5.1973238888852258 87 64 48 0.7919395455065622 8 6963 1 7929 11 13467
4597 1.4114937394128158 1.1294905808831293 4.5513368999781267 99 78 57 1.2649401125518509 2 5193 14 8733 1 7959
4598 0.64227720000125466 1.2411358626768383 4.5796136419015445 170 149 132 1.5020002171681883 2 5254 8 9337 1 8047 9 8386
4599 -0.74703959240805795 -3.6310857381172426 9.9547772348285282 79 79 81 1.7649241084293539 2 3545 1 8846 4 4517
4600 -0.94145078555633277 -3.4308661776845462 10.489040516875001 91 79 76 1.9162582518174058 2 3580 1 8873 4 7386
4601 -0.83649838483116179 -3.3228719408566381 10.160576986578135 83 72 68 1.4664422448781878 2 3585 1 8888 4 4575
4602 0.38167339180555776 -3.4515524037074963 9.8029027886418074 84 80 79 1.3580447482467612 2 3596 1 8903 4 4588
4603 -0.8981456012657123 -3.1493016847065571 10.277418850875586 50 45 42 1.8393181707837105 2 223 1 8919 4 4595
4604 -0.85573449556053949 -3.0003632036194592 10.135051635762677 163 162 160 0.87734025307225583 2 3627 1 8946 4 4628
4605 -0.29255079054267602 -3.0122300050832278 9.7778758673142097 144 147 152 0.75515722342510738 2 3631 1 8969 4 4640
4606 0.42086409656984641 -3.1394809213849579 9.7845087320302913 157 161 163 1.0808139207394478 2 5942 1 8977 4 7424
4607 0.4717303897639224 -3.1432304058287146 9.7849999869209974 114 113 109 1.0943820848711516 2 3637 1 8979 4 4643
4608 -0.91385377261112799 -2.8356639419105929 10.196663868523583 165 165 163 1.2873886346614329 2 3653 1 8996 4 4655
4609 0.3260348896723832 -3.0046274759820024 9.7297352991609998 154 162 166 0.61533547764566998 2 3658 1 9002 4 7437
4610 -0.13891726923731243 -2.7580234054786232 9.814719571699154 140 141 145 0.63091013891224668 8 7946 1 9041 4 4681
4611 0.41682203010513802 -2.8542143460524061 9.7166410409141175 160 167 177 0.64802274997593112 2 5981 1 9045 4 7463
4612 11.874941429284934 -4.8306574814248213 13.620912774020626 139 137 138 1.7612099277121409 2 3779 1 9128 7 8180
4613 0.26438169082178103 -2.17173161839413 6.8970974408784915 189 199 209 0.45823052991796043 2 3752 1 9134 4 4804 15 153
4614 12.224077782888013 -4.6939984281014926 13.321575378985672 138 138 140 1.5827822969558007 2 3801 6 11063 1 9147 4 7500 11 10521 14 6483 7 8185
4615 0.12324843656019613 -2.2409098973968091 9.2939455974521774 134 124 114 0.35138196086440215 2 6045 1 9150 4 7533
4616 0.12324843656019613 -2.2409098973968091 9.2939455974521774 134 124 114 0.35138196086440215 2 6046 1 9151 4 7534
4617 11.909091878788484 -4.5587525179779531 13.528112500448144 52 51 57 1.1046714282148933 8 9956 14 4095 1 9157 4 7509 11 10528 7 8189
4618 -0.15078649811686692 -2.0337563035185044 9.5044121727727742 156 138 124 0.9298407984071605 6 8974 1 9185 4 7553
4619 -0.23591031594727419 -1.7306891011202372 9.3772035461714207 174 159 149 0.78137295666474171 2 3900 1 9235 4 4935
4620 11.556589420448903 -3.6958818709228196 13.534808683864888 111 106 103 1.1019321741098789 2 6135 1 9248 4 7570 11 11828 7 9355
4621 12.298693834307944 -3.7059502852550361 13.099517144197883 124 119 115 0.81617379892684216 2 3939 1 9261 4 7581 7 8236
4622 12.302620536145888 -3.7065366326893066 13.104874436027314 124 119 115 0.85926389655882363 2 3940 14 6620 1 9262 4 7582 11 10591 7 8237
4623 -0.25821875631236074 -1.6247450118835278 9.3563047730123454 161 151 139 0.46668035764001531 2 6145 1 9263 4 7630
4624 6.3755531830200933 -2.4173270539722536 3.3212608857806853 101 100 114 1.5882764212102163 8 7988 1 9264 4 4997
4625 12.920897650371016 -3.7535204078506554 13.05418526620106 41 39 47 0.9541997692363321 14 6633 1 9266 11 10610 7 8252
4626 11.600672992490809 -3.5305429592153317 13.532029282688811 120 116 113 0.59191158641077168 14 6632 1 9273 4 9297 11 11838
4627 -2.5422355784156192 -1.0367943249428062 3.2439219068288212 88 70 58 2.1492362783257288 2 6097 1 9277 4 7749
4628 -0.058230537580391567 -1.5757345985345783 9.2702249210740781 166 162 163 0.4617286012139985 2 3957 1 9284 4 4977
4629 -0.17443445003225211 -1.5571002585245652 9.2919785716867516 170 165 158 0.36020727984816014 2 3961 1 9286 4 4978
4630 -0.17443445003225211 -1.5571002585245652 9.2919785716867516 170 165 158 0.36020727984816014 2 3962 1 9287 4 4979
4631 2.2031627038324952 -1.5840459348441975 6.0466405393125058 37 28 21 1.0870752592169588 2 6180 14 8010 1 9374 4 7724
4632 12.188482386695686 -2.9749883968738327 13.039347449166231 140 135 129 0.60693457741228207 14 6726 1 9389 4 5018 11 10646 7 9379
4634 12.129428657899382 -2.526241558570212 12.997461421006527 153 143 134 1.004095984280627 2 4139 1 9462 15 352
4635 11.894701423510512 -2.4889737526788176 13.165167531438893 56 48 46 0.68594083133719863 2 4140 1 9463 7 9389
4636 11.894701423510512 -2.4889737526788176 13.165167531438893 56 48 46 0.68594083133719863 2 4141 1 9464 7 9390
4637 11.923947515468194 -2.4152979857678836 13.147182647999154 131 120 110 0.43091215602647598 2 4154 1 9470 7 8319
4638 11.671185413441114 -2.3160387035008285 13.705248670839763 161 148 135 0.76890044858270101 2 4167 1 9479 7 9394
4639 -0.41306103258005422 -0.84820863947920522 4.7313451225122094 165 147 127 0.60239848534945784 2 6273 1 9540 4 7860
4640 11.551704615768639 -1.7485387661020715 14.216610017964225 75 68 60 0.82158005980458793 2 4262 1 9564 4 7811
4641 4.1954105998745153 -1.2581460388607177 3.3500211294389839 0 0 0 0.15835067785511969 3 8513 14 9058
4642 4.9409904908919762 -1.1978531726092441 2.606737362201037 94 76 62 1.1962869612928329 8 10185 1 9675 4 5467
4643 -1.8398132674320027 -0.32186354771057113 4.8324063051190196 38 25 16 0.87687217991495847 2 4380 1 9713 4 5519
4644 11.64441056037866 -0.97411147541166787 12.965671743067844 149 133 119 0.33448470127493685 2 4427 6 9502 1 9714
4645 5.2434539561006011 -1.1362277443714381 2.5111422315340954 112 90 76 1.1413560766273478 8 8415 1 9721 4 5508
4646 5.4113138575957871 -1.1484810795502194 2.4718065059243304 135 113 92 0.68430258858835424 8 8412 1 9724 4 5513
4647 4.9964918339851039 -1.0862234338452679 2.5694811468945198 118 100 86 0.73097755890894878 8 10217 1 9728 4 5525
4648 4.0507159753490916 -0.87825058781185705 3.4609833603159581 47 38 31 1.4631143958581789 14 9126 1 9760 4 5542
4649 5.8027494623258518 -0.53671963711504422 8.4429541896908109 99 115 131 3.0606003315331787 14 6920 1 9784 7 9386
4650 12.455048412036495 -0.66986862880342268 12.373200541692693 136 127 118 1.4258716753297804 14 7003 1 9800 7 9488
4651 12.456337747759019 -0.59725895422433584 12.3276865748623 66 55 49 1.7226985180958485 14 7017 1 9808 7 10162
4652 12.456337747759019 -0.59725895422433584 12.3276865748623 66 55 49 1.7226985180958485 14 7018 1 9809 7 10163
4653 -1.8060321124867522 -0.15391542730927005 4.779524939964058 73 56 46 0.8254838325837236 2 4500 1 9811 4 5633
4654 -1.7516991770766632 -0.1557474494515898 4.8143221789165906 82 65 57 1.2455077289927601 5 7036 1 9812 4 5634
4655 -1.6309676441907355 -0.16824036685296551 4.7063191866375051 130 117 109 0.81644779885829566 2 4507 1 9818 4 5639
4656 -1.646629213317893 -0.14187345296233189 4.730600920191848 52 39 33 0.75129577746808662 2 4530 1 9828 4 5665
4657 5.1619350570088285 -0.88827028613500569 2.4829920061553321 91 76 63 1.2692055156947359 8 10276 1 9832 4 5651
4658 5.1619350570088285 -0.88827028613500569 2.4829920061553321 91 76 63 1.2692055156947359 8 10277 1 9833 4 5652
4659 -1.2423791470939058 -0.032377151527977058 4.6228831426675248 14 11 6 0.99884498358438367 2 6497 3 6623 1 9882
4660 -1.2304758922142978 -0.016159622572096695 4.5831620069501913 144 124 113 1.4118563360774969 2 4620 1 9886 4 5743
4661 0.94532033742781785 -0.044546864484269783 5.0438313405930888 164 142 121 0.69026149032131456 6 11551 1 9897 4 8148
4662 6.01095620018231 0.15679281400252337 8.1227289414534862 169 156 140 0.73405986452883398 14 7096 1 9921 4 8153
4663 6.01095620018231 0.15679281400252337 8.1227289414534862 169 156 140 0.73405986452883398 14 7097 1 9922 4 8154
4664 -0.90096397341057144 0.086123841291126296 4.50272254915454 156 133 117 0.17780520768225352 14 9162 1 9923 4 5805 8 2306
4665 2.1757168655651093 0.16988173714389199 5.461571022211424 42 29 21 0.71362849785034677 14 8385 1 9962 10 9679
4666 2.3645792253834599 0.23675653839250485 5.4416387481218393 59 44 37 1.4671776434560668 14 8415 1 9991 10 10141
4667 -2.5847005453743153 0.21399234190447017 3.0573551309424838 79 70 61 0.86797019392075347 2 6620 1 10040 4 6027
4668 3.7306498482294659 -0.027233722580611078 2.8964494316358302 118 100 86 1.3301415098368889 2 4812 1 10053
4669 6.1878016993139227 0.90749930730161177 8.0957838347356681 101 84 68 1.0298763314301782 6 10040 1 10079 4 6047 7 10214
4670 6.1467506075023381 0.96000087388557198 8.0947326449292696 159 143 130 0.9294656435504226 6 11724 1 10089 5 8678 4 8300 7 10604
4671 5.1762893421169345 -0.068869902100455752 2.2978992220226457 97 85 73 0.96886330674742938 8 10505 1 10093 4 6092
4672 8.190499319227948 1.0185480861843328 8.5699918129200707 78 57 38 1.1166967719308185 1 10102 11 12095 7 10242
4673 3.7685831693597711 0.071778611638975781 2.6694978092864439 133 117 101 1.265738815104462 2 4876 1 10108
4674 4.1578741120478986 0.2347147133753926 3.5521277817144656 0 0 0 1.027203687097332 2 4894 5 8651
4675 7.965252009682275 1.0736405070368797 8.3477632988933372 97 78 58 1.2229762668346875 14 8598 1 10122 7 10618
4676 6.5523498222101262 1.0925503202854341 8.2008198690400302 160 139 122 1.3948325533504577 5 8691 6 11747 1 10123
4677 1.3235341997144483 0.56392262364087797 4.6804974941229762 124 103 73 1.5653933064726753 14 8526 1 10124 4 6130
4678 -1.2936716418296732 0.63593948566376546 4.5209035287508463 123 104 89 0.82805149536755973 8 9035 1 10145 4 6157
4679 -0.96615887246010934 0.62235731846151521 4.3866445045927138 125 103 89 1.0020278901484982 2 4957 1 10152 4 6168
4680 2.4108881817949328 0.85463064291563517 5.4595333289991652 90 73 65 0.84056962493997511 2 2353 8 9071 1 10191
4681 -3.03705735618865 0.3722954256357297 2.2693250067177666 187 177 165 0.74199286367053219 2 7899 1 10240 4 6280
4682 2.5459999623353746 1.2303697771406048 5.2895415699415871 46 34 23 1.5801706779210276 6 11920 1 10306 10 10236
4684 -0.77105312552862948 0.37880407824182682 0.13448250817632695 41 31 21 1.3786675498404914 6 12342 1 10749
4685 12.678126089813414 -7.6988994179299137 15.04601716891813 179 195 211 0.16737221608039049 1 10949 7 9301
4686 -0.78906779168330177 -3.5680141569248658 9.9464387776919612 141 141 141 1.4863893323928206 2 5866 1 10951 4 7370
4687 -1.152678845267658 -3.5976049962072101 10.77161947898654 131 130 135 2.1274995017116698 2 5873 1 10955 4 9177
4688 -0.89310194336648241 -3.4708760363872333 10.138794984921891 143 132 128 1.5997928365998464 2 5877 1 10960 4 7380
4689 -0.66240558822915752 -3.3451956117629247 9.8818674718937274 131 126 122 1.7144497135002663 2 5886 1 10981 4 7389
4690 0.46667189036841511 -3.4033588908421941 9.9523542390704236 91 83 80 1.0731447153743994 2 7289 3 7488 1 11002 4 9194 15 69
4691 0.311687005270255 -2.9204746592024824 9.6886659918991391 139 144 152 1.1109729033635165 2 5968 1 11045 4 7447
4692 0.092433860554692382 -2.4407531567143592 9.3984001977536131 172 163 154 0.86615561619634784 2 7352 1 11091 4 9245
4693 0.26037328337933258 -2.2255116215221231 6.9303734786584359 191 204 217 0.71031643748461482 2 6017 1 11092 4 7523
4694 -0.20272388595620167 -2.0079676258920158 9.5279123738645133 70 53 43 1.2615590057024602 6 11144 1 11140 4 9278
4695 -0.056466387099412985 -1.8284157579648372 9.2782945734092603 160 142 128 0.78882061368404566 2 7406 1 11165 4 7585
4696 -0.10834480168505478 -1.7433393612855743 9.3307487053497713 172 167 162 0.62317017413335052 2 6123 1 11182 4 9304
4697 -0.16549231307191734 -1.650633659651755 9.3161355483981207 177 169 158 0.44460666441149321 2 6139 1 11205 4 7624
4698 -0.16549231307191734 -1.650633659651755 9.3161355483981207 177 169 158 0.44460666441149321 2 6140 1 11206 4 7625
4699 13.198137140722897 -3.6445095375112486 13.076577041291644 129 123 121 0.77500062852717366 14 6656 1 11223 11 11852 7 9371 15 253
4700 13.449740069058336 -3.5570340489121004 13.029907289105239 69 65 69 0.64599876976606441 14 8166 1 11235 4 9316 11 12739 7 10071
4701 12.408340931179858 -3.1523470551218171 12.934543859547572 131 122 117 0.5232358505400484 14 6707 1 11260 11 11866 7 9376
4702 11.634000948913028 -3.0253253403586244 14.144490793376127 36 37 42 1.4876693892206885 2 6192 1 11261 4 9332 7 9373 14 6711
4703 11.52408318143436 -2.9539222482847074 14.13859190629837 163 156 151 1.1058216501075191 2 6196 14 6721 1 11266 4 9335
4704 12.366302091856411 -2.8438211641207807 12.890193018594307 141 134 128 1.0348904676818371 14 8217 1 11287 11 12760 7 10076
4705 5.3739672746370406 -1.8441977925407074 2.6407671038482206 58 49 42 1.8107442348474823 8 11340 1 11295 4 7784
4706 12.279532010811238 -2.6545986513071282 12.921133396120183 107 100 92 0.43569843772499595 14 8230 1 11305 11 11898
4707 5.2812735103386288 -1.7517023199385835 2.6140591008955623 16 17 21 1.0910260667848966 1 11319 4 7801
4708 2.224816719341264 -1.2166370247627318 6.0579726754647902 68 55 47 1.9053652868253166 2 6255 1 11343 10 10041 11 13602
4709 11.710513664240622 -1.9555324382753647 13.171822141145443 134 118 105 0.63154091426018077 2 6304 1 11364 7 10099
4710 12.218439204549338 -1.4974764460530481 12.672853991254636 153 144 135 0.44942263030765189 2 6364 1 11417 11 11946
4711 8.7809177376734162 -1.5659377210170937 4.5110900889930372 95 90 86 0.96730501899346044 8 10162 1 11421
4712 4.7434941112864486 -1.2223523682786002 2.6597622975902797 149 149 149 0.60977154770769426 8 11437 1 11439 4 7952
4713 5.306280902472607 -1.2535760077952138 2.5309645850970064 139 138 134 1.201362948937408 8 11442 1 11447 4 7965
4714 2.6866284649898118 -0.69754801300446378 5.9308080255785365 114 97 79 0.87127895708306546 6 12673 1 11460 4 9521
4715 12.181604201777866 -1.0705313369852949 12.687441013462339 108 95 86 0.44001121599990717 2 6399 1 11463 7 10136
4716 5.4048826541066894 -1.0343841542897547 2.4487225391286587 127 103 86 0.53276894020137211 8 11480 1 11495 4 9574
4717 5.1268451472605632 -0.94098000891494882 2.5080477620819792 105 91 80 1.0175772348553602 8 10259 1 11512 4 5619
4718 -1.1425797487902085 -0.17057625651659886 4.6330671565763133 67 52 45 1.3814674144224421 8 11571 1 11532 4 8088 6 12746
4719 -1.1474712338237949 -0.1724692900838391 4.6185044762769349 67 52 45 0.62163964364239177 6 12747 1 11533 4 8089
4720 12.979120153713053 -0.51009088642596301 12.337387827600645 152 136 121 1.8927259035272606 14 8384 1 11535 7 10172
4721 5.6407609016014009 -0.2504993895105172 8.2756050753968751 71 84 99 0.29120070398161285 6 11508 1 11553 4 8059
4722 5.2375774435334392 -0.58127281681783394 2.3927447263012862 110 93 75 0.62410272589130644 8 11595 1 11603 4 8163
4723 7.7444722779088115 0.60073307303596379 8.824716089603406 117 107 98 1.0773369421130401 6 12848 1 11669 4 9689 11 12865 7 10592
4724 6.6694645322611867 0.67166844281612936 8.3062693742162548 128 117 108 1.0181075995025377 2 7777 1 11679 4 9707 7 10888
4725 -0.4814538265154048 0.37465507085384842 4.3652201160159239 51 37 27 0.32122148334477268 2 6628 1 11687 4 8272
4726 7.9360574279463032 0.82366507873501393 8.4693765012606228 117 94 76 1.1320927924126638 14 8565 1 11698 7 10605
4727 6.5122709204808276 0.83659792186788395 8.2051472627714368 161 140 124 0.86205113684984702 6 12884 1 11699 4 9735 7 10602
4728 0.87168680406153065 0.53386374670103753 4.84513267128367 156 135 115 1.5484942687127965 2 6655 1 11718 4 6087
4730 -1.6830843890086598 0.69269442450878982 4.5696014750563894 57 41 28 0.75455945250844458 2 6701 1 11762 4 8352
4731 -0.84598522260661047 0.64881526162982162 4.319057575037629 165 157 146 0.55973093197986568 6 11771 1 11770 4 8360
4732 -1.7958253246012432 0.75951704032184542 4.5499738393876115 78 56 42 1.4044977798622151 2 6734 1 11790 4 6218
4733 0.73748572103829413 0.85650671706965209 4.6806381234291683 174 156 136 0.66614863698410554 2 7885 1 11824 4 9844
4734 3.7910204777031336 0.38948666040953261 2.5722894051452698 157 145 133 2.4724503022395581 2 6751 1 11829
4735 1.4191836800286088 0.95835065514944795 4.5927272110804136 160 124 95 0.44764867147057114 14 9877 1 11847 4 9863
4736 6.7695623103294951 1.7294467774942859 7.9751213340150633 138 121 105 1.4318163954521153 2 6793 1 11848 4 8474 11 12943
4737 0.72854243107502348 1.0945897928362647 4.6236771115686466 169 150 135 1.041228909649478 2 6838 1 11882 4 9911
4738 -0.93002558064715979 -3.1737687418295595 10.329065476500897 157 156 161 1.2889508327916026 2 5914 1 12310 4 9192
4739 -0.4206421413024708 -2.8964094220710539 9.9546810479669183 150 155 158 0.96069334836280318 8 11267 1 12326 4 10373
4740 -0.23563732609681126 -2.856966089351257 9.7331922669482047 148 153 156 1.0823411270648895 2 7326 1 12331 4 9223
4741 -0.12624021575951566 -2.4272128812665046 9.5748092004111385 144 152 155 0.91479314478698404 2 7351 1 12360 4 9243
4742 12.306056291250204 -4.8956308953548184 13.256801539894877 118 119 124 1.9205483569871062 2 7361 1 12369 4 10388 7 10511
4743 -0.08088537180226904 -2.0764345351688576 6.7667432777604128 94 95 99 0.66254952495069652 2 7353 1 12371 4 9264
4744 12.681275131353983 -4.4832230533589286 13.182292982282997 112 108 109 1.4380852459600586 14 9039 1 12404 7 10045
4745 -0.16363901009676843 -1.6184446178413505 6.6297019035942037 152 138 127 0.58870779132657436 2 7408 1 12436 4 9322
4746 13.436666603002143 -3.7573477422334078 13.082419659376814 99 98 105 0.83073355702240759 14 8148 1 12453 4 9302 11 12730 7 10068
4747 12.328284973546186 -3.5036996250482741 13.032256780651347 132 122 113 0.62270373873196849 14 8151 1 12461 4 9306 11 12725 7 10065
4748 12.429860283275895 -3.3388090691165395 12.855455869901828 101 92 87 0.52622965047194747 14 9105 1 12470 4 10448 11 12735
4749 12.870750617816165 -2.6970467193244572 12.798744418288889 149 141 130 1.0040978729895573 14 9134 1 12506 11 12766 7 10541
4750 1.3741887966735737 -1.2116504001896178 5.4998894872670681 164 147 129 1.8643879690195366 2 9010 1 12514 4 10518
4752 0.65746396254275052 -0.86598601742467796 5.1252366913011036 138 121 113 0.99158104449567275 6 13475 1 12554 4 9463 2 7533
4753 13.545887675017607 -1.8317049849886526 12.672921850385977 120 111 104 0.77503353330604008 14 9181 1 12567 11 13329 7 10553
4754 13.367512612843097 -1.7633262267442351 12.66149321079917 157 144 135 1.1483370528858359 14 8303 1 12572 11 11945 7 10118
4755 13.471990092268888 -1.6318110684709202 12.69358181261436 149 136 127 1.216203246297987 14 8310 1 12580 11 11951 7 10120
4756 -1.2363574702762727 -0.39164392332208742 4.7116446506847103 46 39 29 0.76757874525151315 5 10063 8 11500 1 12609
4757 5.0210566225651956 -1.049847420565277 2.559520729847967 151 139 127 1.1799497601185334 8 12432 1 12625 4 9561
4758 5.1319352317216422 -1.0579687571862497 2.5446775038678706 153 135 122 0.97167426342808572 8 12433 1 12626 4 10639
4759 13.588177943666473 -0.79598144032282203 12.451800961634319 121 114 106 1.3016265410171384 14 9218 1 12644 11 12829
4760 4.2431077736703235 -0.70970855279487721 3.1512585013667529 0 0 0 0.34571384807924721 8 11537 14 9693
4761 13.402827540300216 -0.21070906111508714 12.3346792905042 164 147 132 1.6578785574165942 14 8421 1 12683 7 10186
4762 2.0899097560233924 -0.17236011230638382 5.3853939565316624 117 96 82 0.30309493953410643 2 8546 1 12688 4 10698
4763 2.2019196475626024 -0.07190489266913426 5.3905212156409581 148 127 110 1.0344402517927183 6 13622 1 12707 4 10711
4764 1.8611435802438181 -0.027745979118285306 5.1996821001633871 93 76 66 2.5326873083707047 14 10442 1 12714 4 10720
4766 7.6455676557099448 0.57333416962163897 8.9556552343824034 163 137 117 1.2344871671063 2 8600 6 13654 1 12747 4 10754
4767 6.9924387382047417 0.75990079966312274 8.4142795660977665 37 30 24 1.1925480476570203 2 8621 1 12776 4 11494 6 14567
4768 4.0343281125790806 0.07504615369731879 3.6826057011392961 0 0 0 0.80601178038291788 2 7780 5 10165
4769 4.0451877065671136 0.23220492948519381 3.6902141601443463 0 0 0 1.5862074309915286 2 8636 5 10645
4770 6.6619026246671877 1.0293703300278307 8.2398299929452623 74 61 52 0.99873381866069477 5 9512 6 13695 1 12795
4771 6.753174292665614 1.2648499322771938 8.148819537404389 145 122 106 1.3376172211609689 2 8663 1 12816 11 13738 7 11127
4772 2.692214440856965 0.88804638969721794 5.3696445518174283 142 120 102 2.0431412696722777 6 12955 14 10240 1 12834
4773 6.7339233568274217 1.5720974157088166 7.9547873472748369 117 101 86 0.8014015098802415 6 12987 1 12860 7 10931
4774 6.8115915198511781 1.6572816543335658 8.0260191117226434 52 39 30 1.7338499544791772 2 7912 1 12867 4 10874 11 13759 7 10935
4775 3.8043532759387588 0.5896827403688959 3.2715005515552433 165 161 152 2.4078042223242835 6 13738 1 12868 4 9858
4776 0.68716359612786126 1.0630394489149977 4.6379674858370121 114 94 77 0.76228453684561792 2 8744 1 12905 4 10898
4777 0.042084638993463097 -2.5646889063808089 9.4963350767012216 111 104 98 0.9080804672695667 2 8326 1 13229 4 10389 15 1437
4778 -0.022096058752064662 -2.4576895437817443 9.5304112410231987 151 153 150 0.83961391259969387 2 8331 1 13234 4 11230
4779 2.7227512977936672 -1.9230824966955977 6.2863146032779094 116 121 125 0.88324362556563241 3 9608 14 10043 1 13301
4780 12.125651914573609 -3.1025216624143019 13.250219988526277 16 18 25 1.6586153016436858 14 9111 1 13327 4 10455 11 12741 7 10534
4781 -0.79808636437452973 -1.0738384887774546 4.7703682905500733 87 79 77 0.3605979933553714 2 9001 1 13341 4 10510
4782 12.058577386452807 -2.588356669647141 13.030957528312493 26 20 20 0.54000869231270276 2 8408 1 13354 11 13302
4784 -0.82473077820012541 -0.96087174477730675 4.7603792075175928 157 139 130 1.2655144531179356 2 8396 1 13375 4 10527
4785 5.0847020107732979 -1.4143140313345806 2.6216631019005332 140 134 131 1.186511425605983 8 13060 1 13412 4 10576
4786 4.8614887311053838 -1.0431513109414647 2.5733690976628796 160 148 136 0.98620494805230463 8 12431 1 13447 4 10636
4787 13.505950019305656 -0.57181191444818225 12.361547569030073 73 64 62 1.5364283152598144 14 9744 1 13469 7 10878
4788 13.273315092393984 -0.46831456365108737 12.344701111375066 158 142 129 1.9093639875510895 14 9223 1 13473 7 10579
4789 3.7600765085564225 -0.23550632917189337 3.6300002542728982 154 147 140 0.51400521322467574 6 14166 1 13516
4790 3.7681072939160938 0.00010481762813913109 3.6307753623366308 34 29 25 0.63633540033983782 1 13551 4 10772
4791 2.7936465344806178 0.46322236840975817 5.4248124105980775 159 143 130 1.7287958541651383 6 14204 14 9785 1 13568
4792 5.8818984900272939 0.81693303340443379 7.8782929455689859 112 97 82 0.50215580240527558 14 9813 1 13574
4793 5.3055996813463295 0.95050481912868046 7.5442149129887719 129 107 89 2.1926378418970285 14 10222 1 13583 4 10802
4794 -0.48894907194613013 0.89609252539321116 4.3093873462263721 34 33 29 1.2796926777021818 3 9801 8 13233 1 13627
4795 1.3523074816921083 1.0962958660359123 4.5691762983321045 143 119 95 1.4007241468387999 2 8746 1 13658 4 10911
4796 -0.5117175566455574 -3.5793215763597916 9.8597020672773379 153 147 147 1.2066999076719058 2 8935 1 13812 4 11193
4797 -0.78926726759487298 -3.0016800618885879 9.8228472620641778 136 127 120 1.6102175145770177 2 8943 1 13828 4 11206
4798 0.045301135089984568 -2.6907425313825124 9.5086994945393464 104 95 86 1.0531834054248532 2 8954 1 13839 4 11218
4799 12.233764714831429 -3.0333838707833118 13.065937863715474 136 129 123 1.4964284636020295 14 10098 1 13902 4 11270 7 11070
4801 5.4598454484064476 -1.5466496839450929 2.5603667037620235 134 127 121 0.94289469293863826 8 13476 1 13957 4 11354
4802 4.9478517140420051 -1.2663229642720315 2.6474724163619241 51 44 36 1.2974362217396544 8 13507 1 13968 4 11909
4803 3.9886773627970777 -0.99243908277252146 3.4043881959021007 115 93 79 1.1956809556940931 6 14751 1 13977
4804 5.1761652816232129 -0.98197972932606148 2.5166644608861297 54 44 34 1.0273241847469463 8 13519 1 13996 4 11934
4806 7.2376485839765836 0.33393003892456974 9.0840943841206645 22 21 17 1.6097392785220119 2 9500 1 14043 4 11985
4807 10.110907674568471 0.45572026940429355 9.9465487657956739 113 86 69 1.7642868733725416 14 10192 1 14049 7 11114
4808 10.110907674568471 0.45572026940429355 9.9465487657956739 113 86 69 1.7642868733725416 14 10193 1 14050 7 11113
4809 5.1320351793778327 -0.11350176256475471 2.3157394479752438 107 99 86 1.6154772527141066 8 13595 1 14070 4 11509
4810 0.4830041699058904 0.56892286231152145 4.6840816705980872 124 105 88 0.67182306266746039 2 9163 1 14076 4 11522
4811 12.623771534252382 -3.8371599629346065 13.010854564245982 100 90 88 1.7167086856555016 14 10391 1 14299 4 12224 11 13918 7 11058
4812 11.618681939202775 -3.6575109132331591 13.872445702791968 78 70 67 1.2829148744526919 14 10392 1 14303 4 12223
4813 5.0858827223533627 -1.5828740242102104 2.6601391706514437 150 147 142 1.0818450760019704 8 13731 1 14340 4 11893
4814 4.7146939685097902 -1.2389333937999119 2.6639741208441019 144 144 146 0.47324770741824573 8 13738 1 14352
4815 5.1992195007244684 -1.259846881909267 2.5334108615612561 141 140 138 1.2776366612767338 8 13740 1 14355 4 11913
4816 5.1992195007244684 -1.259846881909267 2.5334108615612561 141 140 138 1.2776366612767338 8 13741 1 14356 4 11914
4817 -0.89271474701041909 -0.27513417973020721 4.5668527475066787 27 17 8 0.2543149962714536 6 14511 1 14384 4 11942
4818 -0.89271474701041909 -0.27513417973020721 4.5668527475066787 27 17 8 0.2543149962714536 6 14512 1 14385 4 11943
4819 5.6613781552606763 -0.20268315566918402 8.2145284375475196 48 34 31 2.3614080189716433 5 10853 1 14393 4 11951
4821 1.9831158865021963 -1.5569596120106892 6.0326716947419623 151 133 119 0.90701674208782135 2 9678 1 14577 4 12511
4822 -1.186968371194441 -0.089341128828757596 4.6265337021842026 155 132 114 1.1764194704243998 8 13764 1 14621 4 12307
4823 -0.69406889705578889 0.48615931581785865 4.349833745672437 123 101 87 2.0473710991487386 8 13794 1 14661 4 12024
4824 -0.37471497587731339 0.62523994570881603 4.3653701607249067 120 101 86 0.67829198746027464 2 9760 8 13802 1 14664 4 12360
4825 2.7162397684596713 0.8372679554311232 5.301183702087064 54 47 42 1.5637989883629804 8 9077 14 8612 1 11788 8 3034 5 2623 6 10166 6 11783 10 10210 11 13976
4826 -0.31953252457803133 -3.98394115223069 10.175123635669044 65 65 69 2.0624404504550236 8 4789 1 5582 3 22 2 43
4827 -0.48315677989506078 0.33813153150956365 4.423179836908834 174 158 142 1.5368710233062732 8 11688 5 9487 14 10149 2 7776 1 12766 3 9359 5 10176 4 9719 9 9393
4828 6.1188657146839374 -2.8651390229638127 3.8475059114790513 0 0 0 0.039867631408938509 2 468 8 4911
4829 -0.19961772396482758 -1.8593344914622467 9.5029532360088229 170 163 155 0.55084379406347872 6 877 1 1371
4830 4.4700133235824859 -1.8049599666036109 3.1972985062058048 0 0 0 0.17964457949927071 2 898 8 5156
4831 4.4525097859200402 -1.7978220620592198 3.2469153036824965 0 0 0 0.11674591420596268 2 903 8 5160
4833 3.7632878926887257 -0.032377903561366654 2.8313980417215072 111 95 79 1.0356290667359973 2 2082 1 3439
4834 4.4340471974998676 -1.6714831313972982 3.242294045522931 0 0 0 0.2058323325952521 2 4075 8 8155
4835 4.2534647916614086 -1.6367580504224981 3.577406577314151 18 18 26 1.6406522994460553 14 8988 1 6545
4836 4.2534647916614086 -1.6367580504224981 3.577406577314151 18 18 26 1.6406522994460553 14 8989 1 6546
4837 4.6067606874416711 -1.6319489382978392 3.0412398287241924 0 0 0 0.011123692234906809 2 1027 8 8169
4838 4.3203372236046862 -1.4722517979585252 3.3466409942074433 0 0 0 0.16310448975746716 2 1118 8 5360
4839 4.8385738503865516 -1.4839092083770478 2.8780443950387156 114 81 62 1.7251580138751332 2 1153 8 8246 4 1500
4840 4.7320578028025402 -1.3590505138589295 2.8994003731563547 0 0 0 0.0013781640527929266 2 1224 8 5450
4841 4.7320578028025402 -1.3590505138589295 2.8994003731563547 0 0 0 0.0013781640527929266 2 1225 8 5451
4843 4.8941909486364725 -1.8376652721575055 2.9340624490334615 0 0 0 0.37342195671691181 2 6179 8 10026
4844 8.3243669534408031 -1.9080574908318491 4.7502305214731226 139 138 139 2.1946673199145263 8 12357 1 12530
4845 4.4289142110981627 -0.20166702709081147 2.8914281343453569 0 0 0 0.31809903182162624 2 7743 8 12550
4846 3.6999579492154853 -0.11543113833517966 2.810061277789992 119 103 88 1.0720136489636605 2 8602 1 12763
4847 4.4439195657423038 -1.6531874981148937 3.2179924118843779 0 0 0 0.20828117429971349 2 8392 8 12340
4848 4.362427919251167 -0.0037287707592242869 2.9769239812657844 0 0 0 0.016978380403533742 2 8620 8 12573
4849 4.3459147457095222 -1.74898070613666 3.1443637114446452 101 97 94 1.1230168617507257 8 13029 1 13913
4850 5.1160191072600405 -1.5024988404448603 2.58896106359501 50 34 26 0.00056425451286300286 1 13956 4 11355
4851 4.5728899423199243 -1.1451118665711886 3.024061957826683 0 0 0 1.4100315909427636 2 9705 8 13743
4852 -0.462295458663601 0.42018678414358535 4.406369221887072 130 111 96 1.0839587872219567 2 9753 1 14426 4 12345
4853 0.19334905895426419 -4.0660512857437361 9.9024864420762242 118 117 122 1.4705177565843319 3 8 6 63 4 92
4854 1.0407974446189807 -3.5929086119004126 10.18140880296578 119 118 116 0.85017474024709305 1 638 6 8768 4 237
4855 12.308779698159251 -4.8079617433774056 13.318711893780097 151 145 145 0.47768358118342297 8 4943 4 442 7 6480
4856 11.778769405241066 -4.7263482079489316 13.791667016098078 95 85 83 1.2339607167021567 6 8860 14 688 4 445 11 8580
4857 -1.0461534445203728 -2.3456337129290294 10.778725042821536 94 86 83 0.57458701870413498 8 384 4 460
4858 -0.16563504099542986 -2.2591735618349991 6.997823629599039 73 73 75 0.62518610597763102 1 1011 2 419 4 484
4859 12.052429468812518 -4.0062094780950304 13.297533909682135 139 128 122 0.96310533339463422 2 663 6 5775 4 629 11 8665 7 6523
4860 12.100656449296604 -3.790564916069429 13.225334872552116 149 135 132 0.60464345588316171 2 734 4 700 7 6553
4861 12.369851040626944 -3.790859756667408 13.037501089568382 59 49 48 0.40253983163768642 1 1479 4 715 11 5904 7 6563
4862 13.344306006206413 -3.83077889137834 13.071598419605222 155 150 146 1.0902623336473469 14 1001 4 746 7 6598
4863 12.250575638855766 -3.5734483586025592 13.058203866637669 36 25 21 0.87781857592893309 14 1014 4 779 11 8723 7 6580
4864 2.0572463086535389 -1.9369444776079927 6.0800614317122053 43 40 41 0.83473461309311558 1 1460 6 8965 4 855
4865 1.7151400186577512 -1.8737471610761147 5.9860302228871349 147 134 118 0.81370528956215615 1 1465 2 662 4 871
4866 13.36802216899089 -3.3461609391646103 13.018652069523784 153 141 129 0.64880266502708961 1 1750 4 890 11 6046 7 4343
4867 12.250529388942057 -3.0596428145465007 13.013015562664084 140 128 116 0.73301405798947739 14 1167 4 947 11 6043
4868 11.738264131698616 -2.9197117296854342 13.415537626418436 122 110 98 0.46922484991979624 1 1816 4 970 7 6622
4869 12.199255329869942 -2.8980784040704295 13.173140429676932 107 99 96 0.5361698277341771 14 1221 4 1002 11 8809 7 6636
4870 2.2281266974303455 -1.2640341963496429 6.0353843072101832 85 68 60 1.5626656296246013 14 6522 4 1295 10 8773
4871 2.2281266974303455 -1.2640341963496429 6.0353843072101832 85 68 60 1.5626656296246013 14 6523 4 1296 10 8774
4872 3.8461725827936339 -1.5533483995440691 3.5050417107136873 0 0 0 2.5394845049795292 1 6563 2 4097
4873 -1.2354796565632111 -0.94335431021332783 4.8392986233427093 156 135 118 0.46587886653563815 1 6527 6 6145 4 1307
4874 3.4374929715884384 -1.2367513729373558 6.3515898472362347 189 191 190 1.4056618867427335 5 6769 14 8139 4 1391 1 11363 15 381
4875 5.5088079894992301 -1.6302287707564087 2.5571336077086682 83 64 47 1.3968267408218307 1 6658 8 5320 4 1443
4876 -0.10484411592263299 -0.88981014097699007 4.806198375361074 29 19 10 0.28464956986161 2 1171 6 6276 4 1465
4877 0.39712766607088062 -0.77556776571779917 6.1901571609876136 97 81 68 1.2226881613611511 2 1267 5 1026 8 5617 4 1535
4878 5.1349202653434753 -1.3665527374886162 2.5393223604279687 30 11 4 1.1567949525947161 1 2357 8 5474 4 1650
4879 2.1357349284135561 -0.76026267512716716 5.9441073748438207 142 130 118 1.1562352861732048 1 6835 8 5706 4 1686
4881 2.3491393118041146 -0.67907469897153694 6.0124193464332016 120 101 86 1.2990650967785153 1 2522 5 4644 4 1748
4882 4.0251420703687799 -1.0549875152496984 3.3561540999826129 131 108 94 1.7832540850568588 1 6859 6 9368 4 1760
4884 -2.8752398818694762 -0.47117391437342748 2.6556853094339106 36 19 3 1.2271599170969294 1 6825 6 9404 4 1840
4885 1.1243255641319791 -0.46342264068515926 5.1312729542921964 80 63 44 1.1810966372607608 4 1900 10 8821 11 13595
4886 -2.9794375570132892 -0.37241638553284384 2.4812146673931204 36 24 12 1.1328460985632767 1 6926 6 11388 4 1988
4887 -2.8681621656907561 -0.36634293911063676 2.6167347193820736 56 40 25 1.2545605965754403 1 6937 6 9494 4 1990
4888 6.0525598465299115 -0.28865553723699644 8.3537260869843823 56 63 76 0.72665785520768422 5 4936 6 9675 4 2007
4889 -1.8830679543252506 -0.10618099458490085 4.7127430215474631 0 0 0 0.84093685275678953 1 7069 2 1641
4890 1.3617547151698199 -0.21534990682753727 4.9619503359164963 119 102 82 0.30054725808140487 1 7132 6 9717 4 2150
4891 0.93870446216481329 -0.17031672094484193 5.0478801327678386 147 122 100 0.48352550234805097 1 7137 6 9726 4 2154
4892 -2.5911365796618591 -0.2164672605206556 2.9201113421107596 154 144 133 0.73320572509156368 1 7078 2 4516 4 2174
4893 3.9191816354497728 -0.51507678984821326 3.6292287173760367 141 118 97 1.2400122067187604 6 9658 4 2179
4894 1.2394276744408641 -0.15144253743384026 5.0309008911894235 161 141 117 0.8355580560838477 1 2944 4 2190 11 13615
4895 7.534153850887443 0.027741909471724599 9.1332678189173357 26 15 13 1.7369857169693421 5 5050 6 9802 7 9474
4897 2.6521283007848386 0.13321626536385414 5.5466782029479145 127 104 83 0.81141791942441621 14 7038 4 2369 10 9684
4898 3.9311130263334153 -0.28294167460487529 3.3044556322650207 137 133 130 0.28358047056802754 5 8524 4 2373
4899 4.4116567203008845 0.43522891184700585 7.2083402176983711 0 0 0 0.19711629438161268 6 9930 8 6337
4900 4.4656534578619098 0.43601983048461768 7.2002859760792708 134 106 82 0.89725670313301864 5 2123 4 2438 7 10133
4901 2.2357639608287476 0.31461779195473472 5.4948917495330969 37 26 17 1.580686817731962 6 7132 4 2480 10 9713 11 13318 10 9085
4902 -3.0077661373773354 0.0017462907351708523 2.3751038779550591 109 91 81 1.3058904814512198 1 9974 2 6555 4 2490
4903 4.0413556917155908 -0.094053044012550518 3.2930917076317665 28 17 10 1.2960948874252514 6 9913 4 2517 2 1979
4904 2.3973847713693073 0.37912015265130983 5.4702440865131114 66 52 43 0.79654861114508801 2 2056 4 2531 11 12785
4905 6.0668612913605076 0.97748566717938556 8.057833253146331 130 109 88 0.74824220723849111 5 5384 4 2687 7 9579
4906 5.3461221387854758 0.98871564269662138 7.7027051497135979 42 26 11 0.49859405379521343 5 2497 4 2715 7 9569
4907 6.2853714827403673 1.0764678359469337 8.0601486131151443 165 141 117 1.1396438847663457 5 5436 4 2742 7 9597
4908 6.0050713996353631 1.1250282496831416 8.0047941883365823 164 143 124 1.0910298982869067 6 10105 4 2766 7 10234
4909 1.2356493155091592 0.6371438524317965 4.8348798180815855 160 139 112 1.3403977354636245 2 2291 3 6890 4 2783 10 10178 11 13946
4910 4.0635058941560516 0.30710123254697685 3.5073008049059133 139 118 101 1.1599015641439974 2 4925 4 2787
4911 2.3166083884932576 0.82481838433215282 5.4990738726763064 37 26 18 0.074673756926948096 1 3743 4 2832 11 12867
4912 7.1365994691569421 1.3469596846420686 8.4697536908436035 134 113 96 1.2926998198205804 5 5516 6 7507 4 2838
4913 6.0160611864116289 1.2734543504044789 7.9800027160240079 166 145 126 1.0119366699892849 5 5522 6 7506 4 2842 7 9615
4914 -0.52316812015678194 0.68709782181641876 4.3621331752086103 145 124 107 0.88803407697307091 1 7706 4 2874 9 7156
4915 1.3375330417436611 0.74487957630554336 4.4461625890258087 54 36 27 2.8193192758784598 2 5035 14 7391 4 2924
4916 6.5506677581320725 1.616116845162896 8.0660041474953701 134 112 98 1.8370889707402369 5 5663 6 7679 4 3016 7 9663
4919 -2.5719511742649384 0.56664330370490201 2.9808221057719693 123 113 103 0.91055041500718159 1 7838 2 5110 4 3040
4920 2.2582404350546867 1.1412873719111967 5.437258342365296 42 31 25 1.1946780367864438 5 5697 4 3060 8 3344 10 9229
4921 2.2965589581842361 1.1325723693060021 5.4315230478147871 60 50 41 1.3482570160615037 2 2532 8 6874 11 12922 10 8331
4922 0.50023178507339128 1.0258564678482245 4.5713104963501801 146 118 97 1.2540166921842972 1 7905 4 3130 13 9086
4923 0.4662197267333224 -0.16609507125713247 -0.45260379003428286 0 8 5 0.26170877487834199 6 13013 4 3135
4924 6.3273010391255857 1.8294371880643101 7.930981505703266 165 140 118 1.6671794000854898 2 2593 4 3149 7 10308
4925 1.357014077900538 1.1019150780668534 4.7808582448259589 43 29 17 1.2127454435536098 2 2608 14 8706 4 3167
4926 0.48293865331745306 -0.13012154788869018 -0.42817375655803869 3 9 5 0.78581255363867231 6 13033 4 3192
4927 -1.4055209599157477 -0.26608023529082658 -0.9644921660619743 16 18 7 1.3247894740701716 2 7941 4 3196
4928 6.0175204570299528 1.9365106722957435 7.8388175062318135 67 44 24 1.3362092844672695 2 2638 4 3228 7 10318
4930 0.038297942801121199 -3.8182288031769347 9.952394895353228 87 88 93 0.36740252994026107 8 4799 4 4515 3 3603
4931 0.64210389125463174 -3.7055668577216534 10.042469667130463 92 87 84 1.9912028326723721 5 6479 4 4567 9 6045
4932 0.071340257558402176 -2.6928287111978597 9.5120283429926946 106 95 89 0.92442315527001151 1 9062 2 3701 4 4695
4933 11.470776399119698 -4.4451739717175629 14.827489819320769 112 111 114 0.89929393210044239 14 773 4 4768 7 6493
4934 0.2636697226288604 -2.2277577246019247 6.8246985652820227 76 79 86 0.53484850184866783 1 9113 2 3736 4 4788
4935 0.2636697226288604 -2.2277577246019247 6.8246985652820227 76 79 86 0.53484850184866783 1 9114 2 3737 4 4789
4936 -3.0400503628823214 -1.4878249119960096 2.4800388532566009 0 0 0 0.82893139175323172 1 8958 2 5872
4937 12.135727441188047 -3.5523507639508138 13.368291668911954 37 30 27 0.40899791626089099 14 4335 4 4929 7 8250
4938 12.129209543869798 -3.551223548703625 13.361330540166488 37 30 27 0.4791942390194972 14 4336 4 4930 11 10608 7 8251
4939 11.789708044332174 -3.4321532097897371 13.43069116557959 123 104 97 0.80613767636467504 14 4355 4 4937 11 10611
4940 11.640218611113804 -3.1019796323921316 13.807424529955176 154 139 133 0.4466837043312466 2 931 4 4990 7 8263 1 9347
4941 2.3426953792984868 -0.64579186105639197 6.0076622551929999 98 79 64 0.7154963938880976 2 4379 6 9478 4 5469
4942 1.1941746398335285 -0.51633195149374955 5.1257239527532557 48 30 12 2.3958791938074038 3 6398 4 5530 10 10051 9 6546
4943 -2.8867954555064297 -0.34153881000113195 2.6123124438306293 60 48 36 1.2740866671774544 1 11482 6 12691 4 5632
4944 -2.8528092018298983 -0.3286910072962802 2.5987274717620434 117 103 90 1.3640302342838773 1 9778 2 6392 4 5656
4945 7.3910294090493638 0.28078030426958378 9.4988144141872723 116 90 75 1.1038105642076879 5 7190 6 9854 4 5768
4946 5.2190171332619526 0.31805935289055109 7.9275080523660195 29 24 18 0.99987483494039875 2 1916 6 9882 4 5809
4948 6.1196181847502222 0.62049258870406798 8.1588478252499872 158 139 118 1.8445060063531147 5 7287 4 5919 7 9522
4949 -2.5833391722779342 0.15349080194886919 3.0788213645742308 59 49 39 1.9401643321520108 1 7369 2 6597 4 5973
4950 6.5399645655369305 0.76932537814510027 8.2456744775271371 156 134 110 0.39864919547413941 1 7458 4 5982 11 9200
4951 7.5417951437032098 0.88390311879359784 8.9068351935973702 86 68 56 1.0764088102387006 5 5295 4 5999
4952 2.3326294614554532 0.52381745082260922 5.4950296453071346 68 54 45 1.4916243506267579 2 4854 4 6037 10 9756
4953 6.5528013004904864 0.98725008605886277 8.2077540629081227 153 131 108 1.2406024857557885 5 7395 6 10058 4 6074 7 10223
4955 -2.5856999979482413 0.3610299482070114 3.0229607771674831 65 56 46 1.0520500931789434 1 10137 2 6679 4 6160
4956 6.0803746852044238 1.2134321009876641 8.0933505159659216 161 140 121 0.54362024015116661 6 11769 4 6165 5 8710
4957 7.5179832166934109 1.410768612762844 8.6524376397551901 99 81 67 0.85144563151345354 2 2351 6 10158 4 6192 7 9632
4958 4.212789040625962 0.4115141203718683 3.5476320668650616 0 0 0 2.5506014701060113 2 6699 5 9523
4959 7.5875394201027531 1.4635699688649091 8.7018753569266813 24 15 7 2.1108699967630224 2 2367 5 7485 4 6207 7 9639
4960 -0.16233515134398932 0.69262919280869994 4.3574673842928178 48 32 19 0.46136013981974627 1 10199 14 9816 4 6213
4961 5.4077141365612835 1.3553669221883125 7.8184244266574856 70 57 49 1.2313746777415242 5 5565 4 6217 7 10631
4962 -2.5878357479198981 0.53615932407395284 2.9860974198823378 78 68 58 1.7574319113161654 1 10242 2 6774 4 6283
4963 0.14417306397380431 1.027367909082973 4.4177310496926401 155 129 112 0.5033862760654747 8 10693 4 6374 13 9608
4964 6.2256686596522943 1.8705985769487357 7.9088973594574208 137 111 90 1.7430651896783893 2 5159 4 6375 7 10309
4965 1.2368656710668793 1.1453680902911418 4.717096740803707 120 94 68 1.6888794725681027 6 10343 4 6396 10 10244
4966 4.7513741092465747 1.4751087662580236 5.862474930269407 36 22 7 2.4704443880442368 6 10364 4 6419 7 10951
4967 1.1743324193714 1.2977293280475104 4.7251631834022572 139 114 92 2.0845377392919389 5 8882 8 9346 4 6487 10 10456
4968 -0.15183303571361359 1.287366728080569 4.2459470690628063 60 44 31 0.97746066954561273 5 7782 4 6575
4969 0.58188634970211472 -3.7418784795430695 10.022219042802284 122 117 114 1.5830660976848767 2 5880 4 7381 9 6040 3 5988
4970 12.103112272381843 -4.967094816941227 14.207571515537445 122 114 112 0.66385088435620299 2 3775 4 7483
4972 1.2686637689593943 -2.0383615537937949 5.685432327134806 115 115 116 0.47802440649405292 2 6058 8 7987 4 7575
4973 -1.1811839505547173 -0.94103689721868511 4.8615470539478407 78 60 46 1.4117817297853901 2 6209 8 10113 4 7798
4974 1.2703599476763989 -1.1149554407999203 5.4101510439773577 117 99 78 0.52318153245232879 1 11340 8 10119 4 7827
4975 -0.05339179593395138 -0.70218385869913513 6.3591465330216881 74 56 42 0.60819818746344556 2 7540 8 10194 4 7880
4976 3.7463162565796351 -0.9492197196203086 3.431602470113845 0 0 0 1.3895890672167801 1 11462 2 6382
4977 2.5972409523626432 -0.5079009420780134 5.9550173201835346 37 34 25 0.94243982952717908 8 10285 4 8016 3 6414 9 4364
4978 4.1001288011337502 -0.6769999906397598 3.4343105010615753 178 165 156 1.1823756180114049 5 9343 4 8082
4979 1.1896844291235165 -0.049425626985896115 5.0296062619459212 148 131 111 0.79789356845825632 2 6527 4 8150 10 10352
4980 5.3745711544395318 0.45531951399757875 8.0482323707119487 110 91 77 1.1407168840223527 5 8604 4 8202 7 10874
4981 6.1579166170044912 1.0780910638635726 8.0805843974242428 154 136 116 0.80809266553669357 5 8693 6 11749 4 8329 7 10611
4982 4.2159054292284663 0.30334211098570518 3.5766741165327178 0 0 0 2.502724433559905 2 4920 5 9507
4984 3.9361470364337059 0.4309804412147108 3.2752929738381558 97 80 72 1.0647965504924248 14 9335 4 8396
4985 6.4371114373876281 1.6336990720077096 7.9235139266388872 48 32 19 0.6887798788299323 6 11862 4 8455 7 10657
4986 6.4371114373876281 1.6336990720077096 7.9235139266388872 48 32 19 0.6887798788299323 6 11863 4 8456 7 10658
4987 1.1167821574499988 1.184962949759029 4.71124298503329 86 64 41 0.42492542188895704 5 8851 8 10715 4 8553
4990 -0.71402527171626118 -2.3470745162917201 9.5774003098304838 116 105 98 0.36215115137855236 2 6018 4 9239
4991 3.5983348770785057 -1.3122919665287358 6.321960706365946 100 101 106 1.4523149797065891 8 11416 4 9421 10 10341 9 9224
4992 10.085048902598642 -1.1541255943519184 14.615631668227135 140 130 121 1.3375968051262641 5 8429 4 9454 6 11365
4993 0.70680105443478203 -0.42098064216100739 5.0153363630972487 62 45 27 1.5318577521521366 3 8665 4 9569 9 8740
4994 4.1675500789361859 0.52261051168137729 3.8540364756502141 152 138 127 1.1166894146303761 5 10219 4 9814
4995 -0.3144271359165427 0.72910960955602744 4.3741474337223529 142 119 102 0.5716107737218683 1 12836 4 9819 9 9430
4996 -0.53910148971020266 -2.4016159675511357 9.9039405882517251 129 128 123 0.68695023251685905 1 11082 6 11086 4 10397
4997 10.294370956828384 -1.1091134070313116 14.382261963110331 144 135 125 1.0090764517824584 6 13515 4 10568 5 10070
4998 10.450196444641772 -0.81733051286595215 13.875200490648606 114 104 96 0.86553479227325258 2 8490 5 10086 4 10592
4999 10.450196444641772 -0.81733051286595215 13.875200490648606 114 104 96 0.86553479227325258 2 8491 5 10087 4 10593
5000 3.9833911466526528 -0.89108241889471707 3.4941804889994423 0 0 0 0.58783272332986147 1 13445 5 10539
5001 0.31846998746613092 -0.32318947574473333 4.8247277897556575 135 118 104 1.2578523760855289 2 8510 8 12481 4 10665
5002 5.3818580828668292 -0.17149277647848571 8.3259449208722156 55 40 33 1.0260643462642487 2 8538 4 10674 10 10391
5003 5.2800023490082744 0.31455888536142318 8.0743554767041648 43 35 29 0.99509529402824171 2 8576 5 10154 4 10734
5004 0.33826046364650181 -0.015679661140053695 3.3787969688833139 15 16 16 0.49026500472313145 2 8581 6 14180 4 10756
5005 3.9671978947465583 -0.14717493512026442 3.3284419440361326 97 90 82 2.6609675362580041 1 13538 5 10871 4 10765
5006 3.7970933766164858 -0.04906592778704446 3.487453129954198 0 0 0 2.2171106277057864 2 8599 3 10018 6 14192
5007 3.9357744697098216 0.086290270145447739 3.8241730104718545 0 0 0 1.1191467650258118 2 8611 5 10636
5008 6.7277077405861387 1.6387232821595779 7.9344267213288768 52 37 26 1.5498413718602098 2 7913 4 10875 7 10936
5009 6.7979347707110804 1.7658380472189585 8.2171908124417357 150 128 107 1.9032718246901403 2 8713 5 10266 6 13751 4 10880
5010 -0.35518029540629259 0.91049195848520537 4.3665873791080942 22 17 13 0.77918667717217682 1 13631 2 8718 4 10883
5012 0.025200329785592224 -2.8171679364687696 9.483075069439904 106 95 91 0.79725681282200478 1 13837 2 8313 4 11216
5013 5.2111899318922941 -1.7832954124363816 2.60617620508348 134 126 123 0.021789223026035025 1 13359 4 11329
5014 7.2765671373684997 0.6213390995753123 8.8361816983416848 129 107 86 0.41858889762669449 5 10890 6 14558 4 11482
5015 11.431222060312294 -1.6828732947538128 14.072254958354137 81 72 65 1.5624597685303649 5 10551 6 14482 4 11883
5016 -0.77671796841439456 -0.36069918902303755 4.5445193096860761 144 128 112 0.60372581323437047 1 14369 6 14499 4 11925
5017 2.2095307571125287 -0.45779522200543288 5.4225054164042703 57 43 32 1.0413065240877069 2 9472 8 13533 4 11928
5018 2.7466520372701981 -0.15951512144616456 5.5753505241203438 46 35 21 1.7236167456465949 1 14021 14 10440 4 11964
5019 7.2526556980885477 0.33612077841443944 9.0838288426084119 25 21 20 1.4600740043230029 6 14548 4 11984
5021 6.9305065051600456 1.1308720398542245 8.3768334797415669 136 113 90 1.2826951396308532 5 10916 6 14582 4 12027
5022 10.098190100504713 -1.2316900808400648 13.912655857071231 196 201 195 1.6987307886465961 5 10816 4 12272 6 14758
5023 2.3187135716748331 1.3221478017263997 5.3731928900324917 33 22 13 1.3988919199127163 2 5182 1 10326 4 3226 8 6997 14 7591 6 7849 5 3006 11 13783
5024 2.2089345864965724 0.12542788079683986 5.4295848786250067 31 23 18 1.8339849043016707 5 5099 6 7032 4 2362 14 8375 10 9675 11 13656 8 6263
5025 1.2201759711038909 0.75169990426661781 4.7933481915227514 46 31 22 0.68364780240810552 8 12615 2 8670 4 10836 3 9779 5 10662 14 10478
5026 2.5342815094875002 -1.7568210919018599 6.292931188697402 132 123 113 1.8032780199559846 6 14437 2 9380 4 11847 8 13438 5 10776
5027 1.9048026823414523 -0.21164524661782816 5.2533353676084174 140 128 115 0.67243522924260135 14 6887 1 2919 4 2146 8 8661 5 8508 6 9725
5028 2.0334247268751344 -0.99234626233838297 5.9642521359304377 41 33 27 1.2634691339023505 5 6812 2 1248 1 2247 4 1497 8 5565 5 4520 6 6339
5029 2.732551609936734 -0.4192492766167526 5.6501016420868284 60 56 55 1.0529793610334699 2 9480 1 14005 4 11938 8 13538 5 10593 6 14515 14 10428
5030 5.3214944154287274 1.0680701176074283 7.6464804471081891 38 28 21 1.2766320887426257 14 9331 1 11737 4 6134 5 8699 6 7438 7 10224
5031 -0.36438134585590332 -0.40609472375635358 4.5953089500538971 157 143 127 1.2889654538822692 3 6435 5 6936 14 9059 2 4429 1 6961 4 1893 8 5844 2 1491
5032 2.3090214471804194 -0.37666658633667882 5.511356767458194 149 131 117 0.44198759383143899 14 6862 2 4532 1 7058 4 1999 8 1888 6 6714 3 1202
5033 0.65695252886536393 -0.98745408376113897 5.0705931344808448 30 24 20 2.1759178445376368 2 1164 4 1427 8 5470 5 6753 14 8015 6 6253 10 9451
5034 4.8674806299599735 1.4801475388750516 6.0044138808541998 23 11 2 0.80548461606910249 6 10344 4 6400
5035 2.3497092385784804 0.30886219979967022 5.4668364471193227 42 33 27 1.645473699742027 8 8861 6 11642 2 4780 1 7373 4 5899 10 10153
5036 -1.7497148005251577 -0.99978994191554449 5.0502563966651133 38 41 50 1.8709162349880513 8 8199 3 6217 6 9173 1 9390 4 5137 5 6676 9 6456
5037 -2.2861514376657373 -0.96555410542932829 3.8170068138263531 60 41 26 2.5813525643720392 2 823 4 1207
5038 0.54158012376055753 -1.1298698210132505 -0.29539586778311788 3 7 8 2.4233310467504015 2 4001 4 1735
5039 -1.6223595327370359 0.65839176039317349 1.578054996450484 54 58 59 0.90596988683139812 2 5555 4 3708
5040 -0.31592516713728475 -2.8532549328579631 9.853301548619811 133 136 143 0.33283871404235588 1 11041 4 9222
5041 -1.1059010671611487 -3.1669509014489936 11.313352983202956 0 0 0 0.041406263986563219 2 8294 5 9211
5042 1.4855233596114474 -1.2508982939932798 5.9577796272201704 164 146 132 2.7095043282691704 2 8401 4 11317
5043 3.9904853502563293 -1.0141097853647114 3.5947621887728012 102 84 74 2.3478759631615054 3 8547 14 8176 4 1769 1 6870 5 8338
5044 5.5772894692686519 -0.36506354186636258 8.4379940662849737 94 121 145 1.6958594843493939 3 1307 10 1847 7 6722
5045 5.4793527312643864 -0.31903544523306393 8.4657333401006145 29 36 54 1.5968726934324449 3 1356 10 1876 7 6733
5046 5.4793527312643864 -0.31903544523306393 8.4657333401006145 29 36 54 1.5968726934324449 3 1357 10 1877 7 6732
5047 3.0937613359973182 -0.83795664877656983 6.130038043155845 171 158 149 1.2399164882584299 8 1470 14 1240 10 4364 3 805 11 5640
5049 5.5227955171984062 -0.50928503090972876 8.6455429212958403 191 196 200 1.4956705468448614 5 1469 6 2100 10 4726
5050 5.510780193355493 -0.50866341889625755 8.6297518724462385 191 196 200 1.5711783852289947 3 1131 5 1470 6 2101 10 4727
5051 5.4527779343006104 -0.47186244413397049 8.5974699757816708 33 39 53 2.1354601828854229 6 2126 10 4739 7 6647
5052 5.5248678429554001 -0.41996885888645774 8.4948897567283392 56 59 74 2.0637937557207757 6 2177 10 4757 7 6674
5053 5.5478234943781128 -0.40703462099383247 8.4846022653126791 93 124 153 2.0314306118961083 3 1241 10 4763 7 6683
5054 5.3556949683278843 -0.036382941932750899 8.3107031142580219 144 114 86 1.3717939091186346 6 2479 10 4872 7 8365
5055 5.4417770352076813 0.071236988064209014 8.3042622758154767 140 110 82 1.7835489588179312 5 1827 10 4904 7 8393
5056 5.6063307456392257 0.075036321972065945 8.3384033486227036 58 49 42 1.6817838831137373 5 1841 10 4911 7 9443
5057 5.3489161932377183 0.46882917141224656 8.0561405754014448 155 137 117 1.19253668224901 3 1864 10 5019 7 8485
5058 5.3748925065820421 0.91332601899896471 7.963224509813986 106 83 65 0.92787780023439481 6 3229 10 5158 7 8594
5060 2.6350945886448693 -1.9290589846475339 6.2377706239004178 222 234 248 0.75460376476190993 5 357 11 10226
5061 2.6720769596837664 -1.5361280039418126 6.1100656740169788 120 113 107 0.37871491844622551 6 1106 10 6219
5062 2.5859384156069738 -1.4241970445313319 6.1505206144983866 124 111 94 2.5183406626612057 14 734 10 6250 11 10309
5063 2.5787245877072982 -1.4165979837109235 6.133373838809522 124 111 94 2.2937164450325751 14 735 10 6251
5064 2.6544666827310297 -1.3800466195617342 6.100111000217078 119 101 82 1.9686274460005262 14 765 10 6261 11 11636
5065 2.6718823535072564 -1.2447093977535291 6.0509397538250598 107 97 85 1.7345025274101229 14 854 10 6310 11 10351
5066 1.1750077283153526 -0.45787429712040373 5.1204153741881946 150 131 99 1.3606561604557552 14 1237 10 6355 11 11595
5067 0.96165842681759695 -0.38602623576594408 5.1111499407582501 111 89 65 2.575543326998019 3 1186 10 6360 9 1405
5068 2.3733880331044785 -0.9315331669981638 6.0673832471894302 136 116 94 1.7118853009398471 3 747 14 1076 10 6399
5069 2.55980601745242 -0.80539255329397574 6.0414322001879635 159 144 123 1.3833407456968985 5 4600 6 1736 10 6466
5070 1.3891406777071857 -0.087271181473100534 4.8893992565408668 121 108 91 0.60808584731239856 14 1582 10 6543 11 11680
5071 2.7448877708976207 -0.27529622877072263 5.6582259063162104 106 98 87 1.6699420117602906 14 1569 10 6621 11 10546
5072 1.2795841581603205 0.1646395348062816 4.9470358372218177 165 150 131 0.85562240074582574 14 1790 10 6662 11 12665
5073 2.7087415787539557 0.074472310434295225 5.5512145004754494 33 22 12 0.98531078813568185 3 4797 14 1818 10 6731 11 11895
5074 2.7958289189376351 0.10966999233139416 5.4691833771935991 180 161 144 1.3394517857214043 3 1754 14 1873 10 6753 11 10675
5075 5.4331620374991454 -0.14873368233171369 8.3191469658988222 66 46 32 1.9518786991598187 5 1681 10 6794 7 9404
5076 2.4604853538618712 0.31711546632708254 5.4529287124654253 53 31 18 1.1705310785879146 14 2074 10 6830 11 11936
5077 2.5209324898778269 0.48663572934812238 5.4487095007314013 155 137 117 1.7971148859210448 3 2059 14 2256 10 6888 11 8975 12 11847
5078 2.7645370856079512 0.48423061175290893 5.359400354933749 112 105 97 0.96983671432492946 14 2282 10 6902 11 11978
5079 5.3561823748165356 0.54054292438166462 7.9869241834148452 132 112 87 1.7720446475179565 14 5214 10 6937 7 9500
5080 2.5530412274763981 0.63513049946770161 5.4422507416431811 139 114 93 0.50541713970532842 14 2377 10 6951 11 10851
5081 2.7267466916955172 0.62659893483102669 5.4147762075209949 170 136 101 1.4509249609246588 14 2382 10 6956 11 10861
5082 2.7255904774632369 0.66013838578750772 5.4041364000800725 186 153 116 1.1410676965855984 14 2411 10 6968 11 10877
5083 2.3823025419451249 0.82736775039722255 5.4997982056386352 93 74 59 1.6602260454671633 14 5409 10 7019 11 12871
5084 5.2925476612207687 0.99986940613734665 7.7653832369154685 88 66 52 1.8999152613104655 1 3603 14 5384 10 7039
5085 2.4408622398826516 0.90665291710696327 5.3936436378882702 18 8 1 1.0291176255827377 3 2488 10 7056 11 10972
5086 2.4755097631182372 0.92503988073466448 5.4094189448987349 27 19 9 0.86564232249725537 6 3595 14 2618 10 7062 11 10984
5087 2.3003136606879697 1.1657259836808942 5.4314850497742286 37 26 17 1.4491139293929518 14 5654 10 7128 11 12925
5088 1.8437414556913887 1.2531891903469285 5.3408063998543032 100 81 74 0.9048491090004378 3 2818 10 7173
5090 2.4467304847976195 1.2482710179465559 5.3213273753515073 151 129 106 1.7579440264991619 14 2936 10 7176 11 12209
5094 1.0921053799947744 -0.33507914475600475 5.1059133693492811 88 76 60 1.9381834848340542 14 4569 10 7832 11 13168
5095 1.2235755692464072 -0.31393149493890171 5.0649485571787505 154 136 113 1.6369187063808603 14 1383 10 7847 11 12552
5096 1.2391400617112396 -0.30095283354088487 5.0664761834471319 80 63 47 1.0320820705649181 3 1351 10 7857 11 12557
5097 1.2391400617112396 -0.30095283354088487 5.0664761834471319 80 63 47 1.0320820705649181 3 1352 10 7858 11 12558
5098 1.1075786311191151 -0.27757319402843622 5.0968947953742241 158 137 108 0.34977909851850553 14 1402 10 7862
5099 1.2988356942274926 -0.26554313940314322 5.0163549345508853 171 153 129 1.8340041595804764 14 4628 10 7866 11 13189
5100 1.392992460830436 -0.24291189929133813 4.9658518103879787 167 152 132 1.4252332838599084 3 1403 10 7882 9 4607
5101 2.0009307442521225 -0.41121247233643532 5.3828632549996245 91 72 57 0.98742401316459227 3 1140 10 7900 11 10421
5102 1.0275213333810183 -0.068898774019029621 5.0619237369822514 184 166 144 1.8396994322336548 3 1614 10 7935 9 1786 11 12589
5103 2.7517948317014929 -0.42644259689703212 5.6577804845891908 100 104 107 0.96370648012819038 1 2772 10 7962 11 11773
5104 0.87357519175485732 0.041319165920649034 4.9633870555644419 118 96 72 2.1391418377062723 5 1862 10 7966 9 1924 13 6725
5105 0.90471246727647436 0.11922718365516258 4.9576058488640538 185 165 141 2.086264566669398 3 1784 10 8001 9 1996 13 6752
5106 2.710551098692064 -0.27006443505360966 5.663309878500641 147 128 111 1.4206775984104134 14 1573 10 8010 11 10544
5107 1.592970183479407 0.035415071713352272 5.1067747887675976 150 126 97 1.1271502240742415 3 1715 10 8026 9 1871 12 9933 13 7932
5108 1.0343761698850709 0.19089963395508192 5.0019417450774863 185 165 140 1.3989185981619583 3 1835 10 8040 9 2034 11 12651
5109 0.94236152146252361 0.32573926262253705 4.9246956943754245 185 169 153 1.5580897943847773 5 2169 10 8079 13 8101
5110 0.96871610448411416 0.32660485028436737 4.9360227815103057 188 170 146 1.5106731865496121 3 1957 10 8081 9 2154
5111 2.2123541401041309 0.24251453938408299 5.4785980643436112 114 92 78 1.6167709692112788 5 2060 10 8109 11 11910
5112 0.91898755064492477 0.53636920287602008 4.8586057388252604 186 165 144 0.81552187231167639 3 2191 10 8151 9 2424 13 6923
5113 0.96713060251364968 0.54262909809294657 4.8761414529124849 189 170 153 1.0494293405271249 3 2196 10 8161 9 2427
5114 0.96714757808304297 0.54258617173879342 4.8766225490070116 189 170 153 0.82608217475877477 3 2197 10 8162 9 2428 13 6915
5115 2.5809590774161468 0.42560024742998814 5.4310624148346864 70 49 32 1.7575979819199998 14 2202 10 8168 11 10759
5116 2.3952665474678096 0.44996530586470729 5.4927196511906171 75 56 42 1.0417251546286372 14 2205 10 8169 11 11957
5117 2.72359506868287 0.52975395850907181 5.4143471876290663 56 43 27 0.65236358264343319 14 2306 10 8192 11 11985
5118 2.72359506868287 0.52975395850907181 5.4143471876290663 56 43 27 0.65236358264343319 14 2307 10 8193 11 11986
5119 1.7109397549823 0.61886016562881518 5.3687042663789013 24 14 5 0.6601668912666846 5 2450 10 8195 8 2811
5120 2.7470986142807066 0.55621657639152267 5.3621718872150801 170 152 130 0.98767198605842699 14 2333 10 8200 11 11991
5121 2.3337802109848944 0.61386852944460202 5.5281347481772913 43 24 9 0.71565908253228772 14 5298 10 8205 11 12830
5122 1.3918701648177827 0.66984375981108202 4.6801072609946655 51 41 31 0.81027946529630512 14 2457 10 8212 11 12814
5123 1.8701512045566155 0.68020021329215063 5.4349961884161546 47 33 23 1.0039265698138014 5 2493 8 2874 10 8213
5124 1.2472303465815784 0.73505099342779323 4.811554774298699 114 88 64 0.92663736378045891 14 2490 10 8236 11 13357
5125 2.1637504802492358 0.76314328487669525 5.5181288240238917 160 125 87 0.98931842755498389 6 3418 10 8239 11 12028
5126 2.4384235686802249 0.90974184027411642 5.3846918151536407 19 10 3 0.65083460741627042 5 2667 8 3077 10 8273
5127 2.7673890294364254 0.98286093854864875 5.2234667132042052 90 78 66 1.3445125559457247 14 2709 10 8304 11 12110
5128 1.2447527176890296 0.95609624109175784 4.7516876461096089 185 152 117 1.7726430629742636 10 8305 11 12098
5129 1.2467269629494666 0.97962787415823371 4.7483669256521344 167 137 103 1.6863542673283978 10 8313 11 12903
5130 1.3283379159541455 0.9826666549808355 4.6940919915598611 149 129 105 1.1049694636004144 14 2783 10 8320 11 13435
5131 1.2710124063205122 1.0382372886032625 4.6739185163551884 109 103 91 0.85442491116910213 14 2837 11 13450
5132 1.1929127547772977 1.0685631671624143 4.7167444985723321 81 72 63 1.2324014226714375 14 2875 10 8352 11 13455
5133 1.1835570947542358 1.0848714353932625 4.7192546255269523 42 30 18 0.71115659634554418 10 8358 11 12937
5140 1.230096986221308 1.1838592268773516 4.6943326443663782 166 140 113 2.0866677265404605 10 8409 11 13791 14 3014
5141 1.1968409475981439 1.3022301880512779 4.6855167641437347 126 106 82 2.1377486125876235 10 8458 11 13522
5148 1.0393265986917222 -0.23303690312491107 5.102678428695687 140 118 94 1.9347791633569402 3 4555 5 1568 10 8888
5149 0.89517916863821778 -0.093255424229768 5.0121675688528677 144 124 100 2.0158404131995291 3 1589 10 8916
5150 1.7875749143338044 -0.26271856139126459 5.2721003372012376 163 141 117 1.7822513063641037 14 4672 10 8929 11 12627
5151 1.205097084575163 -0.067705534199866454 5.0265026773803863 175 163 146 0.4009313810706418 1 3018 10 8935 11 13206
5152 0.84801527890261164 0.022515530491099861 4.9680582623823231 183 166 148 1.0345103099055826 3 1713 10 8937 9 1919
5153 0.80812974639831281 0.19137490424723577 4.9042808166902789 190 176 163 1.0150255347559256 3 1841 10 8985 9 2051
5154 0.9106749487028889 0.33722199694359212 4.9122082721149907 155 134 113 1.4100656119606765 5 2181 10 9039 9 2187
5155 1.6075269321340662 0.2745299673347863 5.0449265750273113 171 154 134 1.0471801901577109 3 1903 5 2110 10 9049
5156 0.97812912734143187 0.4467106469816583 4.9123568444451076 178 158 134 1.2691307181148017 3 2078 10 9079 9 5154
5157 1.2388636908514794 0.42634051068333501 4.8679335724681376 130 103 73 0.85628970816661865 14 5165 10 9082 11 13287
5158 1.023496084437078 0.48092714856273266 4.9173175655790322 158 138 114 1.1064116678582325 3 5022 10 9092 9 5173
5159 0.77373041415849264 0.56649574473163111 4.753634734346643 89 74 61 1.0422303536041566 3 2242 10 9109 9 2466 13 6956
5160 2.7191474277047814 0.55699918467422738 5.4275587840461803 176 150 117 0.96088160070046158 3 5026 8 2751 10 9137 11 12831
5161 1.7674347770526722 0.68837188001979355 5.3723808554129633 144 128 112 0.61021303996762299 5 5422 8 6602 10 9150
5162 0.85148617027300011 0.7461631553377146 4.776539021525319 163 146 126 1.6466007225294332 3 2437 10 9155 9 2640 13 7050
5163 0.8516071146044728 0.74549381274310844 4.7676651595273754 163 146 126 0.98645605331408615 3 2438 10 9156 9 2641
5164 1.9468273998791528 0.71865448320901082 5.4128447293966664 73 48 28 1.3226148911667226 3 6889 5 5440 6 3392 10 9158 9 8187 12 12300
5165 2.52609635500527 0.76903829057479045 5.4319362611522184 112 91 64 0.830228707113843 14 5383 10 9175 11 12855
5166 2.3224837961069769 0.95052427991425437 5.4357280680697473 106 87 68 0.45701278420194374 5 2693 10 9196 8 3109
5167 2.6050602479288836 0.95560656225875074 5.3783494472118578 49 33 20 1.4425770882092432 8 6761 14 2654 10 9207 11 10997
5168 2.3076503647602848 1.1045947909841116 5.413175027342608 150 124 103 0.87808604352897779 8 3307 10 9224 11 13441
5169 1.2046671405837028 1.0272502180796648 4.747863308068319 147 123 96 1.0415851996316663 14 5645 10 9228 11 13440
5170 2.5229511286707078 1.1348780331118726 5.345006907486983 107 90 72 2.0396776475304974 5 5708 14 5647 10 9232 11 12157
5171 1.3194632210233401 1.0175718952697741 4.6124169354657685 145 127 106 1.0413377868631779 14 2836 10 9234 11 13448
5172 1.8112339378798819 1.2473467617805598 5.3340729400586495 88 69 62 2.2939471590708154 3 7103 10 9253 5 2963 9 9028 12 12339
5173 2.3815716640656097 1.2447735825080639 5.3290333692383829 113 95 73 0.87576731520629814 6 3987 8 3493 10 9256
5174 2.2534268755732012 1.3309846567945876 5.3816763754156351 85 68 52 1.6727989683997013 5 5816 8 3537 10 9270
5175 1.3285582675452596 1.1306342291554892 4.5854479216166428 169 149 124 1.7982709561459707 14 5759 10 9274 11 13475
5181 0.88673368823536847 0.25534612870680495 4.9155333061379123 171 151 127 1.0985472064475508 3 6733 10 9653 13 8907
5182 1.3910753796271396 0.25502464919260392 4.8089080886374722 186 171 148 0.63069689267023776 3 1900 10 9667 11 13644
5183 0.95501532256335619 0.3059304479055619 4.9378079838258389 148 131 111 0.41776755243168379 3 6749 10 9670 9 6958
5184 1.889209414946543 0.5183189818019045 5.4532641262890262 120 101 84 0.54705718879681109 5 7334 8 8942 10 9744
5185 0.87360164408622243 0.70267792370548776 4.7973992277886817 182 164 142 0.69958092349541035 3 5194 10 9783 13 8219
5186 2.3122486002294451 0.73007069886522447 5.5236768911741452 65 47 35 1.1600868616539322 6 10100 10 9796 11 13378
5187 1.0741699136554699 0.76713100364714204 4.8401658044384606 171 146 115 1.2620318245809896 3 6936 5 2631 10 9798 11 13361
5188 1.4352627449621294 0.72741714894959819 4.6572303751539579 31 21 12 1.727476638502037 8 3047 10 9799 5 5528
5189 0.85342304413318049 0.79772553967293491 4.7496717174601804 178 166 150 1.1198649626502457 3 5242 10 9813 9 5426
5190 0.91213945361726778 0.90762132587321354 4.7586358668932007 146 138 127 2.4196619012036247 3 5309 10 9839 9 5504 13 9053
5191 0.94022383417517208 0.90993935004193716 4.7644250470981513 157 147 137 1.6731456816189185 3 5310 10 9840 9 5506 13 9051
5192 1.4373637812123616 0.89915400896459774 4.5466543742226344 169 143 111 2.695440145795263 10 9848 8 3289 5 2788
5193 2.0040575795280589 1.2437621638373539 5.332489029868726 30 16 13 1.300922841937435 5 7607 8 9242 10 9870
5195 2.7186440550106443 -1.1097472629796505 5.9635938805380579 133 126 117 2.6252640265881122 14 8124 10 10054 11 13201
5196 0.96360678913459052 -0.39510442986177019 5.1098058913060358 136 114 90 2.9160234113320431 5 8462 10 10056 9 8742
5197 0.96305286496350773 -0.39308970175644908 5.1062422996657322 136 114 90 2.906118755430914 5 8463 10 10057 9 8743 13 9408
5198 2.7189097536164111 -0.42715731745486574 5.6837170325215851 53 45 43 1.6386551082823135 14 9173 10 10099 11 13637
5199 1.044810027932658 0.096035463168013868 5.0240482337618904 191 173 151 1.782667442263163 5 5091 10 10109 11 13897
5200 2.3720683788678723 0.23497691532653373 5.4543660132764398 80 61 47 0.072954231200126701 14 8414 10 10140
5201 0.95125963085989729 0.5674120738840146 4.8659956796070585 165 145 121 1.1990038498793216 3 6860 10 10162 13 9529
5202 1.19354304610892 0.66466789813083549 4.8443806264541767 176 158 134 1.9707064098538687 10 10183 11 13950 2 2307
5203 0.83462579123738956 0.70422511083900585 4.7790872443422794 192 177 156 1.0374703918864763 3 6921 10 10188 9 7117 13 9000
5204 1.8605187760649042 1.0357872695051245 5.3990469718984402 116 96 87 1.1185497076778024 5 7518 8 9159 10 10220
5206 1.3014822824492818 1.1778026923748495 4.7581991284553915 113 86 59 1.4116425496033156 5 7641 8 7014 10 10245
5207 2.4032895301054711 1.3466568587413064 5.3366367716644065 83 64 47 1.7343572090958412 1 10339 10 10246 11 13786
5208 1.3599478677360231 1.2452203967937749 4.5347150099869955 169 151 125 1.5221074255976821 2 2753 10 10257 11 14024 8 7108
5209 3.5983348770785057 -1.3122919665287358 6.321960706365946 97 106 121 1.4523149797065891 4 9420 8 11415 10 10340 9 9223
5210 1.3636930634056461 -0.25754347141500089 4.9657895750410104 98 81 65 0.8413520876367695 3 7797 10 10344 9 8762 12 12466
5211 1.8392264570838717 -0.16862729285858463 5.2680897825493309 183 164 134 1.5677194930256491 8 10353 10 10353 3 7824
5212 1.8663118526602256 -0.046523318579117866 5.2492401898941203 136 118 96 1.599223795989686 3 9334 10 10362
5213 0.87817087755486356 0.2028152140901143 4.9227208700800853 152 126 101 2.0265093286694782 5 8584 10 10366 9 8856 13 9834
5214 0.87817087755486356 0.2028152140901143 4.9227208700800853 152 126 101 2.0265093286694782 5 8585 10 10367 9 8857 13 9835
5215 2.6248010332773593 0.21710482790238192 5.5278967182671215 159 138 111 1.0727480067868065 1 11639 10 10388
5216 2.7374673588294867 0.32929564364419772 5.4467795720679808 124 108 92 0.59966662468210563 6 12851 10 10393
5217 0.85050394930299311 0.53488638374162711 4.8338967003729314 153 131 107 2.2637184067549412 3 7982 10 10395 13 9855
5218 0.84525617011432086 0.5762922626063256 4.8266679485709156 172 154 132 0.86357484328360279 3 7990 8 6591 10 10399
5219 2.1681839121385527 1.1130909609421304 5.5470948934069293 72 53 49 0.53114950629630953 5 9593 8 11781 10 10423
5220 1.1226991653421694 1.2790386074458666 4.7781519537926513 99 75 49 1.3962585249203272 5 7694 8 9330 10 10453
5221 1.1120037637649987 1.3208695077158066 4.7751827560935816 143 123 96 1.2711464336497624 5 7714 8 9351 10 10458
5222 2.8228527284985407 0.87638506713998687 5.2323082157833598 39 27 15 1.5208967942630403 14 7429 2 2392 1 3840 10 9835 5 8747 6 11802 11 12890
5223 1.930238438825906 -1.0544191429517598 5.911964150518692 138 126 115 1.1817845256918991 8 8310 5 6778 10 9539 14 8094 6 9304 2 4199
5224 5.7463372867277611 -0.88745592334608858 9.0435473441911149 220 234 245 2.7187143741005646 5 1202 10 4673 7 8259
5225 2.3344588120333989 1.4312960874083858 5.3214518758614631 0 0 0 1.2616305544463373 6 4184 14 3089
5226 1.2084883995684781 -1.5550943925590808 5.4813924519861423 171 157 144 0.40994016145035655 3 3793 8 713 9 3829
5227 1.3237946578333404 1.005400096609919 4.5975318514865009 45 37 26 0.79835502066264097 3 2741 14 2829 11 13445
5228 1.5458932087226813 -3.733302659698448 11.166914221092997 105 104 109 1.6182373331957403 3 141 9 125 8 148
5229 1.1495737355509328 -1.8336120401835803 5.5144264883631848 145 137 127 0.80107465611475392 3 243 9 250 12 9381
5230 0.99820187049005948 -1.7273070305249985 5.4284341694451612 109 99 89 0.95756343233809094 3 284 9 297 12 7565
5231 1.1932693722284602 -1.6196613497347898 5.4844050292829296 165 151 138 0.95510418210606618 3 327 9 336 12 9451 13 6115
5233 1.1727527666510273 -1.4079349047071761 5.4229951910692407 163 150 134 0.7299677462090548 3 414 9 465 12 9514
5234 1.0521444585356812 -1.2904328473943771 5.3483637690115149 164 152 138 0.89876126576843229 3 451 9 535 12 9551 13 6216
5236 1.1161145029844519 -1.0481558229433539 5.3286795752787741 183 165 145 0.48347907247910082 3 590 9 693
5239 0.64186415906249272 -0.89488608385937374 5.072678775798992 0 0 0 0.96580805297177919 10 7611 14 659
5240 1.9299426764784329 -0.81026492332083622 5.8797200297260188 199 188 170 1.1939991882358476 3 819 9 894 12 9698
5241 1.9299426764784329 -0.81026492332083622 5.8797200297260188 199 188 170 1.1939991882358476 3 820 9 895 12 9699
5242 0.88613731803275186 -0.54425163166661605 5.106063198746245 165 150 131 2.0350117791726641 3 962 9 1212 13 4353
5243 0.81843106751535388 -0.54138997322870697 5.0812422551789735 132 111 90 0.083461121572805913 3 965 9 1231
5244 0.87900928753898633 -0.42363219416122055 5.0743011544235168 185 169 146 0.15265991904984305 3 1113 9 1365
5245 1.667601813843441 -0.35443860853317544 5.2462727161049205 116 95 74 1.6397562836317727 3 1244 9 1375 12 9777 13 6412
5246 0.54874878052547804 -0.32351197544541677 4.934272244891126 143 133 122 0.058888421991601762 3 1299 9 1555
5248 0.62716175341446467 -0.095648707840619823 4.9018040315089113 33 20 12 2.6752190236859028 3 1583 9 1781 13 6701
5249 2.589264267841306 0.17246175679792691 5.501615146512334 123 97 67 1.1914157434405224 3 1798 9 1928 12 9946
5250 1.0014581660494726 0.081395424032303626 5.0077334745963444 149 127 103 1.6804466318088715 10 7993 9 1949 13 6723
5251 0.08704844979497367 0.34320267990785425 4.6254210367097208 11 10 8 1.6727514723456407 3 2019 9 2277 13 2019
5252 2.7059254210901162 0.53406033181907353 5.4275055647037043 50 34 21 1.8713432929666614 9 2278 12 11170 10 6916
5253 0.5047378564770042 0.48368623795960319 4.6727392743349254 91 75 59 1.7891677828430597 14 2167 9 2406 13 6946
5254 0.779471468111268 0.50641996395548394 4.760460412410497 87 69 55 0.65905097726883144 10 9091 9 2407 13 6926
5255 0.89069876695521644 0.52110702483541038 4.8490379787221141 159 135 109 0.50856233821674024 10 8145 9 2412 13 6914
5256 0.30311413185606489 0.58007437804029427 4.5909761725051297 163 145 123 1.0308206985584221 14 5258 9 2533 13 7017
5257 0.4900120982060176 0.60026369355725018 4.6681403106728094 159 134 112 1.4710967265465182 14 2320 9 2537 13 7006
5258 0.61081431655256879 0.70879756938123228 4.6922275955696087 99 65 38 0.43434294210361163 3 2406 9 2621 13 7056
5259 0.29025689109639569 0.70486334512373516 4.5528394767655929 110 93 77 0.45933277089929508 3 2436 9 2650 13 5224
5260 0.87424443145448816 0.78063780410424499 4.781341924546922 156 134 110 1.4767039902446892 5 2650 9 2685 13 8242
5261 0.58674149099481454 0.77347914032215592 4.6696196720046927 175 153 132 0.57846345206520833 3 2483 9 2695 13 8256
5262 -0.017372144292351122 0.8940646155538533 4.3503905128010318 94 64 38 0.74123698249990566 14 5567 9 2858 13 2700
5263 0.54325442981476657 0.95880263035186652 4.606489331169425 133 107 80 1.5142557689857663 14 2752 9 2865 13 7185
5264 0.11224766712336176 0.99488224792555624 4.4115023092913388 85 64 43 0.77692139522345471 14 2840 9 2954 13 5487
5265 0.27579896034809098 1.0225507359819834 4.4765003479539098 159 144 125 1.2783633471251237 14 2871 9 2969 13 5493
5266 1.7728682077649967 1.2274148186194567 5.328142762123516 29 16 10 1.6326138147884339 10 8365 12 10343 9 2983
5267 0.65959418603266662 1.1438773897220549 4.6113191259001427 138 114 96 2.4207417785688046 3 2865 9 3042 13 5563
5268 0.37667329136778255 1.2022446795541535 4.4782918757942145 57 44 28 0.27670420420686037 14 5857 9 3119
5271 1.2437705089655087 -1.6915204377891233 5.5194915457189175 123 111 99 1.5093802946724921 9 3794 12 9422 3 302
5272 1.1919719080267959 -1.6752140588871929 5.4867692284194103 157 145 131 0.15300127183346512 9 3795 12 10650
5275 1.0622713125224075 -1.40237703876514 5.3791343866268955 135 123 109 0.67092522020933021 3 3830 9 3856 12 9519
5276 0.81269744872233018 -1.2127232431191846 5.2385238192999086 163 153 141 0.31135068097265606 3 3904 9 3944
5278 0.96442562989358582 -1.1358715193556039 5.2866381034924101 126 109 93 0.80943817872539492 3 3945 9 3994
5279 1.0384278643491638 -1.0734651163827438 5.2922321912726797 137 120 102 0.67534104657182148 3 566 9 4031 12 10754
5280 1.5396335048575742 -1.0359328910358352 5.7552002203830366 52 49 53 0.82372610568727456 3 644 9 4054 12 10823
5281 2.8637953546409549 -0.88641839935660904 6.0572095737700629 148 132 119 0.65944079121344079 3 770 8 1419
5282 1.9594955305885642 -0.8815781121974211 5.9125979700994327 45 43 41 0.26723927649279605 3 4162 9 4128
5284 1.8370527140139274 -0.47193546871761427 5.3566506257516657 40 28 16 1.2939601032767258 3 1046 9 4407 12 11639
5285 0.78658504417999797 -0.49266936062342281 5.0561521591352037 154 136 116 0.21128460187980275 3 4317 9 4458
5286 0.73591506394814421 -0.37373014786727898 5.0038211320390023 155 138 118 0.081290477245582179 3 4401 9 4523
5287 1.533795257106751 -0.29391779674707996 5.1660873303169952 100 85 59 0.77631163128681813 3 4489 9 4535 13 8765
5288 1.533795257106751 -0.29391779674707996 5.1660873303169952 100 85 59 0.77631163128681813 3 4490 9 4536 13 8766
5289 2.6151537331280141 -0.078709859531290186 5.5797291933774131 156 135 114 1.5436160426590988 3 1588 9 4669 12 11013
5290 2.1477881769151472 -0.071074994227812771 5.359546594218739 176 152 124 1.0256534393979024 3 1604 9 4694 12 11741
5291 2.1694058160723459 -0.058246959169278009 5.3688003164198808 197 173 147 1.2019368966800268 3 1615 9 4703 12 11022
5292 1.5465477767391531 -0.092364417159654627 5.1311848218814475 80 67 51 1.9732852503672758 3 1592 9 4723 12 11033 13 7898
5293 2.6682829807704009 0.030123715613174062 5.5695453315005761 53 42 33 2.3838734985499013 3 1702 9 4766 12 11041
5294 0.42208015659845571 -0.051054994063485938 4.7894948482992463 72 55 45 2.0857565141445789 3 4740 9 4839 13 6748
5295 2.4149780859719971 0.14497868237902831 5.4238166686400566 140 120 96 1.5027428536833511 3 1782 9 4878 12 11079
5296 2.4149780859719971 0.14497868237902831 5.4238166686400566 140 120 96 1.5027428536833511 3 1783 9 4879 12 11080
5297 1.0522325685028178 0.14390130688682748 5.0110707665171779 150 129 102 0.33989028896540086 3 1801 9 4935
5298 1.5330749537100725 0.32351591378813349 4.9934124822686838 143 116 89 1.285350357511361 3 1951 9 5047 12 11820 13 8885
5299 0.95225496540894983 0.33052886886705168 4.9233855342318407 180 158 134 1.239780867369856 10 9040 9 5073
5300 1.4412037862995482 0.3934183212222998 4.7719461924210833 147 121 86 1.4298728006500288 5 2277 9 5126 12 11844 13 8908
5301 2.0230355619505356 0.56298488040045058 5.4684664260696261 115 94 77 1.2939308465961086 3 2144 9 5163 12 11189
5302 0.97591959366378389 0.47407544850884442 4.9013996063332819 152 128 100 1.0211169561246807 3 2115 9 5171 13 8150
5303 0.97655375145442358 0.47319065277846462 4.9020649979410127 152 128 100 0.44318538359520537 3 2116 10 9087 9 5172
5304 0.74140290339408166 0.55960112702017495 4.7408882482144774 132 113 96 0.48481180994292927 3 2236 9 5261 13 8181
5305 0.085502484954251556 0.71589952909057442 4.4619171008731566 130 103 78 0.28668286302310891 3 5221 9 5404 13 5251
5306 0.085502484954251556 0.71589952909057442 4.4619171008731566 130 103 78 0.28668286302310891 3 5222 9 5405 13 5252
5307 0.13628884538196073 0.73312411312073245 4.4857317205400689 128 102 75 0.65543357141716008 3 5233 14 5381 9 5420
5308 0.59993932587621934 0.96575551324326769 4.6245773088484707 112 88 64 0.91524290171359279 3 5358 9 5552 13 8319
5309 0.0061514505605890224 0.99136136974722555 4.3375162332060722 174 144 118 1.3721121498435747 3 2797 14 7543 9 5598 13 7241
5310 0.0084082407124486669 0.99223298448887876 4.3348648222285355 174 144 118 0.45608507858644387 3 2798 6 3960 9 5599
5311 0.90359151958365702 1.1373579377330312 4.7020518668337958 167 142 115 1.2023651820455368 10 9879 13 8368
5312 0.91961697702646927 1.1831246186234172 4.6981097388732254 156 136 112 1.7747569560425083 10 9279 13 8384
5313 2.1395871900603272 1.3759198821999477 5.4474818622488712 61 47 44 0.66921941551403896 10 8405 12 11962
5314 0.40075893319361239 1.2065114164898587 4.4844137420831922 132 114 94 2.4150823279317328 6 4203 9 5686 13 7336
5315 1.1686911989729645 -1.653008016303525 5.4811732852068493 109 95 82 1.1431026883551378 9 6123 12 10655 3 6065
5316 0.86257882500622607 -1.3316098011921251 5.2907898162606557 135 123 111 0.22047900295259698 3 3847 9 6159
5317 0.86472950156504758 -1.3273224489265134 5.2771244905219925 135 123 111 1.59176882231355 3 3848 9 6160 13 7724
5318 1.0767901702606542 -1.126225915168515 5.3222675586096768 149 132 114 1.3557600872336326 3 6183 9 6230 12 10733 5 4331 13 7734
5319 1.0789719975885987 -1.125657337914707 5.3202875562759466 149 132 114 0.70174545246215114 3 6184 9 6231 12 10734
5322 2.2905391307951901 -1.0627824810311943 6.0952157179713664 59 55 55 1.7087860390809311 3 4055 9 6251 12 10779
5325 1.1110397497418283 -0.95628522477316769 5.2979550062437468 166 148 130 0.89942784244625762 3 6254 9 6323 12 11572 13 7766
5326 1.6932631629182904 -0.95246622667593106 5.8057452083124907 120 104 88 1.5155073327250494 3 6279 9 6324 12 11588 13 9323
5327 1.7548475763171099 -0.90609074055038585 5.8253726809111726 65 61 59 1.7208596460583734 3 4137 9 6344 12 10850 13 7706
5329 0.84833926949841953 -0.89118608407336874 5.1668972724434488 141 122 105 3.1289018279286256 3 4106 9 6359 13 7805
5330 1.097794092433815 -0.86467667810636495 5.2679908375969724 149 131 111 1.4029068090863557 3 4124 9 6365 12 10842 13 7781
5331 2.8515435747973235 -0.7096059603714433 5.9943664268681998 141 125 110 0.47988331614613222 3 4252 8 1559 9 6399
5332 1.7325003687696743 -0.45543115997050387 5.3137401499074901 48 32 19 1.6308445398256288 3 4345 9 6562 12 11649 13 9360
5333 1.6072496215150531 -0.34945444123225389 5.2289639790249831 50 35 22 1.4049824484003495 3 4425 9 6611 12 11678
5335 1.8128988148570935 -0.32386988377770276 5.3163150203253018 47 35 22 1.8109172345250839 3 4465 9 6616 12 11682 13 8729
5336 2.4040359720886904 -0.25206927270448681 5.5422430063901098 177 159 139 1.8134938180786291 3 6505 9 6634 12 11686
5337 2.0212428233222206 -0.10410434475994679 5.3279593641881231 170 145 115 2.0521410998886758 3 4687 13 8755
5338 1.9485557974279275 -0.042654419562616307 5.2731832883805616 81 61 39 1.5519327601215251 10 9645 9 6788 11 13251 12 12228 13 9401
5339 1.9317199587763709 0.039965113851363782 5.315931817095386 96 78 64 1.5940371010452472 3 4788 9 6828 12 12243 13 9795
5341 0.3020022776778844 -0.00093260147967007961 4.749031740366755 142 123 106 0.12306824739074121 3 7864 9 6865
5342 2.0138650485598042 0.41089681678255929 5.5337674686032612 109 88 69 1.9646070672188849 3 4959 9 6959 12 11845
5343 2.0138650485598042 0.41089681678255929 5.5337674686032612 109 88 69 1.9646070672188849 3 4960 9 6960 12 11846
5344 0.85267621374869207 0.39574178105596658 4.8668020244716992 146 120 93 1.0554713454564904 5 5244 9 7005 13 8939
5345 1.9156899713557722 0.54765056614953933 5.421185210715473 32 18 7 0.84278444410070819 3 2137 9 7026 12 11862
5346 0.49102131027502899 0.74871119877557424 4.631656114756554 151 125 98 0.4220738836213605 3 6941 9 7151 13 8255
5347 1.7419696247593959 1.2383488680782384 5.3176960254100658 87 70 62 1.3243697301402744 3 7100 12 12338
5348 0.44959788975517073 1.1074800840730288 4.5295996073519875 168 146 123 2.4748558384082426 6 7853 9 7304 13 8377
5349 0.92434089030313471 1.1527448681376899 4.7082755770719427 140 117 93 1.7103547050901464 10 9882 13 9098
5350 0.57635687561634907 1.1594058843379114 4.5742149966118646 94 75 60 2.3081072990789853 8 3591 9 7322 13 9112
5351 1.774237614324234 1.3326303545976572 5.3067731801598432 81 66 61 1.0585847443851715 3 5476 12 11959
5352 1.9883015877872077 1.3555010791220898 5.3905646170257695 84 69 62 2.4891262498880846 5 3043 12 11961 9 7330
5353 0.48425639132368442 1.2517557097961052 4.5115633918033975 147 126 102 0.57813497619309373 14 7678 9 7366
5355 1.9930504349899034 -1.2696149743984582 5.9985696170383962 138 124 107 1.5501347681961093 9 7683 12 12069 3 7587
5357 1.7858753785673485 -1.109647030815448 5.8885232498334581 111 94 74 1.2479802516897662 3 3998 9 7718 12 11567 13 9305
5358 2.0837980261491604 -1.0749044226426105 6.0016737337511117 147 134 117 1.4502752860488599 9 7721 12 11568 3 6239
5359 1.9358116761535875 -1.0471572707297103 5.9321185133399128 143 129 110 1.216626437837266 3 6247 9 7725 12 12089
5360 1.2684881205313188 -0.98803721468235317 5.3492895187097833 132 114 92 1.878324308485706 12 11566 13 8693
5361 2.1072581971864022 -0.97490234058579206 5.9813866870492021 67 62 65 1.9681769995898197 9 7739 12 12094 3 6276
5362 2.1072581971864022 -0.97490234058579206 5.9813866870492021 67 62 65 1.9681769995898197 9 7740 12 12095 3 6277
5363 1.5455568812365967 -0.98502751819212997 5.7524416072734867 67 63 63 1.3484304160330831 3 6260 9 7752 12 11583
5364 0.82408889287764997 -0.98143046680471446 5.172669669577072 51 44 38 0.32561165399631109 3 6236 9 7757
5365 1.7617616441618704 -0.47264344714677764 5.3092329553420008 90 73 53 1.1540323583999101 3 6418 9 7874 12 12152
5366 1.7570382492439389 -0.31294754824131477 5.2701449922875581 137 121 96 1.2629990170692311 3 6477 9 7907 12 11685
5367 1.6032756679341365 -0.27240267265112683 5.2076328340325126 45 32 23 1.4021006322829248 3 6496 9 7927 12 12203
5368 2.40061726516995 -0.18570737295479417 5.5299719572045403 52 43 34 1.6716731443828667 3 4602 9 7934 12 12207
5369 2.4555726443558421 -0.18066653936289059 5.5499600682632195 61 48 39 2.0191352929976403 3 4612 9 7935 12 12208
5370 2.4293161176577334 0.069088025149950577 5.4146896984062325 149 133 117 1.8031397109592842 3 6651 9 8026 12 12235
5371 2.6516182507470374 0.12656098142206054 5.5466539203092271 125 103 76 1.7097610774606646 3 6672 5 8576 9 8041 12 12482
5372 1.6256412555579474 0.14721664969846493 5.0598874819404314 84 67 47 1.3214137159303425 9 8064 12 12254 13 9813
5373 1.5777812436658267 0.30619950138374674 5.0313419573180349 113 88 65 1.197777923251943 3 6746 9 8110 12 12492 13 9823
5374 1.8723195186806612 0.39477841381246459 5.4789896665166573 120 99 82 1.5780035689395266 3 6769 9 8121 12 12272
5375 2.082016516513022 0.58558518648789259 5.5012578479578416 104 85 68 2.1027812692867784 3 6839 9 8159 12 12292
5376 2.6307609635838811 0.732181955473722 5.3737716278071419 101 77 51 0.79566058106973825 3 6894 9 8191 12 12519
5377 3.2672128682761161 1.197268428205613 5.7320433198787928 124 102 79 1.0613718689064549 3 7027 8 6869 9 8281
5378 0.76932582256266624 1.0147066234811657 4.6689543322937634 166 148 126 1.5652231655800832 3 8126 9 8300 13 9596
5379 0.015066586364487156 1.0895634130089322 4.3233346118946443 81 64 48 2.070965244008478 3 7142 9 8355 13 9109
5381 2.0044330930116865 -1.3146820703193274 6.0248761414262875 60 64 67 1.6591081279223265 9 8607 12 12066 3 7577
5383 1.7619479802047229 -1.0119564042893694 5.8493052709129243 75 74 72 1.8722900541052452 9 8632 12 12093 3 7632
5384 2.1272975888044421 -0.37758481798132593 5.3708299267923261 166 151 132 1.3712083755607496 3 7763 9 8728 12 12453
5385 2.2790780906828365 -0.24241671652653499 5.4755242713837342 170 151 126 1.5182056463057874 3 7802 9 8751 12 12460
5386 2.4827203244907574 -0.21558908619288142 5.5674511124366566 165 145 121 2.0320991859355004 3 7809 9 8753 12 12464
5387 1.7835635921825346 -0.22700431762369397 5.2630099492583167 157 131 98 1.4276321611933982 3 7805 9 8765 12 12470
5388 2.5332759148118034 -0.15754747637713862 5.5768018261544281 145 120 94 1.752650248296032 3 6553 9 8769 12 12472
5389 2.5332759148118034 -0.15754747637713862 5.5768018261544281 145 120 94 1.752650248296032 3 6554 9 8770 12 12473
5390 2.7770594123381094 -0.1029578874065335 5.5643070754696558 142 125 107 0.14157112217553958 3 7837 12 12467
5391 1.6867149974425939 -0.17119309114698106 5.2051026966651817 161 136 102 1.9992304754008847 3 8704 9 8789 13 10019
5392 1.8889784503432296 0.57429138127294144 5.4170581962712632 149 123 98 2.289292848240585 3 7970 9 8890 12 12513
5393 1.8889784503432296 0.57429138127294144 5.4170581962712632 149 123 98 2.289292848240585 3 7971 9 8891 12 12514
5394 2.019575298458252 0.58808493766093506 5.4688535009731751 145 119 96 1.3458840144651962 3 7972 9 8894 12 12515
5395 2.0110568399148905 0.72225842401034113 5.449823379520403 91 71 56 0.34515003994943849 3 7997 9 8915 12 12523
5396 2.8111256498292545 0.75388888444403168 5.2718908800261897 167 147 120 1.2184922844416395 3 6911 9 8919 12 12520
5397 2.8111256498292545 0.75388888444403168 5.2718908800261897 167 147 120 1.2184922844416395 3 6912 9 8920 12 12521
5399 2.0378438663894163 -1.0703264982260778 5.9810251447587683 71 72 77 0.90811996096072756 3 8585 9 9234
5400 1.9324767352176875 -0.88750870485034539 5.893412774665828 88 93 96 0.76948181813775518 3 8605 9 9244 12 12438
5401 1.5800657271465588 -0.24260005594205972 5.1854717495136873 175 152 120 1.2717795157138541 3 8694 9 9318 13 10018
5402 2.629914143724474 -0.040416920258665077 5.5664936811683878 156 137 112 1.528532584080847 3 7848 9 9333
5403 0.84918393756766086 -0.13705238830816496 4.9950246748767988 165 147 123 1.7281977805700395 3 9320 9 9339 13 10035
5404 0.58462847655455441 0.56100259401126262 4.7169746195417579 123 102 83 0.87830890205564904 3 9373 9 9406 13 10070
5405 1.6583008007479514 -0.91730043545663287 5.7795885664543167 107 92 71 1.3842625212451378 3 9241 9 9605
5406 0.92586777735175718 0.0063100314010375302 5.0004172487130818 95 81 66 0.99118831104962712 5 5049 10 9621 8 6205 3 6632 9 6843
5407 1.7138878642124116 -1.0130939491727615 5.8173794893125228 91 82 76 2.5705204453093438 3 6256 9 6294 6 9311 2 1211 4 1457 10 9530
5408 1.75900037531461 -1.1205034007539665 5.87064724304226 22 17 10 1.5679416602088267 3 3991 9 6235 14 4131 6 6243 1 2144
5409 0.87995910981621051 -1.3464616108318479 5.3022024794469882 158 146 134 0.70542765621264769 3 433 5 530 9 509
5410 1.9210773382399999 -0.87801199209668113 5.7338861540630486 182 169 152 1.3536343701040816 8 1367 9 801
5411 0.91213190354863216 -0.90005170633206422 5.2076396753957175 145 128 110 0.82657079271945777 3 704 5 919 9 834
5412 0.80595626594309078 -0.43352654621201481 5.0495090714167992 163 143 122 0.40437514934138918 3 4363 5 1337 9 4495
5413 0.92103957878429976 -0.89253171744429127 5.2092661786061827 140 123 105 0.17076755894632284 3 6274 9 6357
5414 12.418075792313589 -6.5213669390291598 14.60025334039304 111 102 102 2.2913318389511321 6 202 11 888 7 4071
5415 12.094407029801372 -4.2030977577632029 13.219620911575438 140 133 127 0.68685726348283493 6 641 11 1216 7 476
5416 11.864097357424438 -3.9510867877850755 13.487864351325245 165 151 142 0.62890688908827674 6 727 11 1260 7 517
5417 11.689292251367768 -3.6860174361514955 13.519454428088443 71 62 57 0.45924854947203442 8 525 11 1323 7 4251
5418 12.132257347526764 -3.4878157591682619 13.302783012401882 168 154 143 1.0059128345120218 4 798 11 1408 7 4295
5419 12.068770532873131 -3.3883182235519373 13.340672516581657 191 173 159 0.20444428643618098 1 1654 11 1434 7 643
5420 12.068770532873131 -3.3883182235519373 13.340672516581657 191 173 159 0.20444428643618098 1 1655 11 1435 7 644
5421 12.143834120999344 -1.6714680877837929 12.919868401020503 52 42 40 0.44565880544764958 1 2324 11 1850 7 4640
5422 13.446853042390218 -1.8723191262341938 12.706974968484186 182 169 160 0.24261884583819682 1 2294 11 1862 7 4661
5423 6.6209358264047058 0.58140603729841622 8.3263124226738014 50 33 17 1.0180279596827901 6 2958 11 2400 7 7084
5424 2.7202428407617081 1.4543007423164942 5.1292488343969875 158 136 119 2.2517598841741093 11 3764 12 7124 10 3034
5425 12.736210978786511 -5.8090416381491226 14.544805461323755 86 80 82 1.835471883301002 8 199 11 5680 7 4102
5426 12.894943146585938 -4.8597747036023167 13.192871669961612 129 134 141 1.2815348755028477 14 700 11 5772 7 4144
5427 11.526979606466991 -4.1804387746946192 14.091668844544936 99 89 79 0.88152853445107304 6 670 11 5823 7 6505
5428 11.752792513163456 -3.9027358755612389 13.609720453772454 62 53 48 0.28522751508331995 1 1402 11 5866 7 6528
5429 11.55697732440143 -3.7065200268027718 13.582522827980929 152 142 132 0.69314837030866905 6 792 11 5890 7 4238
5430 12.06532068707897 -3.8294332701383076 13.311220178171553 178 164 156 0.20286688003866357 1 1450 11 5891 7 4242
5431 12.154152012807257 -3.6072029323975539 13.241533310364533 94 78 69 0.34854306220736114 1 1559 11 5920 7 4277
5432 12.09462869532031 -3.2937471512288035 13.299517408265729 180 162 148 0.48728490007984826 1 6390 11 5993 7 6607
5433 11.649927150601362 -3.1085773786280235 13.604695223214938 201 182 165 0.53302847376990525 14 1148 11 6013 7 4320
5434 12.102060132275655 -3.2029258868132104 13.296185673645294 175 158 146 0.23356690721652462 1 1744 11 6018 7 6612
5435 12.181264830495843 -3.121942859348573 13.204301329870258 146 132 123 0.36053978977901097 1 1772 11 6032 7 4330
5436 12.125817825831165 -2.3173126809671305 13.053665068220392 51 40 46 0.11196636571024486 1 2102 11 6149 7 6758
5437 13.380111374568264 -2.532218024884477 12.874118722032522 167 154 148 0.81861997346174986 14 1371 11 6158 7 4544
5438 2.2432329846046239 0.28836253094040221 5.4812350668480052 50 34 19 0.91913929800194982 10 1956 11 6164 12 8386
5439 12.04653801270158 -2.1583218473944705 13.012557884251246 121 107 94 0.48167796730481771 1 2155 11 6168 7 4549
5440 12.089116393856509 -2.1351774875454015 13.080852182270123 176 163 149 1.1133401721797611 14 1425 11 6174 7 4559
5441 13.561579246219496 -1.4528324204659422 12.555833869719535 137 130 125 0.49104896354761601 1 2484 11 6301 7 6883
5442 13.547969549806114 -1.3689311418973034 12.527803517763715 128 117 116 0.42643020564316658 1 2506 11 6311 7 4753
5443 13.536351174112223 -1.2832629877380484 12.503215599101711 106 101 97 0.39537098391342623 1 6889 11 6320 7 6901
5444 7.7245339899247041 -0.29695493186723942 9.4161809433073476 203 208 212 1.1640569379196413 5 1630 11 6326 6 2321 7 4729
5445 7.6667572200973719 -0.19292637521403155 9.3771651638228271 31 37 51 0.93292692116831544 6 2378 11 6353 7 6891
5446 7.6581090768812521 -0.13584792062053985 9.3079409535235893 192 195 201 1.1302237694588708 5 1713 6 2430 11 6377 7 6907
5447 7.6649695467596581 -0.1369383071570372 9.3142137694009968 192 195 201 1.0848053525105776 5 1712 11 6378 7 6906
5448 12.610788664286183 -0.77787733480154175 12.322614108985901 182 168 155 1.3511014664909045 14 1765 11 6384 7 6953
5449 7.8853844956052255 0.092770694645012891 9.0166308181659431 160 125 93 0.77122859248721942 6 2623 11 6456 7 4872
5450 7.9708332882278432 0.081539152344823479 8.9659577848026064 155 122 91 0.98546359782412096 6 2624 11 6457 7 6989
5451 10.230748380518039 0.34194855561924731 10.090008697077343 130 100 76 1.3181280284710768 14 2216 11 6569 7 7113
5452 2.2256211766087213 0.81445459239481832 5.5356281445549671 139 114 94 0.70600331526488291 10 2416 11 6582 12 6300
5455 1.8311371213499883 -1.4824252400783178 5.8896179234032608 80 62 47 0.95448022569873192 10 3903 11 8136
5461 12.701490420733094 -6.72338069196869 14.642783945418348 210 226 241 1.9546227883630027 14 3754 11 8486 7 6429
5462 11.5658027250296 -4.2837311627220878 13.621590005204082 101 96 93 1.0510919217582606 2 589 14 780 11 8621 7 6495
5463 11.590772272883243 -4.0257829617110001 13.784960196199961 162 143 126 0.50399601497125524 14 852 11 8656 7 6512
5464 11.55164659847301 -3.8904937098726635 13.956753019163093 169 150 134 1.1231611983455789 2 685 11 8670 7 6526
5465 12.038924983110483 -3.8643839865456981 13.268720513232877 82 72 70 0.62426280353293795 14 916 11 8684 7 6536
5466 12.038924983110483 -3.8643839865456981 13.268720513232877 82 72 70 0.62426280353293795 14 917 11 8685 7 6537
5467 11.559926170154077 -3.59698236088356 13.916331907027351 73 57 42 0.62270935298048191 5 4194 11 8714 7 6566
5468 12.166108237585759 -3.5687621968892564 13.305150905896586 167 150 140 0.68926530482592019 14 1020 11 8722 7 6581
5469 11.661762925940184 -2.8999706002371193 13.551513702892724 182 163 146 0.79879338569740765 14 1195 11 8795 7 6624
5470 12.495860954649395 -2.6886697082508535 12.663502000501591 179 168 161 0.58938553880467393 14 1283 11 8848 7 6670
5471 11.660538399450191 -2.3797504714874944 13.309858710294538 186 167 151 0.74784417836753081 14 1349 11 8860 7 6709
5472 13.519250435811152 -2.5894361321239936 12.890400610577933 76 70 72 0.38313493491060369 14 1365 11 8891 7 6767
5473 13.509528920916285 -2.4209305530461225 12.83915536983532 136 123 115 0.82458109172961624 14 1412 11 8897 7 6782
5474 13.389251819229967 -2.2042488815491761 12.763027246140656 178 166 154 0.28820389202854052 1 9543 11 8911 7 8360
5475 12.19877661879435 -1.8678712340020189 12.782708013366426 160 148 136 0.65908900212504529 2 1285 11 8913 7 6808
5476 13.586338873705554 -0.65577523627827994 12.336920751657688 231 236 239 1.4011411993710852 1 2783 11 9026 7 1649
5477 7.7852973469871207 0.035651848770560879 9.0199009855271814 106 79 62 0.7707736888223985 1 3035 11 9033 7 8484
5478 7.6118230604826076 0.11262315510830465 9.1312695876082142 140 107 76 1.2985766992615528 5 1885 6 2619 11 9046 7 6974
5479 7.6479458849123843 0.11107258869983186 9.0957412946072864 155 122 87 1.2427145848607803 6 2620 11 9049 7 6979
5480 13.488933674674058 -0.38471235305597962 12.433751281315654 184 168 155 1.4141006412646586 14 5029 11 9078 7 8535
5481 6.7765033162961119 0.79723720575032297 8.2341099843861159 182 165 149 0.67230842376833033 6 3134 11 9210 7 8608
5482 6.7468896534605651 0.99517871741361807 8.2063915176961491 133 108 83 0.85675430916500062 5 2471 6 3284 11 9277 7 8654
5483 6.7262965963688579 1.2987674469560531 8.1484824640568192 158 138 111 0.54615517852045803 6 3512 11 9357 7 8714
5484 6.7876957173638557 1.4198639689439745 8.1267198884721168 122 101 78 0.97515247457638032 5 2682 11 9398 7 8736
5485 6.7747391189593875 1.4183161900843935 8.116052230893116 122 101 78 1.7046858237637379 5 2683 6 7573 11 9399 7 8737
5486 2.7178422780049418 1.3487891928571014 5.157744072959213 140 107 74 2.1690744947130494 11 9667 12 10421 10 5488
5487 1.7718237875898106 -1.4641020363979504 5.8554273150714442 88 71 55 2.2732210332896789 10 6145 11 10185
5488 2.569479279393855 -1.5520005741742502 6.1817687623462403 162 147 126 0.37865081460339173 14 648 11 10280
5489 11.551948365654075 -4.708981796677592 13.74187883318849 180 173 163 1.5686120633091261 14 6473 11 10515 7 8181
5490 12.340939902502106 -3.5919643151006531 13.001022230859791 63 56 53 0.62648712564120801 14 1015 11 10607 7 8249
5491 13.496932167266646 -3.377447083784721 12.990706597332695 139 133 131 0.78913929643738279 14 6703 11 10640 7 9378
5492 11.880837799806233 -2.3252904496777287 13.128022052517142 171 152 135 0.83272274593912465 2 4168 11 10679 7 8328
5493 13.04544399498816 -2.5947307239932962 12.823304617993832 88 78 71 0.62449164264074397 14 4568 11 10681 7 8333
5494 12.396109671920367 -1.6121113818579031 12.540569462913332 163 151 137 0.79580062204645741 1 9609 11 10723 7 9434
5495 12.455004676019204 -1.5114537484820951 12.633988609385034 176 163 154 1.0053075462355301 14 4725 11 10735 7 8405
5496 8.0563227442567182 0.11717723412252729 8.9396107285011563 175 141 113 0.689415535548901 1 7227 11 10854 7 9501
5497 16.65209708064997 0.40842357326085355 13.546900946508355 191 183 170 0.0040097813696884609 11 10932 7 8639
5498 16.744175831138566 0.38832741732538045 13.474705945554408 187 177 165 0.067553380720467987 11 10933 7 8640
5499 7.5762859393308064 0.73555546508497505 8.6448498087010304 39 30 21 0.6126611309446407 1 3357 11 10934 7 9555
5500 6.8089243279642195 1.1216009945252914 8.1249525011244046 100 82 60 0.74481524953126443 1 3659 11 11003 7 8687
5501 7.625611741728874 1.6433813326015509 8.4795928750009644 144 118 95 1.0684481767056291 6 7650 11 11089 7 8779
5502 2.6392416773839873 -1.9057857095579511 6.2007705133776181 100 108 121 0.48844983486476612 14 3824 11 11578
5503 12.678126089813414 -7.6988994179299137 15.04601716891813 211 228 248 0.16737221608039049 1 10948 7 9300
5504 12.370386614759855 -6.2692072522044366 14.841161071089715 145 139 140 0.20366878840746494 5 8147 11 11716
5505 12.09692972024733 -3.9806099449388364 13.287300894643909 190 177 168 0.69423714429223349 14 8097 11 11822 7 10052
5506 12.389739099455666 -2.5119453034463124 12.808777263452663 175 159 146 0.81004498297774197 1 11321 11 11912 7 10082
5507 13.547289375431914 -2.7534381870735007 12.896091268103289 121 117 116 0.4529915698309066 14 8240 11 11913 7 10087
5508 12.402738834543243 -1.7776978887439558 12.510935989515913 118 108 99 1.1743567464519871 2 4273 11 11940 7 9429
5509 8.0669062948854204 -0.73948334866032284 9.828257320996638 66 57 50 1.428346548244372 14 6935 11 11944 7 10106
5510 13.425242677452585 -0.91138839041566988 12.490338274390595 177 167 157 0.56058830217518507 1 11492 11 11979 7 9483
5511 2.323311125983762 1.2865875436775285 5.3765318833147493 49 36 28 0.08187953924874139 10 7189 11 12221
5513 1.1464863195115482 0.46366751437336606 4.9027625191454201 148 129 99 0.37704181102283307 10 8135 14 2187 11 12750
5514 12.143335156586955 -2.4756891999488384 12.980236212753017 168 154 141 0.77334401179218171 1 12516 11 12767 7 10081
5515 13.51849139054484 -1.5398810900877513 12.585112560143605 89 85 86 0.50109032399046949 1 12586 11 12797 7 10560
5516 1.3200848889341055 0.80247073147070014 4.7362932308188475 129 96 61 1.2442781686565747 10 8251 14 2571 11 12846
5517 2.4524923804742138 1.2626561460356414 5.3507526520680706 45 32 23 2.0987875612498459 14 2943 11 12952
5518 1.2479786240934807 1.1362439617458862 4.7024082898806636 103 76 47 1.8563878058587993 10 8381 14 2969 11 12960
5519 1.3927702483055726 1.1067734147980719 4.5667505471792609 176 155 126 2.2215329171631617 10 8383 14 2972 11 12961
5520 1.3927702483055726 1.1067734147980719 4.5667505471792609 176 155 126 2.2215329171631617 10 8384 14 2973 11 12962
5521 1.3912034944072793 1.134144899164937 4.536441445039741 93 69 45 1.843557135910145 14 3007 11 12979
5522 1.3581783625195127 1.4147311243593261 4.483149329839871 157 139 115 2.3271409416420448 10 8541 11 13088
5523 13.298266229132494 -3.4319224774589969 13.063249542280637 192 181 175 1.0152476782783955 14 9657 11 13288 7 10535
5524 13.078100813553725 -2.9291664559700656 12.946969394173674 78 73 81 0.96704826422987988 14 10105 11 13300 7 10839
5525 1.345610250250862 1.0776738845779843 4.5451110246512565 173 150 118 1.0415965799631663 14 2934 11 13466
5527 1.3095904933766862 1.1836578269666911 4.5841682334552605 164 149 123 2.0675110899545213 10 9283 14 3039 11 13492
5529 11.954004163647896 -4.5281218103590444 13.450126987907245 49 45 43 0.78741667395029269 14 10067 11 13642 7 11050
5530 13.583467212649049 -2.5894434197114067 12.883856740618072 109 104 108 0.41693360740773816 14 9681 11 13668 7 10845
5531 1.312158222892754 1.0960241572761944 4.5601414644377876 109 85 55 1.5917066184718582 1 4195 14 7578 11 13774
5532 1.7986364328118616 -1.3791064410096536 5.925184022118053 59 46 37 0.10090950325376882 10 10022 11 13865
5533 1.1789516539953417 1.3461790062498129 4.1458673578309169 67 58 53 2.2703766469784128 10 9963 11 14048
5534 11.790553826222984 -4.5267543954069085 13.601338873599843 58 54 61 1.1410544874457822 14 8050 6 11073 1 11117 11 11788 8 7962 4 7510 7 9336
5538 1.3784875334223505 1.2892472625916953 4.5258200821794512 90 67 43 2.9796009059422754 10 8471 11 13530
5539 12.046538012701573 -2.1583218473944692 13.01255788425124 110 93 82 0.48167796730493001 1 2154 11 6167 7 4548
5540 6.6295732872809445 1.0995665942551223 8.2283274548884755 55 39 23 1.0190085906177444 5 2511 6 3368 7 5212
5541 5.4317087378088562 -0.3934687883253567 8.6015736806672898 62 77 97 0.74484911518064556 3 1270 7 6678
5542 5.4301632401666318 -0.34136010338673206 8.4951116027322993 174 177 182 2.0229713543205645 3 1332 10 4787 7 6710
5543 13.401524386802588 0.53581110788372632 12.054797043800125 114 93 74 1.1467539778138345 1 3168 7 7180
5544 7.4718843938244346 1.6966362874678278 8.549184392226044 62 41 22 0.59706742219796438 7 7390 6 3752
5545 13.462625561804888 -3.9092778683566158 13.106757639613653 103 103 109 0.61489614245976965 4 4894 11 8726 7 8254
5546 5.859129771197245 0.86683953806010572 7.9399974716716644 72 55 35 0.62548418403676853 6 3206 7 8598 5 2400
5547 6.2907262509080288 0.8434489626997842 8.1435034184958912 146 120 93 0.67590810822571645 5 2375 6 7307 7 8600
5548 5.8544145469847502 0.9233468840142588 7.9330769826096086 172 149 124 0.56563340215901003 5 2440 6 3252 7 8625
5549 6.2959236182960803 1.2273404333102558 8.0481753756326722 170 146 120 1.0375316991722856 5 2582 6 3472 7 8701
5550 6.6248547373160491 1.2423526863788679 8.1758187319297981 80 70 61 1.4530609082770234 5 5500 6 7486 11 9343 7 8702
5551 5.8661306139891156 1.2706435479088072 7.8642210770572403 159 136 112 1.0882174233671777 5 2624 6 3516 7 8706
5552 5.8143623475227733 1.429564686019495 7.7972512668924665 107 85 61 1.1980294014231572 5 2713 7 8738 6 3645
5553 6.5049321485992744 1.5140132782885052 8.0881317933782064 149 123 98 2.1240322951801311 5 2734 6 3665 7 8754
5554 6.5049321485992744 1.5140132782885052 8.0881317933782064 149 123 98 2.1240322951801311 5 2735 6 3666 7 8755
5556 7.5101725876225602 1.6561409189544554 8.5634919050387843 120 95 75 0.12895442681475591 7 8777 6 7644
5557 5.9323065357896603 1.5842108777286663 7.7829767968094385 32 19 10 1.6494258898377769 5 2791 6 3776 7 8781
5558 5.8714818359699388 1.6394808668582763 7.6326618019303529 92 68 44 0.091361990816329314 6 3853 7 8801
5559 6.392493675574408 1.7229030353264891 7.9302499757352072 110 86 60 0.65935610321440241 6 7737 7 8809
5560 6.0636071032691774 0.65223724797399907 8.1311257580247442 49 32 16 0.57962059615404538 5 5233 6 7203 7 9527
5561 6.0766342516829193 0.84408557419015462 8.1060802784353765 119 98 77 0.7851889528811391 5 5314 6 7304 7 9548
5562 6.0766342516829193 0.84408557419015462 8.1060802784353765 119 98 77 0.7851889528811391 5 5313 6 7303 7 9549
5563 5.9950715792531435 0.92130499327600113 8.0383041692177848 175 163 143 0.77522438140284466 5 5357 6 3237 7 9564
5564 6.0587401759225061 1.3766639189618017 7.9509009729551918 135 109 88 1.4131703007370631 1 3820 5 2676 6 7558 7 9631
5565 6.0364872525645321 1.4583437785325515 7.8996082362875315 0 0 0 2.6561500468962964 5 5603 14 2731
5566 7.485212547716964 1.5433266689675424 8.549554164868276 96 79 63 0.51564827592695583 1 3870 4 2913 7 9648
5567 5.4240349792576268 1.7337386973103994 7.4186407746812488 118 94 70 1.9795828573954448 5 2940 6 3976 7 9700
5570 12.558002886562885 -4.4240783613894097 13.063349645359773 155 144 140 0.65132607035074397 11 11801 14 9038 7 10044
5571 13.242794050156757 -3.9678654739303769 13.112129889125988 111 103 100 1.7750951089100655 11 11840 14 8121 7 10061
5572 12.404334687503351 -3.5932797846552758 12.975692187126079 54 44 42 2.2912627884887655 1 12452 11 11843 7 10063
5573 12.651543421219916 -3.4443518903159407 12.912490033250135 158 142 129 1.1898233292156954 4 11257 11 11854 7 10069
5574 13.55280568375095 -0.95266213175522285 12.461147237635998 128 118 109 1.6278820172571402 1 12630 14 8354 7 10156
5575 6.5708366405678547 0.61630649852359087 8.3095238098413873 168 142 110 0.98062309811588066 5 8625 6 11660 7 10188
5576 6.0247795988109845 1.0733054288874406 8.0424986112167911 152 139 122 0.80696752044165743 5 7424 6 10089 7 10227
5577 6.2371469075860917 1.502813120607734 8.0994621260465109 131 109 88 1.0640117338137878 5 9571 6 11831 7 10270
5578 6.8920619079384524 1.6634499480168337 7.9977732947293552 100 76 50 1.5448479096304364 2 5092 5 7546 7 10291
5579 5.1843797579362416 1.6718608169899145 7.648301433957756 105 88 72 0.71895405472778451 3 8130 5 5716 7 10293
5580 5.4535276086746958 1.6617523534279486 7.4387575817258647 66 48 26 1.6604988604248136 4 6342 5 7582 6 10288 7 10298
5581 6.4465223775397185 1.7561554015745635 6.7183925190072973 9 16 26 2.6492916657504133 6 10387 7 10326 4 6453
5582 12.037359478128851 -4.6509548729002983 13.275946423568465 176 170 170 1.2254988696000462 2 7371 7 10514
5583 11.490515797431179 -4.5634637899299353 14.570157872534987 176 172 171 0.01750439529656711 14 9025 7 10516
5584 6.3850268835026309 0.57248734538912194 8.2398311616780795 169 142 115 0.8399848660445447 4 9693 5 9481 7 10588 6 12847
5585 5.4888155263998 1.2938918102019243 7.8802784261870817 71 58 49 0.2207084103014228 6 10164 7 10622
5586 5.3545632515418475 0.45534306443524375 8.020174339909083 121 99 83 1.8888307122461343 3 7904 5 8605 7 10875
5587 5.319363403797996 0.52869529880240917 8.1177798718701375 125 99 81 0.87272181447309727 3 8770 5 8614 7 10876
5588 5.8124550059226836 1.1094347549176826 7.8348865002106924 105 86 67 1.2653226997350415 5 9526 6 12917 7 10901
5589 6.6754981647254805 1.3208338316845496 8.1887793611238529 31 24 16 1.2042591701569989 5 10235 6 13715 7 10915
5590 7.8236826959313914 0.34193275010994162 8.8064370923476929 170 131 100 2.3328894795337027 1 13520 2 8588 7 11102
5591 16.725637608117832 1.4332751331800349 13.156776323582561 170 158 146 0.8348658213779887 11 6822 7 7311
5592 16.748640235502414 1.923206062680987 13.001416229190907 27 17 10 1.0772079888906823 11 9409 7 8761
5593 6.4113367673274215 1.6212240611004323 6.7682834915585213 39 75 101 1.3484415338358844 6 4025 7 9726
5594 6.4569632635306338 1.6115200513675347 6.7098680970853728 35 74 101 1.2138829230519161 6 4033 7 9729
5595 4.3687019523067789 0.42881878346220015 7.1450358210514979 109 84 61 0.17605991261380941 4 2434 7 10127
5598 1.0994415994972757 -1.8261159360631578 5.4899305866464658 160 150 148 1.891260973778607 9 253 12 7525 13 3768
5601 1.0341821879322151 -1.4402023745869803 5.3711575965533243 177 167 158 0.66049769887339849 9 449 12 7667 13 406
5602 1.2173777412500821 -1.4148461759807585 5.4437367127492946 203 193 183 1.4141430551928884 9 463 12 7675 13 3888
5603 1.1994998570870727 -1.1257637241337779 5.3728548564189786 191 177 164 1.1378884120572488 9 643 12 7790 13 4037
5604 1.5135167351497456 -0.86630605759565371 5.7118372968567312 218 202 186 1.2475412361025615 9 867 12 7975 13 7742
5605 1.7559543346563227 -0.23100244301314504 5.2692102248209407 192 171 144 0.93681122357674662 9 1561 12 8160 13 4299
5607 1.908363790130482 -0.080407107143781187 5.2769189584608744 91 65 43 2.1287169892867541 9 1704 12 8233 13 6477
5608 1.908363790130482 -0.080407107143781187 5.2769189584608744 91 65 43 2.1287169892867541 9 1705 12 8234 13 6478
5609 1.7284738636329586 0.74314187631567885 5.3218144611413916 200 162 117 0.74787758882725441 10 5107 12 8664 13 6911
5610 1.9796133269724483 0.76990951667287522 5.4253091355418217 200 165 125 0.40357073457204701 10 5121 12 8669
5611 1.6830687708962682 -1.51766088202514 5.7767725407375217 190 187 182 2.4417256697998555 9 3838 12 9495 13 6072
5612 1.2416662135783827 -1.3591683162490651 5.4415465321816123 190 178 166 1.2693087323267831 9 3862 12 9527 13 3907
5614 1.0131088168658933 -1.1679067561654488 5.2998277874678443 172 158 149 1.1335878646895428 9 3962 12 9584 13 6267
5615 1.1339722582854188 -1.0577283310993786 5.3280042768608338 135 118 103 0.81418595502518309 9 685 12 9614 13 6274
5616 1.1483756522052313 -1.0383711717620654 5.3304960894662505 199 183 167 0.74516306036001823 9 702 12 9620 13 6278
5617 1.0640192956106553 -1.0047307994894203 5.2847724709681412 208 200 189 1.0775127873067838 9 735 12 9631 13 4119
5618 1.0606994711590212 -0.78693501013962586 5.2348619372413987 200 186 173 1.4834214309948404 9 940 12 9691 13 4203
5619 1.1297010345119953 -0.45429140103264865 5.1339832163296979 134 119 102 1.5417734262308793 9 4462 12 9770 3 4336
5620 1.7354103723498442 -0.29482969295778783 5.2598963654792268 114 94 71 0.59198702752996113 9 1460 12 9791 13 6428
5621 1.9719712223296346 -0.16895398649179366 5.3336445965754846 127 98 71 2.5379384914130818 9 1623 12 9825 13 8749
5622 1.4652330964501972 -0.19785352982073554 5.1169726586223341 170 146 120 0.40808970981521292 9 1629 12 9834 13 6514
5623 1.8738508528335123 -0.13173180851358041 5.2738390102288166 117 91 66 2.3377686070816526 9 1667 12 9846 13 6458
5624 1.6005173640597816 0.276667835031292 5.0566955181409572 213 197 174 0.32674792342851328 9 2080 12 10009 13 6716
5625 1.5696319139935868 0.32858722006753116 5.0295156010469313 179 145 118 0.34848415442166109 9 2116 12 10028 13 4716
5626 1.7927860735900611 0.54164022769210196 5.3925749240362437 66 50 34 1.6622937794166368 9 2334 12 10108 13 6799
5627 1.7209351684296319 0.55476507822598575 5.3527481549659788 176 155 138 1.3474704897563334 9 2353 12 10122 13 8098
5628 1.6927327269635968 0.63358599485256428 5.3310274419867181 187 164 146 1.1565587998003293 9 2435 12 10162 13 8132
5629 2.569169960845036 0.74483572409360221 5.3790901489583449 150 126 100 0.55068794457182801 9 2511 12 10174
5630 1.5496818646098924 0.80159339064511625 5.0245021774983032 120 93 66 1.1289527046698991 9 2643 12 10218 13 6989
5631 1.6173654353645672 0.83672436595484034 5.1398998618823946 39 25 17 0.96890449480731677 9 2658 12 10241 13 6995
5632 1.6173654353645672 0.83672436595484034 5.1398998618823946 39 25 17 0.96890449480731677 9 2659 12 10242 13 6996
5635 1.3729661924376866 -1.9622477608968412 5.789378831852745 174 166 164 1.3205079483882234 9 3708 12 10632 13 7634
5636 1.3598048464997652 -1.5258243985703726 5.531958546725166 193 178 157 2.5386266804471274 9 3836 12 10668 13 8638
5637 1.2222698532708478 -1.5368020671891096 5.4813858129538016 167 154 145 1.0476271719538666 9 3833 12 10670 13 7664
5638 1.0835080840197908 -1.4645384739295928 5.3998068448542176 201 192 185 1.3422930733690437 9 3850 12 10682 3 3815 13 7682
5639 1.2052138675037847 -1.2673709567055356 5.4099761708452938 186 177 166 1.0029304233586873 3 3889 12 10707 13 7700
5640 1.0527681711935641 -1.1693441402265579 5.3346536618248326 0 0 0 1.3679491916305135 9 6207 3 3925 5 4309 14 3936
5641 2.2716344744281978 -1.051545773054495 6.0675421406395609 152 135 113 1.3863833114770949 9 4014 12 10791
5642 1.75402165999443 -1.0756434834364181 5.8592301023360891 211 198 180 0.17590111059212113 9 6254 12 10801
5643 1.6648707091491022 -0.96188806263152737 5.795962465129942 72 62 56 2.4080992440142697 9 6317 12 10838 13 7708
5644 1.752299706351677 -0.90898525566083688 5.8301143006680602 67 62 57 1.5619441701970542 9 6345 12 10851 13 7707
5645 1.083456376037923 -0.7630233577012836 5.2377728229428007 178 162 147 0.70531427222533927 3 4197 12 10869
5646 1.5388604964297123 -0.54518336070478723 5.2183871569488778 114 90 66 1.5254889777005323 9 1155 12 10904 13 7790
5647 1.8677018082725612 -0.35453670907230406 5.3527031351824697 199 181 161 1.7585309697148841 9 1361 12 10950 13 8722
5648 1.7646261265182184 -0.310217728293262 5.3235711489347466 51 39 30 0.65957707799191367 12 10969 13 8740
5649 1.9509329600366372 -0.24004966243248843 5.3364204420719741 90 64 39 2.6810406995794316 9 1529 12 10982 13 8731
5650 2.3550350893892698 -0.1984801801745926 5.5297809075827846 75 57 42 1.7628567877325303 3 4589 9 4571 12 10987
5651 1.5101894335328554 -0.2029871804047797 5.14820618407854 79 66 57 0.13845029102058393 9 4640 12 11006 13 7878
5652 1.5101894335328554 -0.2029871804047797 5.14820618407854 79 66 57 0.13845029102058393 9 4641 12 11007 13 7877
5653 1.5761617134993449 0.00098825196551335925 5.1123983460049898 176 153 122 0.98213031715384247 9 1832 12 11067 13 7924
5654 2.1377596917163606 0.22637806617436887 5.4841565565214569 129 101 79 0.95404113570393234 3 1836 9 1999 12 11107
5655 1.6517428478690892 0.26092480584301692 5.1417178276532622 209 183 156 0.43980694005601689 9 2058 12 11128 13 8006
5656 1.7080435543068844 0.31080330864315775 5.2531669531298952 200 174 147 0.78903679169632834 9 2087 12 11141 13 8018
5657 1.7085896643454763 0.67289619901033526 5.3226993750580256 66 44 23 0.69161978777776711 9 5270 12 11217 13 8147
5658 1.7417767402803386 0.67443245113029415 5.3396159457525689 85 60 40 0.64458375121639344 9 2471 12 11218 13 8942
5662 1.818760448079018 1.4173976611176959 5.2954803846753942 110 90 83 0.11124571834590188 10 7263 12 11359
5663 1.1474081335188815 -1.8683536750766798 5.5199441112437846 161 160 165 0.15833002067131713 9 8559 12 11493
5664 1.6786116231130424 -1.3367689577004656 5.8254811666340265 147 129 115 1.3533391615766546 9 6156 12 11531 13 8637
5665 1.7905745851585357 -1.2889708262272821 5.9391334096015393 72 72 72 1.9772222649667655 9 6181 12 11541 13 9289
5667 1.1342761442497156 -0.86321694894621537 5.2802568031296362 184 165 148 0.89068515799489334 3 6288 12 11587
5668 1.7196232923604415 -0.94703009764070234 5.8300018385012384 39 30 23 1.1009458557130014 9 6326 12 11594 13 9321
5669 2.1346908175107107 -0.9063583823585909 6.0065125285220153 54 47 39 1.0862403433473149 9 6334 12 11595
5670 1.6899004122909251 -0.87539736017840131 5.7938011998622834 211 204 188 1.2214867161864891 9 7781 12 11600 13 9768
5671 2.2217345178074575 -0.82579761967736653 6.0129436151234401 206 195 180 1.5999007286816638 9 6368 12 11603
5672 2.2217345178074575 -0.82579761967736653 6.0129436151234401 206 195 180 1.5999007286816638 9 6369 12 11604
5673 1.7812346458398998 -0.26849194033314316 5.2826035414313699 206 185 158 0.43588521704286709 9 6656 12 11699
5674 1.7303565547848763 -0.26843620400931634 5.2625851995543309 193 181 159 1.6375667170188517 9 6662 12 11706 13 9383
5675 1.6509018817599401 -0.26952146171761049 5.2314699922360584 46 33 25 1.1450954934436439 9 6664 12 11710 13 9392
5676 1.7034234770604231 -0.26218469634100672 5.2576742732899522 58 45 36 0.55375116202123043 9 6666 12 11713 13 9389
5677 1.7476015989914351 -0.25504956307943016 5.2768344534406975 60 46 34 0.42277715035744556 9 6676 12 11715 13 8754
5678 1.6039399325320562 -0.20352396677045517 5.1970457762635238 74 57 50 0.72914978273728337 9 4628 12 11732 13 8775
5680 1.5381024902678524 0.011953030997542836 5.08711000582477 102 75 46 0.54314718450562338 9 4825 12 11774 13 8828
5681 1.719725664506436 0.061433993941620843 5.1484214680655489 196 170 140 1.2018568491110799 9 6844 12 11781 13 8818
5682 1.6285748443423207 0.29134762638537226 5.1228915846622849 139 112 83 1.3383336663063943 9 5016 12 11812 13 9460
5683 1.4349569283435142 0.3547088464531053 4.7677110136213967 104 86 62 1.639875705049415 9 5095 12 11827 13 8897
5684 1.4222016849283277 0.39239907995207457 4.768583299916731 174 146 107 1.8927966328980841 9 5130 12 11842 13 8911
5685 1.4222016849283277 0.39239907995207457 4.768583299916731 174 146 107 1.8927966328980841 9 5131 12 11843 13 8912
5686 1.71631951711122 0.53353756745859704 5.3497710425506897 50 33 23 1.4437053647455393 9 5161 12 11863 13 9836
5688 1.6755143972379432 0.78756135302891062 5.3060676942770186 157 133 109 0.45835715266232624 9 5357 12 11899 13 9537
5691 1.8401349684528747 -1.225685541900942 5.9395233098217153 205 198 182 2.6540389324831648 9 7694 12 12073 13 9744
5693 2.0573440695425815 -1.1461037119835462 6.010616038868271 190 181 166 1.41487114654574 9 7706 12 12085
5694 1.5785425443782652 -1.0980932940707526 5.7919523032229554 191 175 151 2.2545578043941021 9 7720 12 12088 13 9757
5695 1.6203389465784637 -1.0079690778103418 5.7900253087428695 214 197 177 0.85998971269237412 9 8634 12 12102 13 9761
5696 1.6203389465784637 -1.0079690778103418 5.7900253087428695 214 197 177 0.85998971269237412 9 8635 12 12103 13 9762
5697 1.7916046791686235 -0.87255085525324627 5.8448252590182586 48 47 51 2.0573462163851866 9 8647 12 12115 13 9764
5698 1.4282603618318848 -0.5284308373160107 5.1664171561827699 162 141 120 1.2827457714964627 9 6531 12 12148 13 9372
5699 1.5228488229293027 -0.47294670178501286 5.234628481251197 68 51 41 0.92438535904158259 9 6559 12 12162 13 9373
5700 1.4098860032560607 -0.31404347954926415 5.0124946866873961 75 61 50 2.1002573383800875 9 6641 12 12176 13 9790
5701 1.7078764948370226 -0.32396344418365963 5.2648890001541782 110 93 67 1.7200774661804592 9 6621 12 12179 13 9376
5702 2.5061214123731812 -0.17960743965918613 5.5743820116583835 54 41 33 1.5774168534952142 3 4609 9 7938 12 12206
5703 1.951269186848378 -0.094682025342052445 5.3120697313117287 207 181 156 1.1465935679945862 12 12223 13 9788
5704 1.46665713055224 0.0018323189056145689 5.0631909869505449 159 136 105 0.53573810395768662 9 8030 12 12241 13 9425
5705 1.6857469887737784 0.20951848956623978 5.1667069167164534 136 109 87 0.82081651043129433 9 6897 12 12258 13 9815
5706 2.6183803324458292 0.65782422360048498 5.3958967752764764 152 123 91 1.4578462020962455 3 5105 9 8177 12 12294
5707 1.5934823798345357 0.8852573204923232 5.135429867139818 53 38 31 1.3524831328459086 9 8231 12 12316 13 9876
5708 2.484257323267109 1.0997244361356229 5.234331094866568 145 111 76 1.3521830228669427 9 7238 12 12328
5713 2.1402741219994104 1.447141028840343 5.4285907654388126 140 120 114 2.1736621270103358 10 9284 12 12357
5714 1.3507387003775073 -1.5310452112290862 5.6100883416293525 90 76 69 1.7128544788021951 9 7659 12 12417 13 9988
5715 1.3507387003775073 -1.5310452112290862 5.6100883416293525 90 76 69 1.7128544788021951 9 7658 12 12418 13 9989
5716 1.2159993146096149 -1.0055929426619474 5.3498810931407732 202 197 187 0.72994317170685774 3 8583 9 9237 12 12427
5717 2.5769044413790612 -0.81378754356236538 6.0340722949200654 183 168 147 2.144761485466979 9 7774 12 12436 3 7676
5718 1.419922023091277 -0.5637390330702311 5.1470001776966354 80 64 52 1.3242237303062865 9 7861 12 12447 13 10006
5719 2.4827203244907579 -0.21558908619288175 5.5674511124366575 200 178 154 2.0320991859354138 9 8752 12 12463 3 7808
5720 1.6914731259930411 0.30701171356115087 5.2131556324747432 117 89 65 1.2495008409276747 9 8108 12 12493 13 10041
5721 1.5747412116041173 0.41244375246994514 5.0883634260921591 87 60 38 1.2352798938698919 9 8139 12 12503 13 10051
5722 1.6366694850104826 0.71445752468948287 5.2492770146856769 174 152 131 1.3260810906453904 9 8193 12 12524 13 9852
5724 1.528903708143452 0.82715234790858794 4.9845179663057912 156 126 103 1.9430355325222861 9 8222 13 10081 12 12536
5725 2.8708352986075258 -1.6337791281482879 6.2216470554988552 0 0 0 1.7218812085051631 3 382 9 3788
5726 1.1247370016372549 -1.1751758813526021 5.3565155670231084 201 198 193 0.67312048042091055 12 9581 13 6243 3 497
5727 2.8674886325186879 -1.0786454186843439 6.0858054995771891 0 0 0 0.74582244864127301 3 631 9 3945
5728 2.9051384353539418 -1.0066515719758085 6.0894042371644286 0 0 0 0.8362516890972318 3 4092 9 6234
5731 3.7995443319549471 -0.31867229844041967 3.6848410183023583 88 84 78 1.1848945564115971 14 10138 6 13619 1 12716 3 9696
5732 1.3302504662393424 -1.5830008344061026 5.537464163593615 66 51 44 0.23379741533520135 12 4618 13 199
5734 1.7752551516707249 -0.28587706731311552 5.2954141070221157 176 155 134 0.81341555753752259 12 5427 13 855
5735 1.8369101666290293 -1.4799655953379054 5.9017024401641347 137 112 92 0.9534579400422547 12 7683 13 3731
5736 1.7763760934481976 -1.4717462045541896 5.8792187502552125 135 110 88 0.22096678371902917 12 7688 13 3744
5737 1.4375752476260324 0.11792831442386517 4.916675508809532 175 141 103 0.4352585046348999 12 8334 13 4593
5738 1.9079990849394535 -1.7172870639713855 6.0027077858668649 135 116 99 1.9604215211623377 12 7586 13 6034
5739 1.9399653032282309 -1.6478747014797337 6.006861188594228 179 162 142 1.2239774292131438 12 7618 13 6039
5740 1.1037771810195223 -1.4333622812982603 5.4121040013670827 176 166 154 0.25164219315071301 12 9509 13 6172
5741 0.80468028416600434 -0.96070880866621011 5.1360609480407211 139 135 134 2.4377496124918019 9 770 13 6367
5743 0.7805107498502255 0.0036974567747985604 4.9326062185531585 186 165 146 1.2434179239909262 3 4772 13 6721
5744 0.14755081669158804 0.99133289004562808 4.4276055116922857 170 148 124 1.0645569131396895 9 5587 14 7525 13 7230
5745 0.94895084605439073 1.2957953106203433 4.6813258369800739 129 108 87 1.3356549590393056 10 9316 13 7375
5746 2.0256329360027814 -1.5782782526592638 6.0187546056094581 113 91 70 1.8007488437022898 12 7635 13 7627
5747 1.5423903684163036 -1.1374304585296136 5.7752340813476355 66 49 33 0.79967895031239655 9 647 12 9621 13 7691
5748 0.94971420043525878 -0.50431069685154961 5.1166052792543413 198 177 158 2.4258998574067077 3 4312 13 7868
5749 0.20913155448403969 -0.19725749293694664 4.7183436269033594 135 121 111 1.883736950802094 5 4901 6 6802 13 8024
5750 0.45854122848354767 0.53513833729838445 4.660151886681585 143 118 96 0.68921693275844387 3 5090 13 8189
5751 0.24121575983298599 0.76160147938681599 4.5218114578090134 171 152 131 1.2340710480755794 9 7170 14 5408 13 8261
5753 1.6309336614581518 1.1013167569206477 5.0825763487187805 31 19 7 1.471644269875451 13 8308 12 10316
5754 1.5808295674314852 1.1034501540837107 5.0823734803138665 21 14 6 2.2584883184776845 9 2911 13 8311 12 10322
5755 0.48425639132368442 1.2517557097961052 4.5115633918033975 0 0 0 0.57813497619309373 9 7367 14 7679
5757 0.87503120802914536 -0.44924499059569156 5.0787740094533147 143 122 105 1.9060115400972113 9 7889 13 8794
5758 1.499359527061952 0.7122232103245163 4.9580883834151637 24 14 5 0.48919514816065668 12 11898 13 8975
5759 1.4903865384623587 0.72359417510964652 4.8899747380756056 163 130 94 0.41646037322530172 12 11237 13 8982
5762 0.2586175379614552 1.0106840207824928 4.471165946110391 188 176 160 1.4732499583710341 1 7917 3 7086 13 9090
5763 1.6146084649445998 1.0858350827009058 5.0807398938161663 155 125 91 2.0848295089852864 9 8296 13 9591 12 12332
5767 2.0048125932081664 -1.6322085935465933 6.0400521529962097 179 163 140 1.2237546604360219 12 12047 13 9733
5768 1.9168818212025185 -1.6431958939333402 6.0068997599690359 186 170 150 1.4518685600625658 12 12046 13 9734
5769 1.4636776058438881 0.48354574343545043 4.9273244878294635 155 124 95 1.2217242227648315 9 8157 12 12509 13 9839
5770 1.518464762480211 0.74968222270427975 4.9224843523315123 154 116 84 1.1847237607161494 9 8935 12 12528 13 9862
5771 1.5129565196648993 0.78640715836344033 4.9263679002751042 17 12 6 2.021626057626198 9 8940 12 12531 13 10076
5772 0.14408697732678527 0.69686687154287263 4.4959185015098777 125 97 76 1.855892435770776 14 9317 4 8372 13 9033 8 6702 3 6935 6 10152 9 8214
5773 0.58076321400737996 0.54877516351079669 4.7192400812706712 130 109 95 1.0984281313695623 3 2225 14 5233 6 3283 9 5256 13 8186 14 7216 1 3601
5774 0.83578207263997184 -0.27064793511605501 5.0135266180475355 171 150 131 2.7486936973366074 9 1588 13 4505
5776 1.5334185727993443 1.0693277795330758 4.9655701782814559 19 10 4 1.8910942956777577 13 8305 12 11305
5777 1.4665610864842271 0.97805953631343734 4.7026046474815733 160 123 81 1.4972147952592842 12 11936 13 9060
5778 1.5061118199413213 1.0381103626947306 4.8598668250221193 43 27 12 1.6183574311127424 13 9066 12 11300
5779 1.9782611099882574 -0.11231602843623796 5.3392793177981819 165 139 106 2.3811128422203307 12 11737 13 9391
5784 1.4935550202673318 1.1832775696188647 4.8286443788502273 0 0 0 2.0518596318018063 12 12343 13 9617
5785 1.4935550202673318 1.1832775696188647 4.8286443788502273 0 0 0 2.0518596318018063 12 12344 13 9618
5786 1.4919898290043605 1.2169077907623007 4.8217478490808645 0 0 0 2.4838632034515395 12 12349 13 9625
5787 1.9650867167604562 -1.3990133747662508 5.9773194019322178 0 0 0 0.16937838575778774 10 497 11 8176
5788 2.1028005408541164 -1.3475337601419155 6.0675244204238341 0 0 0 1.3883416235512933 10 595 12 4802
5789 2.1028005408541164 -1.3475337601419155 6.0675244204238341 0 0 0 1.3883416235512933 10 596 12 4803
5790 1.9243079497604265 -1.3978556526493757 5.9972111250134796 0 0 0 2.3995576038579021 10 10024 12 12060
5791 0.47714126239730542 -3.4714514359216766 9.9034488626443533 220 196 192 0.57959776476705838 1 10992 2 7281 15 64
5792 12.700040604787533 -6.6739747677054311 15.334942993822207 0 0 0 0.75025775299869846 1 11019 14 7974
5793 13.417508332816871 -6.6126291776058519 15.17231132077756 225 212 208 0.63649732581044205 6 13337 15 85
5794 12.390790460110653 -6.0090853127982147 14.994371377118421 234 213 213 1.0785864232246887 8 9911 15 103 11 10471
5795 -3.0297540089871466 -0.31922754184154256 2.3316980660896931 69 40 36 0.38286139654719431 4 9602 15 486
5796 12.734289884644951 -6.4944086719966743 14.553881164650532 0 0 0 2.3959133589037167 7 10501 14 8956
5797 -0.20390966935582119 -1.8436270982661644 9.4063410923434834 178 149 141 0.68494911782021062 8 11327 15 1024 6 13399
5798 0.37320560427044264 -0.0008824291323918515 4.7671635537223498 197 176 171 0.24089054379751071 2 9727 4 11972 15 1858
5799 0.37320560427044264 -0.0008824291323918515 4.7671635537223498 197 176 171 0.24089054379751071 2 9728 4 11973 15 1859
5807 1.0244652876625879 -1.1962234858141774 5.3022406715103862 0 0 0 0.50670254389783009 12 4849 13 554
