# 3D point list with one line of data per point:
#   POINT3D_ID, X, Y, Z, R, G, B, ERROR, TRACK[] as (IMAGE_ID, POINT2D_IDX)
# Number of points: 5465, mean track length: 4.0093321134492221
1 -0.028377134735426246 -2.597708480907603 7.0343730165071436 56 60 69 1.4488161039848193 11 4893 3 126 5 86 7 5589 12 313
2 1.1221955418125225 -1.7887456021111718 5.51635163092116 165 155 146 0.56131924739285777 11 542 3 271 4 276
3 1.1858201852571035 -1.6831330194038223 5.5156044981392345 173 160 150 0.83541007268514045 11 628 3 312 7 855 4 3797
4 -0.042145279467514341 -1.793135608756266 6.6117860850185517 100 90 81 1.0356241498978247 11 512 3 351 5 350 13 110
5 0.79846645931984395 -1.4818562641453059 5.3098788530351086 127 113 102 1.6037354082864794 11 740 3 372 13 264 7 956 4 440 4 3851
6 0.79721252678690091 -1.4806055225639954 5.3057890414466522 127 113 102 1.2156535117203329 11 741 3 373 13 265 7 957 4 441
7 0.12360791666231646 -1.7282009713784978 6.5819396554904053 104 90 79 0.46002247697473869 11 565 3 378 5 396 13 174
8 0.88563554790924959 -1.4828951023551129 5.3421180728133875 158 144 133 1.1447002636673722 11 747 3 381 13 290 4 434
9 0.88107517244160893 -1.4547816336655217 5.3345870575073109 172 159 143 0.31797131234803183 11 768 3 395 4 460
10 0.88085619612929633 -1.4539694046650076 5.3362762812540048 172 159 143 0.73188078979813898 11 769 3 396 13 302 4 461
11 1.1924697510646025 -1.4566431138570974 5.4645141334493639 157 143 130 0.37589411270927547 11 815 3 408 4 3853
12 -0.13412528283076028 -1.6195204047955287 6.5921214329881419 146 133 124 0.83169973199400926 11 625 3 423 5 443 7 873 1 1473
13 0.067512183627647493 -1.556543358104582 6.525410746005357 148 140 136 0.55251734810512221 11 684 3 439 5 482 7 916 1 1572
14 1.0305821562740602 -1.3491250852718433 5.3728120126208641 165 151 138 0.90886317738172162 11 874 5 562 7 1105 3 441 13 3817 4 3879
15 -0.0031007070790612379 -1.5250368875825369 6.5302215260819283 102 92 83 0.49336801260966712 11 706 3 445 5 501
16 -0.1619585424519033 -1.5122959772855427 6.5805020071505851 102 89 80 0.69745085852455468 11 704 3 449 5 508 7 938 1 1584
17 -0.1619585424519033 -1.5122959772855427 6.5805020071505851 102 89 80 0.69745085852455468 11 705 3 450 5 509 7 939 1 1585
18 0.82863414105617561 -1.2281385133911709 5.263479535461923 162 150 134 1.1282258963130154 11 935 3 474 5 636 13 459
19 0.044424178693338257 -1.368153911172866 6.4808903068393473 84 77 71 0.51893642447539134 11 5253 3 486 7 6031 12 881
20 -0.58883366249607194 -1.0757593366913838 4.744731333787624 59 63 74 0.89808589937146288 11 941 3 514 5 612 13 6196
21 -0.56353856543935721 -1.0567180380880572 4.757777241413164 64 67 74 1.0365031713995749 11 972 3 527 7 1195 12 1001 1 1966 4 800
22 -0.54043616274889872 -1.0427210363016577 4.7452230800072925 114 115 119 1.1525852773540106 11 984 3 539 5 644 13 6216 7 1208
23 -1.1120526714809587 -1.0283545446006466 4.8164701118156357 124 123 128 1.2829910983707469 11 5349 3 561 5 623
24 -1.1969371414205645 -1.0235044404679581 4.849013259229217 101 100 105 2.018481001138019 11 933 3 564 5 626 13 6173 7 6101 1 1896
25 -0.38887133601532692 -1.0111223083465273 4.7449336542373475 142 138 139 1.2405837435008957 11 1040 3 565 5 677 13 6244 7 1269 4 824
26 -1.6162637178338994 -1.0065978732879 4.9805746200486007 116 118 124 1.1900658081512336 11 5332 3 597 5 4265 7 6090 1 6473
27 0.013033224197600279 -0.98537287776199567 4.8605530251779001 137 127 125 1.4757008739614506 11 1101 3 604 5 4353 13 3808 7 6216 12 1110 4 4130
28 0.68575687215206127 -1.0002802507975019 5.1183961619867366 47 39 36 0.86821174374821464 11 1154 5 4398 7 6255 12 1172 1 2172 4 6322 3 4027
29 0.010405989185707454 -0.96604125871478852 4.8548145911316176 52 44 41 0.75412538626168557 11 1127 3 621 5 767 13 3814 7 1379 4 843
30 -1.8617451484859475 -0.98259668495844621 5.081778137859863 115 113 118 1.1987340345085329 11 5338 3 625 5 4278 1 6470 8 1208
31 0.73347814111746124 -0.98751328198466626 5.1363399491865183 85 75 73 0.70708857893300403 11 1164 5 830 7 1436 3 628 4 4110 13 3997
32 -1.9110065166018919 -0.97526396702726526 5.0985783271239331 112 110 115 1.165836286960501 11 5342 3 634 5 6692
33 0.32446277676420288 -0.72181272102693472 6.2438722743306023 96 83 67 0.57807853528596387 11 1412 3 893 5 1082 7 1681
34 1.0109267929357344 -0.5000628548744126 5.1565365872137301 119 99 75 2.5105689776528188 11 1714 5 1276 13 1184 14 8812 6 12513
35 1.0209661904082794 -0.50091742887789947 5.1672167071272632 119 99 75 0.65932318314591265 11 1715 3 1016 5 1277 4 4448
36 -0.86535924384948792 -0.42032164383171527 4.6100659708327498 102 98 95 1.0359789228334999 11 1699 3 1123 5 1232 13 6498 7 1955
37 -0.38824027499942715 -0.40389007011079292 4.5918776792669505 158 146 134 1.1674143958045267 11 1779 3 1146 4 1553
38 -1.3539091074686533 -0.39736382816042382 4.7363159269995032 146 145 143 0.70797999629436803 11 1683 3 1164 5 4681 7 1941 1 2564
39 0.20262263265015612 -0.3933069485598793 4.8024485973184312 78 69 62 0.36724366832747107 11 1825 3 1176 7 2088 5 1364
40 -1.414562326150588 -0.38849782816594108 4.7550288897521078 130 129 127 1.1090428564682773 11 1689 3 1185 5 4686 12 1440 1 2569
41 -0.53729789842280518 -0.37844729789551018 4.5712299301110217 117 113 104 1.1885853415732412 11 1802 3 1190 1 2698
42 -0.6400286907183792 -0.37633161836628937 4.5768086173354527 135 130 126 0.68185143309261897 11 1797 3 1196 5 1315 7 6634 1 2679
43 1.013509143217791 -0.38909430535169676 5.1403240089918034 121 96 74 0.48797220978607664 11 1848 3 1198 5 1429 13 1290 7 2132 4 1411
44 -0.55137477547172786 -0.36335163892073452 4.5729990893134511 32 27 24 0.74001927885899033 11 1824 3 1224 5 1348 13 6583 1 2707 4 1624
45 -0.85160806148871682 -0.35963913694896255 4.5934234708755586 143 135 126 0.59068389133908594 11 1801 3 1231 7 2056
46 -0.70912967476091326 -0.36126514201701099 4.5758113750635969 21 15 15 0.75843036121834806 11 1810 3 1232 5 1338 7 2069
47 -0.7519380363104311 -0.34549894965360478 4.5787512114208946 138 131 121 1.8955698637458311 11 5892 3 1256 5 1359 7 6644 1 6985
48 1.3404179626802488 -0.35171826902766401 4.9931521735408788 154 141 122 0.77372929468296048 11 1912 3 1263 5 1473 13 1379 7 2213
49 -1.3803500111783773 -0.3445677565262103 4.7284715854616612 47 46 44 0.26826366547923869 11 1761 3 1274 5 4724
50 -0.18161164526405771 -0.34103827823238264 4.6210207781165087 90 81 72 0.54046972284427841 11 1857 3 1275 5 1419 7 2143
51 0.4867557646760351 -0.34556293671377647 4.9218740408638491 163 151 139 0.66838377164145968 11 1872 3 1283 5 1446 13 1229 4 4582
52 0.9134566845854547 -0.34036137379785469 5.0696288256781035 177 154 131 1.1375654776112796 11 1893 5 1467 7 2190 14 7821
53 -1.9042669142656816 -0.33011912653988235 4.9256338844436121 30 31 26 1.2270547262091849 11 1720 3 1321 5 1293 7 1980 1 2568
54 1.0290254064377815 -0.3265579899178368 5.121384378236665 180 158 135 1.473426565508021 11 1908 3 1329 5 1488 7 2212 14 8865
55 -1.7109307703969612 -0.32087141080747278 4.8428936730090832 139 133 125 1.3629520911243731 11 5851 3 1340 5 4728 12 1474 1 6930
56 0.53588411688555571 -0.28403765201930031 4.9232993023929019 72 62 52 0.21372735786967004 11 1941 3 1372 7 2244
57 0.53588411688555571 -0.28403765201930031 4.9232993023929019 72 62 52 0.21372735786967004 11 1942 3 1373 7 2245
58 0.55378690626546401 -0.28280098774767637 4.9431260054755795 84 71 62 0.57307456515736099 11 1951 3 1377 5 1509 4 1626
59 0.55494103013265816 -0.28259458934714304 4.9398469587192428 84 71 62 0.73560191505963091 11 1952 3 1378 5 1510 13 1314 4 1627
60 -0.66983649082475849 -0.25857875350266851 4.5308677801139998 131 122 116 0.67163317715023541 11 1925 3 1401 5 1476 13 6636 7 2221
61 -1.091880327471578 -0.24800421831722463 4.6089091232190729 69 59 54 0.8618217217706664 11 1905 3 1405 1 2759
62 0.94184224372283276 -0.20152829169689124 5.061085001386366 176 154 131 0.23309242194858004 11 2055 3 1452 4 1674
63 -0.59987700022049251 -0.17604716420703065 4.5214097905682431 156 143 134 0.50961783662013738 11 2049 3 1490 5 4906 13 8185
64 -0.26354874747971013 -0.16952191813322098 4.5505818289463678 144 132 123 0.18621665108165081 11 2077 3 1503 5 1605 13 4517
65 -0.95832980545052404 -0.15839513292926777 4.5651637689358102 71 61 52 0.91384317642878854 11 2043 3 1526 13 6672 7 6805 1 2858
66 -0.95832980545052404 -0.15839513292926777 4.5651637689358102 71 61 52 0.91384317642878854 11 2044 3 1527 13 6673 7 6806 1 2859
67 -0.54927092956453505 -0.152581416868657 4.5169811620685696 127 114 106 0.68305005924281093 11 2081 3 1536 5 4928 13 6730 4 1850
68 -0.31308763884357077 -0.14767654861064641 4.5384279934426095 145 131 120 0.64314008946749701 11 2106 3 1543 5 4944 13 6766 4 1834
69 -0.48050373750376951 -0.13844679773707336 4.5064145894709053 60 48 36 0.58193873265827167 11 2112 3 1556 5 4947 13 8219 12 1728 1 7139
70 -0.33393366584592388 -0.12569358159428773 4.5241233502201785 148 128 117 0.31682111345662861 11 2138 3 1572 13 6775
71 1.3588837885429048 -0.052659437147999824 4.8942882956176188 189 169 144 0.53779286443790497 11 2232 3 1654 5 1771 13 4756 7 2604 14 8940 6 12618
72 -0.81806710016218609 -0.013037012687839238 4.4919518274475543 179 163 148 0.53319347860523536 11 2226 3 1712 5 1752 13 6793 7 2578 1 3022
73 1.3770531629530014 0.060440823232162696 4.8723931847938386 167 147 123 1.391759485889124 11 2322 3 1753 14 8976
74 -2.2335167998046175 0.083876875212113941 4.9978054333621849 117 101 88 1.0753983051449829 11 8737 3 1776 5 7142
75 -0.86049250544318245 0.10105282486756152 4.4698951331240195 174 153 135 0.62527869185777663 11 2332 3 1810 13 6859 7 2726
76 -1.2186689440521459 0.22054816112792108 4.5443597094943486 119 96 73 0.49133957865423517 11 6333 3 1907 7 7086 12 1935 1 3188
77 0.86842093058189185 0.26653473163010194 4.9148408180604406 188 164 140 1.5643132831842703 11 2510 3 1912 5 2108 14 9020 10 6809
78 -0.84757167545909395 0.30854867684710247 4.4212362961097771 158 148 132 0.44391949956571808 11 2600 3 2024 5 2183 1 3312
79 -0.84762173940250807 0.30887710337805935 4.4212909626940293 158 148 132 0.4985760647078788 11 2601 3 2025 5 2184 7 2995 1 3313
80 -0.82228227153739397 0.38742123145535629 4.3427404192420065 140 122 104 0.25785787520601788 11 2697 3 2113 5 2298 13 7033
81 -1.0405474019423808 0.45778021939482111 4.4233914387019837 110 95 79 0.77100278679871259 11 2769 3 2190 5 2383 13 7052 7 3197 1 3500
82 -0.31910232341418993 0.4841139114971566 4.3747528297853426 65 49 34 0.29506527610986688 11 2831 3 2223 1 3582
83 -0.31910232341418993 0.4841139114971566 4.3747528297853426 65 49 34 0.29506527610986688 11 2832 3 2224 1 3583
84 -0.9709305645018369 0.501819447294372 4.3992911021181937 70 53 37 0.67817026348184006 11 6572 3 2248 5 5375 7 7375
85 0.7093346788697984 0.56279329438031278 4.7491784076950045 60 43 27 0.59260496997445744 11 2872 3 2257 13 5266 7 3325 4 2479 10 5075
86 -1.037885984868034 0.55576657312330602 4.3994911586067191 138 119 104 0.66846315410596013 11 2912 3 2304 5 2505 13 8465 7 3356 1 3637
87 0.29395624303418932 0.59789556177877379 4.5966156915206184 123 103 83 0.9571421202064655 11 2943 3 2310 5 2517 13 7246 7 3402 4 5329
88 -0.85149611848585482 0.58227717432066872 4.3303578962159301 144 123 106 0.7810596186130514 11 2966 3 2351 5 2540 13 7204 7 3412 1 3682
89 1.2731781019692954 0.66655600350525801 4.7210902715447238 33 19 10 1.0598278987794254 11 2993 3 2364 5 5482 13 8575 7 7484 12 2330 8 2831 6 13953
90 -1.0019511914359347 0.66378088972030425 4.3692487839583363 151 132 115 0.28026969271373353 11 3038 3 2444 5 5518
91 1.1408055237108066 0.80267373361091288 4.8438759079133398 82 60 36 1.6346940155982588 11 6733 5 5567 7 7556 12 2395 14 9822
92 1.1317397398134279 0.79822907260660758 4.8234763113177035 82 60 36 1.5264924937795206 11 6734 5 5568 13 8608 12 2396 1 7739 8 2906 6 13966 3 2507
93 1.229522714366118 0.79764111154320982 4.7937784041865035 81 61 44 0.8703241191233454 11 6739 3 2508 5 5573 13 7401 7 10185 5 7494 12 5021 8 6232 6 13968
94 -0.97293029219254368 0.72373738668686804 4.3446314828916535 146 128 108 0.87093248054506689 11 6744 3 2519 5 2678 13 8572 7 7559 12 2402 1 3838
95 -0.61242287076835389 0.8037803711628636 4.3374395505315402 108 86 65 0.73204359386484497 11 3243 3 2592 5 5644 13 8623 4 2794
96 -0.77667365980145742 0.90136012888826433 4.2751039476837054 165 139 114 0.59829748103306701 11 3415 3 2711 5 5735 13 8678
97 -0.51082653565357217 0.9153685562949182 4.3352416360308768 26 20 15 0.54123761622546163 11 3408 3 2713 5 2875 13 5599
98 0.58531511569415151 0.99772021453196558 4.6284446511388841 142 115 94 0.61815441069127308 11 3426 3 2737 5 5741 13 7509
99 -0.40882587793934161 0.93534543551375238 4.3123065416804787 190 169 152 0.37005585234069432 11 3446 3 2752 5 2901 13 7503 4 2931
100 -0.77162912826730268 1.0448101476376224 4.2363610376505729 142 120 96 1.6817280022381655 11 3596 3 2871 13 8737 1 4241
101 -0.39106247151455981 1.0738182590395109 4.2756273376163483 166 145 124 1.0696393214382218 11 3606 3 2884 5 3081 13 7609 1 4262
102 0.35868525155882991 1.1374602989289553 4.4964720721369167 172 152 135 1.6559051677795367 11 3603 3 2896 13 3032 4 3071 10 5589
103 -0.63672779361391807 1.2380009170499189 4.220047484856237 55 43 31 0.38686783913835837 11 3840 3 3072 5 3280
104 -0.55709293109627889 1.3185137292037843 4.1937306233904321 105 87 71 0.70526413687243628 11 3968 3 3185 5 6061 13 8874
105 -0.031164336841999762 -2.4323798737916587 6.961189898492889 64 67 76 1.1549714913038454 11 4917 3 3674 5 158 7 5634 12 365
106 -0.031164336841999762 -2.4323798737916587 6.961189898492889 64 67 76 1.1549714913038454 11 4918 3 3675 5 159 7 5635 12 366
107 0.99458526109023715 -1.6558179712152876 5.4128498402464977 172 159 150 1.8775076921867899 3 3762 4 3812 9 9446 10 6140 11 627
109 1.1851618262800376 -1.5708248120909669 5.4853096536439088 165 151 140 0.42333476315594304 11 714 3 3794 4 3830
110 1.2393028957490286 -1.5409431558436169 5.4653077393117853 144 131 115 2.4764118277171905 11 732 5 4177 7 5941 14 8618
111 1.0311091318262462 -1.468512865089602 5.3518388772996142 166 154 142 2.2681218524671984 11 770 5 4186 7 996 14 7540
112 0.076437667563835576 -1.6973054007567099 6.5537112998872944 61 56 52 0.48210296806858688 11 8070 3 3818 7 8992 12 3884 8 4955
113 1.1490492537749004 -1.4472077995738661 5.4485111815768574 139 125 112 1.1727855683212576 11 818 3 3826 5 4203 7 6002 4 3854 1 1805 13 3792
114 0.025566943336097603 -1.6161507510652839 6.5484559694221574 108 97 91 0.53653349437288955 11 8091 3 3833 5 6601 7 9032 12 3902 1 9257
115 1.1275584665861369 -1.4088954256145068 5.4361213779352786 145 131 118 0.96894463261100516 11 843 3 3835 5 4217 13 3803 7 6027
116 -0.034249706566692573 -1.6129806842626799 6.5658770997984988 100 89 83 0.47547090742697035 11 5132 3 3837 7 9030 12 3895 1 6261 8 4980
117 0.82416690495189526 -1.3670809596031173 5.2898979922373615 172 158 145 0.31927753849221452 11 849 3 3838 7 1066 4 3878
118 1.1151646244687252 -1.3627949487983468 5.4167376029523622 143 129 116 0.46043777095851235 11 5286 3 3851 5 4236 7 6052 12 959 4 3868
119 1.1155383834926558 -1.362933681518699 5.4181389468945369 143 129 116 0.51153226684717046 11 5287 3 3852 5 4237 7 6053 12 960
120 -0.10045626663125393 -1.5653243794547897 6.5725549383473192 122 108 99 0.50146650958525263 11 5147 3 3853 5 4187 7 5906 12 725 1 6279 8 914
121 0.82412740853436739 -1.3241521607747107 5.2838657987888835 166 152 139 0.8172046510530796 11 875 3 3858 5 558 13 378 4 3896
122 0.079466229930881871 -1.5321511724868802 6.5045082989840859 100 93 90 0.47337403894761626 11 5168 3 3861 5 4200 7 5930 12 776 1 6324
123 1.159217620816031 -1.2758871504230365 5.371193974961999 154 138 123 1.7483810892202234 11 5340 5 4269 7 6097 14 8653
124 0.73050028404980238 -1.2386093845083399 5.2258425283744963 170 158 146 0.30482918372081796 11 5334 3 3894 13 3813
125 0.77127629529555908 -1.2209607693528135 5.1944541001090734 177 163 150 2.5491096369386672 11 928 5 633 7 1170 14 7557
126 0.19219252802402076 -1.3689232264554367 6.4416512099338741 48 39 32 0.43939277334412757 11 8162 3 3922 5 6674 7 9122 12 4006 1 6429 8 5080
127 0.11043457748590763 -1.3562781828535917 6.4585025503173288 129 124 120 0.30620012836028376 11 5263 3 3924 5 4259 7 6044 12 4005 1 6427 8 1079
128 0.17021265000346469 -1.3326395135000988 6.43940845633258 126 114 102 0.32347024890025161 11 5273 3 3934 7 6054 12 911 1 6442 8 1097
129 -0.85394433769168243 -1.0707165613073168 4.7755308360672029 69 71 83 1.6339101660269661 11 5339 3 3944 13 8921 7 6089 12 958 1 1893 8 1252
130 1.2138221873765613 -1.1480723761621479 5.4160086234942284 164 146 129 0.75376554452762401 11 1058 3 3950 5 736
131 0.18128787644440542 -1.2799083271798128 6.4234135376032233 102 95 89 1.0542222906257053 11 5301 3 3956 7 6079 12 945 1 6468 8 1129
132 0.9423647186282319 -1.1010836747914308 5.2800619255574777 120 101 84 0.8652855304190189 11 5435 3 3965 5 4351 13 6417 12 1115 1 6624 8 1363 4 6252
133 0.96954834056684491 -1.095304379318645 5.2856313128342238 141 122 105 0.76566755233309491 11 5437 3 3968 5 4356 7 1339 13 3980 4 4025
134 -0.83234207955362993 -1.0104457230665884 4.7582862017925338 110 106 103 1.3151021439634607 11 5382 3 3975 5 4286 13 7911 7 6130 12 1014 1 6529 8 1300
135 -0.85615223160273957 -1.0094357455076748 4.7633923672452223 91 87 88 1.3280020262479582 11 5378 3 3977 5 4285 13 6191 7 6129 12 1008 1 6528 8 1299
136 1.0419037380736258 -1.0628224397910078 5.3066440214507056 165 146 129 0.98723828488756948 11 5456 3 3990 5 4382 13 4020 12 1144 8 1398 4 4045
137 0.89269096000245629 -1.0296879121293294 5.2381077170052928 170 154 138 0.78409252287634501 11 1141 3 4013 5 4395 13 4011 4 4075
138 0.96190158421720551 -1.0284058296792773 5.2664689698028946 165 148 130 1.1573199142550028 11 5478 3 4020 5 4402 13 4030 7 6256 1 2175 4 4067
139 0.85453368590993584 -1.0140741632189958 5.2167248900241203 124 106 90 0.36236038698674256 11 1158 3 4025 5 4403 4 4090
140 0.91116414179398009 -1.0088520162994716 5.2416799716816653 162 140 126 0.84527461789148561 11 5489 3 4031 5 4413 8 1439 4 6305
141 0.183822593106378 -0.96705562169067227 4.9350123163922976 142 128 119 0.51919798966247477 11 1139 3 4034 7 6247 4 4137
142 0.87089939948449679 -0.98715581269695651 5.1829951289259331 163 144 129 1.834669549683686 11 5503 5 4421 7 6281 14 8684
143 0.83697756881666729 -0.88237498610636478 5.1823238345235083 165 146 129 0.5617771781347507 11 1290 3 4116 7 1551 4 4172
144 0.91719227740576825 -0.52226740210895939 5.1085012134422527 187 166 145 1.3225929817578899 11 1677 5 1244 13 4443 14 8784
145 1.200333118857869 -0.46036078363909677 5.1114299886186121 174 157 132 0.99954080320200278 11 5865 3 4352 5 4735 13 8225 7 2062 12 4461 1 9783 8 5564
146 -0.52185785973608334 -0.43952626269439082 4.5845454129684793 108 103 98 0.90124782139294912 11 1708 3 4355 5 4680 13 6536 1 2624
147 -0.36654379731406467 -0.43777998069162316 4.5908888856121761 150 137 128 0.79815825883294356 11 1721 3 4356 5 4687 13 6560
148 1.1471563705519241 -0.45444230101383243 5.1229487085291767 177 160 134 1.5557781630515599 11 1793 3 4359 5 4737 13 4518 1 2712 14 7805
149 -0.66196235184090468 -0.42233857042945283 4.5909519696718109 121 113 110 1.2400079530288837 11 5826 3 4368 13 8062 4 1558
150 -0.77785096998653724 -0.41572452505517782 4.596999103933582 152 142 130 1.1216168835611708 11 5825 3 4376 13 8053 7 6593 1 6940 8 1871 4 4617
151 -0.61369545359699207 -0.40319436769846079 4.5822700546643462 73 68 64 0.88454071512504151 11 5848 3 4384 13 8076 1 2655 5 4709
152 -0.85155458364835157 -0.40290952298465366 4.608248513547009 77 72 68 0.71985422877142502 11 5836 3 4388 5 4700 13 8052 7 6605 1 6945 8 1874
153 -0.062262252355981818 -0.40253511673218867 4.6776580701603407 138 125 108 0.22539552665264675 11 5875 3 4389 13 8134
154 0.70318523337521699 -0.38558680853539073 4.9808207382421319 160 139 122 1.4340198324737605 11 5910 5 4779 13 6747 7 6662 12 1562 8 1955 14 8806
155 -0.74663661339207588 -0.37726784553335274 4.583310693121855 162 155 139 0.60075307901526764 11 5863 3 4403 13 8073 7 6630 1 6967 8 1912
156 -0.71520597498283212 -0.37789338141297935 4.5864253587474355 160 153 140 0.91440421275368022 11 5864 3 4404 13 8077 5 6945 7 6631 1 6969 8 1918 4 4645
157 0.30718563210591909 -0.38281586252903294 4.8402647960015823 85 72 63 0.62045527836642844 11 5901 3 4407 5 4760 13 6698 7 6655 12 1553
158 0.3752845549614563 -0.3720709323350298 4.8689160776416269 51 42 35 0.44072842838918858 11 5915 3 4413 5 4777 13 6714 7 6667 12 1558 8 1961
159 0.47442298040664044 -0.36232501577161957 4.9112115415867041 80 69 63 0.44024651183255364 11 1852 3 4418 5 1425 13 4495 7 2148
160 1.019736133775484 -0.37031737608097554 5.1400912187651837 168 148 124 2.6412674687308315 11 5945 3 4419 14 9571 4 6637
161 0.90701450172435216 -0.3645134886044808 5.0889214509209362 134 108 83 0.48294108712125072 11 1866 5 1449 4 4528 3 4423
162 -0.31449038923957728 -0.35488949687454202 4.5901006158190389 99 88 82 1.1144208948143208 11 5907 3 4429 5 4757
163 -0.046588830930211766 -0.34646143732172663 4.6706831964325328 41 31 19 0.86377351726205609 11 5930 3 4439 5 4783 7 2147 4 4620
164 0.36165582734299728 -0.35193976279086614 4.8630494508221416 177 160 144 0.45806552656198374 11 1861 3 4440 5 4794 13 4481 7 2150 4 4581
165 0.22590046408776054 -0.34285748612882494 4.8032792395128956 136 126 113 0.55679574223460226 11 5943 3 4445 5 4796 7 6686 12 1580 4 4608
166 0.65992479476705723 -0.34205937691170152 4.9931108416237437 81 67 56 0.4253257899721718 11 1875 3 4453 5 4812 13 6767 7 6701 1 2771 4 6690
167 0.68535528627962505 -0.33915491125055325 4.990130766618015 80 61 47 0.71020681109049777 11 5956 3 4454 5 4815 13 6772 7 6706 12 1601 1 7036 8 1998 4 4568
168 1.5536748258773923 -0.33453383189874358 5.2078819677336625 36 24 12 0.83711009868488895 11 1923 3 4464 5 1503 7 2235 4 6629
169 0.8054067353772757 -0.32545015643319908 5.0349197076233549 59 39 22 0.91716178767594514 11 1907 3 4469 5 4836 13 4558 7 2204 4 6697
170 1.0782626457202742 -0.31105872178478755 5.1132629041319166 105 87 65 1.9905978927250032 11 1926 3 4481 5 1504 13 4593 7 2234 14 9579 6 13176
171 0.97938756557306783 -0.29964318900628439 5.1007876538440744 170 148 125 0.42768351674931571 11 1935 3 4499 5 1511 7 2247 4 4591
172 0.97938756557306783 -0.29964318900628439 5.1007876538440744 170 148 125 0.42768351674931571 11 1936 3 4500 5 1512 7 2248 4 4592
173 1.3114809171924082 -0.28577996280424361 4.9809180303718135 157 142 121 0.75129058890051659 11 6029 3 4516 5 4879 7 6774
174 1.7162310241362344 -0.28318582425178412 5.2528046939945936 178 161 144 1.0876490036658342 11 1983 3 4520 14 8925 4 6661
175 -0.5599783388149262 -0.26756926871915293 4.5366050087466796 141 131 122 0.74971479611689695 11 5988 3 4529 5 7014 13 9089 1 7051 4 4710
176 -2.1659700802416424 -0.26647421162470936 5.0568558035279043 57 54 49 1.560772727249502 11 8535 3 4537 5 6977 7 9557
177 0.033806746813391686 -0.25648481438493614 4.6691501460932239 32 21 15 0.51664248923271094 11 1967 3 4541 5 4859 13 8206 7 6756 4 4680
178 0.033499004358106543 -0.25682821321240051 4.6696168218093659 32 21 15 0.46479695539721561 11 1968 3 4542 5 4860 7 6757 4 4681
179 1.3135498548556126 -0.24727887102533153 4.9688198185114034 165 147 126 1.1721524396570675 11 6065 3 4550 5 4907 13 6857 7 6811 12 1701 1 7119 8 2124 14 9590 6 13613
180 -1.1136414837086814 -0.2470063272993146 4.6262658951010502 144 131 123 1.198979956077844 11 5975 3 4554 13 9062 7 6710 12 4493 1 7023 8 2011 4 4779
181 0.36940770061598127 -0.22030150825521611 4.8158536314919704 47 33 26 0.42412226431031574 11 2021 3 4586 5 4903 13 6805 7 6798 4 4691
182 -0.20624555401677061 -0.21574627715226113 4.5667001052744025 173 160 151 0.64941472001231415 11 6046 3 4596 5 4886 13 8202 12 1682 8 2114 4 4740
183 0.70237152916168333 -0.20585413811482028 4.9238950869303117 132 116 101 0.98230810441683902 11 6080 13 8266 12 1704 1 2898 8 2135 14 10068
184 0.56920689847654415 -0.19819449878463702 4.8948972758715161 37 27 21 0.73738549774792872 11 6085 3 4610 7 9713 13 8260 12 4594 4 4699
185 -1.447107998336874 -0.18921565544356378 4.6989091230088844 152 142 133 0.78619477600603394 11 6000 3 4628 12 4511 1 7040 8 2028
186 0.21955252579378992 -0.1768309932035535 4.7419882017297779 157 134 116 0.46996989080746004 11 6093 3 4643 5 4929 13 6808 7 6831 12 1716 4 4750
187 -0.23538379340705751 -0.17216089495830483 4.5618009477836718 139 125 116 0.14353087784356702 11 2074 3 4649 5 4922 13 6757
188 0.84950500162406517 -0.16596371659091202 5.0167751423554625 194 172 149 0.46601770093182154 11 2105 3 4650 5 1644 4 4706
189 0.095857926461875798 -0.16865234866062356 4.6891520150991237 55 42 34 0.58974629653326305 11 2086 3 4653 5 4933 13 6800 7 6839 12 1720
190 0.096477387839986661 -0.16879868759300892 4.6884790643749783 55 42 34 0.24995576647117715 11 2087 3 4654 13 6801
191 -0.20288444860814547 -0.16675206650014646 4.569985780335144 175 163 151 0.20052463952966873 11 2083 3 4658 5 4925
192 0.9309400351806475 -0.14331782184615266 5.0474157893929119 128 104 80 1.8142261111812612 11 2136 3 4664 5 1667 7 2445 14 8907 4 4730
193 0.9309400351806475 -0.14331782184615266 5.0474157893929119 128 104 80 1.8142261111812612 11 2137 3 4665 5 1668 7 2446 14 8908 4 4731
194 -0.53041664088981588 -0.13516902014354742 4.5062576797809832 128 115 107 0.62482494022402257 11 6123 3 4685 13 8214
195 -2.195944301363177 -0.11751087343021764 5.0253162304800378 65 55 53 1.1646707135534311 11 8610 3 4692 5 7057 7 9647
196 0.072464433740643486 -0.11075286078004598 4.6685180786787379 159 146 137 0.9738833173707907 11 2166 3 4699 5 4981 7 2471
197 -0.39524271574793257 -0.10929789839341937 4.5071746082581043 156 137 122 0.7258747783045203 11 2161 3 4704 5 1665 13 6776 4 4856
198 0.89337870408605535 -0.090511748127549196 5.0170845717490922 182 158 134 0.60497743253951297 11 2187 3 4708 5 1716 4 4790
199 -0.34891199918186716 -0.10151936693467858 4.5228574385424016 174 156 144 0.98627017922694193 11 6152 3 4711 5 4980 13 8239 4 1894
200 0.053742282807783648 -0.088931833649798286 4.6558094186618471 159 142 133 0.35725667255546972 11 2184 3 4719 5 1697
201 0.8077537090478798 -0.067767660833403826 4.9725313819617707 172 152 130 0.27454155917353029 11 2202 3 4735 5 5016 7 2533
202 -0.92138045975098104 -0.079923161574435339 4.5396854186472639 156 138 125 0.64274352842086502 11 6147 3 4739 5 7116 13 9122 7 9757 1 9881 8 2219
203 -2.2440841678545702 -0.022806012979020376 5.0297175064837347 43 34 29 1.0339232281945294 11 10352 3 4764 5 7113
204 -0.80049247806030177 -0.036236451240864449 4.4956288914284421 78 66 54 0.78325794725061559 11 6183 3 4767 5 5011 13 9135 5 7129 7 6915 1 7178
205 -0.50055911799492425 0.015795532836753431 4.4770304308705002 151 137 126 0.51542590827240586 11 6214 3 4799 13 9164 5 7150 12 4661 1 7218
206 0.75927005587351826 0.042270839213932362 4.9221220722477277 179 160 143 1.6705290109979813 11 2297 3 4800 4 6869 10 8046
207 -0.50245740893216906 0.047048113632234434 4.4706679914070797 146 127 113 0.48839512318143297 11 6232 3 4815 5 5065 13 8283 12 1851 1 3081
208 1.5806018117935019 0.088823023238609009 5.0964119260044667 166 141 111 1.274393944752565 11 2335 3 4818 5 5097
209 -0.50362277855527537 0.088162311075801816 4.4604755721568159 181 163 149 0.37323706579403526 11 6261 3 4839 5 5090 13 9180 12 4689
210 -1.2445166829856165 0.20604062112442384 4.5557933784864684 173 153 136 0.56796953889894597 11 6321 3 4911 7 7074 12 1921 1 7303 8 2410
211 1.0271743293400739 0.30003822036876743 4.9836378188866037 168 148 124 1.0948963966475296 11 2543 3 4939 5 5192 13 5045 14 9674 6 13255
212 0.86721634937872427 0.3035170576168289 4.9083008951284821 183 158 136 1.0108407603189098 11 2555 3 4944 5 2154 14 9669 4 5066 10 8921 4 6970
213 1.3465062431076076 0.33645945200919469 4.7313162975255869 61 45 30 0.39576993757193818 11 2629 3 4963 5 2235 7 3044
214 1.1128701638867464 0.36080340393214511 4.9131791241346345 180 167 150 0.81200810179126648 11 6446 3 4972 5 5231 13 7112 14 9063 6 12713
215 1.3791417374638191 0.37875070172442998 4.7546701249616694 140 110 82 0.70864770353604267 11 2670 3 4990 5 2275 4 6997
216 1.383641349052648 0.38099211815751621 4.7526413804259304 140 110 82 1.7771969152992881 11 2671 3 4991 14 9075
217 0.90354415808176636 0.40885591551006478 4.8997039017305291 177 153 129 1.0462685205511031 11 6462 3 4997 14 10139 4 7011
218 1.0817881168623615 0.41766235382300992 4.9188464614194318 140 115 85 1.2794625458251638 11 6472 3 5000 13 7140 14 9702 6 13651
219 1.1768676072740392 0.41414902944060011 4.8889182767205295 154 130 104 0.88937367139559853 11 6475 3 5001 5 2293 13 7149 7 7262 12 2117 14 9706 6 13654
220 1.3394176600108696 0.40944569529049851 4.7450653592851237 169 143 108 1.5099568775484675 11 6488 3 5011 5 7328 13 8474 7 10017 1 7492 8 6035 14 10147 6 13924
221 0.70329475077690373 0.48673798499704141 4.7483999960829868 142 123 106 0.53487948811707575 11 2778 3 5044 13 5204 7 3227
222 -0.47419409646138033 0.47945284728115595 4.3528173120954659 96 82 69 0.99339992145929978 11 6557 3 5092 5 5364 12 2218 1 7578 8 2711
223 -0.94621238120272289 0.48705854037680302 4.3926112924974783 109 96 80 1.7209683335260721 11 6554 3 5095 5 5361 13 8433 1 3555
224 0.89787831744990998 0.55982465500556444 4.8573432836492572 149 125 100 0.73206746927812438 11 2850 3 5101 14 9737 4 5255 10 8168
225 -1.4833121123094046 0.51350551331607774 4.5324919946553255 66 58 47 0.84895116106636004 11 6551 3 5107 12 2194 1 7543
226 -1.533099392323642 0.52740101248846005 4.5509977464389104 48 35 26 1.497128563499841 11 2829 3 5117 12 2209 1 3541
227 -1.533099392323642 0.52740101248846005 4.5509977464389104 48 35 26 1.497128563499841 11 2830 3 5118 12 2210 1 3542
228 0.54700733432125448 0.56055571834415263 4.713417483805932 124 98 78 1.0651795382024165 11 2871 3 5119 5 2487 13 5257 4 5287 10 6979
229 0.18350618419500841 0.53974239239412136 4.5566764203885146 107 86 69 1.5924502438712427 11 6594 3 5123 5 5393 13 7209 7 7395 10 8216
230 0.33949188526843277 0.57404004192719471 4.6181927013334683 143 122 103 1.2442316442399746 11 2908 3 5140 13 5265 7 3357 4 5308 10 7014
231 -0.86941218712652624 0.54881587816621458 4.3456785165497509 138 119 102 0.64825990705464642 11 6617 3 5147 5 7417 13 9257 7 10085 1 7613
232 -0.86941218712652624 0.54881587816621458 4.3456785165497509 138 119 102 0.64825990705464642 11 6618 3 5148 5 7418 13 9258 7 10086 1 7614
233 -0.75969967614097378 0.57023212254116629 4.3526851179401156 82 63 48 1.2557812225531009 11 6631 3 5164 5 7429 13 9267 1 7626 4 2585
234 0.3086936144589485 0.61318846579082897 4.5960788233051399 158 137 118 0.68493814571950151 11 2956 3 5165 13 7258 7 3417 5 2537 10 8228
235 0.10742440669134196 0.62046092644350659 4.5046711570547453 131 104 85 1.827232045128371 11 2973 3 5180 5 2553 13 7264 4 5365 10 7064
236 0.28324447633206007 0.65872642380957147 4.5718216964321048 167 149 129 1.224858473074659 11 3006 3 5195 10 7067
237 0.35942161399651473 0.66351944776261251 4.6046833417443125 168 150 130 0.70527897306632681 11 3007 3 5196 13 7291 4 5384
238 -0.40754165223261379 0.63674109050437022 4.3794858029420638 168 145 127 0.50463851207099253 11 3014 3 5199 1 3742
239 -0.44261696767179848 0.64199094622240738 4.3807932453117218 127 105 82 0.81518904253251478 11 3018 3 5202 5 5506 13 7271 4 2644
240 0.63543977773674132 0.76739495804616265 4.7061423826865632 112 82 56 0.449147754959834 11 3074 3 5237 4 5417
241 -0.57750678363847952 0.71501413029483885 4.353947602402255 177 152 135 0.3067598971952723 11 6738 3 5248 5 5566 13 8576
242 0.70190617031266911 0.79249672013435579 4.7082326964514642 172 151 132 0.70569668605734537 11 3102 3 5257 13 7387
243 0.13705059318314239 0.78487741851383996 4.4792735024758299 171 144 123 1.4133363103533818 11 3155 3 5280 13 7392 4 7184 10 8279
244 0.55199749124870812 0.81888352082811111 4.6555773393696001 135 110 86 1.0584596647367752 11 3156 3 5283 13 5469 7 3641 4 5465 10 8268
245 1.1921561991413694 0.86143797598387539 4.7954987603855157 181 147 112 1.1715574180035075 11 3177 13 7435 12 2449 1 3922 8 2971 14 9834 6 13972
246 0.067858090799145565 0.81103147585136892 4.4439624849635786 156 129 103 1.3268962346684574 11 3208 3 5292 13 7419 7 3683 4 5490 10 7136
247 0.21224701259368661 0.82305430504715837 4.5042329083948882 155 134 115 0.59730639812364317 11 3209 3 5293 13 7426 7 7622 10 8286
248 -0.29959568993109892 0.8021213916811486 4.3656826857732218 101 80 60 0.66254141241690068 11 3226 3 5298 5 5633 13 7411 4 5502
249 -0.89884502694135793 0.79473316082750267 4.2937958047370994 156 130 107 0.70206332228253165 11 6822 3 5304 5 7516 13 9336 1 7793 8 2993
250 -1.555418338386533 0.86467777735974283 4.5351843628184536 157 141 126 1.3337882400456171 11 6844 3 5324 12 2492 1 7806
251 -0.90318273822966355 0.89602142976287136 4.2706116505785561 156 132 104 0.58624154683869689 11 3396 3 5371 5 5731 13 8673
252 -0.35015180530063633 0.91346077122998603 4.3219942302096834 149 130 113 0.69000560062307981 11 6910 3 5373 5 5733 13 8680 1 4076
253 -0.29632550165629029 0.93115788932103016 4.3337891309396683 178 156 135 0.78372485930868008 11 3431 3 5381 5 5743 13 7496 1 4096 4 5574
254 1.3272011645676201 0.98901593948135236 4.5808570227675691 171 151 126 1.1678853257374664 11 3427 3 5384 13 7517 6 13747
255 0.64322189614419967 1.0110902543925755 4.6518163287539904 162 139 123 0.37798402208796178 11 6920 3 5388 13 7513 1 4103
256 1.1907124964367033 1.0496743571247185 4.6969712349089789 132 122 111 1.2666346792799461 11 3456 3 5405 5 2926 13 7545 7 3949 6 13756
257 1.1070403777130893 1.0559716125146099 4.7252620777350929 143 130 112 2.1365813594694552 11 3465 3 5407 5 5767 13 7549 8 3140 6 13999
258 0.65140965236491677 1.0572075467218729 4.6369999752399282 94 75 58 0.53830438929622337 11 6957 3 5422 13 7555 1 4154 4 5603
259 1.1795144614949158 1.0695873464540893 4.7100703615388113 42 30 18 1.2579168593593488 11 3487 3 5423 5 2948 13 7556 7 7803 6 13761
260 -0.88804304502434284 1.0086841284959251 4.2397269118982992 151 133 113 1.0522772324434475 11 7010 3 5450 5 5818 13 9409 7 7845
261 1.2789136112382629 1.117178180645205 4.5838361334049393 115 91 67 0.90680070568311155 11 7005 3 5458 5 7637 13 8727 12 2656 1 7954 8 3232
262 0.19817594520337445 1.0863337443943706 4.436457056992368 84 68 55 0.98263386883906512 11 3566 3 5467 5 3045 10 7278
263 -0.62948447704034605 1.0787037261362351 4.2653826460602744 171 150 129 0.38499037709959721 11 3615 3 5493 13 8747
264 0.34483143594212695 1.147381442583153 4.4888928226051137 124 102 82 1.3419435603485028 11 3612 3 5496 13 7620 7 4141
265 0.10212438721603478 -1.9498153566651708 6.589872745745228 148 144 141 1.6584671207425776 11 8007 3 6055 5 6544 13 7882
266 0.10346840311442373 -1.9473552508197254 6.5787603555098206 148 144 141 1.6925541940041871 11 8006 3 6056 5 6543
267 0.81129379087227782 -1.2546030116821434 5.2744060598696585 152 133 116 0.61739496705484675 11 8213 3 6154 5 6677 7 9187
268 0.93076210236204282 -1.1976753139481282 5.2999027251529016 156 139 123 0.9733699157006962 11 5373 3 6168 5 4296 13 6376 7 6133 12 1059 1 6553 8 1285 4 6206
269 -0.81580269850171649 -1.0691771359698297 4.7704697572229939 61 65 77 1.5380576490319207 11 8222 3 6177 5 6667 13 8925 7 9192 12 4060 1 9425 8 5173
270 0.73175912580176405 -1.1259514876411816 5.2000899969841319 143 127 112 0.69224793353264025 11 8256 3 6182 7 9239 12 1083 8 1326
271 1.1117111996409705 -1.1383198719402463 5.3742713489670351 141 122 105 1.0646397177322167 11 8266 3 6185 4 6232 5 6725
272 -0.83731659351923782 -1.0468740794342102 4.7704884820025368 132 133 138 1.362196418282402 11 8231 3 6186 5 6682 13 8930 7 9204 12 4067 1 9434
273 -1.491913391014426 -1.0330696060489464 4.9435487003636247 57 61 73 2.1974386996691169 11 8203 3 6200 5 6670 7 9178 12 4032 1 9405
275 0.7920292373434753 -1.0287801830782808 5.188145637305162 155 141 128 0.80965475571709822 11 8295 3 6221 5 6750 7 9282 12 4170 4 6302
276 0.74189111557996668 -0.99798908862945435 5.0994596740074911 53 45 42 2.8303673357104771 11 5485 7 6264 1 2179 14 9459 5 4401
277 0.78768607038288596 -0.88419117735092123 5.1526028102905848 168 151 135 0.91538081810288641 11 8354 3 6284 5 6799 7 9352 12 1246 1 6732 8 1548 4 6387
278 0.79375819717619456 -0.82521551513915081 5.1484473616037709 163 144 129 0.90030960639752744 11 5628 3 6304 5 6819 13 6533 7 6388 12 1288 1 2326
279 0.94558971055076346 -0.63572999090511395 5.1710565916077647 142 121 102 0.8946244571878319 11 5747 3 6372 5 4627 13 6645 7 6487 12 1399 1 2511 4 6507
280 1.142120250491677 -0.54594402943880138 5.1321357989476724 139 115 87 1.7311389108779656 11 8498 5 6923 13 8186 7 9511 12 4415 1 6944 8 5516 14 10047 6 13867
281 0.68988138154358203 -0.48760717004970772 5.0387110702523232 76 57 42 0.677953733032575 11 8510 3 6412 5 6933 13 8177 7 9536 12 4431 1 9752 8 5535 4 6591
282 -0.48714801076006498 -0.41968386703621563 4.5790943334009322 166 156 146 0.78884357046069364 11 5841 3 6434 5 6931 13 8083 12 4422 8 1887
283 -0.38398100494141568 -0.41676992591053014 4.5922038197359125 139 125 112 0.94113939459880269 11 8526 3 6436 5 6937 13 9060 12 4430 1 6962
284 0.7181757290321179 -0.42621211096081474 5.0183817808953366 169 147 124 0.60445167436741543 11 8544 3 6437 5 6967 13 8196 7 9568 12 4460 1 6987 8 5568
285 1.2499865729234889 -0.42869218228239148 5.0829364130255215 142 124 102 1.3806039022952352 11 8564 3 6439 5 6985 13 8231 7 9590 12 4482 1 9797 8 5587 14 10062 6 13877
286 -0.57449576168105321 -0.40451994640308236 4.5824608479457263 69 64 60 0.65616215692226787 11 5852 3 6440 5 6935 13 8080 1 6960 8 1899
287 -0.46343841787912765 -0.40440972979710288 4.5866211376332373 86 79 71 0.49992046521917555 11 8531 3 6441 5 6939 1 6966 8 1902
288 0.036006743494286952 -0.39084384179203258 4.7260092973581713 159 142 124 0.38488371564403595 11 8552 3 6451 5 6966 7 9578 12 4459 8 5582
289 -0.17664299194050551 -0.3747503014425056 4.6357133978392771 152 140 128 0.75197744208129125 11 5893 3 6457 5 4743 5 6969 13 8136 7 6647 12 1540 1 2721 4 4605
290 0.42142035148791224 -0.34574887298277268 4.8847926570212534 155 137 117 0.29519896369320342 11 5949 3 6469 7 6690 4 6702
291 1.2831935475122362 -0.32819293042402042 5.0122388370198525 58 48 36 1.5243994271695889 11 5990 3 6474 5 7028 14 10071
292 1.2814010085701839 -0.32621486605317329 5.0158647673162022 58 48 36 1.5387004575800138 11 5991 3 6475 5 7029 13 8257 7 9638 12 4550 1 7074 8 5659 6 13879
293 1.3074771898214945 -0.30327364375983945 4.973853951172619 152 136 113 1.1002658461985984 11 8611 3 6481 5 8492 13 9160 7 11496 1 9852 8 5671 14 10076 4 8757 6 13882
294 -1.0786495669701415 -0.29568733808349651 4.5828965452478663 106 94 86 0.96578984969960779 11 8576 3 6483 5 6989 13 9047 7 9596
295 0.65015693540962827 -0.30090588269958524 4.9824686904159972 37 25 9 0.68017660959987569 11 8602 3 6485 5 7027 13 6786 12 1628 1 2807 8 2030 4 6718
296 -0.40446155400989003 -0.28660035491447694 4.5378149279000723 40 35 31 0.99394995009315057 11 5979 3 6494 5 7010 13 9093 12 1598 8 2019 4 4683
297 1.5329646694939143 -0.29078183383704259 5.1868754249699505 37 24 16 1.6393640194872767 11 6022 3 6495 5 1548 7 2297 4 6659 9 11709 10 9397
298 1.5848025555698166 -0.28646075632397583 5.2126508476231717 50 33 22 1.7619828565068769 11 6026 3 6497 5 4883 13 4659 7 2306 14 8917 9 12202 4 7926 10 9395
299 1.2152350989045106 -0.27642058630815247 5.0666892274028204 144 119 89 1.076417930985458 11 6021 3 6502 5 7056 12 4566 14 10079
300 -0.19818873804001719 -0.25050000568817388 4.5796678138268545 181 171 161 0.73047316376072102 11 6017 3 6516 5 7035 13 8188 12 1646 8 2070 4 6767
301 -0.50665048478570862 -0.22679490815542219 4.5218623157143218 141 128 119 0.72081357060067053 11 6030 3 6527 5 7038 13 9109 1 7077 8 5679
302 -0.34231136914734261 -0.22164406577343582 4.5382262456314297 134 120 111 0.47051549208370774 11 6037 3 6529 5 7049 13 8187 12 1664 8 2091 4 6789
303 -1.3039794377642024 -0.20515606161093641 4.6582496216537974 146 132 123 0.61410978744715261 11 10327 3 6536 12 6447 8 8070
304 -0.2214829390223288 -0.19231040203386168 4.5626027513512257 75 65 56 0.50084685619140501 11 8652 3 6540 5 7073 12 4586 8 5704
305 -1.2190871590213983 -0.18330766874525006 4.6300026999875037 45 34 28 0.88207629416015387 11 11569 3 6549 1 11529 8 8084
306 0.27921299217688589 -0.17031943526067067 4.7635802136846168 111 89 76 0.4419487168091023 11 6104 3 6558 5 7100 13 8252 7 6842 12 1730 8 2167 4 6795
307 0.82519428822507923 -0.17038384623925695 5.0032944418598317 170 152 128 0.33152642697301937 11 8683 3 6559 5 8516 4 6768
308 -1.4062688818040985 -0.16886083165633814 4.6839252045650097 66 56 53 0.95556440071357684 11 8617 3 6561 12 4537 1 9834 8 5670
309 0.37816329984205876 -0.16228725068882535 4.8086649867893456 161 140 123 0.58157885960882527 11 6111 3 6563 13 6832 7 6849 12 1747
310 -0.0300724768895268 -0.14020573670117367 4.613273649691787 134 120 109 0.45165468519391616 11 6129 3 6575 5 7108 13 8251 7 9749 12 1759 8 2195
311 -0.87627486977800839 -0.11632754808692963 4.5233693886165671 139 127 115 0.98591269210624044 11 10356 3 6593 5 8513 7 11526 1 11567
312 0.53162316397286757 -0.098646086609034317 4.8826260469493263 147 133 120 0.27193365603790121 11 2173 3 6596 5 4994 7 6893 4 8020
313 -0.78255619383185504 -0.067633534905938542 4.5088513311952001 174 160 149 0.29835896666695061 11 8716 3 6613 1 9887
314 0.79473938037296643 -0.034304333795384265 4.956826601735278 171 151 127 1.0794021917010734 11 6195 3 6621 7 9808 8 2268 4 6835 10 8867
315 0.87423078140916066 -0.032673648466943206 4.99782005084242 184 159 137 1.121525370067465 11 8741 3 6622 5 7140 7 9809 1 7202 8 2269 14 10092 4 8037
316 0.8536219207383352 -0.0099668252484477263 4.9790296393226603 159 135 107 1.2660338063171768 11 8745 5 7147 7 9825 4 8043 3 6628 10 8870
317 0.90541518817893774 -0.0073062370234180107 5.0066091504010073 159 135 111 1.018963460502182 11 6204 3 6631 5 5048 14 9620 4 6842
319 -0.46407560622293026 0.074661900672621254 4.4535749189725182 178 163 150 0.19010365191749523 11 8784 3 6678 5 7177 13 9176 12 1872 1 7254
320 -0.42893224920311634 0.1056704704952708 4.45252927098461 153 137 124 0.62097856830817999 11 6276 3 6687 5 7186 13 9183 1 7273 4 4995
321 -0.50066694866837014 0.12152425797397971 4.4535288012072307 150 131 117 0.61922756111091193 11 8805 3 6690 5 7194 13 9707 12 6550
322 -0.50298559746120119 0.18138765661585848 4.4388750668653669 171 163 150 0.97821373876173356 11 8834 3 6727 5 7220 12 6569 1 11636
323 0.96894297457035694 0.29408428780752305 4.9683809964541075 159 137 113 0.50403815153657072 11 6385 3 6751 5 7260 14 10126
324 0.96894297457035694 0.29408428780752305 4.9683809964541075 159 137 113 0.50403815153657072 11 6386 3 6752 5 7261 14 10127
325 0.81715202174955104 0.3304591685272914 4.8780005211262747 140 116 92 1.3977301073253328 11 6428 3 6774 5 5210 14 10129 10 8928
326 1.2652897106475902 0.35219680702608258 4.8091073775894682 129 115 104 1.5084292189824471 11 6453 3 6783 5 5237 7 7228 13 5120 14 9687
327 1.0348241380961749 0.38798074029873314 4.9531035072565288 56 38 25 0.93507441016863546 11 8915 3 6785 5 7303 14 10386
328 1.0348241380961749 0.38798074029873314 4.9531035072565288 56 38 25 0.93507441016863546 11 8916 3 6786 5 7304 14 10387
329 0.92976385778239934 0.38980942302285404 4.9288951358008717 150 126 102 1.0120286761108113 11 6457 3 6792 14 10137
330 0.85646965475349079 0.54787272735231418 4.8446295238395525 137 113 87 1.363146070887808 11 6568 3 6859 5 7389 8 2718 14 10159 4 8180 10 9533
331 0.24651236530554554 0.54246273296399683 4.5852588486187749 103 81 67 1.3958455369458991 11 9001 7 11734 8 6117 10 8997 10 9547
332 1.1234068694901036 0.65586185428514676 4.858270816613345 178 158 130 1.18308676003346 11 6650 3 6903 5 5460 13 8553 12 4948 1 7642
333 0.33908239463105749 0.64144387484228116 4.601452559932075 123 101 80 1.5611719395684065 11 9038 3 6914 13 9305 7 10127 12 4958 1 7648 8 6173 4 7116 10 9561
334 -0.57356198951925519 0.63212969789529228 4.3735163272248299 138 115 97 1.0406228924835887 11 6675 3 6926 5 7455 13 9293 12 4972 1 7661 1 10164 4 7136
335 0.20390776678268963 0.66649023396363583 4.5361918876924685 160 132 110 1.0525238130890233 11 3019 3 6929 5 5508 13 7294 7 7500 4 7131 10 8248
337 1.1816537583151998 0.75054078668500335 4.8327367369069396 33 21 9 1.1159872411144114 11 6706 3 6937 5 5533 13 7354 7 10165 12 2357 1 3796 8 2877 14 10199 6 13692
338 1.133275481852809 1.0440475215483365 4.7212290955731584 60 51 40 1.196224488643431 11 6930 3 7070 5 7587 13 8697 12 2591 1 7898 8 3116 4 7261
339 0.31198606203498236 0.99879631554163717 4.5069291081398228 96 77 62 0.93810149717505009 11 6939 3 7076 13 8696 7 7772 1 4132 4 7264 10 8341
340 0.24241251033281319 1.000404085733956 4.4754645796184445 177 163 152 1.5803788144772395 11 9233 3 7085 7 10308 12 2605 1 7916 8 3147 10 9089
341 0.32676338989059639 1.0476107602271059 4.5027340743793198 166 141 121 1.246304794380219 11 6972 3 7104 13 8714 12 2632 8 3185 4 7289 10 9093
342 1.279988817648694 1.0840138766549323 4.5902291004513511 93 69 45 1.013971682668751 11 9255 3 7111 5 7624 13 8722 12 5171 1 7939 8 3200 4 5620
343 1.2801177788285596 1.0836499420423509 4.5897162245853842 93 69 45 1.0873702075420708 11 9256 3 7112 5 7625 12 5172 1 7940 8 3201 4 5621
344 -0.22248997063353293 1.0315618979830687 4.321143082175082 175 154 135 1.2694990984396046 11 9275 3 7116 13 9411 5 7633 12 5189
345 0.35098603287843499 1.0993372422397836 4.5002790090965465 164 142 121 1.4015036014664475 11 7022 3 7124 13 8731 7 7866 12 2669 1 4224 4 7308 10 9105
346 -0.59202255425040007 1.0461329471232734 4.2707649112117192 171 152 135 1.4343165601844683 11 9294 3 7125 5 7653 13 9420 12 5207
347 0.11560455425236582 1.0788057673467346 4.3990115011966004 95 76 61 0.77869681637406551 11 9287 3 7127 5 7650 12 2676 4 8348
348 0.13258347039079921 1.1021712408151503 4.4001727349673665 157 136 119 1.4283564885385964 11 7044 3 7143 12 2687 4 7321
349 -0.88451006305139246 1.1990483764404603 4.1981427604711898 103 87 71 0.8201630313100311 11 9400 3 7220 13 9481
350 0.058232844149691043 -2.005358289257678 6.6341202670132464 47 52 58 1.4159179736421401 11 11302 3 7531 5 8212 13 9553 7 12490
351 0.061384809609482061 -1.4516735272969561 6.498720037842876 148 139 132 0.41385103651340643 11 10051 3 7572 5 8271 7 11191 12 6161 1 11244 8 7693
352 -0.51349597718436168 -1.0666821461440319 4.748923171593491 59 65 81 1.5594198632860905 11 10102 3 7590 5 8295 13 9570 8 7791 4 7764
353 -0.64230307168795209 -1.0459771472601636 4.7534326245883989 131 131 133 1.362094893139028 11 10104 3 7598 5 8301 13 9566 7 11245 12 6204 1 9449 8 5194 4 6350
354 1.0191265841198152 -0.72746919813646804 5.233164510853074 158 138 114 0.76770018987771838 11 8433 3 7689 5 6866
355 0.85403297417803758 -0.6881548352233523 5.1334994774328839 155 133 112 1.2859628560515441 11 10224 3 7698 5 8386 12 6361 1 9660 13 8113 8 7942 4 7841
356 0.93914383880845331 -0.68433966648890332 5.1753983340851351 158 136 115 0.72473113297912406 11 8446 3 7699 5 6876 13 8123 12 4318 4 7843
357 1.2010577596730325 -0.54761848831688531 5.1272720649896524 158 138 113 0.8633932559503954 11 8499 3 7734 5 8421 13 9116 12 4416 1 9739 8 5520 4 7870
358 0.24097258105594066 -0.31313664419466825 4.8009700394506929 90 80 71 0.3428711549779927 11 8596 3 7784 7 9621 4 7958
359 -0.53305154274479871 -0.28534364313312 4.5314799667282895 42 34 31 0.71289900977835974 11 10320 3 7792 5 8478 13 9648 1 9815 8 8062
360 1.6611381578388382 -0.2528587682575833 5.226523733975772 167 141 115 1.2816263171272886 11 6051 3 7803 5 7080 4 8764 14 9606
361 0.415324114010451 -0.21342415034575468 4.8261848525501723 32 23 18 0.35668149972086194 11 8636 3 7815 5 7074 13 9142 7 9687 7 11514 12 4588 8 5695 4 7981
362 0.46443632621029485 -0.20662889366809389 4.8512873871825093 32 23 18 0.43653665962362992 11 8643 3 7819 5 8500 13 9150 4 7984
363 -1.0762727870614563 -0.16895329598746145 4.6008282686842525 147 135 123 0.7760041109336745 11 10341 3 7827 5 9398 13 10086 7 12751 1 11545 8 8098
364 0.11922102867525441 -0.14184596545147415 4.6952739937548662 93 75 65 1.1563008703511621 11 10357 3 7835 5 8518 13 9685 7 11535 12 6493 4 8807
365 0.91948969295225524 -0.062156871464917648 5.0125273428164068 134 110 86 0.65798963415670475 11 8732 3 7852 4 8811
366 -0.52439750417278419 -0.069350211698187142 4.494901122173415 4 4 4 0.60942822739475799 11 10374 3 7854 5 8529
367 1.0537956492759535 0.30947550957631559 4.9772848303573891 144 120 94 0.76416380556615993 11 8893 3 7927 14 10131
368 1.0925851450911406 0.3162505150699132 4.9752548164749886 169 156 137 0.63612268017110052 11 10479 3 7931 5 9478
369 -0.36334488489749989 0.44435872086268546 4.3795213306134846 122 108 95 0.66903326851246125 11 10518 3 7976 5 8661 12 6645 1 10085 8 6068
370 0.68475454958099613 0.51050671399807057 4.7626903172079373 26 17 10 1.0153586630240516 11 8977 3 7981 13 9269 12 6657 1 11717 8 8316
371 1.013242441557733 0.53666662535664866 4.9184516183017086 175 153 129 1.1960634561126304 11 8983 3 7985 5 8674 14 10398 4 8903
372 -1.5108030029031565 0.49184652289676839 4.5563443210255397 108 96 84 1.3534320830555018 11 10517 3 7988 12 7806 1 11705
373 -0.70397278772739447 0.53422530622511577 4.3541088558168983 123 104 89 1.5933373074493804 11 10550 3 7995 5 7409 13 9776 1 7608
374 -0.86038371975396011 0.60577247408691937 4.3267251476047361 108 85 67 0.51822811371919475 11 10568 3 8006 13 9791 7 11763 1 11757
375 0.59500116003834791 0.72577973099292714 4.6961380074479484 172 150 127 0.61552224623497975 11 9080 3 8021 13 8580 12 4995 1 7709 8 6206 4 8215 10 9568
376 1.2979856349053471 0.73133221042334517 4.7068388799504541 57 36 20 1.262540547731007 11 11751 3 8022 5 9545
377 -0.37952825918382371 0.69384077660899612 4.3918014002412811 18 14 13 0.5762396625962497 11 11755 3 8029 5 9546
378 1.3697450374937561 0.75535264637934518 4.6510352181059522 65 48 32 0.94963384910071691 11 9103 3 8031 5 7490 13 8609 12 5020 1 7740 8 6229 4 8221
379 -1.454146681476495 0.73838324354016194 4.5278640056009714 146 129 108 0.63513981194984426 11 9098 3 8035 7 10173 12 5012
380 1.1995012651872998 0.81455223302710189 4.7885846388605673 169 136 103 0.75253330243116734 11 10622 3 8050 5 8755 13 9341 11 9122 7 11813 12 5037 8 6241 4 7171
381 -0.89191608519466392 0.76494970075943558 4.2950443041222686 155 127 100 0.87392005475274626 11 10641 3 8064 5 8766 13 10229 7 11824 1 10227 8 8417
382 -0.82381002395561331 0.7929800187453574 4.2642018072255778 164 138 111 1.3382335683128128 11 10651 3 8079 5 9584 13 10239 7 11840 1 7794 8 6274
383 -0.86652829115998653 0.86608783822756708 4.2704851604151521 148 122 95 0.84503697510566156 11 10662 3 8113 5 8789 13 9871 7 11866 8 8466
384 1.3358091390427678 0.96300206712801006 4.5951536423877632 170 150 125 1.1605376652878241 11 9205 3 8117 5 7567 12 2553 13 7504 8 3085
385 1.2590875174766691 0.99057807023806677 4.7114708157157326 151 136 115 0.8521547847569545 11 10668 3 8121 5 9608 13 9879 7 13006 12 7929 8 8479
386 0.58947744615170916 1.0266332807643064 4.6276806158172947 160 135 113 1.3631828496666871 11 9228 3 8133 13 9394 12 5154 8 6356 4 9018
387 0.12551361358977231 1.0171152279786506 4.4199106694439125 170 147 129 0.37934571844300757 11 10692 3 8146 5 8831 4 8319
388 0.31847098365194293 1.0747472553090076 4.4915924801747193 157 135 114 1.6464822834270763 11 9270 3 8160 13 9413 7 11940 12 5186 1 7949 8 6391 4 9039 10 9614
389 0.31847098365194293 1.0747472553090076 4.4915924801747193 157 135 114 1.6464822834270763 11 9271 3 8161 13 9414 7 11941 12 5187 1 7950 8 6392 4 9040 10 9615
390 0.098567584048856238 -1.8811207173866424 6.5844857735562954 59 52 51 1.1794565639239325 11 9982 3 8524 5 9229 13 9564 7 12500 12 6069
391 1.2462945056746975 -1.5816595056984188 5.5163346960859325 58 49 44 1.1602868348689057 11 10036 3 8529 5 8247 13 8951 7 11171 12 6156 1 9323 8 7709
392 1.2460337834841742 -1.5812665404289377 5.5155360782852325 58 49 44 1.1733384351976419 11 10037 3 8530 5 8248 13 8952 7 11172 12 6157 1 9324
393 1.1903208183359015 -1.5721037577166672 5.4908551576929208 159 147 135 1.2789863981220257 11 10040 3 8531 5 8251 7 11176 12 3971 8 7708 4 9218
394 1.5811784229584926 -1.5521111017328819 5.8224185049554302 155 143 129 1.100020015727438 11 11353 3 8537 5 9262 7 12541
395 0.11303485880016517 -1.671485462327712 6.5639309291819448 173 162 152 0.57787091021441117 11 10018 3 8538 5 8245 7 11157 12 6110 8 4967
396 1.0506924800690398 -0.57829147429402217 5.1798427588460401 50 38 24 0.76877946265038177 11 11483 3 8643 5 9345 13 10092 7 12681 12 7584 1 12612 8 9536 4 8710
397 0.72533194514699473 -0.52266667236961972 5.0504300416779042 168 147 126 0.63038328728894444 11 10265 3 8652 5 9350 13 9101 7 11407 12 6395 1 9729 8 8005 4 9296
398 1.3052226565080058 -0.50186337025479544 5.0494365468810809 145 125 98 1.1798147048937333 11 11516 3 8654 5 9362 13 9665 7 13557 8 10638
399 1.223842287204699 -0.3813639024988747 5.0902505230630553 150 130 105 0.70495997841157088 11 11550 3 8676 5 9385 13 9676 7 12732 12 7645 1 12652 8 9581
400 1.223842287204699 -0.3813639024988747 5.0902505230630553 150 130 105 0.70495997841157088 11 11551 3 8677 5 9386 13 9677 7 12733 12 7646 1 12653 8 9582
401 1.1242510401207357 -0.37597662724850617 5.1194441991680266 171 151 126 0.64314887416124655 11 11549 3 8680 5 9389 13 9675 7 13581 12 7644 1 12651 8 9580 4 8744
402 0.1452896341256803 -0.323606583742303 4.7615932449927536 31 27 21 0.64519053013851357 11 10316 3 8686 5 9391 13 9114 7 11476 12 6439 8 8054 4 8775
403 1.0967763542423357 -0.32866763013737021 5.1007517822973067 79 62 44 0.67182614660327555 11 11556 3 8687 5 9393 7 12737 12 7655
404 1.1805626471790207 -0.29118393531198467 5.0969081277364481 145 125 100 1.0362873437447586 11 11565 3 8691 5 9396 7 12742 12 7677 1 12666 8 9596
405 -1.0140516013959391 -0.16978662887919171 4.5889217202735164 138 124 111 0.83457214741513641 11 11573 3 8706 5 9399 7 12752 1 12670
406 1.6567334419520581 0.0092863096639642165 5.1379756269041224 161 135 112 1.0312669500243798 11 10394 3 8726 5 9435 7 12804 12 7721 8 8169 1 9924 4 8817
407 1.1712653714732815 0.080239808926896736 5.0086231751849501 169 155 130 0.85235232162406438 11 11643 3 8735 5 9439
408 -0.3757271224764851 0.25350141108898322 4.4430843965690334 157 141 125 0.86299180758896965 11 11679 3 8773 5 8612 13 10140 1 11668 12 6598
409 1.324011886813941 0.30801606994873043 4.8237234101986939 154 138 122 1.8394672275482713 3 8776 12 7774
410 -0.29242215587241471 0.46779766207960599 4.3891543548838907 104 86 72 0.87337008972786312 11 10526 3 8808 5 8667 13 9766 12 6654 1 10090 8 6088 4 8913
411 0.24618803824691227 0.50779369888248826 4.5955514851096693 145 126 111 0.78548679587645731 11 10529 3 8810 5 9509 13 9783 7 12900 12 6658 8 8320 4 8910
412 -0.63906284578615091 0.48023128618819982 4.3566502801451241 123 104 89 0.83012676037530031 11 11711 3 8813 5 7378 11 6556 13 9763 12 4895 1 7573
413 0.76158500775694649 0.62873614374848452 4.771766369989364 154 131 113 1.2356123741684661 11 9025 3 8827 13 8535 7 10106
414 -0.76354312457440277 0.60221380479224296 4.3370395811315587 126 107 90 0.86427945374672899 11 11734 3 8833 5 9533 13 10195 7 12925 1 11753 8 9787
415 1.247572259832769 0.71067229491923456 4.7673914283466106 163 135 105 1.5491276776436802 11 12608 3 8837 5 10225 13 10221 7 13712 12 8665
416 1.1495518431908778 0.72300162980062788 4.8202523075259132 180 154 129 0.97395380650802232 11 10582 3 8838 5 9541 13 9830 1 11779 8 8368
417 1.1495518431908778 0.72300162980062788 4.8202523075259132 180 154 129 0.97395380650802232 11 10583 3 8839 5 9542 13 9831 1 11780 8 8369
418 -0.91525205705182033 0.65566709222564645 4.3428537384269532 112 89 71 1.2670399918666511 3 8843 5 10226 13 10466 7 13710 1 13591 8 10833
419 -0.51147209856331743 0.68799533020757075 4.3659141355587074 31 27 26 1.8556309131912685 11 11753 3 8848 13 10213 1 11786 12 6715
420 -0.51147209856331743 0.68799533020757075 4.3659141355587074 31 27 26 1.8556309131912685 11 11754 3 8849 13 10214 12 6716 1 11787
421 0.19021072013839058 0.7507241910302811 4.5096157308775604 137 109 85 1.8601835971775851 11 10611 3 8858 5 8749 7 11800 4 8959 10 9046 7 10188
422 0.18972070645750216 0.7504221264811084 4.5100418119338368 137 109 85 1.7842479920118974 11 10612 3 8859 5 8750 7 11801 4 8960 10 9047
423 0.16949276839819422 0.82714414942998737 4.4811679996224054 132 102 76 0.62498763166824434 11 10647 3 8875 7 11839 12 6764 8 8434 10 9586
424 -0.38248720477021225 0.89885832592287451 4.3444677272228516 49 48 43 1.5738032540501572 11 11795 3 8893 5 10268 13 10500 12 8717
425 -0.38260697096076035 0.89973724437915925 4.3459848818360962 49 48 43 1.3546518425745033 11 11796 3 8894 5 10269 13 10501
426 0.7079997811130162 1.0847463335790275 4.6360080646960071 162 143 126 0.68993832412760303 11 10700 3 8924 8 8526
427 1.2518074292864738 -0.52163193830946863 5.0993276612438665 165 153 131 0.68006046360146566 11 12458 3 9270 5 10573 13 10407 7 14118 12 9074 1 13452 8 10628
428 1.0908000839091274 -0.51088200525472083 5.1566077662771592 170 149 121 0.88417914622048932 11 12457 3 9273 5 10572 13 10405 7 14117 12 8489 12 9073 1 13450 8 10625
429 1.1112745082670989 -0.43460883848566167 5.1269345783073463 71 52 36 0.59450112911392361 11 12470 3 9285 5 10080 13 10107 7 13570 12 8507 1 12641 8 10655
430 1.0313250514862009 -0.34746380684160683 5.1432006055719866 160 140 116 1.4556660236432264 11 12482 3 9297 5 10595 7 14136 12 8517 1 13468 8 10666 4 9307
431 -0.2057717585733628 -0.23109860464472387 4.5692038632869556 66 53 45 0.98706656796427628 11 12493 3 9311 13 10404 12 8525 8 10685
432 -1.373414215794734 -0.20211267506488423 4.6692472588526641 119 109 101 0.77344431292948757 11 12488 3 9316 1 13467
433 1.0917945044612054 -0.16552080347031228 5.0920397955207211 168 153 130 0.89413133654156385 11 12506 3 9317 5 10113 1 12687 8 9615
434 0.37979308127273692 -0.15616860129523444 4.813178038472163 151 129 113 1.1917804211481358 11 12505 3 9319 7 14156 12 9099 13 10422 8 10697 4 9677
435 -0.52844397147558753 -0.15572365569358598 4.5123229870095409 144 130 117 1.5822666058385622 11 12501 3 9325 13 10408 1 13479
436 -0.38765812041285258 -0.14085977247890344 4.5140809205530248 50 37 28 2.1616607528279266 11 11592 3 9327 5 10110 13 10106 12 7686
437 0.63080995046109833 -0.069352369051312548 4.9176582000159579 147 133 120 0.82408589593620629 11 11607 3 9333 12 7703 7 12783 1 11585 8 9632 4 9357
438 -0.3418850332278407 0.78865822123187157 4.3535556757159517 126 105 87 2.1551821724345683 11 11775 3 9397 13 10485 12 7890 1 12855
439 0.24656053211243034 1.0432757135050146 4.4646244607587118 154 136 118 1.0099353544966667 11 11818 3 9427 7 13030 12 6844
440 0.63843362749634724 -0.33533170371423265 4.9878943782185665 152 141 129 1.2284267635150734 11 13134 3 9703 5 10591 13 10108 7 14135 12 8514 1 13465 8 11428
441 0.60081234832437691 -0.27065784472217896 4.956060750613176 167 155 139 1.1281071585120335 11 12490 3 9708 5 10094 7 13589 12 8524 1 12664 8 10677 4 9661
442 1.263430081685045 -0.26831980600587579 5.059535790325457 153 128 97 0.88215043393523374 11 12494 3 9709 5 10098 8 10683 1 13478
443 -0.03788476771175836 -0.21613902934478285 4.6287065278645967 158 144 135 0.88956820346356791 11 12496 3 9715 5 10099 13 10104 7 13596 12 8530
444 0.78446202869848392 -0.19737643083325884 4.9780290875855373 76 63 54 1.7611195895852432 11 12498 3 9717 5 10603 7 13600 4 9952
445 0.062161770611069478 -0.12643257236917882 4.6650464991828482 107 89 77 1.3377869883794473 11 12509 3 9723 5 10116 13 10116 7 13611 12 8542 4 9688
446 1.3639090921857648 0.0015001392611963746 4.8626455012890633 165 148 122 1.322061598409854 11 12530 5 10133 13 10136 12 7720 8 10729
447 -0.34873382214173115 0.48017397659630962 4.4488021599482712 97 81 66 1.5098218840561062 11 13196 5 10909 4 9982
448 -0.90689325979831692 0.60488374127756805 4.3536473558225266 107 88 73 0.69048665536837184 11 13206 3 9773 5 10659 7 14586 1 14086 8 11529
449 -1.5685167243243194 0.66273900930560647 4.5862946287126629 119 104 85 1.4021827292348834 11 13210 3 9775 12 9170 1 13589
450 -0.67530746246732487 0.76337863986140608 4.3403191051680041 191 170 149 1.7257924131635693 11 12626 3 9785 5 10667
452 -0.50652405286026547 0.8857458546552649 4.3116237416904726 26 25 23 1.2726038431910298 11 13234 3 9802 1 13628
453 -0.44411019626043186 0.938975979758361 4.3133565195003305 174 153 136 2.0707616737160373 11 13239 3 9808 5 10678 12 8731 4 9764
454 -0.2382412686192541 -0.36487210351912924 4.591671782282126 119 109 94 0.97136717815526785 11 13127 3 9970 5 10828
455 -0.3410828923429734 -0.29153838989754804 4.5302590724022789 21 16 12 0.86405730639449263 11 13135 3 9981 4 9948
456 0.020819557418970736 -0.26593693072925939 4.6527240215431069 41 30 24 0.55552622492217718 11 13546 3 9986 5 10842 7 14520 12 9483
457 0.73196454734015981 -0.27468034889222553 4.9776429443641597 172 154 134 0.88662270010694033 11 13140 3 9987 5 10845 7 14524 1 14012 4 9943
458 0.31632725504729287 -0.23162920770975359 4.7991997673044384 50 39 33 1.1331747213792547 11 13551 3 9989 5 10846 7 14529 12 9487 8 11958
459 -0.43470156943899463 -0.20262122526503695 4.5204529409047494 169 150 136 0.42253040197986036 11 13141 3 9996 5 10848 12 9090
460 0.65834692285910068 -0.20363325120381875 4.9151393152680933 64 53 44 0.80523611607062673 11 13143 3 9997 5 10601 7 14147 12 9096 4 9951
461 0.18537719460244356 -0.16581977905813305 4.7260042919347942 60 40 29 1.4110870087764051 11 13558 3 10001 5 10851 4 9957
462 0.57319016284706126 -3.7770225951476544 10.02985674152011 146 144 145 1.2613178301961652 3 56 11 79 5 4 7 197 1 489
463 0.42652210777123611 -3.6835954998594582 9.9453308150119639 152 148 149 1.068867312556214 3 64 11 83 5 12 7 213
464 -0.3866420809747414 -3.6014083546439948 10.133772210874874 96 95 100 1.5677698844079839 11 4822 5 19 7 5498 1 478
465 -0.16642050757521371 -3.5848724717043603 10.04858071905335 157 156 161 1.1329627384882608 11 91 5 28 7 223 1 505 8 170
466 -0.37986543308330523 -3.5657134008246145 10.133250479505705 157 156 162 1.0596933931334531 11 4828 5 30 7 5505 1 5688 8 167
467 12.707147798007851 -6.3654729763970073 14.930007285501267 131 132 142 2.2834570976351425 11 4844 5 33 7 5527
468 -0.27108173477288522 -3.5480512507058362 10.086604470561358 154 153 158 1.1726631120864266 11 93 5 34 7 233 1 516
469 -0.1398953748553797 -3.5357059650795777 10.024564242999711 154 155 159 1.2251395051981766 11 100 5 36 7 239 1 537
470 -0.19622954508244395 -3.528647773012711 10.030458742118562 166 165 170 0.96131556826029507 3 115 11 98 5 38 7 236 1 5703 8 182
471 -0.19622954508244395 -3.528647773012711 10.030458742118562 166 165 170 0.96131556826029507 3 116 11 99 5 39 7 237 1 5704 8 183
472 0.4846368402822181 -3.5936174525229929 9.995392392827652 155 153 156 1.2756249747125856 3 92 11 105 5 40 7 249 4 121
473 0.58944080771432927 -3.6219300676981052 10.054507579853103 153 156 161 1.3011658010639588 3 87 11 106 5 41 1 576 4 104
474 -0.4094722063111596 -3.5144664972362074 10.133242291116542 152 152 156 1.1021028127603123 11 96 5 46 7 240 1 521 8 176
475 -0.35360539447153505 -3.5154260343088164 10.106170937505857 166 167 172 1.0329981510868544 11 97 5 47 7 241 1 527 8 180
476 -0.27322010420904735 -3.5139707645430489 10.065646004331922 89 88 91 1.2969319113551607 11 102 5 48 7 242 1 536
477 0.52117312870769406 -3.5673136869577053 10.037715430253341 123 122 127 1.4203839854476166 3 106 5 55 1 598 11 114 8 212
478 0.52117312870769406 -3.5673136869577053 10.037715430253341 123 122 127 1.4203839854476166 3 107 11 115 5 56 1 599 8 213
479 0.48889466519990266 -3.5386247027086752 9.9982646860751405 161 164 170 0.61454858015458214 3 109 5 61 11 118
480 -0.01951258683692586 -2.6474810358213356 7.0679980739636958 73 81 91 1.4935246399410893 3 114 5 62 7 5577
481 0.69206989185987355 -3.5686951856709945 10.08833762548492 166 164 167 1.3494017906561842 3 110 11 121 5 64 7 288 1 613 4 130
482 -0.21403967982467031 -3.4430668144372443 10.033587677754252 146 147 151 0.87111935721438805 11 4846 5 67 7 5534 1 5720 8 202
483 -0.21578648232629788 -3.4408963527533158 10.021673999074496 146 147 151 1.0387595267609755 3 137 11 4847 5 68 7 5535 8 203
484 -0.33274977494534219 -3.4343751848578363 10.086201914995865 160 159 164 1.22282711171282 11 116 5 72 7 277 1 569
485 -0.33254730575842395 -3.4321929185997444 10.085008917615184 160 159 164 0.99655988050061206 11 117 5 73 1 570
486 12.68045360602291 -6.0351577966047465 14.549101680603137 122 126 135 1.3832934571381654 11 153 7 5560 1 851
487 0.53241102257085748 -3.4823533756960319 9.9854052290243676 165 168 173 1.420695077920995 3 120 5 83 11 129 4 3669
488 0.6931104879339417 -3.5051929340665771 10.061076592156429 157 158 163 1.6192756981100564 11 136 5 87 7 304 4 3665 3 121
489 0.58531343538531011 -3.4753301473275378 10.018910716603118 167 168 170 1.3701469534422634 3 129 11 135 5 90 1 652 4 156
490 -0.2788253427716979 -3.3781494583692275 10.026280721836617 161 162 166 0.83567480560441154 3 150 11 4857 5 92 7 5546 1 5735 8 226
491 12.602054777761724 -5.9637066697669852 14.499925853515894 75 78 87 2.0811463833780333 11 166 13 495 7 5562 1 869 8 297 6 5659 2 4095
492 0.65028258074499712 -3.4711575318841015 10.058386603329325 162 166 169 0.95135810153051059 3 132 5 98 1 672
493 -0.18924286915901894 -3.3394118372368085 9.9679353033075042 88 86 91 1.0284739946548209 3 158 11 138 5 102 7 308 1 627 8 246
494 0.62122018535413182 -3.4428308601811373 10.043161767331791 121 120 125 0.62641225838473535 3 140 5 103 11 147 8 255
495 -0.37661665640488445 -3.3253700486346971 10.047541560759957 86 86 88 0.93462683819900594 11 137 5 104 7 313 1 619 8 239
496 -0.30659143304866016 -3.3245527570243154 10.028395931055487 162 163 167 0.83720902168503886 11 139 5 105 7 5553 1 5751 8 242
497 -0.24910033425789527 -3.3288580630159608 10.007193984344434 159 158 163 0.91978445407412512 11 140 5 106 7 317 1 634 8 245
498 0.73486948996101076 -3.453173430498544 10.062787782334413 171 172 176 1.3020201681704258 3 138 11 150 5 107 7 325 4 162
499 -0.059342563917214153 -3.3254771402453231 9.93070911824754 161 162 166 0.76787110274762771 11 144 5 111 7 5556 1 648
500 0.4858339662379515 -3.3862434326474808 9.9689476584402321 161 157 156 0.3558097564348241 3 146 11 152 5 112
501 0.69733604431322271 -3.4216764855131143 10.069335384393611 160 164 167 0.58592898125515969 3 143 11 160 5 115 1 701 8 268
502 0.54554387566553375 -3.3802339705169038 9.9923059822012092 164 165 168 0.69502857094267789 3 148 11 4865 5 119 1 697 8 267
503 0.63206938330924556 -3.3707323580615198 10.030620116636051 164 168 171 0.62107738706961735 3 152 11 173 5 133
504 0.9714610091447714 -3.4109373323239618 10.082171933635417 95 93 98 1.0263455148405254 3 147 11 177 5 136 7 356 4 164
505 -0.020539707001775986 -2.4728103268035935 6.9543731760072598 73 80 88 1.129018385185012 3 162 11 261 5 139
506 -0.76680096802857522 -3.2062873197343524 10.074126059275754 153 156 163 1.1430284090269194 11 154 5 142 7 344 1 639 8 250
507 -0.13755290107681736 -3.1803655395467474 9.9406112828289057 152 156 159 0.81571896752187689 11 195 5 160 7 377
508 0.86904342968635817 -3.3247982560425728 10.100359093421678 110 105 102 0.78966379462488157 11 201 5 162 7 384 1 752 8 302
509 0.67419349048395549 -3.2666878182043408 10.029140025614909 168 164 163 0.56178555770186367 3 178 11 202 5 165
510 -0.57725975827347598 -3.1459616982438519 10.101898389777139 155 156 158 1.207709034608841 11 4876 5 167 7 5581 1 5790 8 278
511 0.65939096298242406 -3.140797624439672 9.9950383902098991 148 151 156 0.5859255884590101 11 231 5 191 1 811
512 0.715748226987864 -3.1244686910531896 10.000189492438441 154 159 165 0.3645860313085687 11 233 5 199 8 342
513 0.82651502704588242 -3.115864080816956 10.048513474823125 162 166 169 0.73239967627933078 11 239 5 209 1 847
514 0.041106445771778188 -2.2424409926358275 6.816231006580602 58 61 68 1.1925567527530609 3 229 11 317 5 214 7 511
515 -0.060787321835947677 -2.2042544039179721 6.7497115785931099 136 137 139 1.0599691467281545 11 322 5 219 7 515
516 -0.060787321835947677 -2.2042544039179721 6.7497115785931099 136 137 139 1.0599691467281545 11 323 5 220 7 516
517 -0.065696966748871183 -2.1407755273538229 6.707499745108862 69 69 69 0.79343604114670085 11 348 5 237 7 5705 12 453 1 6050 8 560
518 -0.064100756171721729 -2.10949441697207 6.6959625616431104 147 146 142 0.99021602339129033 3 248 11 361 5 250 7 566 1 1111
519 -0.05303905761588984 -2.0314166697199272 6.6669165554291556 102 93 86 1.2364319267559551 3 285 5 269 1 1183 13 12
520 0.068104604320795348 -1.9647547028710501 6.6167291486577389 53 56 56 0.64211812341565666 3 295 11 438 5 288 7 660 1 1243
521 1.0623677759803947 -1.8132955043199415 5.5057971140903188 128 123 120 1.3837894730691935 3 250 5 293 4 267
522 -0.20437891304779515 -1.8720597193257607 6.6689198860849705 109 104 102 1.6753513979514867 11 469 5 316 13 3581
523 4.0500385683774223 -1.6345290226088955 3.6604616586232099 130 125 122 1.5311838990661977 3 3627 5 323 13 571
524 4.0500385683774223 -1.6345290226088955 3.6604616586232099 130 125 122 1.5311838990661977 3 3628 5 324 13 572
525 -0.22530331055919955 -1.8353517932152843 6.6642654416347709 139 134 126 1.9744011986505965 11 485 5 330 13 61
526 3.9671477945643896 -1.6279716575731713 3.8007441243518576 127 110 100 1.4024536422092173 3 3642 5 334 13 588 13 3966
527 3.8807893614149385 -1.6322563386837186 3.9139863056647255 130 127 130 1.1854856133893672 3 3645 5 341 13 579 7 998
528 0.013711379561086146 -1.8001900095810663 6.5981642206998385 116 107 98 1.0049227638424612 11 514 5 348 13 3625 1 1356
529 -0.79707122122753749 -2.2964708431479606 9.8653149637081174 79 73 75 2.0125789580675271 11 390 5 369 7 5754 12 478 8 491
530 -0.79707122122753749 -2.2964708431479606 9.8653149637081174 79 73 75 2.0125789580675271 11 391 5 370 7 5755 12 479 8 492
531 0.030579511132126425 -1.7329354156874359 6.5921000835243158 112 105 97 0.3427651036375805 11 563 5 388 7 803 1 1395
532 0.030579511132126425 -1.7329354156874359 6.5921000835243158 112 105 97 0.3427651036375805 11 564 5 389 7 804 1 1396
533 1.2125342725745769 -1.6191585844769825 5.4400724578109934 115 110 104 0.82554287093735401 5 394 14 8605
534 0.12268836550258577 -1.7267038862295241 6.5753792122831705 123 112 103 0.41490392074168131 11 566 5 397 7 814 13 175
535 -0.081185422941768115 -1.6891206654781605 6.5981073760564026 125 115 105 0.55412612526512672 11 576 5 410 7 825 1 1416
536 -0.081185422941768115 -1.6891206654781605 6.5981073760564026 125 115 105 0.55412612526512672 11 577 5 411 7 826 1 1417
537 1.2626594719168831 -1.6157648019982827 5.5292732319811453 158 153 147 0.92935886642117715 11 692 5 412 7 900
538 2.5396981670649925 -1.8443239169568493 6.2629357070997758 135 136 138 1.7500142404266088 11 660 5 418 7 882 14 6162
539 1.1605388660364016 -1.5819361576216575 5.4913795258922464 163 154 147 1.4271278200910529 3 3790 5 419 13 3728 7 911 1 1684
540 0.79885715358724563 -1.5007201057697406 5.3155847403417429 174 165 158 0.93602313376199442 3 363 5 427 4 426
541 0.79975584233888519 -1.498410307283002 5.3132860732687446 174 165 158 1.0537985201875464 3 364 5 428 13 255
542 11.529592261828597 -3.8664655592539434 14.161375768560724 139 134 131 0.99053067351025881 11 502 5 437 7 760 6 5878 2 4235
543 1.9723569878541483 -1.7093373769634297 6.027269407196413 139 129 120 1.4906920848394822 3 341 11 701 5 441 13 434 7 918 4 3793
544 11.511903760237299 -3.8475880265369935 14.242246522969799 136 132 131 1.1891282812724084 11 507 5 445 2 4236 7 769
545 -0.44466807329857683 -2.0780843195419583 9.613315820016739 147 134 125 1.0933335024063371 11 5052 5 450 7 5805 1 6121 8 4828
546 2.6392257974569677 -1.7584173398564413 6.1773525492630146 90 94 97 2.5658877706196144 3 3783 5 455 13 3928 7 5933 1 1736 14 7675 6 11596
547 0.1086264713489975 -1.5624210071167635 6.5423263122862538 139 134 128 0.47633976205715922 11 685 5 483 7 917
548 1.066804095426185 -1.4561353850904235 5.4207085672044837 152 142 133 0.78700299053632239 11 798 5 486 13 357
549 1.1505070619186828 -1.4692529486641404 5.4540319363602938 164 154 145 0.93412085617217733 11 791 5 488 13 366
550 0.9920897001387271 -1.4277725148508624 5.3220283986593575 169 159 150 2.0030145435382627 5 493 14 7541
552 1.0884536197280759 -1.4408133760518926 5.4047739894387377 173 163 154 1.3402388072628084 3 410 4 3855 9 9509 10 6172
553 2.6406755351082127 -1.6688948423270102 6.1542552069502721 109 109 107 2.2369321587134787 3 361 11 786 5 514 13 3972 7 1023 1 1795 6 11605
554 -0.51787019506406362 -1.9196549692683018 9.6335520183059504 142 129 121 1.2769557273511445 11 559 5 521 7 857
557 -0.26591168140282823 -1.4563081268315232 6.5912881424129095 55 50 47 0.55893553339419944 11 726 5 533 1 1629
558 -0.26591168140282823 -1.4563081268315232 6.5912881424129095 55 50 47 0.55893553339419944 11 727 5 534 1 1630
559 2.2850099671539872 -1.596443593595158 6.1515344748368239 167 155 141 1.2612907643899163 11 820 5 535 7 1051
560 -2.3167715380577172 -0.8857311948180201 3.9766001107675728 78 65 58 0.37483904635563708 5 538 7 1147
561 1.0853419285904993 -1.3708932480050795 5.3496231274618005 173 163 153 2.171209380842603 5 542 14 7581
562 1.1109854051200134 -1.3840778697837026 5.4139239121017519 173 163 153 1.4028002696338755 3 431 4 479 5 543 13 413
563 2.0105093642110745 -1.5482355510518289 6.0221386750570183 164 150 139 1.00303086747413 11 825 5 544 7 1057
564 2.8021125108470541 -1.6345106187396456 6.1999298089126889 136 131 127 1.5675113179581461 3 3812 4 6117
565 -0.25138962009559307 -1.4413873686115379 6.5863449474056495 168 159 151 0.54278144214224278 11 738 5 546 7 995 1 1639
566 1.5282732514368966 -1.4604795319524193 5.7614351861919575 151 141 129 1.6050886293429101 11 845 5 547 13 502 7 1070
567 3.9775598899845828 -1.3374487565853697 3.697828562397476 42 28 19 1.5778957262065421 3 3730 5 549 13 809
568 0.87475502691159079 -1.3322580317903034 5.3016086917649776 147 134 125 1.0814284129278453 3 442 5 553 13 384
569 0.85492502060102915 -1.3246408382449506 5.2986226253679396 171 158 149 0.63975268556048948 3 3859 5 560 4 3897
570 3.1930036051865187 -1.6629108111598394 6.4032245457307511 140 136 135 1.2339102080565334 3 3814 5 564 7 1073
571 0.096137802385017401 -1.4273312190135343 6.4836491732807442 82 78 75 0.40098647766649592 3 473 5 568 7 1026 1 1715
572 3.9132372807807658 -1.3196454658911276 3.7766997297255935 128 101 84 0.80784994687300771 3 3742 5 572 13 4162
573 0.01274266917814687 -1.4128031379060413 6.5120367827572379 132 122 113 0.2400328145224119 11 784 5 573 7 1040
574 0.25720331172215416 -1.3737160469316585 6.4111311988842079 79 69 59 0.10694155698734853 11 832 5 610 7 1077
575 0.34091052450086123 -1.3560945097436758 6.3903040953797312 152 133 116 0.37344460928032391 3 488 11 855 5 620 7 1093
576 -0.74831046997231554 -1.0422074663264633 4.7616956487511439 150 147 142 0.90048536979241345 11 967 5 635 13 6192 7 1190 1 1951 4 840
577 3.9722984660569689 -1.2405014848429996 3.6500413582059861 41 26 19 1.2331320259425804 3 6066 5 637 13 4226
578 3.1164520472341186 -1.5396859853814253 6.3164391074212274 110 103 97 2.6305284518151022 3 6126 11 899 7 1144 14 6284 4 7647
579 -1.2609187234024606 -0.99077951499903771 4.8546343348715428 137 136 141 2.446062118899706 3 593 5 648 13 6174 7 1198
580 3.9889185520273469 -1.215184022383897 3.6191964534895256 164 149 144 1.1969299776597133 3 3775 5 650 13 922 7 1434
581 -2.000001150090811 -0.96611284023525568 5.1764790894475921 127 126 131 1.7598741334408101 11 926 5 651 7 1166
582 -1.5897369236673589 -0.97301042573599328 4.96933633491071 107 108 112 1.5125276001086858 11 959 5 652 7 1194 1 1895
583 2.7810115203805812 -1.45903372192783 6.158176993791761 162 153 146 1.6339234581910922 11 917 5 653 7 1174
584 -0.65428726592521425 -1.0092161598488405 4.7484357263008627 136 126 117 0.80672158506744507 11 1013 5 659 13 6215 7 1244 1 2009
585 -0.87842983525319629 -0.9899817944394349 4.7640659303154669 91 81 79 1.3094943421261043 3 584 5 660 13 6195 1 1987
586 3.9973319669008984 -1.2017758916459367 3.6359985326162163 75 56 49 1.0283515178006715 3 3780 5 661 13 4262 7 1449
587 4.0730457754604439 -1.1921506466747358 3.5137557380841749 98 79 64 1.4155700790348453 3 3772 5 662 13 949 7 1460
588 -2.1410718614080126 -0.94752543248141352 5.2510225866974141 144 142 147 2.1641258709554694 11 939 5 663 7 1184
589 -0.94497603564813559 -0.98542203135576178 4.7874240420934608 101 96 92 0.97440405915234618 11 1012 5 664 13 6190 7 1236 1 1983
590 2.9737160346924303 -1.4569283062931082 6.2273484767469576 126 115 109 1.7426250739307403 3 3866 11 936 5 668 7 1191 14 4091
591 2.9882885782294433 -1.461075944911155 6.2674175233054878 126 115 109 0.84448950660089273 11 937 5 669 7 1192
592 -0.38986272212695866 -1.0122400432672207 4.7470624910211603 161 149 140 0.79860702499573544 11 1039 5 676 7 1268 4 823
593 -0.66677600692158001 -0.97672045857246226 4.7623608977696676 165 156 151 0.48871802678787962 11 1052 5 693 7 1290
594 -0.43475348175713607 -0.99043976765627395 4.7385920342577332 125 112 104 1.2260786598072566 3 582 11 1057 5 694 13 3706 7 1302 1 2073 4 857
595 -0.39029265447916783 -0.9889142369047681 4.7426549234144586 110 100 90 0.37241574044581133 11 1061 5 698 13 6250
596 -0.39029265447916783 -0.9889142369047681 4.7426549234144586 110 100 90 0.37241574044581133 11 1062 5 699 13 6251
597 0.83818090760172892 -1.1369672694017445 5.2467678751196836 173 159 148 0.52344249088561801 3 523 5 704 13 532
598 2.7610617408699478 -1.3711174834247333 6.134377049092727 120 110 98 1.5060880128978686 11 992 5 710 7 6148
599 0.89322615431589536 -1.1297017149874817 5.2671381992862178 171 157 144 0.51331477150027405 3 528 5 723 4 4002
600 1.144068153397598 -1.1494177314214884 5.3768685904551736 173 157 144 1.1905721161060732 3 3949 5 726 13 622 7 1312
601 0.19074222410839375 -1.028765948982052 4.9433558349688678 46 37 38 0.467590209079291 3 576 5 733 4 766
602 -2.1167565846115353 -0.87240375911277612 5.2106026724060248 113 108 111 1.9603204964459504 11 5402 5 738 7 6159
603 0.87611325930745332 -1.0978167044213871 5.2520262562664266 139 125 112 0.95277481997473445 3 559 5 743 13 3963
604 3.2478200254668832 -1.3825689200772697 6.3423815797436633 122 113 108 1.8888105661545431 3 479 5 752 4 3841
605 4.030071320061392 -1.1125758332165201 3.5384850147771152 152 139 130 1.5027679719815488 3 376 5 757 13 1029
606 0.89026326818046819 -1.0849562815364497 5.2589761687913263 179 165 152 0.83701774365451875 3 562 5 761 4 686
607 3.9954448426271969 -1.1020611619707603 3.5887439040098492 148 138 128 1.699843337306727 3 3819 13 1038 7 1556 5 764
608 4.0400493218180848 -1.0916866778790841 3.5242798521316763 157 143 134 1.5861537334947222 3 387 5 772 13 1051 7 1565
609 1.2117745152744934 -1.1016493180907081 5.3819599927187349 172 156 141 1.3468768018504171 3 3974 5 773 9 9609
610 0.75730795280212038 -1.0473533926204481 5.1929464385818793 172 162 150 0.35108039157887844 3 586 5 776 7 1366
611 3.9629225834958759 -1.0923866064534218 3.6366447914996676 143 131 119 0.28460573516140264 3 409 13 1049
612 -0.13426975197421442 -0.93816125735570954 4.789040731642717 166 156 145 0.47941919946447237 11 1145 5 779 13 3801
613 2.1031950454297039 -1.2132342344663873 6.0622450601650932 34 37 43 1.4376427513557206 11 1074 5 791 7 6211 13 4150
614 0.48210018786946074 -0.99382840915303217 5.0575624814153963 41 31 30 0.52668069956782637 11 1140 5 793 7 1405
615 1.8936768586859811 -1.1824301384224898 5.9736583230077391 133 125 117 0.87777545098015552 3 563 11 1088 5 798
616 1.9749865941998381 -1.1750365487215249 5.9984986079033016 144 134 125 0.93815721391129792 3 571 11 1097 5 812 7 1367 1 2139 13 4149
617 -0.077671166308996925 -0.91249704622849404 4.7982565574074734 151 135 120 0.73249008906455182 11 1176 5 814 13 3835 7 1431
618 -0.077671166308996925 -0.91249704622849404 4.7982565574074734 151 135 120 0.73249008906455182 11 1177 5 815 13 3836 7 1432
619 1.8777033457583463 -1.1579217645570867 5.9515561061449977 160 150 140 1.1144318670165263 3 578 5 820 7 1386 13 797
620 0.9922315044169806 -1.0206369138771705 5.2781155271986639 173 157 144 0.86239999002929291 5 829 13 4043 7 1423 3 4026 4 4076
621 1.9576397982016145 -1.1494622520624389 5.9814062248767179 130 121 112 0.88875080625692193 3 588 11 1121 5 833 7 6248 13 825
622 2.1715565522989628 -1.1740498851072081 6.0834057094006306 149 142 134 0.99076597219639773 3 3984 11 1113 5 834 13 4183 7 1399 1 2165
623 1.7870532967194039 -1.1328879089101198 5.9136799303013339 57 50 44 1.4052640525961013 3 3999 5 838 4 6236
624 1.0077359391590233 -1.0016000580688076 5.2743327136523428 144 128 113 1.7722582647253664 3 4038 5 845 9 10806 10 7771
625 2.4921691491287654 -1.1577317093701782 6.0557252717440706 143 135 123 1.6002689107220747 11 1155 5 858 14 4147
626 3.7869013860111225 -1.031852813395342 3.8926024835064648 151 144 136 1.1949126420777139 3 456 5 859 13 1109
627 0.36460390573898172 -0.90814087460237791 5.0010815726830655 119 105 96 0.89410449492867883 3 690 5 864 13 3973 7 1479
628 3.7519685290955098 -1.0223818158265547 3.9294481694140093 149 141 130 0.73158931126998494 3 3891 5 872 13 1114 7 1626
629 3.8092049113559727 -1.0012297520195734 3.8490254156903965 75 66 61 1.4203991402799236 3 3896 5 893 7 1656
630 3.8544215289553585 -1.0013791748037253 3.8013502827610002 139 125 116 1.392287517456742 3 464 5 894 13 1144
631 1.949048028511573 -1.0627550085253539 5.9692335856611933 66 56 47 0.89259885527316452 3 4059 11 1203 5 902 7 1477
632 2.1812661033144307 -1.0712825379905944 6.0601540829426312 155 145 137 1.0368750447095247 11 1217 5 913 3 4063 7 1484
634 1.6852391975972667 -1.0108031448012065 5.8185587938998911 156 144 132 0.84691913596538526 11 1235 5 924 13 4203 7 1500
635 4.0471505582643772 -0.93204106820415167 3.4026225833318846 138 124 113 0.91178992644486068 3 3892 13 1207 7 1757
636 1.8597388731276205 -1.0044312782384082 5.9224892279410115 103 93 84 1.0109780841585361 11 1252 5 943 7 1527
637 4.032576091561225 -0.92672865329830711 3.4250734813599299 137 123 110 1.1373253048470371 3 3898 13 1213 7 1763
638 1.6980146520297903 -0.96104256040124725 5.8315883764763798 49 45 37 0.96010748525788581 3 4112 5 949 13 4248
639 -0.41333993147817871 -0.87665062198003185 6.540858746217892 98 88 78 1.8910062642768954 11 1188 5 953 7 1482
640 4.0077953043273267 -0.91366035367200016 3.4515429279680157 146 132 121 1.6423060022421487 3 3909 5 954 13 1223 7 1775
641 2.5677481444158934 -1.0057684153131341 6.0644678127201948 71 62 53 1.3354639046546262 3 705 11 1301 5 965 13 4370 7 1570 14 7826 4 677
642 0.5869282392886046 -0.82197337337575838 5.2987460638642743 116 99 83 0.47969509010055461 11 1331 5 967 7 6376
643 0.62263369354520559 -0.81576075143721871 5.2077035869992025 166 150 135 0.31177443678789873 11 1344 5 969 7 9370
644 0.64989970949389597 -0.79357529806584981 5.1240910139525919 65 51 40 0.66598633526570739 11 1376 5 980 13 4136 7 1623 1 2343
645 -0.2490611231833561 -0.82016616216398097 6.4226455841513364 36 27 20 0.50589322412807169 3 846 5 988 7 1550
647 0.84945810731543203 -0.76996239949358247 5.1620374486908451 172 156 140 0.43081745955595424 3 815 5 1008 4 981
648 1.9532899942144244 -0.88968829864316801 5.9149986554910798 153 143 133 1.7650826214243687 3 773 11 1366 5 1009 13 4353 7 1639 1 2350 14 7807 4 825
650 2.6174544575532281 -0.93066075825939631 6.0500141609444338 59 49 39 1.1392162311541465 3 4142 5 1016 7 1648 13 4425 4 4071
651 1.0182024235671943 -0.77942558756983693 5.2338320449044531 141 122 105 1.2303448622555773 3 4195 5 1017 4 959
652 2.3541111606716454 -0.90542412098370895 6.0812958607670078 124 108 93 1.1837225417042481 11 1377 13 1123 7 1651 14 6417 4 4118 5 1028
653 1.8706138395537657 -0.85668737813770857 5.9282032547706551 40 32 29 1.479454819226329 11 1398 5 1031 9 10872 7 1658
654 1.8462476718506138 -0.85530713502109101 5.8582419962148 40 32 29 0.80757267338795424 11 1399 5 1032 7 1659
655 2.2777130359120386 -0.87206605383784852 6.0560767854180835 29 29 32 0.98180011376813503 11 1409 5 1046 13 1136 7 1672
656 3.8677774523799084 -0.81656593563790003 3.7268588696906915 143 116 97 1.4702337759234723 3 614 5 1054 13 1303
657 3.8677774523799084 -0.81656593563790003 3.7268588696906915 143 116 97 1.4702337759234723 3 615 5 1055 13 1304
659 1.6616256638852387 -0.80280699263837174 5.758807664626076 131 121 111 0.96836195335370678 11 1437 5 1061 7 1694
660 2.3565445968356222 -0.83985387815634738 6.0841813073880182 146 136 124 0.79109417505060342 3 818 11 1440 5 1075 7 1705 1 2434 8 1651
661 2.3219798357023449 -0.79490096283573153 6.0593207807018814 152 140 127 1.071397843210709 3 4222 11 1478 5 1101 13 4478 7 6453 1 2465 4 4179
662 2.187892360793775 -0.74771795861082135 5.9706183115462483 140 130 118 1.1190057756422866 11 1503 5 1119 7 1783
663 2.3000384895179402 -0.75415942970697936 6.0396860391481599 45 36 26 1.0520616593022567 3 4238 11 1497 5 1120 7 1785 4 6415
664 1.9661900977669826 -0.72275816793794745 5.8920448748336041 155 145 135 0.50203527485037203 3 4251 11 1511 5 1128
665 5.7845778451026186 -1.0582171600821448 9.0960411927530842 111 114 120 1.9291094507315627 3 4214 5 1129 13 1437 7 1716 2 9363
666 5.7845778451026186 -1.0582171600821448 9.0960411927530842 111 114 120 1.9291094507315627 3 4215 5 1130 13 1438 7 1717 2 9364
667 0.89391629520030225 -0.62838738878145539 5.1449622078523687 145 128 110 0.91099133015293932 3 4276 5 1131 13 4329 4 4360
668 0.69482700499693284 -0.61164927933333235 5.0740268880492492 111 92 75 0.85757896008942891 11 1562 5 1133 7 6496 12 1402 1 6874
669 0.59865333488846018 -0.5958893938093468 5.247490251337906 136 119 103 0.51816803240113185 11 1566 5 1144 13 4303 7 1828
670 0.80100335224790442 -0.60277165801345711 5.1009886173088423 155 138 120 0.57048356589279303 11 1581 5 1145 4 4383
671 1.8088070306360877 -0.6834970305263347 5.8120644357354676 148 138 127 0.76245538245984368 3 4269 5 1146 7 1818 4 6463
672 0.75637540428696515 -0.58282173768836776 5.0775976869112078 189 179 159 0.51729041223616745 11 1601 5 1154 13 1030 3 939 4 4397
673 0.74274013590906562 -0.57823148955189974 5.0422763234286974 189 179 159 1.8670094452059796 5 1155 14 8747
674 -0.89213005230501741 -0.45330116497918888 4.6243800509553141 171 164 156 0.8710241283509309 11 1649 5 1174 7 1897 1 2554
675 0.82782128436241209 -0.55521163122152295 5.0988340951356372 152 135 117 0.51082484853094179 3 966 5 1190 13 1094
676 2.1376161092001906 -0.64960244527288158 5.9473127210078944 117 106 92 0.90573815386925605 11 5758 5 1193 7 6515 1 2558 8 1780
677 -1.3531037015965981 -0.41403278851807795 4.7385547264695731 30 28 31 0.6110855006906456 11 1659 5 1208 1 2545
678 0.79643072675452442 -0.53838208234224816 5.0554008279057321 185 166 149 1.6105928108348568 5 1211 13 1108 14 8769
679 -1.6272308580661852 -0.39705112885997196 4.8371566237203245 32 27 23 0.98356539922019992 11 1648 5 1216 7 6547
680 1.0645743358527819 -0.55047000240641297 5.1676428064031619 143 122 101 1.1632368987229436 3 977 5 1220 7 1926 12 1477 8 1839
681 0.61922155257337275 -0.52180109313150247 5.1470594616993877 172 156 141 0.44437877956244304 11 1661 5 1224 7 1932 1 2605
682 3.2398556041228379 -0.68418406603726711 6.1807143717150348 142 124 110 1.9647000078060959 3 911 5 1227 14 4485
683 -0.47693940223074194 -0.4423710712111471 4.5829006025268377 49 36 28 1.0193825280758968 11 1702 5 1229 13 6540 3 4350 12 1475
684 -0.44606408425144739 -0.44159759910185409 4.5917869567813003 33 23 15 0.92051197243497551 3 4351 5 1233 13 6544 11 1709 1 2626
685 -0.83105629350790977 -0.41805689056878564 4.6155112258027415 153 145 134 0.6729963732267924 11 1705 5 1241 13 6504 7 1966 1 2614
686 -1.536641860185159 -0.37959384371769012 4.7822396502688793 158 149 142 0.82638283611311347 11 1688 5 1251 1 2563
687 3.3143523840266043 -0.6540251278202257 6.2090131410463858 160 144 131 1.4250326691718997 3 4293 11 1643 5 1266 13 1424
688 3.2830348283795141 -0.6416642379840698 6.1956874985500328 132 113 99 0.9869875308986783 3 942 11 1662 5 1271 7 1960 14 4510
689 -1.4658744253778018 -0.3652414302972708 4.7624587775490426 77 73 70 0.41850565747290597 3 1230 11 5821 5 1274
690 -0.43969897697946037 -0.40597571912385705 4.5839810212591772 173 163 151 0.32343374363480254 3 1141 5 1286 13 4207
691 -1.3236813874097009 -0.35632429226651374 4.7184488258597579 143 139 130 0.96313395761688836 11 1753 5 1294 7 2012 12 1479 1 2622
692 -1.6308572039439384 -0.34083069910735292 4.8116453738316993 158 151 141 0.93988389437661501 3 1296 5 1295 7 1997
693 -1.363600864336032 -0.35012246319999912 4.7301241271714467 158 155 148 0.89647614597657621 11 1757 5 1298 7 2016 1 2625
694 -1.245286209285547 -0.34971724900394641 4.6886311035860198 29 24 20 0.79235074015386309 11 1768 5 1307 7 2029 1 2646
695 -0.091911461209501916 -0.41102907125515947 4.6620720882755604 142 129 113 0.58694549628246562 3 1136 5 1310 13 4291 7 2045 4 1511
696 -1.2818118899425273 -0.34595593434382216 4.7063594578552799 42 38 35 0.82426435637276174 11 1776 5 1314 1 2644
697 1.0244592988920456 -0.47287041053079859 5.1498306002385821 179 161 141 1.8670764350252018 5 1316 13 1215 14 8817 6 12518
698 -1.9128911089085325 -0.31182557637561636 4.9407543768522517 149 140 133 1.2744319252944869 11 1751 5 1319 7 2010
699 -1.153430458198379 -0.3460172754465059 4.6639959441300851 48 49 41 0.71899318671435497 3 1268 5 1322 7 2041
700 -0.35681476932021927 -0.38708611458936565 4.5818644377785054 156 144 132 0.31872281551495502 3 1174 5 1323 13 6593
701 -1.1244224399726863 -0.34710754906413221 4.6615402018466066 54 56 45 1.0827576144300226 11 1792 5 1330 7 2043
702 -0.15064604131829851 -0.39240603280857927 4.6466491963638674 94 86 75 0.99171980851246566 3 1170 5 1336 13 4298 4 1545
704 1.9809053201761158 -0.5060219574297744 5.4029427722271492 85 71 58 1.0744476813057429 3 1021 5 1340 14 7878 6 11676
705 -1.6073782071661564 -0.31475511784223192 4.7976257761185339 151 148 143 0.5723819269040441 11 1783 5 1344 1 2641
706 -2.002963030855478 -0.29218260207413682 4.9885469156421856 95 85 76 1.4299949472796056 11 1767 5 1345 7 2025
707 -0.52992395266055659 -0.36334980038404963 4.5719079634334916 47 40 32 0.62517951876218136 3 1226 5 1350 13 4236 4 1625
708 1.628717541461334 -0.47909631884095555 5.2881448437934262 41 31 21 0.6131099281293374 11 1786 5 1351 7 6637
709 1.628717541461334 -0.47909631884095555 5.2881448437934262 41 31 21 0.6131099281293374 11 1787 5 1352 7 6638
710 1.7118544086995602 -0.47044790468253611 5.3211611696830801 50 36 23 1.7208460542615054 3 4344 5 1370 4 6561 9 11648 10 9359
711 -0.54096855199925775 -0.34962808464418599 4.5640668696043631 145 138 128 0.85245737546278388 3 1259 5 1373 13 4250
712 1.5252874519031372 -0.45905055330389777 5.2397759258065904 48 34 21 0.63495564850789654 11 1807 5 1375 14 7841
713 1.5253571167083337 -0.45903770942520439 5.239511973503828 48 34 21 0.64456702154959244 11 1808 5 1376 7 2082 14 7842
714 -0.33318239617527401 -0.35884093738756639 4.5926113713802295 65 61 52 0.7130080719274412 3 1233 5 1378 4 1605
715 -0.20043399382437402 -0.36413067025001472 4.6269572432294268 127 117 105 0.25364707052283125 11 1833 5 1379 7 2103
716 1.6416168509519782 -0.45594941955497098 5.2672823773142223 135 119 106 0.55358212322157829 11 1816 5 1389 7 2090
717 1.7614730401058916 -0.45078826961619706 5.3004948930369231 84 71 57 0.90361750958758669 11 1826 5 1401 7 2107 13 1364 14 7871
718 1.1875076947376888 -0.41547902582322621 5.1046181795044614 90 72 49 0.41876540250437544 11 1836 5 1413 13 4542 7 2115
719 1.7258321836271726 -0.44037764785643307 5.3247523363798157 38 26 14 0.69799882557154891 11 1831 5 1417 7 2117
720 1.7444528667331718 -0.43948414844699818 5.3110550131521617 131 117 104 0.82790571107470001 11 1834 5 1418 13 4586 7 2118 1 2747 8 1947 14 8889
721 0.30837380529882485 -0.36412535580065808 4.8332715241741129 158 145 126 1.019488281276169 3 1234 5 1422 13 4464 7 2131 4 1535
722 -0.16519036739851695 -0.33696531183291573 4.6294039147608697 178 170 160 0.26378646116111198 3 4448 5 1423 4 1622
723 0.086170371837823612 -0.33887238183572799 4.7356115999384718 57 47 35 0.499343520494753 3 1290 5 1431 13 1147 4 1591
724 1.0571698180705531 -0.38060961052715797 5.1173877415994431 180 162 140 1.8465671551561578 11 1859 5 1434 13 1311 7 2151 6 12537
725 0.27498368865554679 -0.34041650571075538 4.8141250153949278 178 162 147 0.27822242999021418 3 1291 5 1440 7 2164
726 0.2752376481820944 -0.34026343353086624 4.8120450193203936 178 162 147 0.32870470126011919 3 1292 5 1441 13 4475 7 2165
727 0.5839420874236686 -0.35112612332267173 4.9632294038770075 67 57 48 0.16652526625234423 3 1269 5 1448 4 1524
728 2.7382851629347145 -0.43459990815747934 5.6513065624361749 52 51 49 0.73302129927236992 11 1864 5 1461 13 4673 1 2788
729 1.5670656972308303 -0.37244731536341857 5.2205597003332755 159 143 128 0.83901343353832569 3 1235 5 1464 7 2191 14 7880
730 1.7798677931755118 -0.37907777082150151 5.2927309978844246 152 140 128 0.5438820872705622 11 1886 5 1468 7 2193
731 1.58228314788877 -0.3657472368033074 5.2207649326220773 43 31 17 0.6983240451239916 11 1895 5 1471 14 6479
732 4.0556228016898146 -0.47133174287312085 3.3293812147514381 9 12 17 0.99935025265011379 3 938 5 1474
733 -0.66985387383149975 -0.25853545507547449 4.5307938989892351 145 132 124 0.79802710897957918 3 1402 5 1477 13 6637 7 2222
734 0.89332514818970787 -0.3238692477542916 5.0533278427565165 157 136 115 2.3316307844051583 5 1481 14 7823
735 5.4439155363633471 -0.49705865979537356 8.6106047240738164 163 168 176 1.3756392920482243 3 1173 5 1491 7 2137 2 8290
736 1.0600521827858058 -0.32101479444195824 5.1111136992673671 196 180 155 2.1654553693281211 3 1343 5 1495 13 4585 14 8874 6 13169
737 5.460116175371625 -0.47954890487230778 8.565571926190561 40 52 64 1.373714405124778 3 4399 5 1500 13 1634 7 6676 8 1878 14 6751 2 8297
738 5.4342643094950285 -0.46861081829324752 8.6595441826634971 30 40 59 0.43898374961053654 3 1204 5 1508
739 5.4286686737029868 -0.45352221006211474 8.5795852349878761 168 172 181 1.2378397591861716 3 1216 5 1518 7 2173 2 6665
740 1.6605624588897503 -0.32371849209766851 5.2553109799566382 34 21 12 0.91860650165093616 3 4480 11 1943 5 1520 4 6631
741 1.6559760492560711 -0.32015837206381864 5.2481346273628873 34 21 12 1.2151559941327079 11 1944 5 1521 7 2257 13 1463 14 7905
742 -0.60435411482699819 -0.22451833276898447 4.5253502809607564 198 186 174 0.65575944215955029 3 1430 5 1523 13 6675 4 1754
743 1.5566264499080313 -0.30980841361422057 5.1968160276098176 167 149 131 0.67600204029950506 3 4483 5 1525 4 6645
744 -0.82022563646468261 -0.21184758281218352 4.5354573123545121 118 108 99 0.30058213197020184 11 1982 5 1527 13 4350
745 1.0288458150974753 -0.2835757320297051 5.1128624707144477 179 159 135 1.356147290195846 11 1960 5 1528 7 2271 14 7861
746 1.7600583805216989 -0.30962194907032325 5.2939969982232942 36 24 12 0.64177807457493774 3 4491 11 1961 5 1531 7 2286
747 2.4167250222312684 -0.3323988206470837 5.5997488575220959 33 20 12 0.71346023476548648 3 1325 5 1536 7 2272 13 1528 14 6581 4 4492
748 2.7365003662653087 -0.34176068471216398 5.6255068924982403 77 74 69 0.9387089578983947 3 1313 11 1954 5 1537 13 4706 7 2278 7 6761 1 2851
749 -0.42295366358786796 -0.21972477016541592 4.5239169640994916 191 179 167 0.3059103245090688 3 1433 5 1540 13 1151
750 1.8611607057388366 -0.30000214290712579 5.3224858715559362 36 23 14 1.5760969154192166 3 4501 11 1969 5 1544 4 4524
751 1.8622809779494025 -0.30301596331362185 5.3264980044597401 36 23 14 0.53045585923749394 11 1970 5 1545 13 1495
752 5.4148769203346525 -0.41047937633969289 8.552337333530776 168 172 181 1.266683641478497 3 1279 5 1547 7 2201 2 6682
753 1.3724166765996859 -0.27992057324344943 4.9778549109901817 155 140 119 1.080255279613392 3 1382 5 1552 13 1454 7 2311 14 7869 4 1538
754 -0.10269802722619886 -0.21111044428218234 4.6027571169760542 160 148 136 0.33453019503363068 3 1444 5 1562 13 6749 7 2326 4 1734
755 -1.1331615635398604 -0.15689117105449485 4.6095451679120707 86 73 65 1.2307289085710416 3 1525 5 1572 13 6649
756 1.7134284233452837 -0.2644826116552389 5.2585837052968731 134 118 103 0.84353418524607182 3 1397 5 1573 14 7931 4 1526
757 1.7406439989404383 -0.26415890182760771 5.2848683914310497 37 25 11 1.4927945367273523 3 4532 5 1575 14 7934
758 1.7346869027103153 -0.26755480095847184 5.2677519700721689 37 25 11 1.0630757698823914 3 4533 5 1576 4 6677
759 -0.56296439244704755 -0.17657669030114875 4.512529044175972 90 76 67 0.52413897053348257 3 1491 5 1577 13 4466
760 1.2801175807902667 -0.24255207607525764 5.01060244869704 160 139 113 1.1813813389264758 11 2037 5 1586 13 4656 14 8891 6 13192
761 -0.74579772644456488 -0.16454799118930652 4.5205603315849467 74 64 55 0.37050657747907034 3 1512 5 1588 13 6695
762 5.3798502239952697 -0.33549924926750785 8.4881395943338109 174 179 185 0.98122950827702482 3 1359 5 1589 7 2262
763 5.3798502239952697 -0.33549924926750785 8.4881395943338109 174 179 185 0.98122950827702482 3 1360 5 1590 7 2263
764 0.06551679012413969 -0.18982170919871122 4.6738767504021155 181 164 154 0.47808991947593621 3 1473 5 1592 13 6783 7 2358 4 1741
765 -0.96015256044632524 -0.14110569006418344 4.5692102455973176 144 132 126 1.4773398987828241 11 2064 5 1595 13 8171
766 2.2933862933917739 -0.25870040146778706 5.4946924127545866 39 25 12 0.92212030945321499 11 2022 5 1596 7 2351
767 -0.76108076237994782 -0.14788819372885836 4.5195460170389188 74 65 56 0.81290550438281484 3 1542 5 1604 13 6708 7 2366
768 2.4047936531537339 -0.24525054662468077 5.5647026760114304 37 23 12 0.48302931546304628 3 6519 11 2047 5 1618
769 -0.75014975605483869 -0.13757516934704245 4.5257086767905976 176 166 157 0.42722549608927024 11 2090 5 1621 13 6713 1 2909
770 -0.17868132363520625 -0.15886446375186039 4.5773496435510816 184 170 159 0.45958961878468307 3 1521 5 1622 13 4536 4 1808
771 -0.84873088735653401 -0.12131681085460085 4.5211957538914191 53 40 32 0.75962015210331124 3 1586 5 1632 7 2404
772 -0.84778070028827146 -0.1208598844537445 4.5278270059638368 53 40 32 0.60844130507217975 11 2111 5 1633 13 6712 7 2405
773 0.64399503658038382 -0.16670979200655284 4.936068022102738 92 78 69 0.30058382820841467 3 1500 11 2097 5 1636 7 2398 4 4726
774 3.2535125506783436 -0.23717767728591904 6.0786782799831602 173 152 131 0.5202150889674092 3 4559 5 1638 4 4509
775 5.7036841878518896 -0.24750628561079374 8.209490642960553 44 34 33 1.2714419008681506 3 4557 5 1653 1 2883 13 4833 2 10100
776 2.3552027570000025 -0.19427780047118348 5.5242875294689178 119 101 86 0.56066985745743969 11 2098 5 1658 3 1458 7 2421
777 2.3536030321090569 -0.19529168181547601 5.5197212378774507 119 101 86 0.7412459162883771 3 1459 11 2099 5 1659 7 2422 4 1562
778 0.81781753956172165 -0.13694198777571992 4.9921796097934115 174 156 134 0.34735740480480159 3 1547 5 1670 4 1739
779 2.6301041719849843 -0.18439105438597919 5.6626380270245171 42 32 22 0.42293620328405512 11 2118 5 1672 7 2440 14 4626
780 2.6288528835566041 -0.184270939545359 5.6577790525043943 42 32 22 0.19591024011396785 11 2119 5 1673 7 2441
781 0.6310895435567192 -0.12402541071282985 4.9244131729665419 134 120 111 0.52617350376740679 3 1569 5 1676 4 1766
782 0.22426857834015879 -0.095508246883883027 4.7471911994799134 53 40 31 0.39741526740128597 11 2175 5 1694 13 6849 7 2484 12 1788
783 5.2339251190302472 -0.13316298001138935 8.5072360823367639 49 38 36 1.3959257265944938 3 4647 5 1698 7 2417 8 2076 2 9406
784 5.2125741812739239 -0.11783882056389625 8.5713416993310343 47 33 30 1.5465848404788844 3 1507 11 2060 5 1708 7 2424 2 9408
785 2.714471694856293 -0.13563036167237397 5.5580276247218112 158 143 124 0.61548624786339357 3 4666 5 1717 13 4787 1 3002
786 0.56004988565351488 -0.075003231149861863 4.8966128878192805 46 35 29 0.52629421486121442 11 2195 5 1723 7 6909 12 1798
787 5.1430162417758156 -0.089102469297342043 8.4659204812622004 103 84 70 1.7319206611178222 11 2084 5 1726 7 6875
788 0.98184932314063944 -0.065320617029618777 5.0532351029263465 147 127 103 1.2854518542928166 3 1635 5 1738 7 2538 14 7943 4 4802
789 1.6424940153194827 -0.05444949052668796 5.1371278223217329 62 46 31 0.62735077364707625 11 2225 5 1768 13 4771 7 2592
790 3.3202648528934096 -0.048792415321656492 6.0694634521235491 135 114 93 0.52626880943593979 3 4724 5 1787 4 7969
791 0.75364794048115702 -0.01289496437375659 4.9412384312612589 169 150 133 2.5210909997495654 3 4772 5 1789 14 9607 10 6721
792 -0.92094305243101615 0.02552905345826155 4.5236856111215733 180 161 146 0.32411340084096812 11 2263 5 1794 13 6809
793 1.9786489926033743 -0.017776857233135712 5.3614466362493571 79 64 55 1.2667713818928188 11 2243 5 1812 13 4804
794 1.6154693761177361 -0.01196189993627924 5.1485600470937714 148 129 111 0.83140983068993413 11 2264 5 1824 14 8018
795 -0.92127872115903808 0.051599307396401978 4.5181107761087018 137 118 103 0.61759121132138273 11 2287 5 1852 13 8258 7 2643
796 -0.42576317231402921 0.035090806869746693 4.4635927628720706 186 179 172 0.48082339600164897 3 1750 5 1858 13 6861
797 -0.36493401349768251 0.047953877139577605 4.4834391847256834 145 131 118 0.22484899370447028 11 2305 5 1878 13 6869
798 1.012588410877445 0.044807431162562986 5.0343497173876575 132 111 90 1.9712929017284615 3 1735 5 1888 14 8959 4 1926 10 6707
799 0.028670853648139316 0.076523701431242333 4.602623059411119 177 158 145 0.35171138199046281 11 2325 5 1928 13 4728 7 2723
800 -0.044522720096595747 0.08387050051275062 4.5477970800332281 160 141 124 0.68531247287900277 11 2334 5 1935 13 6904 7 2734
801 2.6619256845731365 0.11527553911840661 5.5567720675839505 71 53 31 0.62365315449390368 3 4823 5 1975 7 2768 13 1879 9 11776
802 -0.92127340973664651 0.14215324415127029 4.4882347970763607 180 160 144 0.6976675642968253 3 1839 11 2357 5 1977 13 8293 7 2767 1 9945
803 2.2510553476746544 0.14430866208349913 5.4457521701684044 96 82 73 0.79340748043481857 3 1790 5 2000 14 6743 6 10657
804 1.0256423899978131 0.14302920120452717 4.9866306731662782 186 166 141 1.7590870234909213 5 2003 7 2794 14 8990
805 3.8291571480039335 -0.052864417575320309 3.3850167090015337 79 67 50 1.3101187589244476 3 4784 13 5098 7 2916
806 0.90033755234823076 0.16463759968891667 4.9525777902808477 181 159 135 1.5982994277156126 11 2381 5 2013 14 8988 10 8067
807 2.2617053895094403 0.17088246289733561 5.4619196040312774 35 18 10 1.2940010452444495 3 1813 11 2378 5 2016 7 2820 12 1930 13 7040 14 9055 6 13298
808 2.2547781290643165 0.16735815648254959 5.4503333311265392 35 18 10 1.0065683770488281 11 2379 5 2017 7 2821 12 1931
809 2.7519409416605183 0.158746682200751 5.4658432523776899 178 160 140 0.45982924455478741 3 1803 5 2023 7 2832
810 2.4569397204216079 0.17028056465753932 5.42486205821172 71 52 37 1.0673291844530568 3 4850 11 6298 5 2027 7 2831 13 5023 8 2408 9 11786 4 4905
811 5.2568043314937896 0.32376174163063332 8.1972519008855524 145 131 120 1.4794455958270929 3 4843 5 2028 7 2776 8 2339 2 8445
812 -2.2041445663351471 0.27939590549938204 4.9501186720456252 109 88 69 1.6905973378750201 11 2414 5 2050 7 7073
813 -0.63823754340718164 0.21089387173354601 4.5022029628564626 14 12 13 0.7746479166396455 3 1902 5 2065 13 6926
814 0.8406915607343276 0.21471707560974879 4.9150249189917172 187 163 138 1.6025485884813933 3 1869 5 2068 14 9003 4 2078 10 6794
815 -0.90611829274320044 0.21650003058545841 4.4577922603887643 121 95 72 0.76742709327337022 11 6338 5 2074 7 7102 12 4745
816 4.1261878901108462 0.33866669047157555 7.0148976492832453 67 49 37 1.503194831397443 3 4891 11 2418 5 2084 2 10552
817 0.86950139825706108 0.26517530748489287 4.9293406630032877 174 154 130 0.78720092566205691 3 1913 11 2511 5 2109 14 9021
818 5.3118867880160661 0.4941259180952336 8.0956855822644318 137 118 103 1.3361415417732379 3 4915 5 2129 7 2915 14 6931 2 9499
819 0.70269774278737296 0.28552910376654034 4.8433214141080478 174 154 130 0.42554639040421977 3 1942 5 2144 13 4991
820 1.9224961176953803 0.33163380899116268 5.5172678391028835 87 69 56 0.51201244347169628 11 2527 5 2147 7 2956
821 2.6794023264792419 0.31304922125896784 5.4995755795217267 158 142 126 0.67791276564231395 3 1914 5 2149 7 7158 13 5147
822 5.3547163142792664 0.48903411662416035 7.7956930061778333 92 82 72 1.1796137910188613 3 4922 5 2151 7 2931 1 3256 2 8506
823 2.5189075392968605 0.33091836902036398 5.4455809758333737 86 69 53 1.9568959208231036 3 1931 11 2544 5 2166 13 2116 14 8146 6 10722
824 0.84104296244704757 0.31023378522796002 4.8937732072945899 177 157 133 1.4686327242686719 3 1956 5 2168 14 9030 4 5072 10 8109
825 5.2904471779749782 0.56060181969905709 8.1117070426257012 66 50 37 1.2719780867215553 3 4935 5 2177 7 7151 8 2463 2 8516
826 5.2919860628081317 0.56027781310517133 8.1142384188126577 66 50 37 1.3142679116231373 3 4936 5 2178 7 7152 2 8517
827 2.1495334146279128 0.37651659111229369 5.6532541473168791 75 58 48 0.87551951953238483 11 2560 5 2190
828 2.1103713351963789 0.36521567326119986 5.5505013158121734 75 58 48 0.79176367166687023 11 2561 5 2191 14 8144
829 2.5276346694912566 0.35719267468260274 5.4419566934802521 50 31 16 1.98262629896767 3 1955 11 2578 5 2196 13 2143 7 3006 4 5023 9 11810 14 6853 6 10737
830 1.7959382361200942 0.37812264163112652 5.3978987113425889 35 21 10 0.71378804321754963 11 2597 5 2213 7 3012
831 5.306704774584813 0.59999525968212919 8.0689394943054751 102 85 69 1.1230978283847721 3 4948 5 2214 7 7181 2 9508
832 5.2668332931230122 0.61860755196359951 8.1508881210851438 97 79 65 1.1223554050440954 3 1975 5 2220 7 2990 2 8528
833 2.5429259760357876 0.38400492805244762 5.4442847972148476 86 69 53 0.9983076602288552 3 1988 5 2226 7 3025 14 6862
834 2.5429259760357876 0.38400492805244762 5.4442847972148476 86 69 53 0.9983076602288552 3 1989 5 2227 7 3026 14 6863
835 5.2720420335928573 0.66656811462662136 8.1228041753360003 82 64 52 1.0805212652824292 3 2012 5 2250 7 3020 2 8541
836 3.142874613806053 0.44660144210409458 5.8586449955010762 146 120 95 0.21958896651796725 3 2007 11 2622 5 2251
837 3.1440319309786622 0.44751693500852591 5.8615125159090233 146 120 95 0.3772689039498161 11 2623 5 2252 4 5043 3 2008
838 3.1214336447793749 0.46196360191776592 5.8609805173597929 164 138 113 0.40313133757598046 3 2029 5 2265 4 5052
839 3.7395412890741464 0.18579745799821157 3.647361288380226 79 65 52 0.21863705837751932 3 1945 13 2284
840 -0.24564369926701551 0.37028512737158459 4.3817692552659864 41 26 14 0.51063952220441355 3 2080 5 2281 7 3107
841 5.2532291238591053 0.71033218647015806 8.0645216787117722 88 73 60 0.77459300829456978 3 4982 5 2283 7 7237
842 -0.91661074390664987 0.39069600902435397 4.3599081603332852 78 66 50 0.66240163447628453 3 2121 5 2296 13 7027
843 0.27035102220056151 0.40291562607468634 4.6162382692208288 53 43 33 0.47478821094999485 11 2690 5 2299 7 3127
844 -0.2854758137650949 0.3853129830199763 4.3710159374637874 52 33 18 0.54176772955080321 3 2107 5 2310 13 5047 4 2388
845 -0.54700243943227256 0.393195192515508 4.3600798436752086 114 93 76 0.43221009423823459 11 2704 5 2321 13 7042
846 -0.49415858561847559 0.39510545041131107 4.3514498389068503 163 141 120 0.53730247826668487 3 2127 5 2323 13 7050
847 2.3419975345149897 0.49533349074192828 5.5099551622979064 61 44 34 1.4168055066912306 3 2073 11 2683 5 2326 7 3145 14 8181
848 2.3515216826201373 0.49648442758373118 5.5285864597196612 61 44 34 1.109063954203986 11 2684 5 2327 14 8182
849 -0.24101704389004108 0.40066777511381529 4.3886611096740822 102 84 70 0.62922013729442394 3 2128 5 2331 13 7078 4 2397
850 -0.19852063697287425 0.4027185429334118 4.3962109788749881 103 84 69 0.63273440355080846 3 2129 5 2334 13 5076 4 2398
851 -0.1806905905655059 0.40324222949960081 4.4012509767255192 115 96 81 0.45756645602251561 3 2130 5 2335 13 5079 4 2394
852 2.5610482339619973 0.48714231553065029 5.431114372930602 101 82 65 1.3278757167517274 3 2074 5 2338 14 8186 9 11850
853 -0.14028334458114539 0.40663699907806905 4.4108313968002335 107 91 78 0.33734495672932341 3 2132 5 2346 13 5088 4 2399
854 -0.032804342267533815 0.41230128437431324 4.4375801078367489 155 133 111 0.59623627971720772 3 2134 5 2353 13 5102 7 3171 4 2395
855 2.2291794465066577 0.53136320148693739 5.5656949760363288 40 24 11 1.3812779481422086 11 2705 5 2359 14 9128 13 7227
856 2.2361450142001473 0.5320079557531644 5.5822951587966774 40 24 11 1.2739996118714465 11 2706 5 2360 14 9129
859 0.13485454152775883 0.44968502581265601 4.5534192027050722 49 31 21 0.50341774029854136 3 2159 5 2377 13 7133
860 0.1360207877888619 0.45085553432275155 4.5566835680463251 49 31 21 1.0946420111422523 3 2160 5 2378 13 7134 7 3203 4 2419
861 3.8794037017597476 0.22898325281408544 3.3905068773794262 135 120 102 1.8930254541811955 3 4980 13 5305 7 3278
862 -1.8879834358130658 0.50424173326092403 4.6594506520879788 61 54 48 1.6158025409555368 3 2210 5 2389 7 7314 12 2167 1 3478
863 2.1451420524881453 0.58616841195915592 5.5451588447757612 114 100 93 0.44282130686300414 3 5045 11 2770 5 2408 7 3233 4 5185
865 -0.042762340092099338 0.46590000181494534 4.4258644374162426 131 114 103 0.34488761001462792 3 2194 5 2413 4 5242
866 -0.042762340092099338 0.46590000181494534 4.4258644374162426 131 114 103 0.34488761001462792 3 2195 5 2414 4 5243
867 -0.00392464649667712 0.46894249580403718 4.4440511572447523 147 127 116 0.33793155733453878 3 5069 5 2415 4 5244
868 -0.00392464649667712 0.46894249580403718 4.4440511572447523 147 127 116 0.33793155733453878 3 5070 5 2416 4 5245
869 -0.51336878996362201 0.47033629301254093 4.3880820564573932 76 62 53 0.31430565411494216 3 2205 13 7119
870 -0.81976615708116163 0.47670267997140564 4.3507817730102225 121 105 92 0.60211901326207751 3 2218 11 2815 5 2422 13 7103 1 3556
871 0.24836977159269058 0.50082033397933101 4.5937536939458434 145 129 116 1.4409849850245031 3 2206 5 2430 13 5196 4 2453 10 6985
872 2.8569467021997745 0.57574302195570914 5.351624228421926 174 148 123 1.3901844930122431 11 2812 5 2439 7 7382 14 8210
873 1.0209983539523599 0.55516990203485594 4.9230726464785119 175 155 131 1.2560737298433533 3 2216 5 2456 13 2297 14 9117
874 2.5928154493985756 0.60953089832053819 5.4178800285590203 107 88 73 1.234941848442936 3 5077 11 2835 5 2457 7 3286 14 8216
875 0.051482336442334686 0.51853620067961503 4.5065440073189853 141 121 106 1.1139815218697002 3 5112 5 2465 13 5207
876 2.7535506322265246 0.60487312663611048 5.3469133632629147 138 120 99 0.75051648021458528 11 2836 5 2466 7 3298 14 9152
877 -0.276838409126129 0.5024632544548443 4.361813641255047 96 78 64 0.95372994722300353 11 2856 5 2468 13 7171
878 -0.27672499559243796 0.50290798606169995 4.3765984085153775 96 78 64 0.30373137216648316 11 2857 5 2469 4 2506
879 3.8209934500460236 0.32012657732183025 3.4800590680241514 42 26 13 1.1089889605559278 5 2476 4 5050
880 3.8209934500460236 0.32012657732183025 3.4800590680241514 42 26 13 1.1089889605559278 5 2477 4 5051
881 2.8743183141058721 0.61833578376546006 5.3743761973537554 163 143 118 0.88806028441534945 11 6583 5 2480 7 3320 14 8224
882 1.8222958375687597 0.68185629252089119 5.3988366516755715 133 116 103 0.81713407307357233 3 5136 11 2903 5 2507 14 8221
883 0.53071062070094854 0.60473476562372019 4.695563031918021 120 85 66 1.0643481309888125 3 5150 5 2514 13 5297 7 3381 4 5323 10 8211
884 2.1045873203868748 0.71150956647229247 5.5139810500933955 148 130 118 0.78015742874586813 3 5143 11 2910 5 2515 13 2431 7 3385 14 8235
885 3.8973577537615864 0.35362053776522928 3.3344996946320893 140 125 106 0.44391468039453036 3 2235 13 2496
886 2.6126202310312441 0.71857969739425986 5.3998639706856677 116 95 74 1.0130245167226537 11 2949 5 2535 13 2472 7 3427 14 8242
887 -1.7019592588254748 0.6292329542824695 4.593800348677842 57 45 33 1.1587631545607513 11 2953 5 2536 7 3400
888 -0.79055582884274478 0.58409677679439753 4.3428152446095396 92 73 58 0.33295511626337015 3 2352 5 2541 13 7208
889 2.6558776012047649 0.73447326734573704 5.3981626210404325 140 111 79 0.97455418418917161 3 5169 11 2967 5 2548 13 2486 14 8243 4 7099 6 12046 9 12299
890 5.2754656311331924 1.1538379400767054 7.979351789455106 48 39 32 0.95178432846484939 3 2363 5 2559 7 3439 2 8678
891 3.7823112460581148 0.42309938994720842 3.5115009049458652 170 160 150 0.016505178292618786 3 2292 13 2522
892 -1.7106001970721243 0.65659615339483934 4.5906008737611277 159 145 133 0.87264763480112773 11 2981 5 2561 7 3433
893 -0.72309757109773298 0.6143641158876515 4.3296532354938391 88 72 59 0.74480046136937328 11 3002 5 2565 13 7237 7 3454
894 -0.80185966075450299 0.61649266897491994 4.3323033745466395 152 131 113 0.70004864255645549 3 2388 5 2569 13 7235
895 2.5545699170821083 0.79431799406060422 5.4171830419610236 129 111 97 0.65332268517898862 11 3009 5 2588 13 5413 7 3481 1 3754 14 8254 6 12874
896 5.3328859220428795 1.2030592685388992 7.8667680243139584 84 74 65 1.5535025243160012 3 5205 5 2591 14 7073 2 9608
897 -0.59522675563345429 0.65254105453374101 4.3738243508215895 177 157 137 0.69977579920008737 3 2426 5 2593 13 7270 4 2660
900 3.7742769340566036 0.47277584533285705 3.5057113891743192 174 170 159 2.2564767194409781 3 2367 13 2573 7 3551 4 5237
901 3.7671844905263998 0.47122074550103848 3.4989168296473907 174 170 159 1.733165254163773 3 2368 13 2574 7 3552
902 3.7570804049780508 0.4794883300796034 3.5328016127689166 169 165 154 2.7253352264505204 3 2366 13 2572 7 3550 4 7068
903 5.3050820711214364 1.2276892428341846 7.8310876543128858 22 15 9 1.1581964819844901 3 2441 5 2618 7 3503 2 7269
904 -0.73510536314305031 0.66369411455456839 4.3216040078424598 145 126 109 0.33834028212377204 3 2454 5 2622 13 7278
906 0.14308408185427929 0.69739974271015404 4.502659779200151 129 103 80 0.57398095134646676 3 2449 5 2626 4 2668
907 -0.56915784442209516 0.68892358228082895 4.374825450265206 123 102 83 0.38014930126682717 11 3062 5 2641 13 7296
908 -0.89712539875757724 0.68265037889036517 4.314722181839846 142 116 91 1.0019132130447161 11 3067 5 2646 13 9308 7 7529 1 3798
909 0.4496119660587824 0.74295428225114335 4.6281962565835881 186 169 149 0.43588429063785156 3 2472 5 2651 4 5409
910 0.44956562675234835 0.74299602494203765 4.6283117688736608 186 169 149 0.3435533371947127 3 2473 5 2652 4 5410 12 2381
911 -0.94518540208055135 0.70923424994400075 4.3299631807787229 139 122 106 1.3965534651331228 11 3088 5 2660 13 8567 7 7544 12 2386 1 3818
912 -0.82770054327389186 0.70397358812199962 4.3031229212134381 171 145 120 0.73530909157381452 3 2502 5 2666 13 7306 7 3568
913 -0.9718665977348836 0.72329860125617162 4.3439691650680645 157 138 121 0.66885314544564078 3 2518 5 2677 1 3837 12 2401
914 2.4375060767550183 0.92376527466786873 5.4123742259119485 155 138 131 0.67952037023750045 3 2521 5 2694 14 8285
915 2.5511589762390527 0.91633439695837426 5.3733343726169069 80 67 58 0.6840605634158945 3 5260 11 3110 5 2695 7 3616 14 8290
916 1.1715049949562837 0.82449602778370901 4.8089711385513345 53 35 15 0.41726736821139793 3 5266 11 3124 5 2700
917 -1.6976235546131289 0.79971490930000944 4.6179638418271987 129 113 97 1.0178122841541721 3 2547 5 2707 7 3606
918 -0.8291974138707372 0.74102228717741581 4.2968637707309796 165 139 114 0.35057559130693883 3 2539 5 2708 13 7340
919 3.9029436314364072 0.53105945749628847 3.2871277390728117 163 155 144 0.099380811409625652 5 2710 4 7114
920 -0.81505673734382056 0.75056805149521855 4.2915916437935309 123 99 75 1.5310356670710368 3 2554 11 3163 5 2717 13 7347 7 3632
921 2.5430658441036882 0.95859061472812346 5.3691479483743629 108 90 76 0.87733611996219507 3 2559 11 3159 5 2725 13 5532 7 3662 1 3912 14 9210 6 13427
922 -0.83145458617314827 0.76107087587917976 4.2912679927854089 175 149 122 0.47013732842018124 3 2566 5 2730 13 7359
923 3.9234032977990716 0.55672648776932609 3.2900993657268978 162 153 144 1.4540624787603897 3 5275 4 7134 7 3725
924 2.6937124954851219 0.9702510908694012 5.330365989858616 130 109 90 0.87276707791873964 11 3180 5 2741 7 7620 14 9215
925 -0.86723296145190842 0.77493170841521475 4.2909324009542349 94 68 41 0.20045698132712464 11 3197 5 2743 13 8601
926 -0.018913918303428701 0.80259845625633197 4.3792154903186598 136 104 79 0.88885117920778978 3 5297 5 2746 13 7418 4 7197 10 7146
927 -0.52742760327784 0.79336762260380134 4.3414942233935614 22 18 9 0.23451642731352704 11 3218 5 2751 13 7402
928 3.3214021912210279 1.0826701420989306 5.8068632270654374 164 144 119 1.9205587035606824 3 5299 11 3193 5 2753 7 3701 14 7103 4 7191
929 -0.80289691649877382 0.79783185704781157 4.2945065194017698 151 124 103 1.3284428451930701 3 2599 5 2763 13 7408 7 3699 4 2800
930 -0.96684319420605735 0.80557616141201682 4.3103315901808399 69 55 44 0.67434552807262715 11 3250 5 2765 13 7406 7 3711
931 -1.0267828818950819 0.8522859982354577 4.3729534391551361 143 124 109 0.61533909014046673 11 3302 5 2795 13 8638 12 2510 1 3998
932 -1.0267747762281811 0.85250212710362128 4.3723368482353351 143 124 109 0.38802961068709219 11 3303 5 2796 13 8639 12 2511
933 3.9031099429928324 0.62436637745588996 3.2537463915969509 108 100 89 0.62097106129487278 3 5329 13 2797
934 2.4433688204507824 1.1001632234174095 5.3534699600979438 99 74 58 1.4836266856273579 3 5357 11 3337 5 2829 13 2802 14 8333 9 12328
935 1.089429790212439 0.97756704120177151 4.7548968168194881 158 127 95 1.3035543563153507 3 2682 5 2834 13 5610 6 13432
936 5.2825263132365876 1.6424900108231422 7.7413531058977316 85 72 64 0.89150097232076786 3 2734 5 2842 7 3856 2 8796
937 3.3023430770198736 1.2118089905997449 5.7497759550957142 154 134 110 0.66938973195185614 3 5369 5 2845 7 3860
938 -0.25139164309199169 0.90025838535243663 4.3549390163443986 136 113 95 0.0685199542929157 3 2692 5 2846 4 2877
939 -0.9129278199998534 0.87655779044522841 4.2650868748787705 111 91 67 1.0101565337997918 11 3370 5 2851 13 8662 7 3836
940 -0.91279799042795784 0.87717446942851462 4.2693807776472443 111 91 67 1.0311699562362013 11 3371 5 2852 13 8663 7 3837 1 4045
941 -0.756602358201931 0.88494719651869935 4.2712703038841644 135 108 87 1.2442340616738035 3 2698 5 2855 13 7471
942 2.4414500540867592 1.1368237752694019 5.3408519965698664 96 73 57 0.82045432472781055 3 5375 11 3382 5 2865
943 -0.42918503530820951 0.92632146723305142 4.3942429541571588 55 52 47 0.10601603269163919 11 3398 5 2870
944 2.5799697357189104 1.1444122304376214 5.3141472512526606 44 27 15 1.4792945498163512 3 2743 5 2877 13 2849 7 3894 14 8347 9 11941
945 2.4230518665612717 1.1617643333619156 5.3508876899043907 113 94 79 1.769918438154084 3 2751 5 2886 13 2857 7 3902 14 8349 6 12175
946 -0.47573418818436308 0.92237452158649924 4.3050135729613679 186 172 157 0.83761453240527706 3 2740 5 2891 13 7490 1 4094
947 -0.0078637339866358125 0.94079986447328912 4.3521254659945567 179 153 128 0.45913737530693938 3 2746 5 2893 13 5630 7 3899 4 2923 10 5462
948 -0.0078637339866358125 0.94079986447328912 4.3521254659945567 179 153 128 0.45913737530693938 3 2747 5 2894 13 5631 7 3900 4 2924 10 5463
949 0.60499221515988266 1.0155801097163073 4.6336627162604422 171 151 128 1.3355524482276266 3 2756 5 2904 13 2834 4 5581 10 7214
950 1.3814304738157377 1.0104431922014805 4.5613912726374153 141 117 91 0.9922516666240544 3 5398 11 3450 5 2907 1 4121 4 5585
951 2.7833900535521336 1.1522468912009785 5.1606817226009349 158 136 112 0.87261803758313428 3 2780 5 2908 13 2891 4 2956
952 2.7839328635892375 1.1502290651457814 5.1675086153307905 158 136 112 2.365547542540718 3 2781 5 2909 13 2892 14 8364
953 1.2788695713917719 1.0180387463695439 4.6007880794370619 111 94 75 1.2008537104269674 3 2774 5 2913 7 3937 6 13754
954 2.6869623937748282 1.1680343861309148 5.233157031225069 136 115 95 1.6148682007857824 11 3451 5 2914 13 5698 7 3945 1 4122 14 9246 6 12942
955 -0.35277190048425006 0.9496208013867814 4.3201612233038693 83 62 44 0.80072579918294662 3 2766 5 2923 13 7512 4 2944
956 2.5486737388560479 1.2018857153322204 5.2995060606182278 125 106 89 1.8978609958720796 11 3467 5 2936 13 2909 14 8371 6 11138
957 1.1643747591240534 1.07212245993847 4.7276962905177893 39 25 14 1.5193004596714779 14 8359 6 12938 5 2950
958 -1.8700052021189406 1.0280821426175377 4.592149516415736 162 144 130 1.8847109078376973 3 2799 5 2965 4 2967
959 -0.84017359488392562 0.95844211412192537 4.2274900884070821 158 134 109 0.39175188327793603 11 3504 5 2968 7 3964
960 0.46972617861694266 1.0546499260576463 4.5593515659430626 179 154 132 0.61733396836898091 3 5430 5 2969 4 5612
961 -0.87488497383998887 0.96992208464989982 4.2222087405499797 154 134 109 0.96536742663804032 11 3519 5 2984 13 7554 7 3995
963 0.0075451588450548557 1.0402640810674613 4.3348235248275211 180 160 136 0.61156251638583425 3 2846 5 3017 4 5628 10 5546
964 -0.047280180736832489 1.0435775336778332 4.3107065747527855 149 128 107 0.4147542792357925 3 2853 5 3026 4 3030
965 -0.6327099334109294 1.0339107364272659 4.2855448663178901 168 152 137 0.82325689964027449 3 2852 5 3035 13 7583 4 3026
966 -0.49770197042265307 1.0929122510254787 4.2643481625028867 148 124 103 0.47234689268483337 3 2907 5 3101 13 7626
967 -0.96824690850366724 1.1343337585193358 4.2326358747401125 159 140 120 0.5969203182916859 11 3711 5 3168 7 4224
968 0.11107072754577119 1.2102917660101966 4.3648102199063947 182 165 147 0.5082902348856092 11 3731 5 3184 4 3163
969 -0.26891457593394424 1.1996929033837149 4.2750521712983875 185 160 140 0.69454845547546662 3 3012 5 3203 13 7706 4 3172
970 -0.24712387606340208 1.2098636169523478 4.2751392093346947 193 171 150 0.29691042195745343 3 3027 5 3209 4 3193
971 -0.41341536128805734 1.202115558117383 4.2470937397222732 160 138 117 0.57474940260300722 11 3779 5 3216 13 7718
972 -0.66583449601121814 1.2280810502990016 4.2174681531276912 140 127 111 0.76586444569222401 11 3833 5 3276 13 7756
973 -0.44428527444384336 1.256038856456247 4.2346253096630138 124 109 90 0.94624859598367073 11 3854 5 3288 13 8835
974 -0.23670928980100803 -3.6246106592881149 10.103424293679508 152 151 157 0.91281156433633637 11 7898 5 3965 7 8752 1 5681 8 4557
975 -0.17205235086816931 -3.6150130591169516 10.032337539797233 89 87 92 1.0097441580777182 3 86 11 81 5 3966 7 5496 1 5683 8 160
976 -0.30290051718235395 -3.6155168411727363 10.103454517094645 156 157 162 1.2408656943332725 3 94 11 7896 5 3967 7 8750
977 -0.30324231456156059 -3.6156847041603624 10.106084772263856 156 157 162 1.1743449858336348 3 95 11 7897 5 3968 7 8751 8 4551
978 -0.22991334381212666 -3.5467175100377206 10.046221200583316 102 101 106 1.1186368928439647 3 3636 11 7900 5 3974 8 7387
979 12.853216536008006 -6.3119753818021218 14.717275477958284 119 123 132 2.0041980631598677 11 7905 7 5536 12 330 1 789 8 251 6 5641 2 6452
980 -0.041350235452683459 -2.6526838728906692 7.0919018180599087 75 78 86 1.5416032551806174 11 4886 5 3985 7 5573 12 285
981 -0.13320522285582864 -3.4361161311586246 9.9707506803837749 153 149 150 1.239459546186402 3 3643 11 4849 5 3986 7 5537 1 5725 8 4581
982 0.44090218068529607 -3.4952072565105747 9.9562828057039141 152 153 158 1.0208512086524373 3 3637 11 4856 5 3987 1 612 8 232 4 3668
983 -0.17208970604853108 -3.3765639904289881 9.9811940689724103 163 164 166 0.87642936075803002 3 3651 11 4859 5 3992 7 8771 1 5745 8 4590
984 -0.37921977651628319 -3.3643818517824355 10.077974715081544 158 159 163 0.85632812338431319 11 4858 5 3994 7 5547 1 5734 8 4587
985 12.686688836567848 -5.8944910103878216 14.561112561990633 121 121 129 1.7557545863225059 11 4874 13 510 7 8788 12 389 8 314 6 5673 2 6457
986 12.695092535352297 -5.8999761321950839 14.570787303989361 121 121 129 1.7749334880652048 11 4875 13 511 7 8789 12 390 1 886 8 315 6 5674 2 6458
987 0.5891948850668205 -3.326103103273272 9.9978983593268715 160 163 167 0.42923137105224807 11 4873 5 4006 3 3659 8 283
988 -0.76606540566323034 -3.1771670477200593 10.076681501137376 80 83 92 1.6223396839283495 11 4866 5 4007 7 352 1 662 8 259
989 -0.51271588723405248 -3.1861095663719086 10.084911714717871 123 123 125 0.88407807201888933 11 7915 5 4008 8 4609
990 -0.51271588723405248 -3.1861095663719086 10.084911714717871 123 123 125 0.88407807201888933 5 4009 11 7916 8 4610
991 0.039924733812041369 -2.4340387846900882 6.9417082114124211 67 74 84 1.0894819636037025 11 4920 5 4010 7 8826
992 0.80264081508842489 -3.3292481032467482 10.097495423271887 164 162 165 0.80064895198775909 3 3665 11 4878 5 4012 7 5582 1 5839 8 295
993 0.80264081508842489 -3.3292481032467482 10.097495423271887 164 162 165 0.80064895198775909 3 3666 11 4879 5 4013 7 5583 1 5840 8 296
994 12.761246369241977 -5.7337197368362096 14.835908967369209 64 71 86 2.1679117799379788 11 4889 5 4015 7 5597
995 0.78907916991219007 -3.2669065826060164 10.05463774768976 115 111 110 0.58570645049993031 3 3677 11 7928 5 4021 8 4644
996 -0.052569054845266416 -2.3811302585850047 6.9442611077198899 71 76 82 1.0593104827647739 11 4923 5 4023 12 385 1 5967
997 0.7519727159676729 -3.2520080166693739 10.06041180324414 172 170 171 0.75337113589144189 3 3681 5 4027 8 317 1 776
998 0.75183480977855488 -3.2509523152601787 10.059821663675043 172 170 171 0.68367609950485797 3 3682 5 4028 8 318
999 12.655289869667749 -5.5968540655651173 14.62477804552667 63 72 87 1.4765390177805491 11 4896 7 5606 12 434 1 5975 8 4666
1000 0.65630394745314335 -3.2271502608032008 10.016627425336159 117 113 112 1.1390744185855104 3 3686 5 4031 12 296
1001 0.84790893379709675 -3.2456352433171238 10.092803615326432 170 170 172 0.89068795663544398 3 3684 11 7932 5 4035 7 5602 1 5862 8 4651
1002 0.58707490588733968 -3.1844541910980744 9.9746061299326634 103 101 102 1.2412516615955649 11 4890 5 4036 12 307 1 5860 8 4650
1003 0.20121223012097733 -2.3153358929438781 7.0132317525419525 82 81 86 1.0554171682616522 11 4954 5 4054 7 5674
1004 12.392671194850747 -5.3305029197383798 14.698024655415486 129 130 134 2.1320514056359414 11 4915 5 4056 7 5647
1005 -0.044935630036096075 -2.1702913443296783 6.7198193329192515 128 132 135 0.79843993786115686 11 339 5 4064 7 534
1006 -0.13927238505961639 -2.0223824211300023 6.7097481295358525 71 70 69 0.67556575633632254 11 4994 5 4085 12 499 8 611
1007 4.0593561464709875 -1.6887013851964274 3.6786581629642194 107 104 104 0.95592845202099186 11 781 5 4094 13 3915 7 5927
1008 4.0313921488551223 -1.6825265643146028 3.7057861845251101 111 108 109 1.6252678023160114 3 3621 5 4099 11 789 13 3922
1009 3.9758862936113748 -1.6629814176804851 3.7788527985152793 121 115 115 1.2033964597453761 3 3630 5 4102 13 3937 7 5949
1010 -0.0063579675791390344 -1.8703409046328354 6.6261680177254556 126 116 107 1.7606014336805422 3 3777 5 4105 7 8945 12 3825 8 725
1011 3.9270920810133663 -1.6455444366619345 3.852270176197385 123 118 120 1.412415354098091 3 3641 5 4107 13 3945 7 979
1012 -0.40574573883921594 -2.3785905400724561 9.6645723060727686 58 56 57 1.3675478104731595 11 4982 5 4111 7 8896 12 3756 1 6036
1013 -0.77017129391170125 -2.3545959261203167 9.8797258443225644 73 67 69 1.1770192423558981 11 370 5 4115 12 461
1014 0.73406852020027469 -1.6226245992888373 5.328288385900164 145 140 136 1.3886627757136354 11 5126 5 4116 7 5848
1015 3.983442555777732 -1.5709256068048969 3.752818098585907 129 112 101 0.91875656433053854 3 3652 5 4123 13 3995 7 1058
1016 2.6146799603530657 -1.9332244364711808 6.2610819733465268 105 108 115 1.8753308107126003 11 5113 5 4124 7 5837 12 753 1 6300 8 908 6 11580
1017 -0.67289084106851571 -2.2282234923094073 9.7956393296763693 128 119 114 1.8244376080041746 11 7991 5 4136 12 3783 8 4781
1018 -0.37111974376536383 -2.1353960618003582 9.608819527453921 154 142 130 1.5681194176016768 11 8016 5 4158 7 8958 12 3808 1 9165 8 4818
1019 -0.32486117225141725 -2.1351507207194289 9.5924151823325321 149 137 125 1.626452362587985 11 5035 5 4159 7 5793 1 6106 8 4819 12 549
1020 0.64363311298604631 -1.4924109589014467 5.3645225457882963 148 138 129 0.68356204308226298 11 5192 5 4163 7 5931 12 3964
1021 -2.3072480235215473 -0.9834743860521703 3.9618644793798308 67 54 51 0.21803407242989162 5 4164 7 6008
1022 -0.34800600130169457 -2.0981343049309653 9.5705116879172216 93 83 74 0.79269789781183042 11 5045 5 4175 7 8963 1 6115
1023 -0.10469766827468543 -1.6110202014589106 6.6005712621629682 127 117 105 0.81719982254481138 11 5129 5 4179 7 5874 12 688 1 6258
1024 -0.10480327608172305 -1.6106092894010944 6.5963001464459685 127 117 105 0.74659533341809903 11 5130 5 4180 7 5875 1 6259
1025 0.49322287348982019 -1.5582944402690935 6.052649111816983 64 55 54 0.68519137712685885 11 5164 5 4182 13 7949 7 9051 12 780 1 6342 8 981
1026 0.46838399652737539 -1.545191838903113 6.1176253911646779 58 52 52 0.29751507763809776 11 5171 5 4185 13 6254
1027 0.48655425188073531 -1.5297252910126484 6.0699004293427805 153 139 130 1.1654487949863068 11 5183 5 4189 7 5935 8 999
1028 3.8032089995018086 -1.4425965547912196 3.97531723980893 141 136 130 1.4630710476918736 3 6042 5 4193 13 724
1029 -0.16652286002349612 -1.5360072515447889 6.5878422582292124 149 135 122 0.78495245765133215 3 444 5 4195 7 5917 12 744 8 921
1030 2.7655436745542006 -1.715601193386183 6.2246685715726855 121 117 116 1.7684979246939208 11 5214 5 4197 7 5967
1031 0.081400473205894608 -1.5331065301576616 6.5118518732195581 107 104 99 0.35278185463795819 11 5167 5 4199 7 5929 12 775 1 6323
1032 -0.081252160580607191 -1.5211588931817845 6.5591451563465188 130 118 106 0.39892754518143902 3 3864 5 4202 12 768 1 6315
1033 0.50769522789142763 -1.4734190730011911 6.0090183361668457 111 97 86 0.80628437454094171 11 5207 5 4208 13 6274 7 9073 12 3976
1034 -0.44583234010899586 -1.9240872092303842 9.6211996311224759 112 101 95 2.0055591930545957 11 8052 5 4211 7 9000 1 9199 8 4872 12 3856
1035 1.7429594143065432 -1.5395232615124341 5.8918181521967883 160 148 136 1.1681611540081023 3 3825 11 806 5 4213 13 3879 7 1036
1036 -0.32477034094431545 -1.4528258321029737 6.6026482011556187 54 48 48 0.59908508822951023 11 5199 5 4222 7 5961 8 5020
1037 0.45325155078937984 -1.4345775340703373 6.1658138049257065 121 109 93 0.41707908052950382 11 5232 5 4232 7 9101 12 3986 8 5061
1038 2.1917162839844937 -1.5422782195400564 6.0350686480679601 74 70 69 1.2440376313999428 3 3827 5 4233 7 6034 12 943 13 6416 1 6472
1039 2.5904997247361514 -1.6040230885251276 6.1921723708052685 126 123 118 2.0447824330228137 11 5258 5 4234 7 6029 1 6463 14 7692
1040 0.91917245478245968 -1.3358498874951761 5.3305900004233608 152 142 132 1.0864453981769246 3 6131 5 4238 4 6163
1041 3.802994773609282 -1.3240910242711987 3.9480951505455155 149 140 131 1.0634672851976859 3 3755 5 4244 13 818 7 1305
1042 1.2615230208344759 -1.3309675930397971 5.3795647381955929 151 141 129 2.0903894809661723 11 5315 5 4247 14 8646
1043 0.23487506095864197 -1.383592217224733 6.4256574387345919 143 130 121 0.53747123946425901 3 3912 11 826 5 4251 7 6032 12 886 8 1074
1044 2.1924953226068045 -1.4840845055829914 6.0670506537263025 117 104 95 0.67975820581018509 3 3845 5 4252 8 1163
1045 3.8589564546763699 -1.2887712764346684 3.8731267332263744 147 121 106 1.0084908569652884 3 3764 5 4256 13 4185 7 1338
1046 3.2578577186395794 -1.5920142749556294 6.3879707236689676 141 136 133 2.3427971846990947 3 6112 5 4257 13 4110 7 6066 12 1004 14 6289
1047 -0.8076057980726804 -1.0448719228267975 4.7653975056095899 145 141 141 1.3264548424447775 3 538 5 4262 13 6186 7 6109 12 982 1 1940
1048 -1.3482151801675686 -1.0173413311642465 4.912316005546618 124 127 134 2.11397780604671 11 5346 5 4266 13 7876 7 6100 12 947 8 1245
1049 -2.0927482383224878 -0.98644875537549603 5.1911757236067437 67 69 82 0.97293213022725389 3 4043 11 5322 5 4274
1050 -1.7957068631365605 -0.98974328074051821 5.0610040994332239 118 119 123 1.1571720821196707 3 619 12 923
1051 0.77140453891627525 -1.2105105593843934 5.2351349109292817 146 135 125 0.55542306437033007 3 3907 5 4280 4 6205
1052 0.64720179533764333 -1.1746998847750767 5.2488730931345167 162 150 138 0.9519320938153859 11 8239 5 4294 13 7992 7 9221 12 4106 8 5186
1053 -1.9010620546125367 -0.9417848644771305 5.0918408906444652 121 117 118 2.2018003086738149 3 4074 11 5367 7 6123 12 950 8 1250
1054 4.0583352424171828 -1.1873582049195768 3.5399077415442979 107 84 70 2.1015437837130437 3 6075 5 4299 7 6297
1055 1.7005083610576306 -1.3100883287173022 5.9152794157054869 45 43 47 1.1349880770726926 3 6159 5 4300 13 4022 7 6125 4 7682
1056 1.7020493576679483 -1.3103436023474833 5.9204781705004468 45 43 47 1.1174400941434095 3 6160 5 4301 7 6124
1057 2.6614493824862597 -1.4065879165271391 6.0967583206121621 146 136 126 1.1530539795544155 11 5354 5 4302 13 6517 7 6127 12 1073 1 6558 8 1256
1058 0.69251562088741847 -1.1469694603458347 5.1893935024473068 168 158 148 1.0287130481968119 11 5388 5 4304 7 6147
1059 0.82233405209414256 -1.160013788765158 5.2467006488075567 147 133 122 1.1091192855266612 3 3932 5 4307 4 6225
1060 0.80588737875715222 -1.1612891651407928 5.2135082992168638 147 133 122 1.1200522285217649 12 1069 14 8630
1061 1.0106915585539404 -1.1864991080475895 5.3005604857584174 104 90 77 0.1463002845999786 8 1302 14 8654
1062 0.92207905627469733 -1.1444053803746448 5.245732740504895 135 119 104 1.9735383710739625 5 4318 12 1084 14 8645
1063 4.0877329450497397 -1.1327186111187351 3.4605294146158347 156 146 137 1.1456947499373957 3 3792 11 1316 5 4330 13 4319 7 1536
1064 0.95803075915328562 -1.128310284531729 5.2966056077169421 177 161 146 0.68366697179799008 3 3952 11 5417 5 4334 13 3961 7 6179 1 2094
1065 0.93638375802578155 -1.1199759593666121 5.2365172126230295 177 161 146 2.078545857849464 5 4335 7 6180 14 8659
1066 4.0728073320698419 -1.127260457651565 3.4770675684497601 149 141 130 1.4714696254444641 3 3797 11 1322 5 4338 13 4324
1067 1.6215390206138633 -1.237275331310681 5.8590897014739278 49 45 44 1.5032300671971792 3 3941 11 1019 7 6160 4 6193 9 10744 10 8651 5 4340
1068 -0.14175227259941861 -0.97845509559240351 4.7954022336970965 153 140 131 1.1772370790896476 11 5443 5 4346 13 6297 7 6207
1069 3.8010501942227806 -1.1450354636893763 3.9012409045593492 145 136 127 1.2209846935530271 3 6107 5 4348 13 6621
1070 2.7678744472005463 -1.3159799182320993 6.1323158591348292 134 124 112 0.74650295301777359 11 5414 5 4354 7 9249 8 1321
1071 3.9292889854283541 -1.1001801682175336 3.6352851609369536 108 94 85 0.18098414793227333 3 6105 5 4364
1072 3.8009473460945888 -1.114242378697941 3.8930950298846576 144 134 125 1.573492413171256 3 3834 5 4372 13 4317 7 1538 1 2413
1073 0.99021427866941314 -1.0744211805677177 5.2957464255985176 173 157 144 0.84438495023217996 3 3982 5 4373 13 3998 7 6227
1074 1.7953176196969944 -1.1942795825427013 5.9223638586722593 144 137 129 1.0092385289086516 3 3962 5 4375 7 6203 4 6198
1075 1.7953176196969944 -1.1942795825427013 5.9223638586722593 144 137 129 1.0092385289086516 3 3963 5 4376 7 6204 4 6199
1076 0.076841908199724196 -0.94864292143101858 4.8900653191677304 158 141 125 0.48960480098736547 11 5481 5 4386 8 1434
1077 0.95850663782809231 -1.0510302367807025 5.2654496036563634 122 106 93 1.0114028850522478 11 5458 5 4388 12 1150 1 2161
1078 0.95850663782809231 -1.0510302367807025 5.2654496036563634 122 106 93 1.0114028850522478 11 5459 5 4389 12 1151 1 2162
1079 4.056785693153512 -1.0647386559682468 3.5110686069090113 160 143 133 1.5300696751101164 3 6109 5 4392 13 4396 7 1594
1080 1.5545780155147471 -1.124351422203822 5.7816148898108759 93 83 71 0.85925670068800475 11 5448 5 4399 7 6240
1081 2.4799717023881409 -1.2108629575281882 6.0920783490821231 146 132 119 1.2222791771987875 11 5449 5 4405 7 6241 8 1368
1082 0.50490729250120125 -0.96668195254077827 5.0804601157729987 145 134 122 0.64156510478950601 3 4053 5 4409 13 6407 7 6271 11 5497 8 1444 4 6347
1083 0.78630785522939906 -0.98967007793879791 5.1155429108889487 66 55 50 1.8848608562568323 5 4410 13 6443 7 1433 14 10007
1084 4.0103226300661978 -1.0465747174371729 3.5706172624161283 167 155 143 0.92679349282550405 3 6117 13 4406 7 6398
1086 2.1243855047782749 -1.1368302278439946 6.0527892366063192 141 133 120 0.83366916543977343 3 4008 11 5479 5 4424 13 4196 7 6267 12 1185 1 2180 8 1401 4 7712
1087 2.2332812458656237 -1.139782271609082 6.0957236631724578 47 45 48 1.3666089085746504 11 5483 5 4433 7 6272 3 7609
1088 3.7713214910948172 -1.0284383394662204 3.9082909888226172 142 133 124 1.2601347197705548 3 3883 5 4436 13 4405 7 1622
1090 0.36959065229244081 -0.89030188704878466 5.0129829694364672 35 24 18 0.51214730866757829 11 1242 5 4454 7 6319
1091 0.79260216486501955 -0.93491629556939349 5.1724753638301317 163 151 137 0.48939596705471294 11 5550 5 4456 7 6312
1092 3.8628848007454333 -0.999324929257427 3.7834145824041578 152 138 127 2.0682777714862746 3 6152 5 4457 13 4431 7 6420 1 2521
1093 3.0578684630732504 -1.1607785944375535 6.2051521637878224 119 105 96 1.8531171753837494 3 4002 5 4459 14 6387 4 6182
1095 0.25413299934247302 -0.85720046805708716 4.95904642768825 56 43 35 0.85912390789329607 11 5579 5 4468 7 9343 12 4211 13 8994 8 5303
1097 1.9558038598273098 -1.0486611525985774 5.9290087264908751 122 112 102 1.0608859351930335 11 1221 5 4476 13 4228 14 8797
1099 -0.17981645847576302 -0.93489057875298143 6.4318441494682705 140 124 111 0.85377365829359275 3 4170 5 4490 4 4317
1100 4.0332724476477804 -0.94491428217683038 3.4105680188301744 99 85 76 2.236079375537197 3 6148 5 4494 13 4483 7 6445 1 2618
1101 1.9470950240679255 -1.0256178416097772 5.9585354776776516 50 46 47 1.0302709939593169 11 5551 5 4496 7 6324 13 4251 8 1475
1102 1.9788150779445255 -1.0261680425586659 5.9557669281475274 148 138 129 1.1391494668102378 3 4082 5 4497 12 1230 13 6590 1 6711
1103 1.9782079742174745 -1.0252556630951755 5.95401558822513 148 138 129 1.0324507723626895 3 4083 5 4498 12 1231 13 6591
1104 4.0213407997655937 -0.93954417207018737 3.4284726733142699 69 57 45 1.5402515186272829 3 6153 5 4499 13 4486 7 1741
1105 -0.1437948270912548 -0.9228967430979006 6.4230727774532204 172 156 141 0.62201320355667 3 4180 5 4500 12 1149
1106 1.8973118662866146 -1.0160629718416374 5.9097762255663042 113 110 101 0.83026229534493579 11 5557 5 4501 13 4243 7 6326 14 8802
1107 1.9021624038188558 -1.0170524083533623 5.9193312815986134 113 110 101 0.87016362360280231 11 5558 5 4502 13 4244 7 6327
1108 1.7770568842406878 -1.0035505653901109 5.8746316477043869 153 143 132 1.5893153542204157 3 6265 5 4507 4 7743
1109 0.68283166780550886 -0.86066591460034469 5.0873361629736173 61 50 44 2.0362289791610864 11 5595 5 4509 7 9355 8 5313 14 9469
1110 4.001944149505932 -0.92965655528731739 3.4554646543198477 72 60 48 1.519810745005449 3 6157 5 4516 13 4490 7 1747
1111 4.001944149505932 -0.92965655528731739 3.4554646543198477 72 60 48 1.519810745005449 3 6158 5 4517 13 4491 7 1748
1114 1.665808379888861 -0.97463071657115119 5.7872505713690616 176 164 151 1.2595183017034772 11 5570 5 4521 7 6344 13 6580 12 1239
1115 2.1030169339085347 -1.0069175157876848 6.014037699803346 129 117 105 0.88597396476428492 3 4101 4 6285 5 4525
1116 2.1305842028804634 -0.98816710175551392 6.0252927067771447 148 139 124 1.393779208655032 3 4111 11 5582 5 4530
1117 0.63185732127244221 -0.82073146044987499 5.130156441679949 60 47 39 1.1731741296531766 5 4534 13 6513 7 6378 12 1280 1 6763 8 1593
1118 0.69786479287730108 -0.80345651918154248 5.1201942694925791 76 62 52 1.0646845779000436 11 5644 5 4539 7 6397 12 1294 8 1620 3 790
1119 1.7289455156989963 -0.88892233453015046 5.8177828872026192 161 151 139 1.0499957241414175 3 4161 11 5623 5 4541 13 6624 12 1300 8 1573 10 8680 4 4144 9 10861
1120 1.7301488278925476 -0.89117062470248909 5.8194086486321313 161 151 139 1.1022701430823969 11 5624 5 4542 12 1301 13 6625 1 6769 8 1574
1121 2.5915972513368395 -0.95231483604797063 6.0158229683657245 137 130 120 1.2735000758961501 3 4126 5 4543 7 6399 12 1312 13 6681 1 6784 14 7833 6 12603
1122 1.8237031543452296 -0.88986446094326144 5.8643608173233703 41 37 38 0.67933610478496786 11 5631 5 4546 7 6402
1123 1.9210122795369378 -0.89804042321915878 5.9046854444731958 54 51 50 1.0324501917477333 11 5632 5 4547 14 8830
1124 2.055829320843539 -0.90302198885483509 5.9601566782740383 155 146 135 1.0424199900522622 11 5633 5 4552 3 4163 13 4360 7 6403 12 1305 1 2352 8 1585 14 7816
1125 2.0543865699428911 -0.90280090639958177 5.9578457394324866 155 146 135 0.91562321748894582 11 5634 5 4553 13 4361 7 6404 12 1306 1 2353 8 1586 14 7817
1126 2.2931457163929037 -0.92115850545323608 6.0842278864437951 47 42 39 0.75194241045206012 3 6300 11 5635 5 4557 13 1091 7 6405
1127 2.839942457128616 -0.95169686729666536 6.0640923228572294 134 118 103 0.58530461661710065 3 4130 5 4558 11 1370 7 1641 4 6265
1128 2.8395741635039693 -0.95185776760471885 6.0616119098280583 134 118 103 0.60808792152827085 3 4131 5 4559 11 1371 7 1642 14 6433 4 6266
1129 2.2290938335414849 -0.90996974035026923 6.0488004210301582 43 37 32 1.2200752580029559 3 6305 11 1361 5 4560 13 1082 4 7766
1130 2.5629645918358852 -0.92720562169538223 6.0578119426222186 130 116 103 1.3713454389351041 3 4143 5 4563 14 7840
1131 0.89812267498512866 -0.76767433596881107 5.1838736965135661 175 158 140 0.7326267480922829 3 4201 5 4566 13 6571 1 2395
1132 1.7415870772642381 -0.82193579705583586 5.8165428095299312 44 36 29 1.1087683491060385 11 1423 5 4581 7 1683
1133 1.7699694420618983 -0.81442970744608145 5.8184554218688769 144 131 117 1.127087232193231 3 6327 11 5673 5 4582 13 4381 7 6436 4 6409
1134 0.70365804308672131 -0.69357113752823574 5.0500326033779892 185 170 151 1.7716595885795539 5 4592 13 4221 14 10021
1135 0.27058427482224923 -0.72361085688664684 6.2583156344473752 104 94 84 0.75862036289184476 3 4265 5 4594 12 1302
1136 1.8401467953243462 -0.78839483148001166 5.8607218196571242 130 122 112 1.0424931461039324 11 1456 5 4596 7 6442 1 2443
1137 0.71427958749986586 -0.66982808414225004 5.0781679035745375 167 151 136 0.41904392467140134 3 4248 5 4604 7 6459 8 1725 4 4351
1138 1.8172409318230507 -0.75735901025139429 5.8408126859549965 38 31 26 0.99626734791234828 3 4233 11 1479 5 4610 7 6451
1139 0.83460939547742019 -0.66236666873189765 5.1249613230452651 171 154 136 0.90753776165634503 3 6361 5 4615 13 6612 4 6495
1140 2.3397547559166276 -0.75439850948262521 6.0388848759378098 150 137 119 0.98520771261522189 11 5723 5 4625 13 4500 7 6469 12 1381 1 2491
1141 1.824244241085049 -0.70828208432619 5.8343757746678317 44 40 37 1.0603008952470407 3 4260 5 4630 4 6451
1142 1.6886379458102567 -0.69675733522604899 5.7534918822626642 136 124 110 0.55556196519208523 11 1520 5 4631 7 6473 8 1726
1143 2.0326862942980481 -0.72198086773202463 5.9239117684437925 48 43 38 0.7965267699009434 3 4253 11 5727 5 4633 4 6434
1144 5.7476949198952916 -1.0103456937576376 9.1055646911353456 186 200 213 2.0960370001012403 3 6344 5 4637 14 8047 2 9366
1145 0.95910945574080964 -0.58547038609310398 5.1686699909386125 157 140 122 1.1136033695280663 3 4300 11 5768 5 4646 13 6674 7 6517 12 1442 1 2561 4 4387
1146 2.2247191506698374 -0.64209474563881563 5.987105490619455 119 107 94 0.71622425237182674 3 6380 11 5765 5 4661 8 1783
1147 -1.4138211188802323 -0.40756830230145252 4.7776834599048801 36 35 39 1.1293810547339223 11 5788 5 4664 7 6553 12 1416
1148 -1.6721544265912818 -0.39135129006266972 4.8409340699930699 57 49 47 1.3023585850984531 11 5785 5 4671 7 6552 1 6883
1149 2.8394759801684484 -0.64610607177848822 5.9961526204658275 149 130 113 0.85907633331418332 3 6378 5 4685 11 5778 7 6567
1150 -0.51087968185982058 -0.42218884846920179 4.5823809952781938 168 158 146 0.85160079986778825 3 4369 11 1738 5 4696 13 6545 12 1489 1 2645 4 1543
1151 -0.23307930734615367 -0.43478924585188489 4.6301083301147719 53 43 34 0.56095118826447044 3 4358 5 4701 12 1493 1 2653
1152 1.1689787510018887 -0.50266402775924168 5.1521967275788301 153 133 104 0.69448440206195927 3 4324 11 5838 5 4712 7 6612 1 2667
1153 -2.1827530463919098 -0.30215033254240281 5.0786606505517575 72 68 67 1.6415580733716921 3 1361 5 4727 7 6602 11 5829
1154 -1.3457535634227571 -0.33486726533888911 4.720232560259201 53 50 47 1.1110940955421877 3 4456 11 5861 5 4729 12 4424 7 9553 1 6957
1155 -1.5045797870667892 -0.32342127037358531 4.7645209974724851 53 48 45 1.3354738538417106 11 5860 5 4734 12 4418 1 6952
1156 -1.1560504670907308 -0.3283719454978945 4.6573022791323035 125 125 117 1.3379948920070022 11 8549 5 4739 12 4441 1 9769
1157 -0.63963568633616386 -0.34451914104081305 4.5722058874324807 122 119 114 1.0852625424440532 11 5905 5 4745 7 6651 1 6994
1158 -0.56436699538333834 -0.34959841504101125 4.5647889316062802 117 112 106 1.4957075787728182 3 4433 5 4748 4 1641 13 4242
1159 1.0725464422503799 -0.43472501462635865 5.1436281623782509 169 150 125 0.81248508724188773 11 5882 5 4749 13 6759 7 6643 1 6996 4 1351
1160 -0.48876851184114756 -0.34867217301099274 4.5661540316923439 155 146 134 0.66505670072166267 3 4434 5 4752 4 4652
1161 -0.31510979732477079 -0.35327018756498169 4.5958152785077262 110 103 94 0.63045081532456637 3 4428 5 4756 1 2729 4 4638
1162 0.30718563210591909 -0.38281586252903294 4.8402647960015823 110 97 87 0.62045527836642844 3 4406 11 5900 5 4759 13 6697 7 6654 12 1552
1163 0.69216148693429158 -0.40492866551003048 5.0231915902638189 74 57 40 0.57919760041175428 11 5891 5 4761 13 6733 7 2098 12 1548 1 6999 8 1941 3 1166
1164 -1.9952245173054926 -0.26732280376224304 4.9702891345934148 149 142 134 1.5127604151028053 11 8546 5 4764 7 9565
1165 2.084883481136925 -0.46800896024938093 5.4184728208726929 22 12 3 1.3351620050633386 11 5885 5 4769 13 4604
1166 -0.59562422895897593 -0.32672115836075005 4.5015646868303243 50 41 35 0.57354879122813351 3 4460 5 4772 13 8108
1167 0.33790878589390783 -0.37538121023259063 4.8456559556629548 121 111 103 0.21731511281765947 11 5909 5 4773 7 6661
1168 2.7477808942393676 -0.48512933143307302 5.6770979335462171 68 65 60 1.0057884207224936 11 1827 5 4784 13 6854 7 6657 12 1581 1 2748 8 1942 14 8936
1169 -1.4629391494361172 -0.27450402243823602 4.6990640403418595 107 96 90 1.1999337814976314 11 1847 5 4785 12 1529 1 2706
1170 0.44473850115104174 -0.36517563565258332 4.9080290904346402 114 100 90 0.079178631175052638 11 5923 5 4787 1 2746
1171 3.1494252637501541 -0.49957645198504208 6.108293138455684 139 122 104 1.1760757239927555 3 4342 11 5883 5 4788 7 2109
1172 0.17872552971172073 -0.34447091708857125 4.7784994975252673 152 145 132 0.47974893533730806 3 4444 11 5936 5 4793 13 6710 7 6683
1173 0.50958186485029666 -0.35924597735563918 4.9348457739356837 50 37 29 0.61890432904881099 11 1858 5 4795 7 6677 1 2755
1174 0.54228521445139466 -0.35329631412324941 4.9442626965244427 78 67 59 0.49763021141016867 3 4435 11 5944 5 4804 7 6687 12 1584 13 6746 1 7024 8 1982
1175 1.0235115464400546 -0.36903633677185887 5.1298233280216916 170 152 130 0.51833611454743422 11 5946 5 4806 7 6691
1176 -0.5674351256938206 -0.2889864286589513 4.5256163838968622 41 30 24 0.67800175683230379 3 4510 11 5970 5 4807 13 8133 1 2764
1177 2.0984067100909307 -0.40516824297906612 5.4069668118970355 159 147 133 0.6188603306113748 11 5950 5 4816 7 6702
1178 2.0984067100909307 -0.40516824297906612 5.4069668118970355 159 147 133 0.6188603306113748 11 5951 5 4817 7 6703
1179 0.55358685997523316 -0.33120005875568803 4.9491917476343898 179 169 157 0.66794853217538364 3 1317 5 4821 13 6758 7 6707 12 1600 1 7039 8 2005 4 1563
1180 -0.64446176264932509 -0.26598642652691301 4.5354793932084609 133 120 111 0.65134300530373845 3 4531 5 4828 13 8138 1 7044
1181 0.35230071440978905 -0.31228396002897313 4.8303382706535789 148 131 113 0.35097945398940272 11 5976 5 4832 7 6722
1182 2.4693496471072898 -0.39604549562656305 5.6291730729980669 31 19 13 0.51650184107192143 11 5957 5 4837 7 6715
1183 2.4693496471072898 -0.39604549562656305 5.6291730729980669 31 19 13 0.51650184107192143 11 5958 5 4838 7 6716
1184 1.2621380751814013 -0.34293662003733821 5.0270940264678465 169 155 134 1.3249292978669833 11 5980 5 4839 13 6819 7 6729 12 1631 1 7063 8 2020 6 13605
1185 -0.91317543430619175 -0.22184145187551307 4.5616395232155744 130 117 108 1.1653355069863049 3 4585 5 4849 13 8132 7 6745
1186 -0.9911334784656598 -0.21496363427045873 4.5774962556294678 170 160 151 0.83508863374475073 3 4595 5 4854 13 8127 7 6748 1 7060
1187 1.106912261828934 -0.29489853597505228 5.1086619119624253 154 133 104 0.54572243012638222 11 6001 5 4861 13 6830 12 1655 1 2828 5 1524 8 2057
1188 0.52654224053937226 -0.26178853481496589 4.9209368479991964 189 181 170 0.66454359279842878 3 4538 11 8613 5 4866 7 9657 12 1660 1 2836 4 4659
1189 5.3869484325820052 -0.42010851451566267 8.5748461410507257 40 53 72 1.0907703571786249 3 6468 5 4872 7 9616 8 5560
1190 3.1850753103896996 -0.35375398207361636 6.0698774073940074 152 131 112 1.2930721720417355 3 4457 5 4877 8 2025 11 5992
1191 0.30078905090208752 -0.23086105006692742 4.7801479391656372 42 29 23 0.43911700309634 3 4568 5 4888 4 4687
1192 3.7620290594091617 -0.38303614225690352 3.7632347606638716 152 142 132 1.3846959647196155 3 6433 5 4899 13 4766 7 2453 1 3036
1193 0.1811388479931858 -0.21775667567256468 4.7382320278904064 136 123 114 0.92658686884233143 3 4591 13 6777
1194 1.3122147176312389 -0.24798377928726428 4.9686847668572494 173 157 134 0.89735429169017389 11 6064 5 4908 13 6856 7 6810 1 7118 8 2123 14 9589
1195 1.7918064944133634 -0.26055114098954529 5.2932214187288755 45 29 16 0.92037071025230743 3 6507 11 6048 5 4909 7 2338 8 2101 14 8933 4 6686
1196 -2.208921921560536 -0.09473541778733427 5.0474377602860141 29 21 18 1.3170791280382874 3 4705 11 1992 5 4911 7 2295
1197 -2.2063572947769567 -0.095863457821394271 5.0420709390552032 29 21 18 0.67304472365698231 3 4706 11 1993 5 4912
1198 -0.33341415693926463 -0.17135411806925693 4.5392735804434521 160 142 132 0.21697170562702786 11 2067 5 4921 13 6745
1199 -0.070884958507814094 -0.17163681955904592 4.581418679555969 183 170 161 0.28364834817297641 11 6102 5 4926 7 6836
1200 0.90075954897213328 -0.18652372339897516 5.0391465278339158 159 138 117 1.2577667005083579 5 4937 14 9587
1201 0.90075954897213395 -0.18652372339897555 5.0391465278339167 159 138 117 1.2577667005084736 5 4938 14 9588
1202 3.2224874775846848 -0.25343945234577381 6.0789394357596249 145 124 103 0.49239597012033531 3 6511 5 4940 12 1740 8 2110
1203 -0.94038959704290825 -0.11930443195746702 4.5518637860074049 155 142 133 0.8944929367402713 3 1584 11 2102 5 4943 13 8183 7 2385
1204 0.93476421446902458 -0.18161587661359152 5.0554648953379964 141 121 97 0.52646564682472274 3 4634 5 4945 7 6843 4 6762
1205 0.93476421446902458 -0.18161587661359152 5.0554648953379964 141 121 97 0.52646564682472274 3 4635 5 4946 7 6844 4 6763
1206 1.8093214644936455 -0.20429267386385114 5.2612785855834039 157 137 113 0.86305854967010653 3 4600 11 6108 5 4949 13 6889 7 6847 12 1763 1 7145
1207 -0.073213006160196936 -0.14816608779375129 4.5991892591686137 43 29 18 0.2590778911791351 11 2114 5 4950 13 8241 7 6853 12 1752 8 2181
1208 1.8964608590888181 -0.19305982427872637 5.2655537768091376 97 80 65 0.52658910309275631 11 6114 5 4956 7 2418
1209 -0.094733102418196963 -0.1324165524592692 4.5928397941609855 156 140 127 0.78772846329329838 11 6131 5 4957 13 6803 7 6865
1210 0.15629081241150505 -0.13902162664084816 4.718811666193786 157 138 123 0.65189025842711512 3 6576 11 2129 5 4958 13 6825 4 6810
1211 -2.1557254621027293 -0.038040936811596621 5.0025037376793948 101 91 82 0.74918282311503803 3 1672 5 4961 7 9724
1212 5.222037282505898 -0.21030607559136227 8.3368065736303762 38 29 31 0.84139186070634575 3 6530 5 4966 7 6818 12 1721 8 2035
1213 -0.12752956708131893 -0.12204043421416734 4.5777171062709199 162 147 133 0.36362046641939416 11 2145 5 4968 13 6806 7 2460
1214 2.2379442235909917 -0.18912907363766041 5.3978126843457028 157 145 131 1.0572487386237486 11 6117 5 4969 7 6866
1215 2.2379442235909917 -0.18912907363766041 5.3978126843457028 157 145 131 1.0572487386237486 11 6118 5 4970 7 6867
1216 0.97327471529915333 -0.13766242965764036 5.0647287678287958 153 133 109 1.288133084431814 11 2140 5 4977 7 6876
1217 2.664585281755103 -0.18086669654029308 5.6434345125569987 169 154 139 0.70729897782388662 3 1474 11 2121 5 4978 7 2449 1 2964
1218 2.664585281755103 -0.18086669654029308 5.6434345125569987 169 154 139 0.70729897782388662 3 1475 11 2122 5 4979 7 2450 1 2965
1219 2.8339039249463536 -0.17418290455194282 5.6054096800159003 52 38 27 0.49014050247632768 11 2141 5 4986 8 2205 13 4780
1220 -1.4996938012095757 -0.032517272150736645 4.6893825044126816 154 134 123 1.1760692741240542 3 1683 5 4990 12 1766 1 2937
1221 1.8842692993777761 -0.13426524483453436 5.2498670255331117 142 118 98 0.64682256985738995 11 6154 5 4996 7 6894
1222 -0.9181127971737747 -0.048821927128758935 4.5302636041359206 138 119 104 0.6351064055862945 11 6167 5 5002 13 8224 7 6902
1223 2.1410179070955135 -0.11805068012391103 5.3754997198173369 117 95 72 0.77232961252538301 11 6162 5 5006 7 6903
1224 3.1621873006894581 -0.12111142042056477 6.028926394444964 142 121 100 0.62077042172190844 3 4672 11 2170 5 5007
1225 3.1621873006894581 -0.12111142042056477 6.028926394444964 142 121 100 0.62077042172190844 3 4673 11 2171 5 5008
1226 -0.799815926398185 -0.036350919073485977 4.5060606963382543 89 75 62 0.48870815089638991 11 6184 5 5012 13 9136
1227 0.68459571632196381 -0.069659085424952777 4.9301561439380484 78 64 54 0.67529717472904316 11 6173 5 5013 12 1805 1 7184 8 5755
1228 2.7215558219632787 -0.10178970444025587 5.5524414572170961 155 138 121 0.67547131358980828 3 4694 11 2199 5 5022 13 4799 7 6918 1 3031
1229 -0.48530326061508322 -0.0089612946863067561 4.4750067012204688 111 95 82 0.38860799768157234 11 6201 5 5038 13 9157 12 4647
1230 1.6874522525024669 -0.015306035067943834 5.1397596100213603 79 67 55 1.067566782980446 3 1678 11 2257 5 5051 13 4789 7 6961 1 7228 8 2298 14 8021
1231 3.1535507133355987 -0.015300194761800091 5.9890526284815992 123 101 78 0.85238804348043062 3 6616 11 2236 5 5054 7 2626 4 7979
1232 0.88315308643830448 0.0089731750359958729 4.9895504059866855 178 158 134 0.6154294395381259 3 4787 11 6211 5 5056 3 6641 4 6854
1233 1.5827698318766643 0.0032529197737585225 5.1249191185564635 120 102 81 0.9015881650362545 11 6216 5 5057 7 6968 14 8981 3 4778
1235 2.473110058423742 0.14770494180831667 5.4346919900439632 152 134 114 1.5190470753944392 11 2361 5 5114 3 6680 7 2803 14 9056
1236 2.3403593898696862 0.16994144189886745 5.4404098876898459 67 50 40 1.2142140722007466 3 1811 5 5119 9 11096
1237 2.4484385602384364 0.19902524365628954 5.4336497374493167 140 121 106 1.0616205115335742 3 4874 11 6314 5 5133 13 5052 7 7090 1 3213 8 2424 4 4916 9 11789
1238 2.6327784713633906 0.22466592311645744 5.5370915030172627 122 102 75 1.2217622441197744 11 6326 5 5143 14 8121
1239 3.8949086372955741 -0.0076139202274198778 3.3620474060126622 24 14 3 2.3788595902515857 5 5144 4 9317
1240 -0.48553527009514663 0.20606175018625228 4.4227970800305139 144 122 108 0.32967305203092595 3 1897 5 5145 13 8327
1241 2.5214269787697603 0.22103996998904707 5.4349582422281637 155 134 113 0.43945984917315256 11 6330 5 5148 7 2885
1242 2.6775373482388876 0.2603193787578455 5.5032975732005314 163 147 131 1.6934257282212837 11 8855 5 5167 7 11638 12 1981 13 7107 8 2468
1243 -0.08252931771555147 0.25362150747289253 4.510027897409711 103 77 54 0.70545688910218918 11 6384 5 5176 13 8356 7 7143 12 1996 8 2505 4 2197
1244 2.53486460942861 0.3056397299418383 5.4552937404310464 115 97 77 1.2016962980397747 11 2528 5 5187 13 5134 7 7153 14 9095
1245 3.1879730870948717 0.33628317275796565 5.9149503164563706 167 141 114 0.45736952913104845 3 4921 11 6378 5 5188 4 8091
1246 3.7736676107618909 0.10318542888006778 3.6040170359044073 113 97 82 1.1794713964515975 3 6715 13 5195 7 7227
1247 2.5602549048376146 0.34478066864172124 5.4590873835848468 119 101 79 0.76479675120590951 11 6403 5 5203 7 7185 1 3333 14 9104
1248 1.1842562253339026 0.32298943420723597 4.9507988085135537 178 164 145 1.0857359604930474 11 6422 5 5207 7 7192 14 9052
1249 -1.8271714288240366 0.3655985165209607 4.7202643386326208 121 100 77 1.4771115797700789 3 2050 5 5211 7 7169 1 7371
1250 2.4532273281833783 0.36051794345104182 5.473940781406097 120 102 90 0.67430757614844794 3 4946 11 2583 5 5214 13 7144 7 7194 8 5953 14 9106 6 13330
1251 2.4532273281833783 0.36051794345104182 5.473940781406097 120 102 90 0.67430757614844794 11 2584 5 5215 13 7145 3 4947 7 7195 8 5954 14 9107 6 13331
1252 2.1634223279325417 0.38201169240174376 5.5450255425540362 85 67 57 2.1114519960682601 3 4954 5 5218 7 3008 14 9105
1253 1.2142796377226515 0.35226699989895305 4.8852964546192474 203 189 176 1.0805431701820725 11 6443 5 5232 7 9988 14 9065
1254 2.7483301163784621 0.4174637890560462 5.4147376649745018 157 144 125 0.81720918045196911 11 6455 5 5252 13 7198 12 2099 1 7460 8 2596 6 12805
1255 -0.37167064821074791 0.36278827732846564 4.3739230414230192 41 28 19 0.71150440848310514 11 6474 5 5259 13 8393
1256 1.2811971325538614 0.38959019461472899 4.8515975272652661 64 43 24 0.68105636778122247 11 6463 5 5260 14 9699 6 13283
1257 1.1221908214081311 0.41809760177875616 4.89846407930985 125 101 73 1.0703433191352534 3 5003 5 5271 14 9705 4 5142
1258 2.5442176476334861 0.45495136147083765 5.4311728909507639 117 98 81 0.90276478921706027 3 6796 11 6464 5 5272 1 3450
1259 1.4326582423898491 0.40507033948376864 4.7938994150291867 105 81 54 1.0024633845888167 11 6484 5 5277 14 9710
1260 1.8977163111900497 0.49360888638055395 5.4763008110784925 30 21 14 0.9410186338704698 3 6820 11 6477 5 5280 7 7274 14 9122
1261 -0.78465660285289507 0.40911676829573379 4.3824792750415993 32 22 13 0.8192058712806557 3 5030 5 5286 13 9224
1262 -0.78463741449005697 0.40857649517256578 4.3826232373502432 32 22 13 0.24623664008954013 11 2724 5 5287 13 9225
1263 -0.97204491770814372 0.41921575540024636 4.4277651530619302 36 25 19 0.81961887456424187 11 2722 5 5288 13 8386 7 7285
1264 2.8266037615881983 0.476462876772553 5.3606954390251058 155 142 127 1.0231420126963711 11 6492 5 5292 13 2298 7 7301 1 3489
1265 -0.44949738635999559 0.41231399392816398 4.3726810342444153 34 20 9 0.52870570105481185 11 6516 5 5296 13 8416 12 2159 1 7499 8 2656
1266 -0.27201478811565344 0.41683882226246077 4.3924142052998283 38 24 13 0.58591263710652508 11 6518 5 5300 13 8426 12 2164 1 7506 8 2660
1267 -0.27201478811565344 0.41683882226246077 4.3924142052998283 38 24 13 0.58591263710652508 11 6519 5 5301 13 8427 12 2165 1 7507 8 2661
1268 2.0720620104161567 0.52716999829890232 5.5515000877854757 91 76 69 1.8717836355523132 11 6498 5 5302 7 7300 12 2155 13 7218 8 2629 14 9126
1269 -1.8476278527820327 0.47717997623282155 4.6762237688505373 26 19 13 1.3511454514913201 3 5056 5 5303 7 7281 12 2138
1270 -1.8231141644408146 0.47749068469541861 4.6808005575116152 21 16 10 0.71981515308221289 3 5057 5 5304 12 2140 7 3142
1273 2.591587331397152 0.51529126945945003 5.4224508279499366 124 103 84 0.63642589616860379 3 6827 11 6513 5 5311 7 7315
1274 2.2733497288281188 0.55278431137203499 5.5544026219863145 129 111 99 1.0532280923696904 11 6520 5 5317 13 7234 12 2175 1 7520 8 2662 14 9769 6 13349
1275 -0.91619430484378561 0.44879000627979965 4.3570527473370584 100 87 78 0.58987937151474701 11 2777 5 5322 7 7323 1 3505
1276 -0.82596897986589357 0.44441677303950922 4.3403149333668214 121 107 96 0.45803564184629453 3 2181 5 5323 13 8412
1277 -0.82596897986589357 0.44441677303950922 4.3403149333668214 121 107 96 0.45803564184629453 3 2182 5 5324 13 8413
1278 1.8048194145729348 0.56024778659691743 5.4038310175282236 157 141 126 1.2540306873810216 3 6842 11 6531 5 5329 7 7328 14 9758
1279 2.370689977962305 0.56836633825832228 5.5128859629114704 69 55 46 0.85261432445560481 11 2758 5 5334 12 2184 3 2163 1 3524 8 2674 14 9136 6 13354
1280 3.7655737035462091 0.27881489622130401 3.5799565889185714 130 112 98 1.865288328936447 5 5336 4 8106
1281 -0.43552634383554417 0.45325249435097675 4.3431319723634827 165 144 127 0.79953532390694848 3 5068 11 6547 5 5337 13 8441 12 2191 4 2456
1282 3.849411496746503 0.25472057329688552 3.3838312265687827 124 107 89 1.2270210308864882 3 6812 5 5338
1283 3.849411496746503 0.25472057329688552 3.3838312265687827 124 107 89 1.2270210308864882 3 6813 5 5339
1284 -0.80821911725972817 0.46179385925538091 4.3489373118058392 50 38 26 0.48793913631897556 11 6543 5 5341 13 8424 1 3522 8 2692
1285 -0.80761727569260533 0.46267659486569651 4.3540302037940313 50 38 26 0.62113280150755168 3 5082 11 6544 5 5342 13 8425 1 3523
1286 0.6037994563099941 0.49829022869073308 4.7393458311380341 45 32 24 0.51593556156515097 3 5060 5 5343 13 7188 7 7349
1287 0.6037994563099941 0.49829022869073308 4.7393458311380341 45 32 24 0.51593556156515097 3 5061 5 5344 13 7189 7 7350
1288 2.7841344458085731 0.55047505139597575 5.3346469238795828 120 100 76 1.1902808232490869 3 6845 11 2782 5 5345 7 3244 14 8206
1289 -0.4578053369138676 0.46260460739530468 4.343869287484206 62 47 35 0.67873906511106952 11 2805 5 5346 13 8443 12 2196 1 7557 8 2696 4 2469
1290 2.8349084970631 0.55440454665452543 5.3531942377196708 109 87 63 0.64152954863351075 3 5041 11 2785 5 5348 7 3249
1292 5.2914176587201691 0.90384474208818966 8.0276729116377137 59 45 36 1.1595235691431369 3 5058 5 5356 7 7344 8 2658 2 9546
1293 -1.8248276565153216 0.53443703165448897 4.6657720774653937 26 19 10 1.3127745740904442 3 5111 5 5358 7 7345 12 2188 1 7525 8 2679
1294 5.257913885321015 0.92131000004407371 8.0939467712162809 81 63 51 1.4837049127809923 3 5065 5 5359 2 9547
1295 -0.47364765567357447 0.47918379123271299 4.3536055303972789 103 87 75 0.97221038946031035 11 6558 5 5365 13 8453 12 2219 1 7579 8 2712
1296 -0.50276035205585234 0.48340359875252098 4.3535628397164015 129 113 98 0.57582439479823821 3 5096 11 6566 5 5367 12 2222 1 7584
1297 -0.50323385917441144 0.48333550147081022 4.3542813479534059 129 113 98 0.67271903245528664 3 5097 11 6567 5 5368 13 8456 12 2223 1 7585
1298 0.035498331923229709 0.4961329662292901 4.4855129390340762 50 33 23 0.88105751003649002 3 6858 5 5372 13 7174
1299 -1.812245588786026 0.55259624390171236 4.6678304758261282 107 94 78 0.90080491204275626 3 2264 5 5378 7 7364 12 2208
1300 2.6451070065557616 0.62858060296881413 5.41783740846531 175 144 113 0.79138678050413258 3 6861 11 6575 5 5390 7 7393 14 9154 4 8173 6 12843 9 12512
1301 0.87067930707783303 0.57543510942386766 4.8431741001382944 176 155 127 1.324583688563814 3 5116 5 5394 14 9119 4 2477 10 8174
1302 -1.734615117740812 0.57112014310565551 4.6219423571726441 130 111 94 0.85996459593015595 11 6592 5 5396 12 2241
1303 -0.019326677481484034 0.52988933086002377 4.4431233492983422 141 119 105 0.89403928763900709 3 5130 5 5400 13 7200 7 3332 4 5302
1304 -1.5873160958344399 0.56582340109001128 4.5486975623141488 122 109 92 0.47481193513689107 11 2882 5 5405 1 3597
1305 -1.5873160958344399 0.56582340109001128 4.5486975623141488 122 109 92 0.47481193513689107 11 2883 5 5406 1 3598
1306 3.781423361909622 0.34554044923105243 3.5304250975532505 153 141 125 1.7410703909050806 3 5059 13 5360 7 3404
1307 3.7945919803744661 0.34139468621091557 3.5084628278576742 155 142 126 1.4566019530667265 3 6851 13 5361 7 7439 1 3710
1308 3.8686762877592762 0.3221113020005949 3.3875724080187082 147 130 112 0.76409812816241618 3 5054 13 5364
1309 -1.6496156423428245 0.58471037018919492 4.5905467508447773 58 46 32 1.1859202336830401 3 5154 5 5416 12 2259
1310 -0.51088146125849487 0.54869628287669936 4.3903724507631594 124 106 92 0.62139192322908965 11 6616 5 5421 13 8489 12 2270 8 2768
1311 -1.7173071454445896 0.59662960113282093 4.6100519150121571 106 84 69 1.2774217847117211 3 5158 5 5428 7 10079 12 2260 1 7603
1312 2.3760163114297641 0.70263903231127967 5.5008449154607266 96 78 64 0.7638964795385923 3 6884 5 5434 13 5348 7 7427 8 2773 14 9161
1313 -1.0881439493125438 0.57805953609332705 4.3990229896191275 133 117 104 0.62654208318873039 11 6629 5 5444 13 8478 7 7429 12 2288 1 3655
1314 -0.97850373504174082 0.57424785928854705 4.381616036572531 110 91 76 0.79768509478999405 11 6630 5 5445 12 2289 1 3656
1315 -0.21146039984932996 0.57835291789507604 4.3783786109794978 125 106 92 0.75815051872982453 3 6901 5 5449 13 8513 1 3686
1316 1.0791087824739125 0.6558576262857676 4.8734450575719848 174 157 131 0.84111521285459601 3 6899 5 5456 1 7634 8 2799 14 9776 6 13947
1317 5.2673619592841661 1.0571442693864752 7.5777950348217233 175 156 138 1.204878974075287 3 6904 5 5461 13 7377 7 10115 1 7631 8 2777 2 10225
1318 2.4120210883519988 0.75941738753258903 5.4892742900796323 82 66 51 1.0491632617718236 3 5173 11 2961 5 5464 13 7338 7 7470 14 9172 6 12851
1319 2.7238606204282614 0.73569443487187702 5.3262633447134258 164 142 118 1.0175552474586829 3 2345 11 2974 5 5471 7 7472 1 7652
1320 -1.0429868842892833 0.61518439768861666 4.3773187003779537 133 117 101 0.43284393393910053 11 6663 5 5472 7 7468
1321 -1.0423327561203535 0.61509883808389265 4.3754474380731549 133 117 101 0.5468016337623588 11 6664 5 5473 13 9275 7 7469
1322 5.2537582096564943 1.1624411865509781 8.0136572656642926 30 26 19 0.88911371742984835 3 5187 5 5475 2 9602
1323 -0.25113026595873272 0.62275443768599514 4.4106896877115123 182 161 144 0.38549139878150157 11 2999 5 5477 13 8531 1 3729
1324 5.2905901720467892 1.1617587926784332 7.9381333559226563 114 99 91 1.0837067323410621 3 5190 5 5479 7 7473 8 2793 2 10237
1325 -1.8652256566401229 0.67595505340678363 4.6351225981726243 100 83 67 1.5619774681929972 3 5204 5 5486 7 7471 8 2805
1326 3.8690106426189286 0.41746043366155744 3.3627860994528316 159 147 134 0.96859142664390641 3 6896 13 5431
1327 2.6205585985372646 0.77891336118500865 5.3928550746176285 106 82 58 1.1146521098949151 11 6670 5 5499 13 5407 7 7492 14 9180 6 12059
1328 3.8950474543858102 0.41796639718070694 3.3386942553419456 171 157 141 2.2283833160195261 3 6898 13 5438 4 7039
1329 0.20388279256596853 0.66647382707711655 4.5362098968258753 165 140 118 1.2027235042731106 3 6928 5 5507 13 7293 7 7499 4 7130 10 8247
1330 5.2795663365223584 1.2040167255470895 7.9005311693516118 22 17 11 1.0854704750628013 3 6931 5 5509 7 7494 8 2820 2 9607
1331 -0.94609816103136879 0.64863356715109699 4.3593736697981269 124 102 87 0.62991466325871492 11 6688 5 5512 13 9288 7 7496 1 10179 8 2847
1332 2.7287885982240665 0.79745961173063606 5.3285614233050982 147 134 118 1.5358724915637394 3 2413 11 3022 5 5515 13 7371 7 7509 1 3775 13 5428 14 8259 6 10940
1333 3.8528222998693207 0.44337435374854045 3.324022821977604 153 145 134 1.474557530423982 3 6913 5 5517
1334 -1.0007107310793146 0.66343239036867718 4.3642974209514991 167 148 133 0.90452238613527458 11 3039 5 5519 13 9297 7 7504 12 2347 1 3769
1335 2.6751298291158996 0.82153134628897484 5.3839663881707507 92 70 49 0.25370116110850305 11 3025 5 5520 14 9183
1336 2.6734313431768055 0.82289239690403482 5.3790493304401394 92 70 49 1.4447560194236431 11 3026 5 5521 7 7517 13 7388 1 3790 14 9184 6 12878
1337 0.009789375867199579 0.68644684941440237 4.4194638923558838 150 125 105 1.1017643556767496 3 5216 5 5535 13 7311 4 7148 10 7098
1338 -0.52583084834114291 0.67624169324781236 4.3459204284927493 22 12 5 1.2272027237113849 11 3057 5 5536 13 7290 12 2364 1 7707 8 2876
1339 -0.98958939358602116 0.68197667936924034 4.3506336842919975 155 136 119 0.51449457102978124 11 6711 5 5540 13 9302 7 7520 12 2365 1 3788
1340 -0.98958939358602116 0.68197667936924034 4.3506336842919975 155 136 119 0.51449457102978124 11 6712 5 5541 13 9303 7 7521 12 2366 1 3789
1341 -0.85109494994173629 0.67637376611258404 4.306911294558792 177 152 129 0.82081048862359351 3 5225 11 6717 5 5544 13 8546 7 7526 1 3795
1342 0.49644548941804945 0.73755516850716984 4.6490875992604428 167 145 124 0.68094916374015102 3 6943 5 5547 13 7343 7 7536 12 2373 4 7153 10 8254
1344 -0.97948425587820842 0.70515832639646259 4.3503799746739951 148 129 112 0.87710236629376037 3 2491 5 5554 7 7540 12 2384
1345 -0.97948425587820842 0.70515832639646259 4.3503799746739951 148 129 112 0.87710236629376037 3 2492 5 5555 7 7541 12 2385
1346 0.86329344265050134 0.78622072873298832 4.7818888339015491 176 161 143 1.0307378402995155 3 5239 5 5560 14 9814 4 5421
1347 -0.70522329679762574 0.72216535486256894 4.3651550593423227 118 97 80 0.66986852296038146 11 3100 5 5570 13 7319
1348 -0.03193670488642647 0.7328482344163475 4.3923291180885355 161 136 114 0.36248003593664152 3 5256 5 5577 4 5443
1349 2.5776821016055895 0.9032418392832966 5.3765938221952805 24 11 3 0.7497861063214103 11 3091 5 5578 7 3598 3 6952 12 2404 1 3860
1350 2.1871986006961133 0.94596762164419701 5.574225764663014 68 58 56 1.0572490810526485 11 3095 5 5579 7 7576 12 2400 8 2911 14 9193
1351 -0.35232850844678421 0.73600851030269132 4.3551500773635583 169 149 132 0.95112556826328321 11 6754 5 5586 13 8589 12 2412
1352 2.7121206466026284 0.90155626488847407 5.2942984588439401 113 90 75 1.1786460628020177 11 3118 5 5587 7 7585 1 3890 14 9198 6 12895
1353 0.19274065022545722 0.77950020209703774 4.5060367261939342 166 139 118 0.61356783703360118 3 6964 5 5594 7 7591 4 7182
1354 0.19105233588022708 0.7821089468612602 4.5042459152714409 166 139 118 1.1888704537468489 11 3144 5 5595 13 7386 7 7592 10 7120
1355 2.5414575194730284 0.93976040134754213 5.3930271768412368 46 32 23 0.94796838466790723 11 6758 5 5597 7 7596 12 2424
1356 2.5449571786831613 0.93989646384544911 5.4009319317852649 46 32 23 1.0090721151277815 11 6759 5 5598 13 7443 7 7597 12 2425 1 7766 14 9205 6 13420
1357 2.7533121091940975 0.91341640737753593 5.2282094989319416 167 149 129 1.0033879856401267 11 6767 5 5601 7 7604
1358 2.6947392384360582 0.92553819334854581 5.2676249536918451 66 45 31 0.52770270285244958 3 2544 5 5602 11 3139 7 3649
1359 -1.6222326350069398 0.8042890659178239 4.5757483935441625 140 123 107 1.7696340391012106 3 2556 5 5605 7 7588 12 2432 1 7759
1360 -1.0584731409629533 0.77320038988257433 4.3993415752751615 160 141 126 0.68850341661114889 11 6781 5 5607 13 8588 12 2442 1 7771 8 2946
1361 2.7559525917755572 0.94729320599992151 5.2265434053320217 172 154 131 1.1858447304805098 3 6970 11 3181 5 5618 13 2697 7 3679 14 8303
1364 -1.8319603723654261 0.83319289691161136 4.5935642537924206 91 74 54 1.8842346269552126 3 2580 5 5625 8 2954
1365 -0.35196015879686587 0.79368627338203457 4.3552079126651924 159 141 128 0.18188044994835026 11 6798 5 5627 13 8618
1366 -0.54421836805040713 0.7917120713509247 4.3321021202163283 192 171 153 0.59974287659522407 11 6797 5 5630 13 8614 1 3938 8 2983
1367 3.25994478560458 1.081336748085765 5.771511961305964 167 147 122 1.1507837418250677 3 6983 11 3202 5 5635 7 7643 4 8254
1368 -1.8118430127519085 0.84386074733258054 4.5885000543268264 113 94 77 1.5322050712309654 3 5303 5 5637 12 2465 8 2964
1369 2.5501588173358161 0.99752792535501433 5.3319982214319639 116 90 75 0.52612189040000679 3 6982 11 6800 5 5639
1370 2.5524842495344986 0.99710663118903342 5.3393753139365829 116 90 75 0.87072003411605403 11 6801 5 5640 14 8308
1371 -0.8632187792480801 0.7925827566405913 4.2859462831390207 167 141 114 0.64620944798429814 3 5305 5 5643 13 8613 11 3242 1 3943
1372 -1.8688907738388472 0.8528618373277157 4.5960864187633863 99 81 61 1.3954600797805932 3 5308 5 5647 7 7621 12 5074 8 6260
1373 -0.63903783701703698 0.80131180254577972 4.3226895517146282 124 103 84 0.73612483596910727 11 3234 5 5648 13 8622 1 3947
1374 3.2019601589876023 1.1031310678773689 5.7380222565570485 145 123 99 1.3159445378004657 3 6996 5 5653 4 8263
1375 3.2019601589876023 1.1031310678773689 5.7380222565570485 145 123 99 1.3159445378004657 3 6997 5 5654 4 8264
1376 -1.7391030278178552 0.87144841723979283 4.6209549354362212 130 114 99 1.1092142249159467 3 2620 5 5657 7 3702
1377 -1.8959430047817727 0.87064863922074509 4.6091149429334237 144 123 104 1.3370312208153801 3 2624 5 5658 7 7646
1378 2.3174358667793569 1.0597212787187238 5.4274878724460178 137 110 89 1.204933569740122 3 7004 11 6840 5 5665 13 5589 7 7683 1 3992 14 9219 6 12908
1379 -1.8688802288135298 0.88011924338825631 4.5926904464232479 96 75 56 1.6223617876444398 3 2633 5 5667 7 3732
1381 -0.23725319092507566 0.88261606478376775 4.3541119750854849 110 89 70 0.95455081058298608 11 6884 5 5690 13 8666 12 2535 1 7848
1382 -0.23725319092507566 0.88261606478376775 4.3541119750854849 110 89 70 0.95455081058298608 11 6885 5 5691 13 8667 12 2536 1 7849
1383 -1.8044399901120554 0.92056487874826398 4.5758787346486294 86 74 62 1.8914951350248723 3 2668 5 5696 7 7701 12 2537
1384 -0.50408151822328273 0.88602740898992038 4.3337452404862855 27 27 27 0.28086564742902032 3 5356 5 5701
1385 2.7113124208506099 1.0853332072145465 5.2346805704735226 127 103 80 1.7724359282976241 11 3354 5 5702 13 2816 7 3849 6 12155 14 9231
1386 -0.45925121547021708 0.89358498616437387 4.3643348515307974 16 17 19 0.21369849296550969 11 3361 5 5704 13 7467
1387 -0.70835409118215698 0.8810947795513191 4.2795047693192023 149 128 109 1.442167442190418 11 6897 5 5712 12 2548
1388 0.00066736576709441886 0.90716706848670525 4.3673918514787431 129 103 78 0.68006912996664226 3 5367 5 5713 13 7477 4 5564
1389 -0.79280715541652835 0.88498397370921511 4.271583824978423 147 127 103 0.81591418353345979 11 3383 5 5718 13 7466 7 3842
1390 3.805808814641519 0.70238661373982059 3.3844759866813634 29 20 15 0.38566086861081605 3 7035 13 5669 1 4101
1391 0.26974003374406808 0.95590190382684159 4.5048589337677667 36 28 23 1.0063812048589453 11 6906 5 5730 1 4077 8 3094 4 2897 13 2795
1392 -0.9030774352195915 0.89582267468928845 4.2697568477180488 160 138 114 0.58338977044667495 3 5372 5 5732 13 8674 11 3397 8 3084
1393 -0.97706171332000613 0.90433243447530109 4.2979430215596395 141 119 99 0.73623114035571191 11 3414 5 5734 13 8677 12 2575 1 4066 8 3081
1394 -0.86407924386906065 0.91306553519099709 4.2488637619069083 127 102 75 0.49073834449241827 11 3441 5 5753 13 8683 1 4095
1395 5.2649415612680022 1.7427593235532595 7.7109384280692304 93 80 72 0.91960584332840911 3 7097 5 5757 7 7787 2 10303
1396 5.075135984948365 1.7165104767713055 7.6059997982030279 98 82 67 0.9679524236506909 3 7096 5 5759 2 10302
1397 1.1070403777130893 1.0559716125146099 4.7252620777350929 137 130 112 2.1365813594694552 3 5408 11 3466 5 5768 13 7550 8 3141 6 14000
1398 -0.86728817385603307 0.93541249498016144 4.241219647272124 163 137 110 0.52131588450506872 11 6943 5 5770 8 3122
1399 0.93600541437176765 1.1107627270501956 4.7414585222120511 121 101 80 2.4652509211663962 3 7109 14 10240 10 9607 5 5796
1400 -0.87874153544469258 0.99067458949826748 4.2344005702899929 105 86 69 0.77582187434061822 11 3535 5 5805 13 8713 7 4022
1401 -0.92083566519279092 1.0590204501984271 4.2128108223889642 86 69 51 0.72591188977819876 11 7054 5 5858 7 7899
1402 -0.6254153024308452 1.0976762326688525 4.2632782763226711 190 167 149 0.39571228765159833 3 5507 5 5876 13 8758
1403 -0.6254153024308452 1.0976762326688525 4.2632782763226711 190 167 149 0.39571228765159833 3 5508 5 5877 13 8759
1404 -0.67205234898498656 1.1210101175989924 4.2571727977905587 148 127 109 0.62794088365303935 11 3676 5 5904 13 8774
1405 -0.67205234898498656 1.1210101175989924 4.2571727977905587 148 127 109 0.62794088365303935 11 3677 5 5905 13 8775
1406 -0.6669306460802884 1.1735712103135159 4.2234315944087015 126 105 86 1.8284985254874053 11 7159 5 5947 13 8797 12 2809
1407 -0.28703305998352302 1.2332669528451388 4.266838168652626 147 127 108 0.32465446044957486 11 7196 5 5976 13 8811
1408 -0.9619344240900789 1.2144721141000272 4.2092513410682679 79 67 55 1.3361676407715788 11 7213 5 5991 13 8830 7 8040 12 2874
1409 -0.29790753202733494 1.2463684503953325 4.2460556773518245 113 95 79 0.73777146588226261 11 3834 5 5994 13 8826 8 3464 4 5752
1410 -0.39114531414146436 1.2399084295817491 4.2165958728945441 115 98 80 1.2130660471386059 11 7216 5 5997 13 8831 1 8135
1411 -0.9447809449976079 1.2243939963846644 4.1938882222320766 139 122 104 1.4631333321600675 11 3843 5 6000 13 8837 7 8057
1412 -1.0308331756057507 1.2478282683003958 4.2706557468553576 77 68 57 1.854526202115035 3 5613 5 6003 13 9494 7 10504 12 2896
1413 -0.3956703326318744 1.2659633054640753 4.2324107944906961 156 139 121 0.68882460753480856 11 3868 5 6010 13 8843
1414 -0.57119591094017896 1.2839887728036941 4.2051694499315069 120 103 85 0.58775457951764631 3 5661 5 6029 13 8862
1415 -0.25857940244032934 1.3132515975577299 4.2447831335659885 136 119 100 0.38070385809096458 11 3922 5 6034 13 7805
1416 -0.2172399448766365 1.3248511784463608 4.2523123292344795 121 107 95 1.325829626776027 11 3939 5 6044 13 9517
1418 12.735592819669781 -6.5152609571789801 14.737774587508349 122 125 134 2.4430835945898521 7 8755 11 4835 12 286 1 5819 8 4583 6 5606 2 6436
1419 -0.65264425006613513 -3.4745300020290353 10.139881314759622 84 87 92 0.92574593968806307 11 4837 5 6483 7 8761 1 8874 8 4568
1420 0.53175733453527618 -3.3235907761313155 9.9869336106350062 97 91 91 1.1179423148771577 3 6012 5 6497 12 3619
1421 0.97383812269657766 -3.3591380791409362 10.079583663357221 155 151 150 1.1090581979184186 11 7923 5 6501 7 8799 3 3657
1422 0.62384871043076262 -3.2939680382288237 10.024208979200962 134 128 128 1.1782113387934163 3 6016 5 6504 12 5939
1423 12.254220275855872 -5.6481870830542436 14.596485941918278 124 127 133 0.96564117962090223 11 7930 7 8809 12 3707
1424 -0.39045878983962085 -3.0647956597065464 10.001686820628235 127 129 134 1.3935327648986635 5 6510 7 11014 1 8967 11 7931 8 7421
1425 0.85058225063602466 -3.1288118615465055 10.069113914029224 160 164 167 0.36138465980364526 11 9924 5 6515 1 9019
1426 -0.13322744585514876 -1.9864361495970109 6.6828652354071405 154 147 141 1.0190506452736565 11 7984 5 6541 13 7869 7 8902 1 9159 8 643
1427 -0.054538678874629154 -1.9320078010565342 6.6495391953374536 160 150 140 1.0271542953619024 3 6063 5 6548 13 7878 7 8920 12 3803 1 6123 8 4860
1428 2.0036059632243273 -1.9829887245820532 6.0820252512931763 237 246 247 0.91727726921554764 11 5070 5 6551 7 5794
1429 -0.67640157739449391 -2.4161738853238903 9.9006615736210222 151 147 144 1.8255734970004516 11 9961 5 6559 7 11085 1 11081
1430 -0.22355781451129553 -1.8225662563278202 6.6711217811926877 148 141 131 1.4180718871788949 11 9985 5 6561 13 8919 12 6072 1 11145 8 7583
1431 2.0593045625076889 -1.8011939205967005 6.0635145256428364 156 152 149 1.5898868727600413 11 8094 5 6583 7 5863
1432 0.077387269589904328 -1.6973098900405899 6.5578316583583103 81 77 74 0.4654405201268329 11 8069 5 6588 7 8991 12 3883 8 4954
1433 -0.19672838052543626 -1.6868048924681671 6.6682003261049259 121 112 104 0.63359123337796452 11 8061 5 6590 7 8988
1434 -0.83791950419362338 -2.1715433541835827 9.7981594899256308 159 150 145 1.3046798180740726 11 7999 5 6592 7 11117 8 7528
1435 3.9230800788379905 -1.5233181172770776 3.8363880917814384 141 122 105 1.6681309826587087 3 6024 5 6593 13 6464 7 9136 12 1074 8 1347
1436 4.0868747487192882 -1.500205045790644 3.7180886839054987 23 26 31 0.82566207660849045 11 5345 5 6595 7 6065
1437 1.1504947243980679 -1.5523492286658214 5.4810553243883655 143 133 124 0.98800167837692376 3 7546 5 6598 13 6272
1438 0.025317958332601531 -1.6163137916549213 6.5486943458363234 115 106 97 0.50533766988757833 3 3832 5 6600 7 9031 12 3901 1 9256
1439 1.7153782692874344 -1.6458050924481955 5.8701604330185155 72 74 78 1.0689829240197131 11 5186 5 6603 13 6321 7 5932 12 3978 1 6394
1440 1.6389914844760294 -1.5869008831436782 5.8405578280254575 145 142 136 1.1091119752237304 11 8133 5 6616 13 6330 7 9068 12 3987
1441 1.9535124033827564 -1.5986993835214927 5.9468655434062345 160 150 140 0.011658193085774107 5 6621 14 8707
1442 2.2993429446306415 -1.6578605659030123 6.1744782447275464 162 156 144 1.7248782349347378 11 8143 5 6624 7 5977 8 1065
1443 2.2956012385745299 -1.6569002137404512 6.1638679150097788 162 156 144 1.6441763429796223 11 8142 5 6625 7 5976 12 890 1 1770 8 1064
1444 1.629513255157276 -1.5421807515327486 5.81010048840011 79 78 78 0.91831003807069067 11 8147 5 6627 13 7993 7 9091 12 4009 1 9367 8 5084
1445 2.1374761054848963 -1.5950388571818037 5.9838464005509762 64 62 63 1.4567102193504957 11 8148 5 6630 7 9095 12 4023 14 9483
1446 2.0667050667946159 -1.5879963548779155 6.0475677112526522 156 143 134 1.1530525924817421 3 7556 11 8152 5 6632 12 4019 8 5085
1447 3.9684494527701468 -1.3503975080958155 3.7292631077593468 142 115 101 2.1090141514175884 3 6045 5 6642 12 1188
1448 1.9385404146324801 -1.5366506496515515 5.9847716716953885 155 145 135 2.15961486218418 3 7558 5 6643 4 8586
1449 0.96799066294324676 -1.332462403367993 5.3326805500986687 149 139 129 1.5598947932244975 7 9148 12 4058 4 7676 10 8682 9 11524 5 6656
1450 1.5436296183678766 -1.4401598826150686 5.7506383208923886 84 80 79 0.62785376784654212 3 6125 11 8171 5 6658 7 9127 12 4051 13 8003 8 5104
1451 -0.61080576891646532 -1.1106447383205269 4.7429806455074646 69 63 65 0.71127887916798649 11 5327 5 6661 7 9170 12 4054 1 6491 8 1236
1452 2.1445029986506103 -1.4844372857688031 6.0639281835143359 150 138 126 1.9534968389444192 3 7563 11 8180 5 6666 7 9152 12 980 1 1876 4 8593
1453 2.9360420786157211 -1.5686550671242192 6.2704769091427872 135 128 122 0.89351233369279781 3 6113 11 8181 5 6669 7 9157 1 6502 8 5111
1454 0.32619977950658019 -1.3836653613322489 6.4068191017892202 123 104 89 0.95338533880922294 3 6163 11 8163 5 6671
1455 2.59485546659681 -1.5173911466984673 6.1858005192984651 137 132 126 1.7521190055087341 11 5295 5 6678 7 6064 13 4062 12 997 1 1903 8 1172 14 8750 6 11621
1456 -2.1263621917860336 -0.9744688910204049 5.1953216768486286 71 71 81 0.81412806326347031 3 6246 11 8207 5 6690
1457 -2.1771580762820109 -0.96737734726927915 5.2255016277854214 67 69 81 1.1048442748024991 3 6252 11 8210 5 6691
1458 2.5848678409500963 -1.4456344328804527 6.1548125161897627 129 124 118 1.7822005235441056 11 5336 5 6694 7 9202 12 1041 1 6531 6 12550 13 4100
1459 2.3566667124922138 -1.411804590910275 6.1194900849788247 151 139 127 0.80998102623583224 3 8555 11 8224 5 6698
1460 -0.42004400462826907 -1.010881816113177 4.7503037513295041 140 130 120 0.63715132784034179 11 5406 5 6702 13 7942 12 1057 1 6573 8 1340
1461 -0.42041715171652649 -1.0109521367246337 4.7505311887490134 140 130 120 0.76196021895765342 11 5407 5 6703 13 7943 7 6154 12 1058 1 6574 8 1341
1462 3.9897210253815971 -1.1807720920615901 3.639281363643593 149 127 113 1.3876035741831667 3 6083 5 6709 13 6605 7 6300
1463 2.7977903828101107 -1.4052353579551042 6.1588503898502225 141 131 121 1.6807167790379942 3 7569 5 6710 4 8592
1464 0.17997995191609484 -1.0590653371759542 4.917977811505704 74 66 64 0.88181143354014846 3 6191 5 6712 13 7983 7 9243 11 5413 12 4119
1465 0.90251701956584152 -1.1486677059964021 5.2572988702098877 137 123 110 1.6643683620345238 3 6175 5 6713 10 7752
1466 -0.46660240439040179 -0.97178715837978069 4.7461184533882168 123 110 102 0.56654581705056439 11 8274 5 6716 13 8948 1 9483
1467 -0.46776080932266073 -0.97205338923061735 4.7450876909670674 123 110 102 0.32725639600630746 11 8275 5 6717 1 9484
1468 4.008710447721052 -1.1486441957923492 3.6128245710739164 127 110 95 1.5082622017887819 3 6088 5 6722 13 6628 7 9332
1470 1.7755233572434008 -1.2262598323772784 5.926268965301106 49 45 43 1.3943587509452644 3 7593 5 6729 4 7696
1471 1.79900280196878 -1.2248754471199379 5.8946848308427473 128 119 110 0.50226877898246325 5 6731 14 9506
1472 1.8175967550273313 -1.2325943552892611 5.932827895781446 128 119 110 1.3026081128852218 5 6732 7 6177 4 7695 3 7592
1473 0.49726627769090126 -1.0267995361383846 5.0495172323164619 59 50 43 0.70613126916775948 11 5447 5 6734 7 9271 12 1128 8 1394
1474 1.7181516514628257 -1.2023044459055245 5.9000846599323973 66 64 65 0.82709090423443987 3 6188 5 6735 4 7701
1475 1.7181516514628257 -1.2023044459055245 5.9000846599323973 66 64 65 0.82709090423443987 3 6189 5 6736 4 7702
1476 1.6167952796489526 -1.1869830062232578 5.847516037087396 148 136 124 0.97610857108068261 3 7602 11 8268 8 1335 4 7705 5 6738
1477 1.8704043464180122 -1.2069119281144807 5.9586601245358244 47 43 44 1.0849990159355181 3 7601 5 6740 11 8269 13 6516 7 9254 4 8611
1478 1.6918570491479064 -1.1762115944151739 5.8788600331383263 180 168 155 1.3263870224110013 3 6195 5 6746 4 7707
1480 2.4044393651778648 -1.2446595438227459 6.0501001380642325 73 67 63 1.140921788434214 3 6179 11 8276 5 6748 7 9259 12 1137 1 6637 13 8078 8 5207 4 7681
1481 1.9496020113773849 -1.1980674412128993 5.9864210555968169 58 54 55 1.3560144647363295 3 7604 11 8277 5 6749 13 6530 7 9267 12 1135 1 6633 8 1346 14 8770
1483 3.8513042755245253 -1.074138201209105 3.7608923664328957 94 85 75 1.2860314306266512 3 6123 5 6754 1 2463
1484 2.4345433653620643 -1.1865434953608793 6.0389912394765686 77 70 64 1.4852183325770545 11 5460 5 6765 13 4210 7 6249 12 1178 1 2170 8 1388 14 8804
1485 3.7718588483688618 -1.0497478750442033 3.8898290956351267 89 80 73 1.2963667590167858 3 6137 5 6766 13 6666 7 6382 1 2471
1486 3.7728581537957067 -1.0497130027364543 3.8913430042931672 89 80 73 0.88111407341954606 3 6138 5 6767 13 6667
1487 2.0406244029557778 -1.0893165267903044 5.9843113852829832 116 106 94 1.2310521408890749 5 6776 13 6577 14 8799
1489 0.74066433219235284 -0.9076418977145243 5.1492519927573719 133 123 114 0.5278528194197355 3 6273 5 6783 4 6362
1490 1.8730868062008263 -1.0430900794149129 5.9181732176898887 49 45 42 0.92684326559200747 11 8322 5 6786 13 4215 7 9315 8 1459 14 8791
1491 1.608854771227203 -1.0061276856911663 5.7852015390625491 180 168 153 0.99905117944281241 11 5547 5 6790 7 9323
1492 1.7120652354476347 -1.0173621833293256 5.8163062743955782 56 48 46 1.2244422362951537 11 5539 5 6791 7 6318 14 9533
1493 1.8126650917333862 -1.0218528330426453 5.8950878568711795 52 45 41 0.86141081345565418 3 7633 11 8328 5 6794 7 9325 8 1473
1494 2.1282802476746405 -1.0578127216974895 6.0267254885530495 62 58 56 1.5070342749381709 3 7626 11 8325 5 6795 7 9324 12 1226 8 1466
1495 1.5837546279490144 -0.97551554435760945 5.7769341925985627 60 53 47 0.88289708915446685 3 7637 11 8339 5 6806 7 9345 4 7761 9 12106 10 9766
1496 2.2636854960812571 -1.0449083040076914 6.0742107160454966 144 132 121 1.6990753979939417 3 6259 11 5553 5 6807 13 6614 12 1240 4 7727 14 8826
1497 1.7738266822330964 -0.96557086503582057 5.8672457283085659 58 53 51 0.84343836432660102 11 8348 5 6813 7 9354 12 1254 13 4255 1 2262 8 1520
1498 2.27151148407496 -1.0107722729508974 6.042420386151405 59 54 50 1.2115812474688432 11 8346 5 6814 14 8833
1499 2.1721258805226031 -0.97920382855309185 6.0371829855741908 67 58 61 1.4042373360108258 3 7641 11 8358 5 6820 12 1279 1 2281 8 1537
1500 2.3970566197319561 -0.99425933579015102 6.0874299555720617 140 126 113 0.80852052331765112 3 6280 11 8359 5 6821
1501 3.8468166596479789 -0.90285234014307181 3.7786490670471538 140 117 99 0.71803217707643086 3 7595 13 8207 7 9438
1502 1.5839407089587874 -0.90238819552173855 5.7721553300305812 64 57 55 0.57464419743975304 3 7653 11 8372 5 6826
1503 1.515907229488437 -0.88974536846659324 5.7221894143583212 50 50 52 0.64064431716121195 11 8376 5 6828 7 9371
1504 2.1347567913211236 -0.94773791825766573 6.0025178579918625 135 123 109 1.0105530429237757 3 7647 11 8371 4 8638 5 6829
1505 3.8012538673985694 -0.89320089853846063 3.8423529333972293 141 133 122 1.8654102179922678 3 6192 5 6830 13 6743 12 1448
1506 0.93607713564426687 -0.78488330198052347 5.1997089105804619 167 148 131 0.75332743460615215 3 6318 5 6838 13 8092 12 4279 1 9613 8 5365 4 7824
1507 1.2608895341275832 -0.8118936227766349 5.2800155710734726 153 140 120 1.3328288578668468 11 8400 5 6839 14 10031
1508 1.604032667059903 -0.86614747155705096 5.7696543855881899 114 101 85 0.67234127195771087 3 7659 11 8386 5 6840
1509 2.178809592376918 -0.90023085763312616 6.0007888548696791 150 138 126 0.6408419248999242 11 8388 5 6844 7 9385 14 8848
1510 3.8384606446701883 -0.84881585303619522 3.7507767799895788 153 127 104 0.80860933472439067 3 6211 5 6845 1 6965
1511 0.25425960185293894 -0.77342656369572316 6.2734906951319882 75 62 53 0.69060690780278267 3 6355 5 6859 12 4245
1512 2.3283952148195159 -0.86569660485966271 6.0766238195738715 56 48 45 1.375149339976818 3 6320 11 8405 5 6861 7 9402 12 1328 13 4430 1 6812 8 1635 4 7773 14 8878
1513 2.1441261804166882 -0.84441072436086118 5.9895541329072177 165 154 142 0.78204998995903108 3 6323 11 8409 5 6863 13 8174 7 9403 12 4293 8 5359 4 7786
1514 2.6811171979107371 -0.86833904437628129 5.9390732428812054 152 140 124 0.99217352084789512 11 8416 5 6864 7 9405 13 6719 12 1347 1 6823 8 1659 14 8882
1515 1.6099403004117141 -0.76019122325834443 5.7465085211311182 39 30 25 0.51304524753996128 11 8424 5 6870 7 9415
1516 1.8708458884223922 -0.77407732674442509 5.8594564194209342 49 49 49 0.91476085834278287 3 7690 11 8425 5 6877 7 9417 4 8667
1517 2.0790363807411545 -0.78831030599359764 5.9432796005308912 66 59 53 1.3094840878555567 3 7688 11 8427 5 6878 13 4449 7 9419 12 1350 1 2453 8 1676 4 8663
1519 2.1694514990676139 -0.77504563725160647 5.9814032794655967 33 25 22 0.94096433491362408 11 8435 5 6883 13 6717 7 9431
1520 2.1715879423861058 -0.77551479870502193 5.985539141863959 33 25 22 0.94676100594003454 11 8436 5 6884 13 6718 7 9432 12 4319 1 6836 8 5399
1521 1.9027352063064114 -0.74732875355860806 5.8663998577143612 145 139 127 0.84722022577594525 3 7696 11 8439 5 6887 7 9434 12 1368 8 5408 4 8673
1522 1.9016516881304977 -0.74673739199624978 5.8640027293556569 145 139 127 0.87983643263655742 3 7697 11 8440 5 6888 7 9435 12 1369
1523 2.2588694019015736 -0.73186161591127974 6.0075128943058296 162 151 137 1.7759619748095514 3 7700 11 5728 5 6895 7 6471 4 8671
1524 0.8253348163525337 -0.61310666170767714 5.1094340759246233 175 162 145 0.63142254875650261 3 6374 5 6897 13 6640 7 6499 12 1407
1525 5.8203500719644747 -1.0166312047228503 9.0594824147566726 187 201 210 2.0323906814949018 3 6340 5 6903 7 9430 14 8048 2 10062
1526 2.3011659972665748 -0.70868749636098605 6.0261707064322749 50 40 38 1.1346441315484779 3 7708 11 5738 5 6905 13 4512 7 6492 8 1732 4 8677
1527 2.2122459341508751 -0.69524664922917945 5.9824833992657798 42 34 31 0.66718416955484305 3 7711 11 8461 5 6906 7 9464 12 4362 1 6877 8 1744 4 8680
1528 0.80800185763411292 -0.58687500177244301 5.0441993003712149 177 162 143 1.3769019469896548 11 8472 5 6910 14 10032
1529 1.7090811995910831 -0.65530352303324335 5.7649034227256619 41 37 28 0.67694796073613084 3 7722 5 6911 4 7844
1530 1.8112446034614722 -0.60760756797887072 5.7825568346630183 173 165 154 1.4813877804525724 3 8644 5 6920 4 8694
1531 1.9968949270251488 -0.58954557022972343 5.8576680566774968 161 149 135 1.7573993991733836 3 7733 5 6928 7 11409 12 4406
1533 -1.4502756119232632 -0.34820977271638459 4.7536766299196591 133 130 125 1.1588086910504711 3 4443 11 5846 5 6943 12 4401 1 6932
1534 -1.0042358340448907 -0.36942029113868735 4.6313956438445985 124 121 109 0.59185573875020192 11 8530 5 6944 7 9548 3 6458 1 9749 8 5551
1536 -1.4301640663134392 -0.33342511344550807 4.7414602274007516 67 63 60 1.1061263940422696 3 4455 11 8534 5 6952 1 9745
1538 1.6949059480257729 -0.49361113413518987 5.3067377892653118 151 135 120 1.6024427173067928 11 5854 5 6958 7 9558 13 8238 12 1535 8 1904
1539 -0.31877477709586816 -0.37796332521024117 4.6006419266084864 110 100 90 0.84774314241898097 3 6454 5 6961 4 4612 3 4400
1540 0.035944412508929879 -0.39068162077280694 4.7258363761015518 163 146 128 0.40126737331944645 11 8551 5 6965 7 9577 12 4458 8 5581
1541 2.0560445280592461 -0.49128936169451132 5.4186032739398602 155 139 125 0.79828927491114765 11 5867 5 6970 13 6814 7 9571 12 1549 1 6997 8 1919 14 9593
1542 2.0560445280592461 -0.49128936169451132 5.4186032739398602 155 139 125 0.79828927491114765 11 5868 5 6971 13 6815 7 9572 12 1550 1 6998 8 1920 14 9594
1543 -0.49702076127003603 -0.35080520619388039 4.5696425227476416 152 142 132 1.1540887783389606 11 8565 5 6975 1 9786 12 6418 8 8032 4 6732
1544 -0.42741432759762243 -0.35176212169998761 4.579454416941573 150 140 130 0.72253669523221797 3 6463 5 6979 4 4647
1545 -0.29004972568106552 -0.36172378296755481 4.6021469761763285 59 50 41 1.0262007445908297 3 6461 5 6980 13 8129 12 1541 1 2720 8 1953 4 4622
1546 1.8881677001515005 -0.47154573286566742 5.3642048917246932 156 142 129 1.1784388623288071 11 8548 5 6981 7 9582
1547 -0.76707741473061486 -0.32605183330596371 4.5191535171322315 79 69 61 1.2383709358169881 3 6472 5 6983 7 9593 11 5916 1 7001
1548 1.091973353600709 -0.41770616603958011 5.1416739745661824 120 102 78 0.84790606307501826 11 5894 5 6984 13 8227 7 9588 12 1555 1 2739 8 1944
1549 -0.12437636387918483 -0.33652383476321318 4.6418832048965406 141 132 117 0.11087724950257183 3 6471 5 6994 4 6724
1550 -0.070469108748148379 -0.33072274802708157 4.6557392494510967 145 130 116 1.4215769297656171 11 8587 5 6997 7 9604 12 1578 8 5620 4 7956
1551 -0.020680546562769908 -0.33090713170122554 4.6817318353480308 146 134 120 1.4060008573193741 3 7778 5 6999 13 8172 7 9605 12 1579 4 7957
1552 -1.47650655097326 -0.25210496336543364 4.7129584068974566 36 31 28 1.1669724259078602 11 8581 5 7000 12 4468 1 9788
1553 -0.65450185878306155 -0.2906576434012399 4.5379499192440136 40 29 25 1.0268899768178263 3 4506 5 7008 13 9073 7 6700 1 7025 4 4697
1554 -0.4898820640195175 -0.28712630489383117 4.5349310568009882 47 38 33 0.40372398589465114 3 6493 11 5971 5 7009 13 9086 1 7032 8 2014
1555 2.515952779947416 -0.39720927478544249 5.625538221382226 149 135 126 1.0372359790339714 11 5959 5 7018 7 9624
1556 0.31231981852953372 -0.29304347368200534 4.8210064570672202 152 140 127 0.42581113583888408 3 7787 5 7025 4 7959
1557 1.7392627448329292 -0.33481949197910099 5.2819717401123896 136 120 104 0.66134076030085887 11 8604 5 7032 13 8274 7 9639 12 4553 1 7076 8 5644
1558 -1.6793111455689176 -0.17240209168372245 4.7783636416124322 146 133 125 0.6168766786791634 3 4652 5 7037 1 7029
1559 1.2387394930838194 -0.30107084762206721 5.0644765252476569 159 135 107 1.1816271941293106 11 6005 5 7039 13 6837 7 9651 12 1663 1 7081 8 2061 14 9584 6 13611
1560 -1.117450919982566 -0.19224441502552775 4.6047293666381366 45 35 28 0.78372975997610705 3 4622 5 7044 13 8126 7 6760 12 1626
1561 1.9497104637980351 -0.31276427566306952 5.3062812697346571 161 151 139 0.49804821980826236 3 7785 11 8612 5 7046 7 9662 13 6868 12 1680
1562 -2.0621617685940965 -0.13358240120882059 4.95555297116747 122 113 104 1.0889044378265653 3 4684 5 7054 7 9646
1563 1.2154141262280964 -0.2774037369349876 5.0695792651356095 141 115 88 1.1238985526260208 11 6020 5 7055 14 10078
1564 -0.80470021735298725 -0.18600180046159054 4.5224945129885477 147 133 122 0.80941946476926319 11 8626 5 7058 7 9679 1 7090
1565 -0.80388503748082485 -0.18630530638442705 4.5224403153297867 147 133 122 0.79297680786040781 11 8627 5 7059 13 9098 7 9680
1566 -0.15132967317455803 -0.21706251205898147 4.5856065513077908 127 113 102 0.55807765150158128 3 6532 5 7060 13 8205 7 6790 11 2017 12 1683 4 6781
1567 1.8893390866279662 -0.27891850498151083 5.3244800406084156 157 139 119 1.8295518726144993 11 8619 5 7062 13 8292 7 9671 12 4579 1 9863 8 5681 14 10093 6 13900
1568 2.0478614413109759 -0.28737208049234547 5.3932557769808787 103 85 71 0.60540519845943397 11 8618 5 7063 7 9677 13 6877 12 1689 8 2085 14 9622
1569 1.0993106461545383 -0.24968186500560896 5.0963483681686919 175 154 127 1.2881685179350539 11 8620 5 7066 8 5683 14 10080
1570 -0.048346620814882835 -0.20504259999658814 4.6269932504543689 162 149 140 0.50164918529078073 11 6071 5 7068 7 9686 4 6785
1571 1.553400048655484 -0.26518713637196317 5.1838865018635722 146 126 102 1.3181604258625452 5 7070 7 9682 12 1692 8 2096 14 9603 13 4662
1572 -1.6653576034740247 -0.12734987298475509 4.7730149796825163 126 113 104 1.3180160907988914 3 4691 5 7072 12 4548 1 7072 8 2073
1573 -0.85347312241155182 -0.16033712354941237 4.5251271629409624 173 159 146 1.0478029561630062 3 6566 5 7078 13 9107 7 9698
1574 -0.37621679410883524 -0.18441014564359076 4.5141143904545968 154 137 127 0.51044067366185131 11 8656 5 7079 13 8201 12 4585 8 2145
1575 1.9150917080006518 -0.26497889570918043 5.2839497526542871 122 110 94 1.2297344538183299 3 6504 11 6049 5 7081 7 6803
1576 2.3843153595776219 -0.27053611689410156 5.5522363866505549 167 151 138 1.0046246599287958 11 6050 5 7083 7 9688 13 6892 12 1705 1 2899 8 2102 14 9637
1577 1.7587530210296904 -0.24528352556721994 5.2733113867734627 140 118 97 1.119363539420011 11 8637 5 7084 13 6875 7 9702 12 1707 1 2903
1578 1.7602146734969857 -0.24481879854574951 5.2761509585225648 140 118 97 1.5146221721276092 3 7806 11 8638 5 7085 13 6876 7 9703 12 1708 1 2904 14 9617 4 8766 9 12471
1579 -2.2172100718027727 -0.07536060067751664 5.0189701995140483 101 90 84 1.5740125051282592 11 8629 5 7090 7 9681
1580 0.62221117183168428 -0.19252124631494799 4.9193750777477288 62 49 41 0.9324444855077002 11 8662 5 7092 13 9159 7 9716 12 4599 1 7125
1581 2.4625486116649284 -0.24518034422261836 5.5709388525848729 145 128 111 0.7830556398683387 11 8646 5 7096 7 9718 13 6907 12 1738 1 7126 8 5697
1582 2.4625486116649284 -0.24518034422261836 5.5709388525848729 145 128 111 0.78305563986833859 11 8647 5 7097 13 6908 7 9719 12 1739 1 7127 8 5698
1583 -2.1804585963929846 -0.059964511859275246 5.0208052001946033 101 91 82 1.5575704685398535 11 8649 5 7101 7 9695 3 1648
1584 -0.10784510956815965 -0.15689971582271106 4.5954747603067574 138 125 109 0.64738889018141643 11 6110 5 7102 13 8234 7 9733 12 1729
1585 0.024632473536057742 -0.15637829942017578 4.6224806129301079 156 144 132 1.0084298101566345 11 8684 5 7103 13 8248 7 9740 12 4604
1586 0.024632473536057742 -0.15637829942017578 4.6224806129301079 156 144 132 1.0084298101566345 11 8685 5 7104 13 8249 7 9741 12 4605
1587 -0.82055278383314478 -0.11876241769117743 4.516098819764597 157 142 123 0.77623963138933771 11 6124 5 7105 13 9119 7 9739 3 4697 1 7136
1588 2.7341541575229011 -0.22444317561497834 5.6113850673896088 73 69 60 0.93929631661352808 3 4580 5 7106 8 5715
1589 -0.50685287119745293 -0.099380593618443328 4.5055655401255139 170 158 146 0.95059000775034497 11 8709 5 7117 13 9672 12 6503
1590 2.1856287963723378 -0.12806254499855541 5.4173673203617421 144 120 96 0.68784456001311645 11 8713 5 7126 13 6934 7 9778 1 7177
1591 1.7655023385326349 -0.11346668731076019 5.1930889497485913 72 60 48 0.57751191915813505 11 8718 5 7127 3 6585 7 9786 13 6916 12 1801 1 7185 8 5748
1592 3.2465886867435119 -0.10696250704169981 6.059426781534949 141 119 98 0.48525863307279388 3 6579 5 7131 7 6904
1593 2.0455741246550989 -0.092018389454836855 5.332046664031691 73 51 37 1.0600983571270699 11 8725 5 7133 13 8329 7 9789 12 4641 1 9898 8 5756
1594 1.6538889550611064 -0.075178219174807048 5.1609791520028976 174 161 142 0.72685422425638002 11 8735 5 7138 13 6927 7 9804 12 1820 8 2254 4 7993
1595 3.2564224364547325 -0.050119096306868942 6.0029151437232446 172 154 134 1.1773920829592006 11 6186 5 7141 7 6939
1596 2.6504204011802592 -0.046550382108701466 5.6731403823614999 159 138 117 0.023638359200459751 11 8738 5 7143
1597 2.7824990276571979 -0.048163832805135705 5.5488257555415768 162 148 132 1.365789962379228 3 7849 11 8742 5 7145 7 9823 12 1841 1 7220 14 9025
1598 -0.099556651071129626 0.024496083762420975 4.5551083803226957 178 165 153 0.51637448442153777 11 6224 5 7160 13 8296 7 6967 12 1848 8 2316
1599 -2.2075519371635703 0.15548290191258618 4.9925100152339699 156 139 123 1.8102993601748514 11 8769 5 7174 7 9835
1600 -0.7837613796331987 0.16297411902372683 4.4602109029590729 160 138 117 0.43200828908346095 11 6301 5 7202 13 8308 1 7298
1601 2.5434940040589726 0.14960883773050898 5.4864537724668967 123 99 71 0.97188386283862438 11 10425 5 7203 3 8746 7 9886
1602 3.8102105961717032 -0.024837476225376853 3.4379752837839392 69 56 39 0.65835527598689136 3 6656 13 7109
1603 2.2018226173770823 0.20042444895747746 5.4816973364946131 55 41 32 1.3075988664404341 3 4873 5 7223 8 5856 13 8396 14 9690
1604 -2.2881377115610539 0.28422024276303665 4.9836624096841886 155 130 110 0.95546100062499884 3 1935 11 6312 5 7226
1605 1.5068454295947435 0.204842421805775 5.0243143748036276 148 131 111 0.41942451311548429 11 8837 5 7236 14 10125
1606 -0.084357396769739884 0.22233396068745076 4.5200275371933261 110 86 62 0.57052957456168041 11 6351 5 7241 7 9925 4 5064
1607 1.9195132145289384 0.28184380968211598 5.5189537742436974 85 68 58 1.2035686535294119 11 6348 5 7246 7 9927 14 10142
1608 5.2967939166693148 0.44812967616716531 8.1271583336488114 38 28 22 1.3116750189702415 3 6725 5 7247 7 9918 2 10574
1609 -0.50423523078685983 0.25173368421336006 4.4267155482813028 164 150 137 0.8030349594179319 11 8877 5 7250 8 8237
1610 1.954215877555475 0.31030498083407421 5.5660148871788682 41 28 20 0.71132122525357777 11 8864 5 7252 14 10150
1611 1.1293147241534753 0.29647474119793049 4.95953412910767 133 120 103 1.5958355646879367 3 6754 5 7264 6 13916 14 10381
1612 2.1347381390037574 0.35025269774728912 5.5398270042704461 109 91 77 0.73121815300536286 11 8886 5 7268 12 2032 1 7399 8 5939 14 9720 6 13322
1613 2.6444242236378175 0.34506253720670138 5.5042837954028174 149 133 110 1.6241046215703396 11 8894 5 7272 7 7186 14 8154
1614 1.9453336458705741 0.3680383031190852 5.558129212927061 114 92 78 1.4164878103971308 3 7929 5 7274 7 9960 14 10154 11 10475
1615 2.3451147230522116 0.37146372401609457 5.493349722197765 53 36 28 1.4833361618491172 3 4952 11 8898 5 7280 7 9977 12 4804 13 8461 1 10035 8 5958 14 10156 6 13676
1616 3.9740821692455568 0.091131977891863322 3.2816173516153837 141 125 109 1.0428512703314432 3 6723 13 5217
1617 5.2733583801503539 0.60495253461083209 8.0866885370516783 144 126 112 0.3675109812130512 3 6761 5 7289 7 9962
1618 5.2733583801503539 0.60495253461083209 8.0866885370516783 144 126 112 0.3675109812130512 3 6762 5 7290 7 9963
1619 1.3089667781438461 0.38816532489363875 4.8063560443003439 132 111 82 0.93989293718977407 11 8933 5 7315 13 8460 7 10004 12 4844 8 6022 14 10144
1620 2.5200873602454554 0.44830664789322794 5.4499884733034953 76 58 44 1.154647459293433 3 6794 11 6460 5 7316 13 8492 7 10007 12 4839 1 10057 8 6010 14 9745 6 13682
1621 2.0300442212575209 0.47902196006808934 5.5471683111462129 122 106 92 0.79476929036341359 11 8925 5 7319 13 5209 7 10006
1622 1.3409963897534887 0.40906402110585938 4.7479252637168115 174 153 122 1.2974173517903949 11 6489 5 7329 13 8475 7 10018 1 7493 8 6036 14 10148 6 13925
1623 1.7907181761582076 0.50098148807985521 5.416572894863334 120 107 98 1.330184487792907 3 6825 5 7333 7 7286 14 9740
1625 2.5390401069731192 0.49172372558816885 5.4445770422949904 65 47 33 1.4212989996114316 3 5013 11 6486 5 7335 13 8506 12 4851 1 10072 8 6032 14 9760
1626 2.2528374990076729 0.51510115303301562 5.5551057388353575 100 81 67 1.2270105787722936 11 8944 5 7338 13 7223 7 10022 12 4853 1 7486 8 6029 14 9755 6 13340
1627 2.2870842863886143 0.51837176092190707 5.534406798747189 58 40 28 1.2997938309921608 11 8945 5 7341 7 11704 8 6034 14 10174 6 13684
1628 2.1525973069242981 0.53568046717262241 5.5663076436850263 46 33 27 1.4171047172296485 11 8952 5 7347 1 7503 14 9762
1629 1.9378285245225939 0.53075146263648532 5.4529365118642801 147 129 116 0.95509181452759984 3 7963 5 7349 14 9753 4 8886 9 12511
1630 3.7848614992550762 0.25677621880883944 3.545885816153842 112 96 83 0.15905344755195028 3 7945 13 7269
1631 2.1726018244366672 0.57091605467963447 5.5638141806063883 56 43 35 1.1876079241832491 11 6527 5 7361 7 10039 12 2177 1 7531 8 2671 14 9771
1632 -0.92863633157054271 0.4743898626440039 4.3999761515345526 47 33 24 0.40036474484758106 3 5087 13 8422 11 2804
1633 5.2788823107894682 0.84277934502496044 7.6256556664010287 35 22 13 1.0039391866080167 3 7974 5 7371 2 10595
1634 2.3505473989314507 0.60458662936306107 5.5146642484582786 93 73 62 1.117644538773287 3 7983 5 7380 14 9782 1 7575 6 12833
1635 1.2118073324152365 0.53935324809341945 4.8542148964653009 178 162 139 1.171721756819168 3 6856 5 7390 7 7383 8 2728
1636 2.7317742957575808 0.59618286379830232 5.3666688019625273 153 134 110 1.4517904316677719 11 6553 5 7391 13 8538 7 10063 1 10109 14 10192 6 13696
1637 0.99340459923928759 0.56570628337796125 4.9000016614466455 155 135 111 1.9837009547753721 3 6863 5 7394 14 10167 4 8182
1638 2.4882132785578022 0.63076458608302832 5.4710749162203554 111 93 79 0.95729203617457914 11 8997 5 7396 13 7279 7 7389 12 2242 1 3616 8 2732 14 9786 6 12842
1639 2.3418224541091184 0.65511761555425041 5.5264939870203538 75 60 48 1.0168684802279293 11 8999 5 7400 13 8545 12 4914 1 10116 8 6109 14 9789 6 13695
1640 -1.7567013074789197 0.57347053039305362 4.6435272227258917 146 125 108 1.0357032345338444 3 6886 5 7401 7 11731 12 6667
1641 -0.99911092232826859 0.53233798008312894 4.4006566502971207 145 126 111 1.4582319608824279 3 5135 5 7402 13 9768 7 7391 12 2249 1 7600 8 6115
1642 3.8246250376846 0.33495021200135694 3.4640509049546386 154 138 122 1.8675361565536548 3 7978 13 7315 7 7440 8 2813
1643 2.7424711777648478 0.65025851412488866 5.3235601422155341 136 114 91 1.3248978228282464 11 6601 5 7415 13 8568 7 10091 1 10132 14 9794
1644 -0.83141016444397475 0.54725252033007687 4.3352811938292151 144 125 109 0.79973840346619418 11 9019 5 7421 13 9775 7 11746 1 10129 8 6138
1645 2.5037625639020984 0.71864977833180521 5.4562881164021997 92 74 60 0.83984219318686337 11 9022 5 7430 7 10107 13 7321 12 2300 1 7630 14 9800 6 12848
1646 2.7412243618906826 0.70162747977898687 5.3075982273083415 121 102 78 1.2469980414113011 11 6633 5 7436 13 7332 14 9804
1647 -1.0243101178365719 0.60706898819425659 4.3798808872806942 79 65 52 1.0367098242894128 3 5189 5 7441 13 9271 7 10116 12 4953 8 6163
1648 0.21144637531804555 0.62579669791927128 4.5480917891465245 140 115 95 1.4218869712878313 3 8004 11 9036 5 7443 7 10121 12 2312 8 2815 4 8202 10 9017
1649 2.478705946211456 0.76872699648593368 5.4548246944634737 77 61 46 0.71513677156061883 11 6657 5 7447 13 8585 7 10129 12 4962 1 10162 14 9815 6 13706
1650 -0.57455315798237039 0.63158931944447794 4.3713916395175492 165 146 129 0.73988443424402617 3 6927 5 7456 13 9294 12 4973 1 10165
1651 2.5062447438254201 0.79070648734457416 5.4412976194152218 100 81 64 0.69481573321937928 11 9044 5 7459 14 9824
1652 1.231088241246816 0.74522405970919259 4.8057297657784934 42 26 11 1.9749101465619832 3 5214 11 9081 5 7473 14 10200
1653 -1.0111509007242783 0.68861302912886424 4.3575921760902192 72 54 40 2.3336632196162292 11 9095 5 7480 13 9811 7 10171
1654 -2.1781484720237811 0.80080016882165617 4.8572253683954072 12 9 7 2.1746153358001492 3 5252 5 7489 7 7532
1655 -0.99744250873089113 0.72574996386651847 4.3682327957040465 79 63 47 0.95992450072496904 11 9120 5 7493 13 9820 7 11794
1656 2.7120410817806611 0.873173129201815 5.2664930081635912 32 22 12 0.91775393151036233 3 8034 11 9106 5 7495 13 7432 7 10186 1 7745 14 9836 4 8218
1657 2.2902064286841743 0.92972432520291304 5.4876934366991854 27 17 8 0.86137306130544755 3 6957 11 9112 5 7497 13 8634 7 10190 12 5026 1 10212 8 6234 14 9837 6 13719
1658 2.4921245968011441 0.91022954350269369 5.3921956889176013 106 92 83 1.3921495025821276 3 8048 11 9117 5 7498 7 10191 12 2403 14 9194 14 9838
1659 -0.65750163535513506 0.73854472002281957 4.3443307815308501 155 134 115 1.0563436486488635 11 6757 5 7500 13 9324 1 7750
1660 -1.7850986459095908 0.84940375918526556 4.6218171524733158 145 132 116 1.7147167742157106 3 6984 5 7514 4 7205
1662 0.12201163179944347 0.83253181938662701 4.4632320578197415 153 125 103 0.32456286269034706 3 6986 5 7517 4 8258
1663 3.9094581486314559 0.57958316626681405 3.2829360625816717 155 146 137 2.2325972644613197 3 8068 13 8671 1 7830 8 3032 4 8950
1664 3.9094581486314559 0.57958316626681405 3.2829360625816717 155 146 137 2.2325972644613197 3 8069 13 8672 1 7829 8 3031 4 8951
1666 2.4624794086464012 1.0215529578125038 5.3697270030124651 72 55 41 1.8346810501340527 3 8083 5 7528 4 8979 9 12544
1667 2.60446702602724 1.0126153686784611 5.3077784975367308 127 110 92 0.74345803992225401 11 6824 5 7530 13 5578
1668 2.6849752051640086 1.0133518077304895 5.2801256732010424 62 43 27 1.2258968125199783 11 6830 5 7534 13 8675 7 10238 1 11835 14 10221
1669 5.2933537350470852 1.5559050851967677 7.7232537940366548 43 33 24 0.85583831381112574 3 8108 5 7539 2 10652
1670 -0.76935446401291041 0.84420674624635872 4.2805588224658813 145 122 104 0.2922883003112679 3 7011 11 6865 5 7545
1671 5.2553048386453138 1.5834170221464141 7.740000060215829 72 62 53 0.92421780557594813 3 8115 5 7550 7 10251 2 10281
1672 -0.35018134550121793 0.87715416766002618 4.3366155347343183 129 110 93 0.5546505820992329 11 9194 5 7555 13 9366
1673 3.8922185068847708 1.3733304371748571 6.5160108716386951 148 122 99 0.073558955432578996 11 9195 5 7562
1674 0.022241431278848423 0.914132188132593 4.3818478497778557 119 93 70 1.8524360681666334 3 8116 5 7566 13 7482 7 3859 4 9000
1675 1.3358091390427678 0.96300206712801006 4.5951536423877632 165 150 127 1.1605376652878241 3 8118 11 9206 5 7568 12 2554 13 7505 8 3086
1676 1.8835504120878701 1.1443229872303917 5.416785294412974 44 32 29 1.2797421050946216 3 8899 5 7569 4 9462
1677 1.8835504120878701 1.1443229872303917 5.416785294412974 44 32 29 1.2797421050946216 3 8900 5 7570 4 9463
1678 0.1836295524699883 0.96071045452205384 4.4557511087302792 140 116 90 2.0304441528558859 3 8127 13 9382 5 7583 10 9600
1679 3.3088215564107331 1.2869107762670537 5.7343156701541371 104 82 59 1.1917604749010828 11 6931 5 7589 7 7779
1680 2.4905514759826568 1.209050671604043 5.3190758645169058 124 102 88 1.0140256878601357 3 8142 11 6944 5 7592 7 7800 14 9248
1681 2.6585585511180625 1.1972490318761395 5.2596862229371073 24 17 9 0.74757374428728518 3 7094 11 9234 5 7593
1682 2.7002944452504964 1.1891516657639691 5.1921990783997334 92 69 53 1.5882273557204936 11 9238 5 7606 14 9873 3 8149
1683 2.0256891313436269 1.255185714480501 5.4508654538595316 32 21 17 0.88993073813693224 3 7101 11 9243 5 7608 7 10318 4 8326
1684 -0.99319954989194337 1.0878412879285086 4.255986269809056 77 56 39 1.437071917253665 11 9324 5 7684 7 11971 13 10287 11 10735
1685 -0.24199789556629692 1.1401837893091631 4.296092482545439 158 137 120 0.81394559139304368 3 7169 5 7702 13 9454 8 3329 4 7350
1686 -0.40142204998940967 1.1842025544041948 4.2402785647814056 113 84 66 1.0529364393302967 11 7153 5 7730 13 9471 1 4410
1687 -0.29470112487431788 1.2764336717790488 4.2429232421258973 155 142 125 0.73256017822100095 11 9435 5 7781 13 9496 8 3502
1690 0.76408448826528585 -3.7658373656384789 10.11151254305172 120 115 119 2.1214022106897139 3 7479 7 10948 12 5883
1691 -0.16778549588845937 -3.5522560473739055 10.041471404542502 150 151 155 1.1172126665820512 3 7483 11 11240 5 8148 7 12401 1 12293
1692 -0.38086982270316605 -3.5343811745847913 10.130388499280325 150 151 156 1.1902282597111651 11 11238 5 8151 7 12402 1 12289 8 9180
1693 12.966710504538289 -6.1808746866849971 14.750866019105816 102 109 121 1.2905394593716868 11 11247 13 6354 7 12413 12 5971 1 11042 8 9201 15 100
1694 12.35880485981779 -6.140102190855047 14.85240785175221 99 103 114 2.1382874249593722 11 9905 13 7990 7 10975 12 5965 1 11039 8 7410 6 11720
1695 0.97864473461761536 -3.5696821525213958 10.156566072423313 142 143 147 1.1109085321103049 3 7485 5 8157 7 12409 1 11005 8 7400
1696 -0.3979526229791841 -3.303501604556756 10.053209094650491 97 95 97 0.7507211255496421 5 8164 7 10981 1 10997
1697 12.240847125739181 -5.9059140080786232 14.923411079425957 105 109 124 2.113170086594323 11 9912 7 11000 12 5983 1 11049 13 8000 8 7418 2 10023
1698 12.239494161087478 -5.9035921276543375 14.919145345058036 105 109 124 2.0712364119242554 11 9913 13 8001 7 11001 12 5984 1 11050 8 7419 2 10024 6 12654
1699 1.4747600985726561 -3.7721897565346838 11.171847112789289 157 155 158 0.60684919495896805 3 8491 11 9907 5 8171
1700 -0.22669494492527206 -3.2138807601144848 9.9716326995201285 154 158 162 0.63270047668850193 11 11256 5 8176 7 12426 1 12315 8 9200
1701 0.69889047215545463 -3.1874770873989835 10.008417121444547 123 118 115 0.32104268015343401 11 11260 5 8184 1 11037 8 9216 15 91
1702 12.22756676588032 -5.432632853747859 14.553150474492313 132 133 138 2.2848628403646396 11 9923 5 8186 13 6408 12 6007 2 9325
1703 12.406581414786833 -5.3630227971383793 14.610291216422846 108 109 113 1.6081908187707297 11 9929 13 6429 7 11033 12 6021 1 11079 8 7464
1704 1.0142130642610279 -3.1063890067452005 9.9899524250808742 75 76 81 1.4378032308868318 11 9927 5 8191 7 11031
1705 0.057986196818017754 -2.0023795662461459 6.6273366458495353 51 54 59 1.3807216302321279 3 7530 5 8211 13 9552
1706 1.0350657483721526 -1.8330455687866394 5.5032563552928329 127 123 122 1.5298137148679731 11 9988 5 8216 13 7904 7 11121
1707 0.92786875021561632 -1.7368667484789577 5.4292552447101237 127 122 119 1.1087762922986859 3 7529 5 8221 7 11138 8 4986
1708 -0.7898609361160791 -2.4071932412372923 9.8980458203523689 157 152 149 1.5938934299579866 11 9960 5 8225 7 12487 8 10396
1709 1.9168526754674704 -1.8966466272430735 6.0506782092894067 140 141 145 1.2403545094924415 11 11323 5 8227 7 12507 8 9324
1710 -0.0033401667121574774 -1.830556521459838 6.6149957378826976 140 131 122 0.9083973368339896 3 7541 5 8228 13 8927 7 11127 12 6074 1 11147 8 7588
1711 0.0074207305886067054 -1.765938245547529 6.5929901627346919 145 138 128 0.7112646727143408 3 7547 5 8235 12 6087 1 11155
1712 -0.78648881255515413 -2.2003719053867137 9.8418791610885688 138 128 127 2.5721043162332666 11 9973 5 8243 12 7365 8 9253
1713 1.8963640184701669 -1.619869211239326 5.9820613808824987 163 153 143 1.2719721112892195 3 7548 11 10052 5 8261 7 11182 4 8572
1714 1.5044661668649391 -1.4562338915454411 5.760148666937047 155 143 129 1.1093875736918657 11 10073 5 8273 7 11207
1715 0.30319796155623102 -1.4416417411737683 6.4208213277426882 135 123 111 0.31716565585178541 3 7571 11 10063 5 8280 7 11193 12 6164 8 7713
1716 2.0330944609431243 -1.5209444911421264 6.0070490142329733 159 147 133 1.2568485355685433 3 8542 11 10074 5 8281 7 11208 12 4050 1 9403 8 7751
1717 -0.70428193693324825 -1.1078012481373911 4.7465376957835348 77 75 80 1.1443976308128239 11 8201 5 8283 13 8922 7 9168 12 4047 8 5159
1718 -2.320869904446639 -0.84810328463167861 3.9535528649423637 75 61 52 2.1206250057564393 5 8284 7 11244 12 6191
1719 -2.0019407004540786 -0.99889022100418001 5.2144349095417883 70 72 84 1.5338043350834409 5 8297 7 11229
1720 1.4542578177816745 -1.3346425339138697 5.6710359487547226 79 74 71 1.0136349849398716 11 8208 5 8298 7 11232
1721 3.9191249463211419 -1.2466665948821856 3.7995312618655062 154 128 111 2.2156869233782075 3 8527 5 8304 12 4229 7 9278
1722 1.7637330210694633 -1.3641478576523915 5.9410308725870973 88 78 76 2.2676798234179718 3 7570 5 8306 7 9203 12 4094 4 8602
1723 2.7541334493009946 -1.4310203254501894 6.1417389496053989 78 68 64 1.3363336597905526 11 8229 5 8308 7 11247 8 5164
1724 3.8187658974453158 -1.1778498896472767 3.8930219491684146 97 74 60 1.508486026689525 3 7555 5 8319 13 8119 7 11293 1 6786 8 1628
1725 0.73799058819768304 -1.039406680276822 5.1635583716990201 158 149 140 0.59570590177568294 3 7608 5 8328 7 11275 12 6258 4 7737
1726 3.9442788004195877 -1.0747534724243564 3.662826969563203 101 93 82 1.6380829091730209 3 8544 13 8161 7 11311 12 6356
1727 1.5086486988495906 -1.103460940929557 5.7432025231870139 53 48 42 1.4111760146874923 11 10128 5 8333 7 9283
1728 -0.40994001343960251 -0.85966523518518856 4.7218075444847463 159 145 132 0.79006397504022496 11 8321 5 8334 7 11289 1 9542
1729 3.853013656020233 -1.0453218819639885 3.7696290768068113 124 116 105 1.996767883604375 3 8549 5 8336 7 11314 1 9669
1730 3.853013656020233 -1.0453218819639885 3.7696290768068113 124 116 105 1.996767883604375 3 8550 5 8337 7 11315 1 9670
1732 2.0113920910534726 -1.0972675352795613 5.9998877153049381 51 47 48 1.0599899232132211 11 10145 5 8342 13 6573 7 11286 12 1197 1 6679 8 5242
1733 2.0012434263068761 -1.0942526917057316 5.9740135522062205 51 47 48 1.2889431350210121 11 10146 5 8343 13 6572 7 11287 14 9542
1734 2.4853546236215025 -1.1274862863444315 6.0555720975854905 52 47 43 1.4017764430396633 3 7612 11 10149 5 8346 13 8112 12 4202 1 9549 8 5248 14 9555 4 8616
1735 3.9675275650171069 -0.92888445429349809 3.5009267751856483 159 143 126 1.5933581810359723 3 7575 5 8353 13 6731 7 9427
1736 2.5955468184231676 -1.0073949387111267 6.0578303938771825 150 141 128 1.7809017254626116 5 8357 7 9359 12 4258 1 6758 8 5305 6 11664
1737 2.0304406688158689 -0.93096385330587794 5.9661771099005048 46 45 44 0.99973035486012152 11 10187 5 8361 13 8140 7 11313 12 4264 12 6322 1 9597 8 7889
1738 3.817694665699467 -0.88249514391433193 3.8193375820486541 115 92 76 1.7624492149611792 3 8570 5 8363 13 8218 7 11367 1 9735
1739 1.78468450174076 -0.88603160278186499 5.841008829366106 61 58 66 0.60969093508501226 11 10192 5 8365 12 6327 1 9603 8 7894
1740 2.1148936090535857 -0.88325375922041616 5.987868515015311 50 51 51 1.2892321189122629 3 8609 11 10199 5 8369 7 11332 12 6337 1 9611 8 7902 4 9245
1741 1.6416399667758621 -0.82995958818534232 5.7681164364960971 45 40 37 1.0012664147656902 3 8613 11 10205 5 8371 4 9253
1742 0.69138143793657703 -0.71881775917421642 5.0953711739462948 79 65 53 0.91733540848377271 3 7687 5 8375 13 9055 12 6351 1 9644 8 5397
1743 3.797185468284646 -0.79521732654731514 3.8214734219257758 149 138 128 2.0894749620151245 3 7623 7 11391 12 4444 1 9782
1744 1.7325261256323965 -0.76363338356913157 5.7665152727443916 172 159 143 1.1102968800434014 11 8429 5 8389 7 9422 12 6357 8 5393
1745 1.7360632561151914 -0.76258105230987661 5.7770662505679171 172 159 143 0.84632170727801204 11 8430 5 8390 7 9423 8 5392
1746 1.2318147429594117 -0.67405201798359604 5.2847622115714508 130 116 96 0.89750789883983118 11 10230 5 8399 7 12667 12 6371 1 11452 8 7958
1747 1.2296213806539398 -0.67428650680375868 5.2768970741687946 130 116 96 1.0421031542480554 11 10231 5 8400 13 9096 7 12668 12 6372 1 11453 8 7959
1748 2.6164937910315298 -0.77722698784732103 6.0216158214444864 142 127 108 1.2127795918738609 3 7692 11 10227 5 8403 13 8220 8 5415
1749 2.0603663318304748 -0.70155307623008534 5.9116823777351817 139 130 115 0.88450311957458971 11 10233 5 8406 7 11372 12 4356 1 9684 8 5448
1750 2.1268188068008689 -0.7066641940457884 5.9464986796556119 43 36 29 0.67911136704433261 3 8637 11 10234 5 8408 7 11373 12 4357 1 6866 8 5437 4 8679
1751 2.3125267999485479 -0.65306401353161125 6.0198824074427488 126 109 89 2.8589480307092163 3 8639 5 8417 7 11386
1752 -0.79858643454986944 -0.43467307077693262 4.5875545131134494 57 47 38 1.3999387093816342 11 10270 5 8419 13 9022
1753 -0.80262942124891101 -0.43486508460437473 4.6223311434719143 57 47 38 1.5131293247785784 11 10271 5 8420 8 8008 7 11406
1755 -0.59560863357222771 -0.38217216021197276 4.5850909562057929 137 133 124 0.66392377637145406 11 8537 5 8442 1 9770 8 5562
1756 -0.59643449151713956 -0.38271882305139715 4.5830486432544806 137 133 124 0.74152547635823562 11 8538 5 8443 13 9632 1 9771 8 5563
1757 -1.2510439824993216 -0.34188746232332906 4.6697590118920642 72 66 66 1.7703918742472267 3 7773 5 8446 12 6400 11 8536
1758 1.145015098127649 -0.42455987753740349 5.1155944069247852 134 116 97 1.352339438931585 11 8558 5 8450 13 9130 7 11452 8 5583 14 10058 6 13872
1759 1.145114083084581 -0.42486392137590356 5.1162419020462089 134 116 97 1.4408563830712673 11 8559 5 8451 7 11453 8 5584 14 10059 6 13873
1760 1.189402571290286 -0.4258640991139338 5.0919879162043422 137 117 93 1.7259055630446583 5 8452 14 10060 6 13875
1761 1.189402571290286 -0.4258640991139338 5.0919879162043422 137 117 93 1.7259055630446583 5 8453 14 10061 6 13876
1762 -0.21926356672549041 -0.34690352990654216 4.6168398363932797 145 137 126 0.86148889837581688 3 8683 5 8461 12 6424 4 7955
1763 0.12939212788818516 -0.35708800166799259 4.7687114441266027 126 117 102 0.2228020300278383 3 7767 5 8467 4 7946
1764 0.6696011471137201 -0.37802282231789369 5.0139460671481846 181 164 146 1.1195731504294788 3 7764 5 8468 13 8215 7 11458 12 4484 1 7012 8 5594
1765 0.40113807791918121 -0.34156348106818896 4.868521955036095 165 150 131 0.23599957324161047 11 10312 5 8475 13 9124 7 11470 12 6436
1766 2.7310643754813371 -0.41353288594136339 5.660125851850534 56 56 54 0.36801066259293674 11 10313 5 8484 12 7657 8 9586
1767 1.2354194303840154 -0.34034450921859327 5.0558482777366196 92 76 59 0.80545713267407903 11 10321 5 8485 13 9151 7 12739 12 6461 1 11530 8 8065
1768 1.961831514703217 -0.36785443156852071 5.3689256628855908 160 141 124 0.76945433387918949 3 7768 5 8486 7 11483 12 6463 1 11531 8 8057 6 13899
1769 -0.93815951737459446 -0.22611488312798989 4.5637266228349045 121 108 100 0.35966802837456591 3 7814 5 8488 13 9647 7 11489 1 11524 8 8077
1770 -0.5157796797573112 -0.17879527711127374 4.5253935539080112 150 135 116 0.86075842861054619 11 8651 5 8499 13 9664
1771 -1.1344292447017938 -0.13489920223918136 4.5994687306721618 119 105 93 1.9883855583019177 11 10349 5 8503 13 9651 7 11517 12 4567 1 7097
1772 1.8240834798941568 -0.23211948240469404 5.2720135865081499 160 140 116 0.7851613415044898 3 7811 11 8653 5 8505 7 11518 12 4600
1774 2.3011138141769805 -0.21937335235745198 5.4887921880163839 59 45 34 0.93008547283689447 3 9314 11 10350 5 8515 7 9734 12 1760 8 2152 4 9652
1775 0.19653520594969698 -0.13159395783896569 4.7362775584784291 151 129 115 1.1736126123095696 3 7840 5 8521 13 9156 4 8018
1776 1.2007233438026303 -0.10897482263436065 5.0352936998057167 151 135 111 1.2919355444360088 3 7841 5 8532 7 9780 12 4630 14 10348 6 13892
1777 1.8613842544304933 -0.1205036308674826 5.2651734106489165 95 79 63 1.1901515279055852 11 10369 5 8533 7 9784 14 10359
1778 1.8613842544304933 -0.1205036308674826 5.2651734106489165 95 79 63 1.1901515279055852 11 10368 5 8534 7 9785 14 10358
1779 5.3215331842644744 -0.1175453447254423 8.3542625663217915 130 106 80 1.7881769071865248 3 8708 5 8535 7 11536 12 6505 14 9715 2 10849
1780 1.135188912473803 -0.094533403251655629 5.0580168796611078 155 137 113 1.7047190501430698 5 8537 14 10349 6 13891
1781 2.6718184825726774 -0.089153849724453449 5.6001583773445107 137 122 103 0.69098835729806962 3 7843 11 10375 5 8540
1782 2.6872687937346882 -0.086930798191114961 5.6238166500317917 137 122 103 1.0942645733634004 11 10376 5 8541 7 11555 12 6531 13 9209 1 11595 8 8145 14 10117
1783 -0.78377625435279041 0.013308787174362124 4.5028003829571315 158 144 131 1.068626828483795 11 8749 5 8546 13 9145 13 9684
1784 2.2437902091242585 -0.031123389740562193 5.420531579359368 139 118 97 0.99589379282591384 3 8719 11 10384 5 8548 13 8343 12 4663 1 7219 8 5773
1785 0.85835176755654696 0.043765469256705589 4.9685663842772998 166 141 119 2.1398055236293674 3 7867 5 8560 14 10354 10 9463
1786 0.86105407087199504 0.044956244578804178 4.9671523773809989 166 141 119 2.1232122781460858 3 7868 5 8561 10 9464
1787 0.96802761925503089 0.047289257747862065 5.0246006323026231 146 126 102 1.1691484863304467 3 7869 5 8562 1 7244
1788 0.87876576978227938 0.13287041471553018 4.9535464772807725 162 140 116 1.5802702792960575 3 7883 5 8577 4 8084 10 9480
1789 2.2392848257231694 0.20510615885278194 5.456003743211852 68 52 39 1.114741174838729 3 7892 11 8823 5 8587 13 8405 7 11620 12 4748 1 9982 4 8841
1790 2.7194917916554284 0.2055194097274079 5.4920180305845623 141 124 108 1.2372586403081272 11 10439 5 8589 13 9240 7 12827 12 6574 1 11649 8 8218 14 10390 6 13939
1791 -1.8355947216545654 0.2834510680421613 4.7661553212203698 161 137 113 0.60107522737869012 3 7928 8 5861
1792 3.3728189791908481 0.26959593838595447 6.0204127853954166 170 152 132 0.77293136945946894 11 11661 5 8599 7 12835 12 4761 1 7339 8 8219 4 9697
1793 2.1773537473290578 0.25700921350466288 5.5033334375143665 57 40 32 1.6658590169373162 3 7906 5 8601 1 9994 14 10145 6 13664
1794 3.8620793805441909 0.025064443167286551 3.3495268110747163 92 76 60 1.5694556428274045 3 8745 5 8607 8 6009
1795 3.8260834698557509 0.087048574943367332 3.4891283646801154 104 91 72 1.9763476427746856 3 8756 5 8619 1 10063
1796 2.2522535895927573 0.3367875125302156 5.5152007621012809 53 36 28 1.2506845080831299 11 8885 5 8620 13 8449 7 11657 12 4790 1 10021 8 5936 14 9719
1797 3.8976596012752576 0.083449039969765729 3.3860167386956759 115 99 83 1.4374971841894968 3 8759 1 10069 8 6039
1798 2.2621469518007369 0.40414775996794411 5.5296706282005825 98 78 67 1.0705341874707492 11 10487 5 8632 12 4808
1799 1.3312061150467898 0.38258555231724656 4.7391955653615927 160 136 108 0.48790351009410093 11 10501 5 8636 13 9252 7 11691 12 6631 8 8283
1800 4.2570734892216846 0.61717906262907474 7.0917232368239489 134 112 88 1.9627442648116706 11 10493 5 8638 7 11682 2 11092
1801 4.1911546507760269 0.60160027594318566 6.969942301856844 134 112 88 1.000839856170415 3 8789 5 8639 7 11683
1802 2.6700424976052077 0.48333247946721219 5.4517473217547403 65 49 35 1.2801203499959248 3 7950 11 10503 5 8648 11 8940 13 8504 7 11701 12 4848 1 7494 8 6030 14 9761 6 13350
1803 2.6663110869476867 0.47962188294198266 5.4448152731415629 65 49 35 0.43035929557833935 3 7951 11 10504 5 8649 13 8505 7 11702 12 4849 11 8941
1804 2.3060146101130696 0.50046098913534609 5.506585516912117 89 71 57 1.32623397836009 3 7958 11 8939 5 8650 13 8501 7 11703 12 4855 1 7487
1805 3.9103921270640565 0.19529244438228288 3.3486220684121362 140 123 107 1.791602720361118 3 7936 13 9295 7 11721 1 10115 8 2739
1806 2.6283969828363301 0.50130525420313743 5.4423620978218814 173 148 126 1.4645080063578875 3 8793 11 8947 5 8652 13 8510 7 11706 12 4860 1 7504 8 2643 14 9764 4 9387 6 12823
1807 2.6283969828363301 0.50130525420313743 5.4423620978218814 173 148 126 1.4645080063578875 3 8794 11 8948 5 8653 13 8511 7 11707 12 4861 1 7505 8 2644 14 9765 4 9388 6 12824
1808 2.1930006659738388 0.54066595227729886 5.5592410316792265 108 89 75 1.3872559879664972 11 8954 5 8657 13 8507 3 7962 7 11708 12 4866 1 7508 8 6043 14 10176 6 13344
1809 0.26633867363525032 0.47248006154459649 4.6073587250572716 51 36 29 1.0239327859396152 3 7973 5 8663 12 6647 13 9769 8 6070 13 9254 4 8904 10 9541
1810 2.4751235761625634 0.58227346058070228 5.4716496254526019 107 88 77 0.8938285585847261 3 7977 11 8971 5 8669 13 8529 7 11723 12 4889 1 7565 8 6083 14 9780
1812 3.7789152745859744 0.30858166799806086 3.5598765660213973 142 126 113 1.839133173598634 3 8800 13 8555 7 11741 8 6148 1 10143
1813 3.7789152745859744 0.30858166799806086 3.5598765660213973 142 126 113 1.839133173598634 3 8801 13 8556 7 11742 8 6149 1 10144
1814 2.0635025623657199 0.64118653271797543 5.5045243972147135 102 81 64 0.91067586424213653 3 8816 11 10531 5 8681 12 4909 14 10190
1815 -1.6679546868688049 0.55671256800305591 4.6058989901242366 131 115 99 0.74143823356096139 3 6878 5 8682 7 12904 12 7818
1816 3.7848671624802681 0.36939467565274425 3.518337553709515 90 81 71 1.3734648878023641 3 8812 13 9323 7 11762 1 10167 8 6180
1817 -1.1060511971937628 0.6057889506297609 4.4508136489952506 67 55 43 1.1557099333831149 11 10562 5 8703 13 10183 12 7838
1818 -1.1060511971937628 0.6057889506297609 4.4508136489952506 67 55 43 1.1557099333831149 11 10563 5 8704 13 10184 12 7839
1819 -0.86452329819231921 0.63846226348168522 4.3179810430924848 160 157 150 0.52106182165379367 11 10581 5 8718 7 11772 1 11771 8 8361
1820 2.3877682226979799 0.83301862184909037 5.4688884429090656 105 88 71 1.6033396945660912 3 8840 11 9070 5 8722 7 11777 1 10190 13 8603 14 10209
1821 -0.03184215395131218 0.68908902804006222 4.4036937304101871 141 127 119 1.0351052615115277 3 8027 5 8731 13 9821 12 6720 8 8385 4 8224
1822 -1.6502022517947008 0.73101871503069216 4.5919430820613787 108 92 76 1.1626293520389523 11 9089 5 8733 7 11781 12 4998 12 6714 1 10188 8 8374
1824 2.5397462780027418 0.85613232851544574 5.3742091427094367 94 75 61 0.71993089175789515 3 8847 11 10595 5 8736 7 11790 12 6722 14 10211
1825 -1.8787483904484579 0.75109697701141531 4.617845703874023 86 67 46 1.4195555909989443 3 6951 5 8738 7 12948 12 7867 8 8383
1826 3.3700317297207847 0.95217563527145666 5.8543151325778569 162 141 119 1.4571469640504084 11 9092 5 8743 7 11793
1827 2.3658317855239557 0.9360655307057516 5.4164275070486978 104 88 75 1.1237132835068873 3 8866 11 10615 5 8756 7 11816
1828 -1.7840777937804813 0.79323488725370683 4.5965345870989065 109 91 76 1.2492043083781907 3 6968 5 8758 7 12962 12 7880
1829 2.4162368056316259 0.95259642388391741 5.4237712795190047 53 36 26 1.3559930137188749 3 8055 11 9135 5 8761 13 8645 7 11819 12 5045 1 10217 14 10216
1830 -0.72682859028859181 0.80542341322179534 4.3183356405520401 82 64 49 0.76110606217533239 11 9165 5 8775 13 8620
1831 -0.65510968737252528 0.86764734589380321 4.3208809181444332 112 93 76 1.7665122921953613 3 8107 5 8788 12 6792 1 10263 4 7234
1832 -0.69662392232100956 0.88011729145641615 4.3254161808766876 147 126 107 1.0336434521458646 3 8892 11 10663 5 8790 13 9874 4 8284
1833 2.7546653999116186 1.1218356772280007 5.2055743022701471 152 133 113 1.9415107980893824 3 8129 11 9211 5 8799 13 8698 7 11891 1 10283 6 13757
1834 -0.84147034176409086 0.89660541361929413 4.2498887110478201 164 144 120 1.0173362364745264 11 10679 5 8801 13 10253 7 11884 1 10277
1836 0.54278277915962614 1.0213612504424694 4.6038910605735417 172 148 124 1.3011110209630425 3 8136 5 8816 13 9392 7 11905 12 5157 1 10293 8 6354 4 8309 10 9602
1837 3.7735010323109761 0.77042349643615249 3.47324587819354 152 145 135 1.7474437634825843 3 8138 8 3158 4 9014
1838 3.7908608798727337 0.75652851048869074 3.4107693750102044 152 143 134 0.71724110295763799 3 8911 13 8710 1 10302 8 6363
1839 0.049007728450484012 0.98762643675743089 4.3932759642651291 180 158 137 1.3006983830535115 3 8915 5 8824 13 9398 12 2613 8 3155 4 9020
1840 0.12557165000678455 1.017229862055697 4.4197937833521665 167 146 129 0.36579739307812636 3 8147 5 8832 4 8320
1841 1.0093134565672544 1.1113804341192941 4.7717683237695985 174 154 133 0.76695462580938945 3 8925 5 8833 4 9027
1842 1.1181305510229405 1.1079637245464877 4.7355037461783818 130 104 77 1.5202087730532452 3 8154 13 9408 1 10320 12 2630
1843 0.084428459046741788 1.026729311499964 4.3989579697939956 145 122 104 1.5692566057969135 3 8929 11 10698 5 8838 12 6837 4 9033 10 9612
1844 -0.5082703239883718 1.196982791710012 4.2196256338922788 143 122 105 1.7546245990609317 11 10775 5 8914 13 9955 1 10447
1845 -0.63996604116535138 1.234515942711935 4.2060850990976446 70 60 48 0.6312091790665989 11 10798 5 8928 13 9967
1846 -0.4695571856998797 1.2527561061136834 4.2292277292305842 125 110 91 1.4928037980079889 11 10804 5 8934 13 9968
1847 -0.40949093177083246 1.2579858072659869 4.2275824541874858 156 139 121 0.61474062210103242 11 9426 5 8936 13 9493
1848 -0.66116029392807829 1.2850362929098307 4.1957585263013666 82 72 61 1.0464526722810936 11 9470 5 8951 13 9987
1849 -0.51743856395730081 1.3168050126030624 4.1934617354663315 94 78 68 0.78937256402016265 11 9492 5 8957 13 9994
1850 0.4696421550590002 -3.6576375885925341 9.9911165844886813 114 108 110 1.5560332056235679 3 8481 11 11236 5 9182 7 12397 1 12295 8 9184 4 9189
1851 0.71216395281856226 -3.6260861359157328 10.098617190572741 131 127 128 1.9227122945615367 3 8483 5 9185 1 12303 4 8535
1852 0.59106955850748766 -3.6145171682810786 10.114994694984278 121 122 127 1.8395071688057394 3 8484 11 11242 1 10987 8 9188
1853 12.479570759779238 -5.9329568478736512 14.557528268536476 80 82 94 1.4198382052325382 11 11253 13 8975 7 13343 12 7329 8 9205 6 12652 2 10507
1854 -0.27971650982045354 -3.3522639917770616 10.041659938445775 156 157 161 1.0073867893153352 11 11244 5 9194 7 12411 1 12304
1855 -0.27971650982045354 -3.3522639917770616 10.041659938445775 156 157 161 1.0073867893153352 11 11245 5 9195 7 12412 1 12305
1856 0.70827611879629193 -3.4525946772134661 10.067230080864462 142 145 149 0.68549007792473171 3 8490 11 11248 5 9196 1 11013 8 9197
1857 -0.68251370055288152 -3.2368193365861049 10.085250990493121 146 146 148 1.3115867012355713 11 11249 5 9198 7 12418 1 12309 8 9193
1858 0.59395960437789086 -3.3647528060701952 10.014153290056804 153 161 164 1.1536346623402298 3 8492 5 9199 12 7304
1859 -0.70919575328794171 -3.1690985052876268 10.079421842755501 78 81 88 1.3341919771806876 11 11254 5 9201 7 12424 1 12312 8 10364
1860 -0.70919575328794171 -3.1690985052876268 10.079421842755501 78 81 88 1.3341919771806876 11 11255 5 9202 7 12425 1 12313 8 10365
1861 0.19022809414913927 -2.0393269202614865 6.6964582158361026 118 113 107 1.614644112045881 11 11301 5 9221 13 8912 7 11093
1862 -0.16815241499717284 -1.8876811271373692 6.6678381287487296 145 136 127 1.3365603589086941 11 11313 5 9226 13 9558 7 12496 12 7379 1 12405 8 9287
1863 4.0735280777713694 -1.5953809986758107 3.7225227910319387 13 17 26 1.6216226324906413 3 9592 11 10079 5 9238 7 11195 12 4096 8 1303
1864 4.047877323097417 -1.5896141091632461 3.690342326074632 13 17 26 2.0329335911774664 11 10080 5 9239 13 8997 7 11196 8 1304
1865 3.9699211222595117 -1.552720620127009 3.7706309542430922 119 102 94 1.6089083058666152 3 8493 5 9243 13 9003 7 12553 12 6222 8 7803
1866 3.9699211222595117 -1.552720620127009 3.7706309542430922 119 102 94 1.6089083058666152 3 8494 5 9244 13 9004 7 12554 12 6223 8 7804
1867 4.1285092792083899 -1.5108222196251859 3.6183064457848242 22 25 34 2.0017334440613523 11 8218 5 9246 13 9009 7 11220 12 4130
1868 4.1285092792083899 -1.5108222196251859 3.6183064457848242 22 25 34 2.0017334440613523 11 8219 5 9247 13 9008 7 11219 12 4129
1869 -2.34121755131078 -0.97987471155995154 3.9578816314193754 62 47 42 1.8180549611468404 5 9253 7 11197 12 7444
1870 1.6632089289611898 -1.6360836495589119 5.8714540709890937 150 146 135 0.91756601490903444 11 11344 5 9254 3 9203 7 12535 12 7453 1 11251
1871 3.8187435820927287 -1.4506628169574023 3.9565095231821963 122 103 91 1.9392474738496399 3 8509 5 9257 13 9017 12 6244 1 9508
1872 -2.3285307216978941 -0.90023516460540376 3.9768419141825135 73 57 52 0.060645214754582531 5 9264 7 12566
1873 1.7399500792746085 -1.5129311873500908 5.8861799765473295 149 137 125 1.4181349471427269 3 8540 11 12342 5 9265 13 8978 7 13420 12 8388
1874 0.24807101587146363 -1.4131993782742709 6.4017368029413975 61 53 51 1.0223291960496275 11 11361 5 9275 7 12550 12 7463 8 9359
1875 4.0160473915914618 -1.245790587933354 3.5880189857302751 52 39 33 1.7527430527767971 3 9197 5 9280 13 9061 7 11278 1 9599 8 5339
1876 2.6178313759522962 -1.4189925312231697 6.1408538395165202 75 66 61 1.3173875044230772 3 8553 5 9285 7 12577 4 8596
1877 2.6139928455270685 -1.4207195946591469 6.1396840555481633 75 66 61 2.1717683933122229 3 8554 5 9286 13 9029 7 12578 14 10035
1878 2.6660817361553284 -1.3793346625935643 6.0976318815911181 170 159 147 2.2205757756454094 3 9211 5 9288 7 13444
1879 -0.043644056599806247 -1.0113534070243209 4.8739645188511496 76 66 57 0.56883291324031693 11 11410 5 9292 7 12591 8 9423
1880 1.571844409768679 -1.2220422662105048 5.7864773030481906 69 67 73 1.6407508293248512 11 10115 5 9297 7 11264 8 1290 12 1088
1881 1.1743076051696053 -1.0142736273774768 5.3201355297193595 175 163 149 1.0432461918576712 5 9305 7 11285 12 6283 14 10326
1882 1.8055542057741616 -1.1057364827158258 5.907059714344455 67 68 72 0.99903453350507598 11 11421 5 9306 13 8075 7 12617 12 6276 1 9531 8 7837
1883 3.8367498956886723 -0.93412396888118587 3.7957110338304063 119 98 81 1.3708149127813913 3 8564 5 9315 13 9121 7 11351 1 9715
1884 1.6883224589466801 -0.92688834858447466 5.7914128724196132 45 44 49 0.54658358280405073 11 10178 5 9319 8 7883
1885 2.1882480866340828 -0.86677568110683934 6.0337497768601205 181 171 159 1.8547740307218001 11 11460 5 9327 13 9110 7 12650 1 9617 8 7904
1886 1.2355638997761047 -0.77084664441861794 5.3128655085343031 130 113 92 0.92183513312182142 11 10216 5 9328 12 7563 1 11424 8 7924
1887 0.73232209439533069 -0.68401459865646441 5.0929596451814678 188 172 157 1.0361358462355696 3 9257 5 9331 13 9636 12 6360 8 7946 4 9272
1888 0.68570823968414807 -0.67772653546224093 5.084811147163137 73 59 48 0.73213137519318083 3 8633 5 9332 13 9635 12 6359 1 11442 8 7941
1889 2.0085328172378261 -0.7126140040037553 5.897686592926501 74 74 76 1.0767742862667382 11 10232 5 9339 7 12670 12 6375 1 9679 8 7948
1890 5.7332412232767505 -0.83690828097421932 9.1001164284346547 191 205 218 1.7048182583546962 3 7726 5 9357 14 9663 7 11383
1891 -1.2987482539857824 -0.37010581109896906 4.7190422354136849 142 135 127 0.95118010696289657 11 11511 5 9359 12 8479 1 12616
1892 -1.2979189018101609 -0.37047888868447032 4.7146853398713953 142 135 127 0.5924060772232137 11 11512 5 9360 1 12617
1893 -1.2175967903441758 -0.34114947224146919 4.6785100290200567 164 157 147 0.89764271919836713 3 7775 5 9367 12 7601 1 11484 7 12705
1894 -1.0959663767057306 -0.34616058709212161 4.641672229433583 93 91 82 0.70254636298003159 11 10297 5 9368 8 9565
1895 1.1721565328135255 -0.46421201878562018 5.1240137157073935 162 145 119 0.74677422009311867 11 11524 5 9370 7 13563 12 7618 1 12634 8 9567
1896 1.1721565328135255 -0.46421201878562018 5.1240137157073935 162 145 119 0.74677422009311867 11 11525 5 9371 7 13564 12 7619 1 12635 8 9568
1897 0.099539493621398523 -0.36112451024092973 4.7267575283772301 156 144 128 1.1864095966500232 11 11540 5 9380 7 12724 12 7628
1898 2.532317511256017 -0.45435906986261576 5.6492354866827847 93 80 71 0.53778402198290565 11 11538 5 9383 12 7638
1899 1.0933691020872396 -0.32845363397075611 5.0932485205804809 108 91 72 0.63448310910911077 11 11557 5 9394 7 12738 12 7656 1 11528 8 9589
1900 5.5349539058289379 -0.30023552642267465 8.3615879026375062 18 31 48 1.6625224542664012 3 9304 5 9403 7 13594
1901 2.6746881011129657 -0.20524254439520551 5.6452093234126099 142 128 112 1.1103532436863917 3 8700 11 11585 5 9408 13 9197 7 12765 12 7690 1 11572 8 9613 14 10364
1902 2.6716660109475798 -0.20667037767692287 5.6410613253339656 142 128 112 0.9715816215125227 3 8701 11 11586 5 9409 7 12766 12 7691 1 11573 8 9614
1903 -0.45033863687664882 -0.11722539629129798 4.5055934528360515 168 152 137 1.0424257000766184 3 8712 5 9410 4 8042
1904 1.1733192732798514 -0.14081338787995973 5.0567518438100416 169 156 139 0.93295714082182124 3 8709 5 9412 7 12772 12 7695
1905 1.726973307983894 -0.073575675704482618 5.1894611306106935 163 147 125 0.6088434393688088 11 11614 5 9422 7 12789 12 7707 1 11594 8 9636
1906 -1.8344136203969104 0.043426470110759813 4.8091339747646851 108 92 79 1.5892212629281193 3 7872 5 9423 7 12786 12 7701
1907 1.2432429672077525 -0.029963886801195709 5.0047423299448823 171 160 142 1.2728811605761403 3 8724 5 9428 7 12795 8 9641
1908 1.3799811909280999 -0.007175415359949415 4.8766333789205216 168 152 127 0.95076278143936876 11 10393 5 9433 7 11578
1909 1.5393743655763297 0.22575321615561744 5.0216193112436498 74 61 48 0.34901341180210693 11 10459 5 9460 14 10379
1910 2.5836253430799094 0.25390174473096588 5.4855780065263016 165 148 129 0.26130748402408344 11 10460 5 9462 7 11633
1911 1.9968583816869074 0.34096732031701782 5.5850411316932718 37 26 20 1.3843211375255546 11 10473 5 9474 14 10392
1912 -0.91863680735939257 0.3333656268736811 4.4533785780094819 152 142 130 1.337158470660073 11 11685 5 9486 13 9732 3 8787 7 12861 1 11672 8 9717
1914 1.3134266223923254 0.34287889676107186 4.7551876458485545 56 43 27 0.49000870108916578 11 10492 5 9489 13 9765 7 12871 12 7788 8 9724
1915 1.8205967271642685 0.4373967480377044 5.4830730213825563 104 86 72 0.93209981779203044 11 11690 5 9492 14 10397
1916 2.0381095823150859 0.46202687846113849 5.5656773427678585 101 84 68 1.5436728599551091 3 9360 11 11693 5 9494 7 12876 8 9725 14 10401
1917 2.7205807513461648 0.49735392666927875 5.33665435567438 57 44 35 0.98482385000782846 3 7960 11 10509 5 9502 7 12891 14 10403
1918 3.8716401175021482 0.21414016503321442 3.3548119573858544 139 123 107 0.7774158823822449 3 9358 5 9503
1920 3.9013499898828168 0.28530383296342537 3.3828692683470254 130 113 95 0.64130857963853094 3 8798 7 11748
1921 0.059571538461862861 0.53926601737553059 4.5070431979254693 109 88 71 1.3138380727323478 3 8821 5 9515 13 9784 7 12909 8 6129 4 9409
1922 -1.0532379744393641 0.53914690394294318 4.4039269477480802 131 109 95 1.2553786289461244 11 11721 5 9517 13 10454 7 12908 12 7827 1 12797 8 9769
1923 -0.91701904678351309 0.55562142516446167 4.3590057702554859 109 91 77 1.10323835757688 3 8001 5 9521 1 13587 8 10814
1924 -0.59091206416413766 0.55583100036769972 4.3624205770985229 53 35 25 1.301227963124725 11 10553 5 9522 13 10185 12 7834
1925 3.9193441062243983 0.35913117034334185 3.3056087027190211 134 121 104 1.8207954503255415 3 9374 13 9325 7 12930 1 10187 8 6198
1926 -0.28369132457686225 0.60280484978105686 4.4066678837400337 179 159 141 0.97337433671747975 11 10567 5 9527 13 10198 12 6688 1 11754
1927 -0.86029772789396808 0.60561234798548635 4.3268347124813342 128 102 85 0.44878683936016484 3 8007 13 9792 7 11764 1 11758
1928 -0.76383310774426616 0.6018219012424566 4.3351598129147595 138 119 104 0.92929206364957284 11 11733 5 9532 13 10194 7 12924 1 11752 8 9786
1929 2.2107691162042089 0.84568350945514847 5.5430923369119025 85 72 63 0.52198735107475458 3 8842 5 9543 7 12943 14 10413 4 8932
1930 2.6571251109961871 0.86149793545623321 5.3677425845027509 141 123 103 0.95635069430663633 3 8850 11 10598 5 9549 7 12954 1 12833
1931 -0.88498949907812152 0.72135759378898612 4.3091705942750744 166 140 116 1.1204103860332364 3 8861 5 9559 13 10216 7 12958 1 11804 8 8399
1932 -0.83256124985975855 0.71903839375078726 4.2880589406543139 166 140 115 1.3470476372835145 3 8044 11 11762 5 9560 7 12959 1 12841 8 9824
1933 -0.72599323583859499 0.73564425697344893 4.3226915147969756 97 78 63 1.2368625256224155 3 8863 11 10625 5 9562 13 9827
1934 -0.72599323583859499 0.73564425697344893 4.3226915147969756 97 78 63 1.2368625256224155 3 8864 11 10626 5 9563 13 9828
1935 0.074237281459975768 0.77736786963709648 4.4546351069033179 135 110 84 0.4377878090330492 3 8867 5 9567 4 8968
1936 0.074230562337653461 0.77672480970933011 4.4547058148690839 135 110 84 0.85993938131478986 3 8868 5 9568 13 9845 12 6750 8 8413 4 8969 10 9583
1937 -0.99311727156740337 0.76471883259564954 4.3468401848364824 77 64 48 0.86018866298225349 11 11763 5 9569 8 9838 1 12848
1938 0.12196589856203516 0.79251075863395648 4.4629849483640509 165 140 118 0.70876134728844886 11 11768 5 9574 7 12974 12 6756
1939 0.12279397433116762 0.79478797925755129 4.4707979352866909 165 140 118 0.92036656388224114 11 11769 5 9575 13 10237 7 12975 12 6757 8 8421 4 9432 10 9894
1940 -0.51877924829404609 0.89881826428134071 4.3312357717668331 54 53 51 0.25653454504714623 11 11794 5 9611 13 10252
1941 2.6258206497887322 1.1436761917138114 5.3017705267056323 126 109 91 2.0611145924774017 3 9412 11 11797 5 9617 13 9395 7 13011 1 11860 14 10433 6 13758
1942 -0.55806956565068422 0.91243660369216717 4.2961536686169328 197 178 163 1.2257316304033501 11 11801 5 9619 13 10256 12 7931 1 11859
1943 -0.92305993245940721 0.92524142735593895 4.2678053004285941 115 92 74 0.65914404581729369 11 11805 5 9624 13 10506 7 13015 8 9889
1944 1.3314227599370443 1.0141273289102279 4.5850783127225547 152 132 105 0.7137696082064181 3 8908 11 11806 5 9626 13 10269 12 7937 1 12902 8 9896
1945 1.0925191316826126 1.0532604066522662 4.7394141051856451 134 126 108 1.9185866885085709 3 8910 5 9632 13 9893 1 12901 4 8314
1946 1.291701196123233 1.050160927308754 4.5968732425335181 102 81 60 0.86150861390676803 3 8918 5 9641 13 9900 1 11875 8 8506
1947 1.0480018425103039 1.0938061946793067 4.7703939097837305 71 54 38 1.8122917211220495 3 8144 5 9642 1 11878 4 7276
1948 -0.7252247958657414 0.98461036699322968 4.2842111935819105 114 92 71 0.8843217569874372 11 10696 5 9647 13 9896
1949 -0.92267538371375246 1.0161074426951109 4.236664242747243 108 91 75 1.9428846040477776 11 11830 5 9659 13 10517 7 13778
1950 -0.92267538371375246 1.0161074426951109 4.236664242747243 108 91 75 1.9428846040477776 11 11831 5 9660 13 10516 7 13779
1952 -0.35925064249487781 1.1914874404370739 4.2636397527528214 143 122 101 0.28515401582735267 11 10761 5 9712 13 10310
1953 -0.95481241054437505 1.1860544376728555 4.2477702498015413 149 136 122 0.80555468572812305 3 8229 11 10769 5 9716
1954 -0.95317200457236018 1.1751855112928842 4.2196349165673501 149 136 122 1.3446875061469141 11 10768 5 9717 13 10315 7 13097 12 8031
1956 0.59985567367758774 -3.6988467527525044 10.050535245127127 112 110 116 1.1659902541017684 3 9590 11 12978 5 9934 7 13983 8 11197
1957 4.1591004164983243 -1.6144852843614999 3.6774493041325615 12 14 26 0.83517184273627332 11 11369 5 9967 7 13417 12 7494
1958 4.0961931567301306 -1.5462471837079512 3.6499611223805726 80 90 100 1.0468730631019627 3 9596 11 12352 5 9973 8 9415
1959 2.5987418112612151 -1.894999274747869 6.3606152290464388 83 86 95 1.127524848560159 11 12330 5 9978 7 13394 1 13303
1960 2.931803322087883 -1.7629150045285076 6.2446371861561252 200 210 220 0.56607489461709692 5 9986 12 7467
1961 0.47231412544881302 -1.4978087494004049 6.0972479187510125 154 140 127 1.0294090843252199 11 12337 5 9989 7 13412 12 8373 8 10477
1962 -0.41161510831720771 -1.0224738024512525 4.7579002491710369 157 147 138 1.0797862610992535 11 11401 5 9997 13 10032 7 13446 12 8397 8 9408
1963 1.3011229074158126 -1.2277944493542572 5.4437401357074968 157 145 131 1.4252015313398425 11 12365 5 9999 7 13443
1964 1.9765437183933057 -1.3452410185841961 6.0081675295423045 78 69 71 1.4796051478340964 11 12360 5 10000 13 10063 7 13441 12 8398 8 10511
1965 1.5229714135046937 -1.2769171436792603 5.7251540823218079 130 114 100 1.27082254235468 11 11388 5 10002 7 12583
1966 3.4032314701843145 -1.3072960214546925 6.3641966670167545 71 74 79 1.4285057095286764 11 12378 5 10009 13 9645 7 13460 8 10536
1967 3.4045207688699386 -1.3079203090149896 6.3657211888471057 71 74 79 1.5885808461661521 11 12379 13 9646 8 10537 5 10010
1968 3.4314316077272573 -1.2436688436561139 6.3647554474324837 188 202 215 1.8589064755065683 3 9220 5 10014 13 9649 14 10067
1969 0.42634163623197907 -0.89937603408405653 5.0271579929977719 139 120 103 1.245771565245039 11 12394 5 10016 13 10056 7 13472 12 8429
1970 0.30177408562459884 -0.87287345336309963 4.9638108412051896 167 149 135 1.5808742011692032 11 12397 5 10019 7 13473 12 7531 8 9457
1971 0.62307237424863271 -0.88456913986130048 5.0937123224227188 138 124 113 1.3387323465171099 11 12398 5 10023 13 10062 7 13474 12 8432
1972 2.4478818082458078 -1.0702484362094673 6.0630587019140174 123 110 94 1.9435120694867416 3 9231 11 11433 5 10025 12 7532 8 9447 14 10334
1973 1.3068907670373342 -0.65949273522217833 5.296161870836313 165 153 131 1.754407796544704 11 13101 5 10052 12 9059 1 13433 8 10606
1974 -0.96154601953647456 -0.37410682943210632 4.6155607864288735 47 58 44 1.1177033882078733 11 12462 5 10071 13 10385 7 13556 12 8486 1 13449 3 8674 8 10640
1975 -1.0287247764255576 -0.35785679013917693 4.6226200753082018 151 149 136 0.87164764858520893 3 8682 5 10073 7 14122 1 13451 8 10643
1977 -1.7240724830944973 -0.31037977088467428 4.8432602685884563 136 129 119 0.71521462170088113 3 8689 5 10075 1 13444
1978 2.6360157521305236 -0.50757751079194813 5.7286810989103918 149 141 128 2.117250731742307 11 12469 5 10081
1979 1.5897155531209508 -0.4067899913958079 5.1971603625720988 99 83 67 0.9561312723227009 11 12478 5 10088 7 13576
1980 -1.6556467134577173 -0.1874528018398034 4.7694964435979967 128 118 112 1.6254165228995967 3 8705 5 10091 12 8511 1 13461
1981 1.9402864491902378 -0.34483289427298708 5.3232992981046063 151 134 118 1.7872561259488726 3 9700 5 10092 7 13585 14 10347
1982 1.9443325922443728 -0.34363844369675484 5.3412952149320203 151 134 118 1.665733083738967 3 9701 5 10093 7 13586
1983 1.8822788138574742 -0.25524400007802994 5.3006183901683972 154 138 118 1.0485077960299489 3 9307 11 12497 5 10104 7 13597 12 8535 13 10123 8 10689 4 9313
1984 -0.32397466309994438 -0.15274838981946337 4.5382702117000582 97 83 72 0.76097062394461501 11 12502 5 10108 13 10413 12 8536 4 9684
1985 1.9280517473328 -0.20459985014763454 5.2883860923215646 121 103 91 2.2961410903667434 3 9716 11 11584 5 10111 7 12764 8 8120 4 9937
1986 1.7888987452362977 -0.1690505999876972 5.2211677788286996 151 133 109 0.73660171997344615 3 9719 11 12508 5 10117 7 13612 4 9946
1987 1.3365279230822833 -0.098339321621595144 4.8797574718406382 112 99 83 1.8596289092018847 11 11613 5 10126 7 13621 12 8552 8 10710
1988 2.7123639121393839 0.083428358888416779 5.5293948165598712 132 120 105 1.6838024935505673 3 8731 11 11641 5 10146 13 9741 7 13632 8 9660 4 8818 9 12236
1989 2.6662105127770741 0.35303729978857856 5.4850377431464068 140 124 108 1.4799011949231289 3 9750 11 12569 5 10172 12 8605 8 10771
1990 -0.79158719375794728 0.32282327166896846 4.4220499243856262 166 157 142 0.55033089587485906 11 11683 5 10173 13 10144 8 9718 1 11673
1992 1.9154044208528962 0.43387839652113835 5.4797100370093945 85 74 68 2.1527845493535276 11 13181 5 10181 7 13669
1993 -0.98539623239926077 0.46221946036448053 4.4130830542995829 102 86 71 0.88784210298626165 3 9369 11 11707 5 10193 13 10451 7 13687 12 7807
1994 3.3220765492675182 0.8004182700426784 5.8451332517867813 165 145 120 0.628738964932959 11 12603 5 10214 7 13704
1996 3.8546410895596392 0.43827820098768755 3.367551248604169 156 146 136 0.9616946252444023 3 9772 13 9847 1 11801 8 9821
1997 1.0979762235483403 0.73481834236609878 4.8340744074275328 48 34 25 1.1902358224008214 3 9778 11 12613 5 10227 13 10225 1 13594 8 10834 12 8668
1998 -0.65326329009915141 0.66733760188098512 4.3589273835684015 167 149 131 0.57314294437291335 3 9386 5 10233 13 10468
2000 0.23012277201526243 0.77154057816190769 4.5327023794339176 87 70 52 1.2683168059436072 11 12621 5 10246 13 10483 7 13730 12 8684 8 9831
2002 3.2854598418746779 1.1424028717187396 5.7490561454194173 149 131 107 1.4001803168550628 11 12641 5 10261 7 13742
2004 1.3007174998473525 0.98655960801568321 4.6385364211430948 72 62 54 0.39652292373029496 3 8905 5 10274 13 10508 8 10885
2005 1.1428431473670657 1.0684716562949081 4.7148167819024405 115 104 94 0.62090848615195515 3 9421 5 10283 13 10273
2006 1.1424808681742173 1.0674989049057013 4.7148184104974415 115 104 94 0.93501571963961005 3 9422 5 10284 13 10274 11 12665 12 8743 8 10899
2007 -0.64113604199785357 1.0645507807381267 4.297265383040453 146 129 113 0.52814559904327385 11 12678 5 10306 13 10520
2008 12.459616148013744 -5.7838542246195868 14.594057247762329 129 130 133 1.7693292833343874 11 12985 13 9600 7 13994 12 8322 1 13226 8 11210 6 13234 2 10821
2009 4.089717224209414 -1.4588354036606506 3.6266365911259633 98 111 120 1.6146407307491282 3 9914 11 12362 5 10501 13 9622
2010 2.066681160094876 -1.5337963702554462 6.043029866145222 152 140 128 0.053670223498772762 3 9933 5 10504
2011 -0.56919836840736671 -1.0186665281419116 4.7498779386579093 136 125 119 1.0187179093154874 11 13051 5 10510 7 14051 12 9008 8 11333
2012 2.0669128002686197 -1.2086502400099719 5.9987518837863343 51 54 60 1.8919164773709711 11 12375 5 10518 7 13456 8 9413 14 10332 12 7511
2013 3.5134842586251223 -1.3209081560559759 6.3638786044658557 88 92 103 0.55769541345548401 3 9624 5 10522 11 12376
2014 3.5134842586251223 -1.3209081560559759 6.3638786044658557 88 92 103 0.55769541345548401 3 9625 5 10523 11 12377
2015 2.6046405808895003 -1.1425322234169322 6.0961597768641367 143 131 117 1.4168350323925791 11 13072 5 10527 13 10082 12 9028 1 13399 8 10549
2016 0.81258647493586145 -0.91291959756975061 5.1691600667654942 147 131 116 1.5103510027891101 3 9645 11 13077 5 10529 13 10383 7 14076 12 9032 1 13960
2017 3.9551624244824661 -0.90513685422339885 3.5101045139269322 111 99 87 2.5233487464717927 3 9937 13 10102 7 14100 8 10626
2018 2.2858394429843587 -0.85973401695621054 6.0579730050988321 59 58 63 1.6384634928936421 11 13092 5 10546 3 9954 13 9661 7 14090 12 8452 1 12581 8 10586
2020 1.3774576263092735 -0.585147102229579 5.0788333516381341 148 137 124 1.6275413056995915 11 13109 5 10560 13 10401 7 14110 8 11392 1 13443
2021 -0.89531316182720933 -0.37246186544642657 4.6027921930124007 133 124 109 1.355362007770067 11 13120 5 10577 7 14123 1 13987 8 11403
2022 1.8106550615311616 -0.50605654524922072 5.3068091259513004 75 61 50 0.61239905958085072 11 13121 5 10581 7 14125
2023 -0.096029061770574076 -0.35324616788915847 4.6452967275668291 139 122 104 0.56005095281111117 3 9973 11 13128 5 10582 7 14502 12 9471 8 11421
2024 -1.1275272268352672 -0.28702336212452551 4.6020624697996233 66 57 52 0.61527519636508177 11 12477 5 10583 1 13456 8 10659 7 14128
2025 2.0439163520666259 -0.43714560490885618 5.3962640043815613 157 144 128 1.1619749727832136 11 12473 5 10584 13 9689 7 14129 12 8512
2026 2.0488802006708329 -0.43867247187904174 5.4044303768469781 157 144 128 1.3357332333006198 3 9686 11 12474 5 10585 13 9690 7 14130 12 8513 1 13460 8 10658
2027 0.30410516607643867 -0.3216670046467256 4.8076963538291757 161 146 127 1.9327203810047155 3 9975 5 10589 13 10406 7 14134 12 9080
2028 0.63385337634663641 -0.33572590088413468 4.9806990741965587 74 66 55 0.35832030281988231 11 13133 5 10590 8 11427
2029 1.3804738566810997 -0.37318027798262055 5.0307364986266325 159 146 129 0.99036897929803935 11 12483 5 10592 7 13584 12 8519 1 12655 8 10668
2031 -0.23065020476804321 -0.28996581147158113 4.5593895743896002 35 26 19 1.4278540511510003 3 9707 11 13136 5 10594 12 9082
2032 -0.12436274058512434 -0.13993011196637689 4.5898147812590837 79 63 50 0.88069215961622105 11 12507 5 10607 13 10415 7 13607 12 8539 8 10699 4 9353
2033 5.2136093684960274 -0.17047562450089804 8.399287551232252 39 35 36 1.1698873798976133 3 9999 5 10609 7 14153
2034 3.7919644916752993 -0.25240967268060821 3.6831546525442032 150 150 142 0.48683646279669024 3 9710 13 10145
2035 2.1709998156662338 -0.091888442470280079 5.3898812564420107 142 121 94 1.4120279394290236 11 12516 5 10613 13 10135 7 13623 12 8553 1 12708 8 10712
2036 1.5848904940291919 -0.03330630739130723 5.1108072902632378 68 52 36 0.72577388809976762 11 13156 5 10616 12 8563 13 10134 8 10723
2037 2.7773992114156685 0.051115874142487874 5.4969341081291425 66 56 46 0.97379976507581067 3 10021 11 13161 5 10618 7 14175 8 11463 12 9119
2038 3.7327085623274816 0.14424746756925572 3.6249271451964948 109 93 80 0.6015788033412881 3 9745 5 10640
2039 3.8233517436368136 0.19548685966430124 3.5004417805082784 140 124 106 1.0636882513088706 3 9751 13 10197 1 12794 8 10803
2040 2.1954234662458316 0.49206756075605679 5.5421867405247944 117 99 87 0.88193954703573296 11 13188 5 10646 13 10458 12 9146
2041 -1.8491157329482473 0.55171066703551974 4.6714177328043078 56 49 41 1.4375709165462214 3 9766 5 10651 7 14212 12 9153 8 11517
2043 2.5622111831133472 0.91488073636898881 5.3873771490189366 71 57 48 1.2217240554978523 3 9784 11 12620 5 10665 13 10245 7 14232 1 13605 4 9740
2044 3.8267048294870727 0.58309021558879182 3.2991589820520582 158 153 147 0.68834938460997297 3 9793 5 10669
2045 -0.93855687615725403 0.81332090764795995 4.2751213041732479 109 95 84 0.57372868480631611 11 12639 5 10673 1 13615 8 10867
2046 -0.3304096988427892 0.89765459935748593 4.3361330551299773 173 152 132 1.9402226225619725 11 12651 5 10677 13 10502 12 8719 1 13632 8 10884 4 9760
2047 1.8253339602935181 -1.8514204633336317 6.02350122843779 155 150 146 1.6900571108478073 3 9919 11 13433 5 10771 7 14699 12 9372 1 14304 8 11837
2048 2.079314794528619 -1.7962505460878608 5.9877190141543588 151 146 142 1.6285824858531222 3 9925 11 13437 7 14435 12 8984 8 11845
2050 2.6126904668178885 -1.7209088968489381 6.233741889321033 87 90 97 1.5737139269863019 3 9927 11 13444 5 10778 7 14441 12 9387
2051 1.8050035946929528 -1.5473082743631699 5.913286831102492 160 146 135 1.9858040835076778 3 9932 11 13448 5 10781
2052 1.2894422140546848 -1.4374082028121884 5.5232182429211161 114 101 92 2.080278843157946 11 13043 13 10369 7 14031 12 8999 8 11297
2053 1.5129847122741742 -0.94223590992908157 5.6834174143978613 57 58 62 2.1391884589902879 11 13082 5 10805 7 14081
2054 0.66880093247685024 -0.81998213844045242 5.1536618937177918 84 71 62 0.54563876308820281 11 13513 5 10808 12 9700
2055 -1.549012066201731 -0.25418122966796919 4.7193155361634531 33 28 24 1.268352943019885 3 9988 5 10832 12 9465 1 14376
2056 -0.81656965045183882 -0.292208499625219 4.5428971783003149 46 35 28 1.3057172323533059 11 13540 5 10833 7 14513 1 14386 8 11944
2057 -0.86159752361303199 -0.21365346370696248 4.5454724251124716 139 127 115 1.1904377125222054 3 9993 5 10843 7 14523 1 14009 8 11956
2058 2.0492114628580191 -0.3341416862822208 5.3520220271940522 76 62 53 1.5784559512103236 11 13137 5 10844 7 14525 12 9088 1 13471 8 11438
2059 0.45785293652649928 -0.21872857392926898 4.7796196891294791 38 25 17 1.2855798077275875 11 13555 5 10849 7 14779 12 9488 8 11960
2060 1.4689670421551244 -0.045123677003334223 4.8844168230290919 61 44 26 1.7975649927552284 11 13565 5 10860 7 14542
2061 2.0301259151520026 -0.013943405303605758 5.3226531416737117 87 73 64 1.1470246391195302 11 13566 5 10865 7 14789 12 9494 8 11976
2062 2.7065528427529504 -0.0099846697012778846 5.5854908916578108 148 133 114 0.99564981648071404 3 10016 11 13567 5 10866 7 14545
2063 5.2027959223148397 0.10647855101554786 8.5393077604382963 25 23 26 1.4309986114323527 3 10017 5 10870 7 14541
2065 2.2886818428564997 0.33651933804695489 5.4583594712114971 59 42 34 0.43031896421765481 11 13172 5 10888 7 14560
2066 2.759858504357287 0.4258724293739623 5.4220385078199227 163 147 131 0.92300621348135081 11 13593 5 10899 12 9145
2067 -0.85133961055970209 0.54840505418554653 4.3431168845710415 136 117 102 1.1785808882738129 3 9768 11 13611 5 10914 1 14077 8 12028 7 14580
2068 2.7799410338157764 0.74828274566178121 5.255585649611203 171 151 125 0.43789916354663933 11 13614 5 10918 7 14587
2069 2.1218708879082828 0.84456184458132089 5.563565483299481 20 15 12 0.97244841041778152 3 10052 11 13211 5 10920 4 9985
2070 3.8567342588778 0.49831883233269775 3.3529299684797285 163 158 152 1.9499193033698503 3 10055 13 10493 7 14235 1 13607 8 10855
2071 2.6382637990558946 0.93863484608592396 5.3347336670082388 130 109 88 0.92296133782458301 3 10059 11 13225 5 10924 13 10494 7 14597 1 14105
2072 0.2274143194380206 0.85852541571053809 4.5057302570817228 170 155 137 1.554643859095183 3 10067 5 10930 8 11557 12 8703 4 9994
2073 2.7149378920432925 1.0566489829097194 5.2966621965710825 86 68 48 1.6819041615456576 11 13230 5 10931 13 10505 7 14600
2074 2.5571166790542446 1.1587340395598966 5.3471248634493831 74 55 45 0.69419056691729086 11 13237 5 10932 7 14606
2075 2.4966138938029205 -0.52660153224906392 5.9370161709935063 143 127 111 1.247520555445669 11 11517 7 12704 8 9560
2076 1.2627501026859522 0.78174991587113962 4.7597590916597179 167 143 115 1.1639628147171177 11 12618 5 10239 13 10484 7 13727 12 8680 12 9181 8 10848
2078 1.4704352254093465 -3.5922320227375883 11.039769757172506 233 241 240 1.8408012999375922 11 200 13 74 12 290
2079 12.631144796507616 -7.6391494250990331 15.149651440176902 93 99 115 2.3192198213277129 11 4783 7 5413 1 434 6 8418
2080 12.631144796507616 -7.6391494250990331 15.149651440176902 93 99 115 2.3192198213277129 11 4784 7 5414 1 435 6 8419
2081 12.472643794435177 -7.3201966664890747 14.986322401666095 191 208 218 2.6306024442610618 11 36 7 5420 8 113 2 4041
2082 12.391844741703784 -6.8172037502165344 15.006418034845813 200 215 226 2.4788559557785388 11 4811 7 8741 12 238 1 5758 8 4559 2 6425
2083 1.8728812254949863 -1.8348616140990752 5.9822622562738008 83 84 88 1.2221152385688716 5 356 13 328 7 821
2084 -0.53185639902667003 -1.7297862355847982 9.4041207391708213 71 57 46 0.36520832190058972 11 653 7 929
2085 2.5898270873559381 -1.8826960745717389 6.261127045104133 76 80 89 1.0631940379575433 11 641 7 874 8 946 14 6154
2087 4.0674108614422648 -1.6424295430829257 3.6464706988223092 143 139 138 1.358641903767893 3 3625 13 566 7 980
2088 3.9947784871889938 -1.6208825165303378 3.7346747080022205 156 151 148 0.61029412430922159 5 332 13 589 7 5982
2089 1.1618599141134847 -1.1381580815525763 5.3421127569468032 165 151 138 1.0327515664337914 5 735 7 1320 14 7630
2090 1.0700308764621984 -1.0488431850069249 5.2750386875965134 185 172 156 1.9909100567649789 13 662 14 7634
2091 11.93690639068053 -4.7511642871502096 13.51030529432053 147 147 149 1.1977790379790727 11 301 13 693 7 5681 1 1154 8 455 6 5760 2 6478
2092 11.927382158980063 -4.6953937787960021 13.502984709432248 77 80 83 1.381218245895502 11 4956 13 713 7 5689 1 1172 2 6485
2093 13.34406710259435 -4.8201823792661909 13.329176226987597 144 143 148 2.1678581235909595 11 315 13 751 7 5693 8 483 2 4173
2094 12.098278700497071 -4.513590500510781 13.373162623772199 134 132 133 1.1681582657198837 11 344 13 758 7 5720 8 505 2 6494
2095 4.1125002149246237 -1.4002505324126857 3.5987054356644581 58 67 82 1.6961192338105731 3 225 5 491 13 772
2096 13.327021651556358 -4.7047274590969588 13.299670800653171 106 109 116 1.6159476791726488 11 4968 13 777 7 5709 12 569 8 506 6 5826 2 4194
2097 2.1467884679826841 -1.2123621287718012 6.0890676832286355 55 50 46 0.54953864382451234 11 1083 13 816 7 6221
2098 1.8722281737099888 -1.1294450676816821 5.9186634971571737 72 60 46 1.0666444959780401 11 1130 13 819 14 7730
2099 11.948909301939352 -4.0480829697149554 13.43466865025718 144 139 136 0.81318173826866114 11 5021 13 867 7 5777 1 1377 8 632 6 5859 2 6522
2100 11.961234662271305 -3.9036687607465774 13.392973276960429 81 79 79 0.93877556645391314 11 5050 13 914 12 710 6 8687
2101 11.961234662271305 -3.9036687607465774 13.392973276960429 81 79 79 0.93877556645391314 11 5051 13 915 12 711 6 8688
2102 3.409551059454822 -1.3375113026262981 6.3805967092897715 86 89 96 1.1508287341165251 11 1076 13 948 1 2146 14 4198 6 8432 3 494
2103 3.4370576298813544 -1.3191391585127625 6.3657509957263221 128 131 140 0.61359604619532981 3 504 13 958 7 1359
2104 4.2072118092927733 -1.1728713359861616 3.2819908223585235 143 140 133 1.2776200321762679 3 3753 11 1279 13 971
2105 4.1804811550902219 -1.1631942309334529 3.3240895715778489 158 153 149 1.1339037072907618 3 3767 11 1296 13 980
2106 11.489395028072218 -3.6323434198668201 14.309914899241079 80 76 75 1.0921964719814716 5 4204 13 992 7 5857 2 6570
2107 11.507544298203976 -3.6407501575971359 14.331023079976582 80 76 75 1.3630222296335925 5 4205 13 993 7 5858 1 1535 2 6571
2108 4.1192627513685665 -1.1438514055562605 3.4103482407237911 148 144 135 1.2338860571104631 3 3785 11 1308 13 1002 7 1520
2109 3.5154212782513961 -1.2827561373157681 6.2989435841917993 212 217 223 1.7769352375656735 5 836 13 1004 7 1406 2 9270
2110 4.0971209385488923 -1.1359525285203413 3.4407083956949061 155 148 140 0.50323597418552557 3 3791 13 1012 7 1529
2111 11.506667957034724 -3.566479808412661 13.956959271167346 121 112 107 1.6184658150597557 5 4207 13 1013 8 760 6 8717
2112 11.430291036221218 -3.5516696149282057 14.536296071400463 147 143 142 1.3438550426821767 5 4224 13 1023 7 5890 12 830 1 6302 8 767 2 6577
2113 4.0503253876555716 -1.1178557082949729 3.529542956174089 151 141 131 1.449464615121147 5 751 13 1025 7 1546
2114 11.557840687635689 -3.4907746164585909 13.938508768582166 133 121 113 0.94258229019329054 5 528 13 1037 1 6329 8 792 6 8725 2 4288
2115 2.1393754550579183 -0.92717546277318552 5.9947540233099907 108 97 79 0.45665528798904725 5 993 13 1043 7 1612
2116 2.1393754550579183 -0.92717546277318552 5.9947540233099907 108 97 79 0.45665528798904725 5 994 13 1044 7 1613
2117 2.1740730244804678 -0.92945362195497327 6.0157767481006221 87 77 65 1.3425407299222432 11 1339 3 4141 4 6327 13 1048
2118 3.3883801210932085 -1.1823741987679797 6.3706350783971537 150 143 135 1.2644984699199968 11 5524 13 1064 7 6308 12 1229 3 6220
2119 11.577118810854289 -3.3821916478732033 13.753418090184223 149 136 127 1.1247726098643651 5 557 13 1074 2 6596
2120 0.78186357888970603 -0.55072467105760226 5.0473926976752548 136 119 101 2.0719204356476237 13 1081 14 8761
2121 3.9445159306235715 -1.061168116097043 3.6576113136440678 157 147 137 0.26676903363074117 3 427 13 1083
2122 0.82829282798397086 -0.53756320664765378 5.0753820830336851 179 163 147 1.0586367197569093 13 1120 7 1924 14 7725
2123 0.25354752516133749 -0.33318688593925599 4.8117071691370681 113 104 89 0.51733802224957903 3 1312 13 1188 4 1585
2124 4.0653900992124461 -0.93639461269087054 3.3776429117059115 120 107 98 0.99001581026767427 3 3886 13 1206 7 1749
2125 4.0852273493412836 -0.93578124337036228 3.3457850222030689 135 121 109 0.17991349023477704 3 3878 13 1208
2126 0.8453151365392203 -0.43444601311873227 5.0574249346827935 183 167 148 0.76058873703288166 13 1212 14 7766
2127 0.83909995379849478 -0.39306650205166749 5.0458783749255227 184 166 144 1.1011943624816514 5 1420 13 1253 14 8818
2128 3.9458042247167815 -0.85125889343991634 3.5333017299123006 164 157 149 1.7918457564137888 5 1003 13 1272 7 1832
2129 3.9233276819577019 -0.81964731842696237 3.5559511356331153 164 154 144 1.0260989158835845 3 3988 13 1305 7 1871
2130 0.7513212246972919 -0.3234120079755603 4.9918519846943639 180 162 142 0.88957833395981423 13 1307 14 7804
2131 11.600717941016519 -2.4596748713730765 13.645733922331928 66 52 48 1.2520670967312872 5 4425 13 1340 1 2040 2 6697
2132 11.600717941016519 -2.4596748713730765 13.645733922331928 66 52 48 1.2520670967312872 5 4426 13 1341 1 2041 2 6698
2134 1.8438926183882471 -0.33205572855164378 5.3133330276738882 98 82 67 1.3084124557264538 3 4470 13 1479 4 6614
2135 2.6007792825313945 -0.31501524483666488 5.6894326909082578 45 32 23 0.98890503677170394 5 1556 13 1551 14 6600
2136 2.0583584156206371 -0.14022437264248644 5.3621302708707423 131 109 86 0.7551716357124324 11 2163 13 1620 7 2486
2137 11.445362374972252 -0.88583006560262234 13.965180079708349 120 110 98 0.99524612504073084 5 1436 13 1681 1 2608
2138 11.445362374972252 -0.88583006560262234 13.965180079708349 120 110 98 0.99524612504073084 5 1437 13 1682 1 2609
2139 -0.10384318657218131 0.21028397816729155 4.517403769283975 167 145 124 0.59999257347244128 5 2078 13 1694 7 2894
2140 5.8121761660836171 -0.36546632706340526 8.3503996255576851 19 36 54 0.58916177003103132 5 4910 13 1695 7 6749 1 2817 8 1975
2141 2.7790127273349059 -0.068265843399304499 5.5489795287698866 172 157 136 0.64409465505058339 5 1774 13 1722 7 2593
2142 5.4392879684407056 -0.23046743487804583 8.307839173377273 56 45 43 1.9957193513184777 5 4960 13 1744 1 2876 14 6784
2143 2.3611924893628506 0.052508409424239955 5.4262920564169832 110 91 74 1.6132766756818329 5 1919 13 1791 14 6715 6 10630
2144 5.4891405917532214 -0.14105220145018568 8.3177575928610388 145 117 93 1.7705671851468352 5 1701 13 1797 7 6860 1 2926 14 6814 2 9416
2145 6.0047073646800255 -0.19953015438120303 8.2959915762683991 108 86 72 0.92569097205716011 5 1683 13 1800 7 6850 1 2920
2146 6.0411602224081831 -0.13033759398855985 8.358522722034035 158 134 111 1.1124817119071095 5 1722 13 1835 7 2463 1 2947 2 8386
2147 5.81906899782952 -0.016080758893525844 8.2301223979092999 172 152 130 1.2521632498528079 5 5044 13 1887 7 6919 1 3004 8 2196 2 8404
2148 5.8807942654928418 0.083079026265641023 8.2352509586308251 101 83 64 1.340731475393953 5 1883 13 1969 7 6954 1 3051 2 8420
2149 5.8799927022612231 0.083235895015924113 8.2342042817103831 101 83 64 1.1627179525818148 5 1884 13 1970 7 6955 1 3052 8 2244 2 8421
2150 7.3888300741122128 0.057606970125016282 9.3989684107532039 29 21 19 1.3899291548457857 5 1846 13 1998 7 6930 2 8476
2151 3.9271706717962904 -0.059548179126833155 3.2839596258614194 125 109 96 2.4018549606651036 3 4785 13 2056 4 6609
2152 6.0452007558598124 0.25862476435539544 8.1584920637509413 31 19 5 0.81660368612545731 5 5115 13 2106 7 7034 8 2330
2153 5.34714338819487 0.29933723079990193 7.8686611086167799 151 139 125 1.2998717233541748 5 2030 13 2109 7 2786 2 8446
2154 2.5059787012944597 0.35830810866545554 5.4450416479917667 110 91 74 1.1038909516910143 11 2585 13 2142 7 7199 14 8153 6 10732
2155 0.38633896247545241 0.46144626014118612 4.6383196324531069 157 138 120 0.080192648750272197 3 2161 13 2147 4 2405
2156 5.8395627243311816 0.35406572324187413 8.0815174204941354 170 153 136 1.2524916819626912 5 5139 13 2150 7 7075 12 1938 1 3181 8 2383 2 9492
2157 5.3271485092145614 0.40970986914388358 7.8482988751142821 160 143 125 1.4789725797326598 5 2092 13 2179 7 2876 2 9482
2158 0.6185681676112077 0.48342952950240464 4.7338955172252932 131 110 89 0.24775504010192315 3 2169 13 2197 4 2411
2159 6.2080122656827514 0.44778733411352439 8.2161214779270466 108 95 79 1.5852833273734799 5 2102 13 2225 7 2897 2 8525
2160 6.1788261997070828 0.46608661216491737 8.2142084895081009 75 61 48 1.2519364391265415 5 2118 13 2234 7 2910 2 8529
2161 3.8234190144407925 0.15428805500321835 3.5312228704002058 110 96 83 1.5533878750881598 3 4926 13 2269 7 3150
2162 1.9396048035995461 0.53069931457816855 5.4540205110769282 159 141 127 0.71378988158386136 5 5310 13 2278 11 6507 7 3184
2163 6.1406293691591163 0.58014586316737282 8.2071199219600182 89 77 63 1.4852975901273908 5 5216 13 2295 7 7168 1 3292 2 9519
2164 6.580315917888151 0.62899569964035706 8.3504109124615571 145 132 116 1.2142812120146667 5 2233 13 2322 1 3327 6 6599 2 8565
2165 5.3499402586839082 0.72291930101962854 7.6620833173755534 42 37 30 1.3614857848983377 5 2339 13 2364 7 3133 1 3442 2 8559
2166 2.024140683642182 0.70377099314191804 5.4797805034905043 145 128 113 0.70001055497475906 5 2513 13 2426 11 2909 7 3377 14 8232
2167 0.54496683359392173 0.69036204324774608 4.6826057759548982 139 107 82 0.81148716273170918 3 2405 13 2444 4 2620 10 5185
2169 -0.01994735268184239 0.70088184635822248 4.4048406633762207 168 150 136 0.33926336841036897 3 2469 13 2471 4 2692
2170 0.27954851385115675 0.71433879860984095 4.5581277483935381 185 175 166 0.62409080006830087 3 2457 13 2475 4 2674 10 5234
2172 0.54634547835400427 0.76221685300780606 4.6671009319080916 143 121 100 0.88733940323521421 3 2485 13 2517 4 2696 10 7095
2173 2.424803913924118 0.82417939970012954 5.4530094081018747 32 19 10 0.59895752470341379 5 2601 11 3021 13 2540 7 3509 14 7026
2174 2.5543149168439974 0.81660980607196676 5.4108340043583274 22 10 1 0.4298446169519311 5 2602 13 2544 7 3510 14 7030
2175 2.5590696259209422 0.81744218161794269 5.4191234622208144 22 10 1 0.50265579225193835 5 2603 13 2545 7 3511 14 7031 6 10938
2176 0.245101891247412 0.83525759461190741 4.516237790690524 123 110 94 1.3825852394247198 3 2588 13 2623 4 2777 10 5342
2177 6.1655295787187159 1.2683660343881227 8.0338445767863238 132 116 100 1.3343050784744059 5 5529 13 2637 7 7515 2 9621
2178 1.0744405667754684 0.89612681120335336 4.8302158397970496 22 18 0 1.1928085000625268 5 2758 13 2663 14 8284 6 13396
2179 6.6061113744490028 1.3432681396398576 8.1488816759571652 30 26 17 1.6391410530022679 5 5549 13 2670 7 7538
2180 5.3455614829156328 1.2772694490263177 7.4778303133648203 159 138 121 1.0627213359047267 5 5575 13 2690 7 7568 2 9625
2182 2.2612007830916681 1.0822140557165945 5.466709545616518 92 79 70 1.0961292868832888 5 2792 13 2757 11 3290 7 3780 14 8321 6 12125
2183 2.447330302156006 1.0996191009886309 5.3607387850628054 100 74 57 1.3103168633346303 5 2828 11 3336 13 2801 14 8332
2185 2.5058520431071263 1.1804942922731261 5.3529567217488561 114 98 83 1.9336757685590347 5 2903 13 2880 7 3925 6 11117
2186 0.27172259596080939 1.0226559817723 4.4847725901521018 131 111 92 1.3768631960273598 3 2803 13 2885 4 2982 10 5503
2187 3.7865453908341808 0.7601630527115657 3.4451149056781927 148 139 130 2.078835740133314 13 2893 4 7255
2188 6.4531413243783247 1.6139525702716662 6.8834184010203385 32 31 26 0.31425735179849762 5 2960 13 2978
2189 0.76241262241898122 1.1265881452010571 4.6549199590763521 182 170 156 1.3178078650145408 11 3541 13 2985 7 4065
2190 -0.079173075002253152 -2.9500406443342748 9.7590448710456812 134 138 139 1.8844297698115755 11 237 13 3553 7 443 1 5883
2191 0.59448400208061336 -1.6414907661075762 5.537183402836293 105 105 107 1.2586849929454833 5 352 13 3655 7 834 1 1533 8 922
2192 0.59448400208061336 -1.6414907661075762 5.537183402836293 105 105 107 1.2586849929454833 5 353 13 3656 7 835 1 1534 8 923
2193 -0.80446410617320674 -0.99344666279338023 4.7618301947591268 128 119 112 1.318350603936014 5 666 13 3660 7 1243
2194 0.60301379016868462 -1.4666576901973585 5.4693181415369665 148 140 137 0.92574074366915404 11 743 13 3709 7 965
2195 -0.7357948201079626 -1.8298619533722333 9.5075145306840589 154 138 125 0.12094510064882531 11 582 7 880
2196 0.85452328158742785 -1.3886754121265183 5.3137421985257971 130 120 111 0.81791836509229399 11 5255 13 3772 12 909 8 1135
2198 -0.1032746578264486 -0.8968315861771764 4.7852687734402339 141 131 121 0.83567723850373543 5 828 13 3842 7 1443
2199 2.6014596609108844 -1.9046095717895704 6.2663887629429045 140 147 155 2.837234846250225 5 390 7 861 14 6149 6 10234
2200 0.18765166294834623 -1.2277930715987038 6.3952284217800184 84 79 75 0.26654596115574597 11 915 13 3871 8 1171
2201 -0.68800899599849008 -1.5332348093506256 9.5671220717915801 153 145 137 1.6652507485679313 11 756 13 3882 12 816
2202 1.2788699607371599 -1.3302319250300472 5.4499343335438626 154 141 128 0.80383551445112689 5 602 13 3884 7 1134
2203 0.21418839890718344 -0.92149499576547711 4.9432069884868097 145 135 126 0.43507798093339556 11 1194 13 3921 7 1450
2204 0.97672442082198174 -1.1474989773275246 5.3001716857996088 143 129 116 0.89822869365176294 5 4323 13 3944 7 6163 4 3993
2205 3.8490698928390601 -1.6209743479153733 3.9629033304477237 138 138 141 1.2252580183663848 3 6006 5 4117 13 3967
2206 3.7792165966851621 -1.6049167915268754 4.0666444829274546 128 133 136 0.75277433450232634 3 3679 13 3974
2208 0.54185124991288591 -0.92327595056110179 5.0832190156237766 83 70 61 1.2278596161081181 3 683 5 4440 13 4006
2209 1.0550498812447082 -1.0701283732467368 5.268892757774279 158 142 127 1.1040319417548523 5 785 14 8690
2210 0.62366367491853136 -0.88023072503710187 5.0861762579874989 122 109 101 1.6368357711018986 5 4484 13 4067 7 6336 14 8672
2211 11.591678860065841 -4.636122612724396 13.786130422942097 140 142 142 1.3370333524545968 11 7958 13 4076 7 8868 12 3804 6 10518 2 8183
2212 1.9047116013726164 -1.2723207040789044 5.9781411723073949 79 74 71 1.7087772550679294 5 4337 13 4089 7 6157 12 1089 1 6584 8 5189 14 8749
2213 0.92254836122016848 -0.91411016145901702 5.2181716303349752 168 155 139 1.0233561257393169 5 4483 13 4104 7 6334
2214 12.225125133080857 -4.4657698621070931 13.288056198153969 120 118 119 1.2371697198619425 11 4976 13 4124 7 8882 12 582 1 6125 6 8627
2215 11.466387541779362 -4.4261737294501575 14.707288655701523 154 155 159 1.6290696994217264 11 7974 13 4140 7 8907 12 3844 1 9177 8 4773 2 6497
2216 11.668889278037048 -4.2886637511988157 13.713659970329038 118 116 117 1.1558671481161149 11 7975 13 4147 12 3851
2217 3.8498499517343672 -1.3180933277853826 3.8997296888890376 160 139 122 0.94963529766101618 5 4245 13 4166 7 6183
2218 1.9127171195905417 -1.1143935342869689 5.9442242421749443 43 35 32 1.5487937936331009 5 6771 13 4178 7 9289 12 1184 1 6666 8 5235 14 8782
2219 4.1751790945388692 -1.3051142749968538 3.3831699100888608 34 23 17 1.2796766021698514 11 1135 13 4179 7 6200
2220 11.917122664262441 -3.9638963318931846 13.428425804668157 129 125 122 0.82675777455179367 11 5041 13 4230 7 5790 12 686 1 6213 6 8675 2 6530
2221 4.2191374649519471 -1.2338136526066541 3.3200950727405769 132 105 92 1.0432075387507627 3 6046 11 1227 13 4249
2222 0.84259947754634579 -0.70346791875258163 5.1407070368401167 140 124 105 0.88478428001070342 5 1073 13 4253 4 1062
2223 11.659892803537112 -3.7734766297304119 13.559926377949745 170 169 165 0.70585270370320963 11 5064 13 4266 12 745 1 6249 8 4882 6 8697 2 6551
2224 4.2323939342646764 -1.1986831920438026 3.2637752062595946 67 54 45 0.045915098215659193 11 1263 13 4274
2225 4.1754154765137459 -1.1811886172233867 3.3254638224207271 71 60 54 1.2465330840811084 3 6059 11 1270 13 4280
2226 4.144786362106907 -1.1714616040325907 3.3706881318835005 89 80 73 1.3920618951513613 3 6068 11 1277 13 4282 7 6311
2227 11.466943436811475 -3.6923217792080689 14.167112987046451 83 78 79 1.5173901623965749 5 6618 13 4287 7 8996 12 3938 1 9255 2 9359
2228 4.1206493032763536 -1.1626884545474243 3.4069163011308436 86 73 65 0.92513252052621053 3 6071 13 4289 7 6315
2229 4.0877351813504612 -1.1529572961843637 3.4462428164109289 88 78 69 1.0520477218253981 3 6082 11 1295 13 4294 7 6321
2230 11.520446127089247 -3.6337832152032101 14.091323556248103 72 62 60 1.2332332677957487 5 6623 13 4301 12 3945 1 9265 8 4906 2 8235
2231 4.1440143999611374 -1.1524156422620053 3.3895459573082394 151 144 136 0.60040415381438506 3 6078 13 4305 7 1507
2232 3.9341294323959075 -1.1311009862091612 3.7207657680440307 178 157 140 1.2570119063555116 5 4350 13 4311 7 6332
2233 11.52280553399889 -3.5994890637181078 14.259058254529688 103 94 89 0.86396426109212643 5 6631 13 4315 1 9269 8 4917 2 8239
2234 11.429504041476894 -3.5554964069293824 14.318680129853812 70 65 62 1.2116992121647658 5 6636 13 4330 7 5881 1 6295 8 4922
2235 3.3821277894734321 -1.2224451036461064 6.367518028977833 132 125 119 1.320673985283642 3 6202 11 5493 13 4341 7 6285 12 1212 1 2205 14 7834 6 10433
2236 3.9271077522929523 -1.0999349172326602 3.6828551519982113 98 85 76 0.55730682636656392 3 6108 13 4345 7 6361
2237 11.482657771647549 -3.3811147047672763 14.414816484640141 145 142 137 1.5051412750833892 5 4243 13 4388 7 9062 12 869 1 6361 8 4946 2 6602
2238 11.540501792330797 -3.3497413314247662 13.866693477450262 148 138 131 1.0416252531447128 5 6660 13 4389 12 876 1 6364 8 4948 6 10614 2 8257
2239 4.0426885148833689 -1.0609994903943354 3.541101416564322 124 110 101 2.0434034752837049 5 4396 13 4399 7 1600
2240 11.409276805596802 -3.2216995567109388 14.368273859199263 152 143 136 1.0825555685020918 5 4271 13 4423 7 9080 8 4968
2241 1.9688599494973138 -0.75616212469217536 5.8896118788948781 140 130 118 0.89421381687200197 5 4616 13 4453 12 1363 1 2468 8 1694
2242 4.0631132618155634 -0.95184499968914482 3.3707021821099592 89 77 65 1.0119012200880997 3 3872 13 4479 7 1732
2243 3.9795060293930811 -0.94470089286793146 3.614109346377258 120 95 75 2.1673400715243956 5 4514 13 4484 7 1731 1 2601
2244 4.1077880722723146 -0.94673923280214911 3.3031815208009845 87 74 65 0.95206577643906909 3 6139 11 1533 13 4487
2245 4.1035486524485512 -0.93186285982945871 3.3135115639135631 161 149 137 0.78933784569663246 3 6146 11 1541 13 4497
2246 11.574385438670324 -2.7548756880172887 13.759534885371849 162 152 143 1.1559736695692666 5 4355 13 4514 7 9184 12 1042 1 6492 8 5042 2 8284
2247 2.463830762163751 -0.73014676105816234 5.9909336337989307 146 126 101 0.93381732723166166 5 4636 13 4519 7 6484
2248 -0.35469549801479888 -0.12224928345187418 4.5234042014652669 89 75 64 0.76440481506785396 3 1582 13 4537 4 1870
2249 11.533868230743195 -2.6017508480794085 14.156737149907675 153 147 140 1.4987570706675488 5 6759 13 4538 7 9222 12 4122 1 9446 2 8301
2250 0.55711190620339701 -0.29893840781514153 4.9376184148401032 125 113 97 0.19183136177824134 5 1494 13 4539 7 2226
2251 1.1482271625827263 -0.40907464844812447 5.096392379909819 87 70 44 0.97654666058663919 5 1416 13 4541 14 8846
2252 -0.12569450776258759 -0.14665384466272635 4.5815805132231286 82 66 51 0.30851760167157205 5 1635 13 4555 7 2416
2253 0.80526585187870847 -0.32405633984321769 5.0348895982897197 106 87 70 0.62726722489489961 5 4835 13 4557 7 2203 11 1906
2254 11.567463607010877 -2.4334306301456494 13.692929093458988 74 63 57 1.4696155602863012 5 4434 13 4565 12 1129 1 6575 2 8316
2255 11.567463607010877 -2.4334306301456494 13.692929093458988 74 63 57 1.4696155602863012 5 4435 13 4566 12 1130 1 6576 2 8317
2256 3.8368617005765882 -0.77556623777196798 3.7726314475274134 157 133 109 1.8311353011367799 5 4605 13 4567 7 6558
2257 0.008075688917188073 -0.13998947446507912 4.618587049562251 60 47 38 0.60471722472140177 11 2127 13 4575 7 2428
2258 11.434780542033474 -2.3219147901413271 14.017167971198674 104 95 90 1.3505443826218446 5 4479 13 4582 12 1156
2259 11.537538978777455 -2.3363599407716151 14.139188620121693 104 95 90 1.6687460227510829 5 4480 13 4583 12 1157 2 8326
2260 0.24249415057513646 -0.16921576350034734 4.7463334358944014 110 91 77 0.71966549697372972 3 1499 13 4587 4 1748
2261 1.2552946120129405 -0.31893917023380031 5.0569482857913925 74 56 32 1.3485150601563483 11 1930 13 4608 6 13187
2262 0.19901281852002717 -0.11181043989015785 4.7392117428955958 66 53 37 0.2017373482355074 5 1679 13 4624 7 2468
2263 1.7652378405441485 -0.27774349758522676 5.2800586618368479 136 118 98 1.8076117143359416 3 6501 13 4671 14 8930 4 6657 6 12628
2264 1.8367794603754053 -0.20517885211162862 5.2526276831757608 97 85 70 0.53329640867670358 5 1637 13 4710 7 2407 14 7960
2265 2.7017555588652207 -0.3186813469116126 5.7117518745227507 129 112 94 0.87365253805099141 13 4713 7 6769 1 2856 8 2063 14 8968
2266 0.30586110575705605 0.025693244551782082 4.7371539669505198 89 71 57 0.49128292603274426 3 1732 13 4719 7 2651
2267 2.0670344952826629 -0.20593710953854993 5.3866779356355368 161 141 122 0.89383550034226733 11 6105 13 4721 7 9742 3 7820 12 1764 14 8953
2268 1.3734983051576255 -0.086226188092624695 4.8929464115859052 126 110 94 0.75876368703603392 5 1739 13 4737 7 2561 14 7952
2269 1.3734983051576255 -0.086226188092624695 4.8929464115859052 126 110 94 0.75876368703603392 5 1740 13 4738 7 2562 14 7953
2270 1.347050565022077 -0.014713700136650312 4.8920821710502462 173 153 126 0.51234422704353133 3 1694 13 4777 7 2642 5 1823
2271 5.3832851516822684 -0.13664946724091781 8.3914753741814909 144 116 92 1.8707063303119293 5 4997 14 6809
2272 5.4492725569422387 -0.13857109446486454 8.3277485007643737 159 129 103 1.6173659414557504 5 1700 13 4864 7 6859 1 2925 14 6813 2 8358
2273 2.4062978970415587 0.052924737231789337 5.4137681734742342 166 152 135 0.82406505325289581 3 6652 13 4880 12 1883 4 8027
2274 5.7139239998914713 -0.15079676721128515 8.2639197608037769 173 148 124 1.0685668835115865 5 4999 13 4881 7 6864 1 2936 8 2103 2 9424
2275 5.9279173162559484 -0.17627934431192083 8.2680185522065894 90 71 57 1.079731473024133 5 4988 13 4884 7 6855 1 7142
2276 6.0318331678058215 -0.16129843725350662 8.3067972231190659 93 74 60 0.76624013816552716 5 5000 13 4890 7 6869 12 1778 1 2938 8 2112
2277 5.4833445920015347 -0.078644133209400613 8.3310839023500627 156 126 100 1.7073874418434929 5 5017 12 1790 8 2136 14 8138 7 9768 2 10108
2278 5.636047974562139 -0.088245647207901706 8.278598074460966 151 121 93 0.74902702998490456 5 7134 13 4922 12 1792 1 7159 8 2142 2 10112
2279 3.8975843769166656 -0.19101273422156345 3.4885251352714741 128 108 97 0.79898097559975978 13 4932 7 2738
2280 2.3277518088747811 0.1102971139412993 5.4374110317109139 111 94 78 1.4976222613088439 11 6271 13 4942 14 9044
2281 1.3442605036605726 0.19897988209682399 4.8483382184021577 173 159 133 0.84364827530610886 11 2462 13 4969 14 9018
2282 2.3546023947492318 0.14788052597528673 5.4283391140150403 108 89 74 1.5183892311419158 5 5111 13 4981 7 7059 1 3174 8 2392 14 9054 6 11894
2283 3.7849848352099635 -0.12027465135599934 3.664073900363523 155 151 148 0.15554994602918776 13 4993 7 2785
2284 0.68626818491290409 0.29174056435239931 4.8441550736496941 117 92 70 1.0877750335801661 3 1949 13 4999 1 3286
2285 2.4567794671676602 0.20155535799706981 5.4416733813302649 130 111 94 1.5533421653284307 5 5132 13 5051 7 7089 1 3212 8 2423 14 9072 6 12770
2286 -0.088202282518193897 0.39621779110309052 4.4097024745850533 35 25 15 0.63998729040311142 5 2325 13 5083 7 3149
2287 1.3207262410842118 0.33481580177310893 4.7256014220062621 54 40 27 0.42939759796680493 5 2234 13 5118 7 3043
2288 3.9150514318001819 -0.029037346467835894 3.3229370067068986 139 126 117 1.7123721608989291 5 2049 13 5122
2289 -0.53844163464646067 0.47359304879901937 4.3537060468604079 78 64 51 0.96120408548816505 13 5125 4 2488
2290 0.74586648294620217 0.40895553148103098 4.8377147683801649 173 160 142 0.98427096101608991 5 2282 13 5133 14 9062
2291 0.21250622716983303 0.44271802097605195 4.5626238015381801 147 119 95 1.1733731685287354 5 2365 13 5145 7 3188 4 2403 10 6959
2292 5.3434076825820789 0.55196581876203976 7.971220107540316 140 122 108 1.3838266917145443 5 5204 13 5226 7 7155 1 7374 8 2470 14 8214 2 9505
2293 0.44804325490999064 0.58092162408450743 4.6646097056141773 164 145 128 1.2505506488664135 3 2286 13 5273 4 2527 10 5133
2294 0.20206639128681037 0.59271608479592519 4.552838475840213 128 101 83 1.3745538117636553 3 2314 13 5279 10 5167
2295 2.7144648287150317 0.54340643382554277 5.4035101810735942 156 133 109 1.0436112828118609 5 2396 13 5288 1 3535 14 8199 6 12832
2296 6.3259965050343707 0.66602582805401322 8.2132869861032987 173 160 143 1.4505104729430478 5 7306 13 5294 7 9991 12 2077 1 7429 2 10198
2297 5.2934655837296978 0.72909157020916771 7.6967982672955042 57 50 44 1.0807226330396802 5 5289 13 5310 7 7270 1 3441 2 9531
2298 5.3979664331896871 0.72180977581275951 7.6713779050439364 59 54 46 1.2527914923078529 5 5290 13 5311 7 7271 12 2131 1 7476 8 2597 2 10191
2299 0.59238613889556435 0.63738126714968535 4.7151329806142837 138 107 87 1.5790666624176612 3 5168 13 5315 4 5338 10 7019
2300 2.1135723747346895 0.66999102050417625 5.5261261301788496 47 37 27 0.76079374553997459 5 2494 13 5325 11 2862 7 7398
2301 2.11565260222801 0.67081101400674814 5.5291414455056787 47 37 27 0.65522495730123564 5 2495 13 5326 7 7399
2302 2.3765322725946927 0.70277003813325734 5.5017300261543021 104 86 71 0.85285803931633741 5 5435 13 5349 7 7428 8 2772 14 9162
2303 2.6633063383115445 0.71628309074943386 5.4111263533364768 163 133 99 1.1507352344467157 11 2944 13 5371 6 12042
2304 2.3852603081568398 0.75833837318755115 5.4954918305226235 109 87 69 1.5541914822617544 11 6652 13 5377 7 7460 1 3706
2305 0.16081732574753443 0.73668321670239179 4.5011505103095812 161 140 123 1.1273201992155271 5 2662 13 5397 7 3574 10 7101
2306 2.5312169401129347 0.79521152710041632 5.4323337853482476 61 45 31 0.956604428468116 11 3008 13 5411 7 3478 1 3753
2308 2.4987572510607601 0.84012288678521829 5.4224991213171787 135 117 103 0.76828874563000193 5 2627 13 5441 7 7523 1 3792 14 9185 6 12877
2309 0.57073406635660051 0.8080038120304327 4.6663067424153351 179 158 137 0.73469191655658883 3 2538 13 5453 4 2732 10 7102
2310 0.551699482653776 0.81905097633468615 4.6557626383002892 149 127 104 1.2446094541933672 3 5282 13 5468 4 5464 10 8267
2311 2.2916441551068267 0.88938520580431091 5.4610944105318833 103 83 72 0.36458274709512251 5 2654 13 5471 7 3562 14 8268
2312 1.1702568456003517 0.82321620511201288 4.8026706931444503 53 36 18 0.58355292971317596 5 2701 11 3125 13 5474 7 3623 1 3888 6 13701
2313 5.3282017722651771 1.1434142090930912 7.5355562276072305 121 100 81 1.1130486693427843 5 5510 13 5478 7 7497 1 7672 2 10243
2314 2.4229416867787212 0.89652640989207433 5.40916705443178 21 14 6 0.86357735971437688 5 2668 13 5488 11 3078 7 3586 1 3839 14 8274 6 12888
2315 2.3023375741988996 0.91302303827533005 5.4557485115357336 20 13 5 0.85789673184991122 5 2674 13 5489 7 3589 1 3846 14 8275 6 12887
2316 6.1580733870045083 1.2201883858249183 8.0513303707280723 85 69 53 1.4321522016485295 5 5511 13 5490 7 7498 12 2332 8 2821 2 9613
2317 2.3399941826962474 0.92376253898879823 5.4775556117643589 27 18 10 0.73574558901603282 5 2679 13 5493 7 3597 14 8278
2318 1.1748172694621997 0.85149625874141377 4.807192347491104 73 56 36 1.1623390431513283 5 2724 13 5501 14 9188 6 13386
2319 1.1748172694621997 0.85149625874141377 4.807192347491104 73 56 36 1.1623390431513283 5 2723 13 5502 14 9189 6 13387
2320 2.7007192523821137 0.90902310096848904 5.3496929006895302 129 106 90 0.84497814188405151 5 2689 13 5516 7 3617 1 3873 14 9197 6 12893
2321 5.2660230305257505 1.3103437327377285 7.5093010049120084 157 138 121 0.83780557179690118 5 5588 13 5544 2 9628
2322 0.54419586547103749 0.90303144949645953 4.6324821605327058 173 152 133 1.3133250808390724 3 2638 11 3288 13 5545 7 3768 4 2824 10 8294
2323 5.366060316935922 1.3094586965249564 7.4816963308370621 129 108 89 1.9853631377387932 5 5589 13 5548 7 7584 12 2408 8 2917 2 9629
2324 0.53032775124216736 0.91535179061476502 4.6241480449956329 155 133 110 1.0445434832581471 3 5335 13 5564 4 5531 10 8300
2325 2.4009245952016278 1.0211130453842232 5.4234056596367823 50 38 26 1.2923654899326453 11 3227 13 5565 7 3718 1 3960 6 12906
2326 -0.0095981021356049689 0.88992135430026287 4.3629241527186604 135 109 84 0.71899683300862627 3 2670 13 5573 4 2860 10 5419
2327 0.25468663074231257 0.91071882334821774 4.5047849875569552 159 148 132 0.61984213208153938 3 2665 13 5574 7 3815 4 7228 13 7473
2328 0.3756326981389746 0.95643649625574734 4.6214918170396748 19 19 19 0.97658731703237522 3 2691 11 3362 13 5600 7 3841
2329 -0.017294570535425546 0.91324551343809157 4.3566338440852261 124 97 76 0.747728096120578 3 2701 13 5605 4 2886
2330 0.40354363985633923 0.97476052202045971 4.5917892134743266 30 27 22 0.84543568844449801 11 3401 13 5626 12 2567 1 4079
2331 2.4920204813845968 1.0949161739919164 5.3494403860282302 113 99 86 1.0608125935153652 5 5688 11 6871 13 5627 7 7719
2332 1.2884548210857321 0.98324025287389516 4.6834305613086249 54 45 36 1.2457235517592737 11 3375 13 5628 5 2857 7 3866 6 13437
2333 2.3936014453797454 1.1178646175587199 5.3872217546632912 30 21 12 1.1748387170785868 5 2836 11 3353 13 5639 7 7727 14 8338
2334 0.47079969750835393 1.0052606415625738 4.5756015794082634 155 133 112 1.130928387189333 3 2762 13 5661 7 3923 4 2940 10 7218
2335 5.9791853220594851 1.6063190489271155 7.8214881040300375 108 89 72 1.8433808970901047 5 5686 13 5663 7 10253 8 6313 2 10287
2336 0.21794176767854379 0.99954457718974565 4.4667735461749061 143 128 112 0.57294717574357901 3 2783 13 5671 4 2958
2337 2.2627736594086616 1.2037556195994186 5.4403218581804786 92 78 67 1.8802433113228043 5 2902 11 3440 13 5688 7 7769 14 8353 3 5404 6 12186
2338 0.53189579911972606 1.1131445730634639 4.5782792601922493 182 163 144 1.6418365975072877 5 3027 13 5750 10 7269
2339 0.53134075657988011 1.1134871876850621 4.5778370467532925 182 163 144 1.6847687826350646 5 3028 13 5751 4 5641 10 7270
2340 2.7433593805533136 1.2529236953527627 5.1796185884314179 124 95 65 1.8767428606822563 5 5809 14 9268 6 12967
2341 3.8734727622860494 0.82226233208388844 3.3224499806537429 157 152 146 1.911100261979009 5 5819 13 5774
2342 1.2927402534531791 1.1563581522038351 4.7116490030272846 172 148 120 1.8283586275740706 11 3559 14 9884 5 5825
2343 1.2546950227334959 1.1268041833385181 4.584443674220898 172 148 120 1.9657325719743632 11 3558 5 5826 7 4080 6 13478 13 5783
2344 0.5380726375071041 1.1514917194758931 4.5714707779580426 163 143 126 2.1267081100789014 5 3070 13 5806 4 3066 10 7294
2345 0.50478208034200078 1.1537779138911746 4.5556835786205472 173 154 137 2.1961802408251447 5 3077 13 5811 4 3074 10 7300
2346 0.50478208034200078 1.1537779138911746 4.5556835786205472 173 154 137 2.1961802408251447 5 3078 13 5812 4 3075 10 7301
2347 0.31903282310890901 1.1704229253966811 4.4714843809074969 160 145 127 1.9736393338885161 3 2921 13 5842 10 7320
2348 0.51636134612656892 1.1957350713069415 4.5533109394339348 155 138 118 2.0306353765111282 5 3125 13 5845 10 8414
2349 0.38096438526010445 1.1972408140974051 4.4925450966370448 148 129 114 2.0322800972474022 11 3671 13 5869 7 4204 4 5687 10 7337
2350 1.3634116437316024 1.3382836904470043 3.9477163957476891 71 66 60 1.8052127259270023 5 3405 13 6097 4 3475
2351 0.63849632680189605 -1.8726259979898352 5.51082677564857 148 151 160 0.6201920077837354 11 5031 13 6164 7 5759
2352 0.69377813082940676 -1.5072862264979543 5.2685833158353121 159 154 150 0.7034221467806564 5 4152 13 6226 12 812
2353 -0.42459792963629328 -0.97375063886225655 4.7378957838488951 137 126 120 1.5463278705572365 5 716 13 6253 7 1323
2354 1.5941681750743282 -1.816409114868913 5.9097863366887635 160 150 140 0.93670829450402693 11 8072 13 6262 8 4987
2355 12.643269704258078 -6.9986558008624051 15.27248410377064 121 124 133 1.9898208256590275 11 7889 13 6269 7 10933 12 3605 1 8905 8 7375
2356 -0.71966140028871695 -1.8992304353970859 9.6791492317404675 168 154 141 1.3887971433563984 11 5084 7 8999 8 4859
2357 -1.1024681966536953 -1.8063442014771907 10.337471382922047 108 91 84 1.8684565739760075 11 5121 13 6305 12 3872 8 4883
2358 0.56726717368308677 -1.2954026211116172 5.5206437425674215 125 115 105 0.81964652507875024 11 5293 13 6311 7 6062 12 4055 8 5121
2359 0.63922083377492023 -1.2618256526363074 5.3453219264111533 150 141 132 1.015914494017063 11 5321 13 6316 12 981 8 1209
2360 12.597253769770868 -6.4123708137352375 14.675429351506166 87 91 103 2.2512321969250961 11 9900 7 10954 12 3640 1 8963 8 7397 2 8163
2361 12.787962968329763 -6.4806414480574031 14.892214141979933 87 91 103 1.7198542498708129 11 9901 13 6318 7 10955 12 3641 1 8964 8 7398
2362 0.62240904420690291 -1.2087154029886202 5.3440535067813686 161 152 143 1.0652346382530431 11 5350 13 6333 7 6111 12 1018 8 1255
2363 0.13048089274579699 -1.2715816573234739 6.4197033398427017 81 81 83 0.39415582399573923 11 5308 13 6335 8 1127
2364 12.732755516750418 -6.1887652946282694 14.512068639646417 190 204 215 1.4142923619099173 5 6481 13 6341 6 11724 2 8168
2365 4.3630777616237442 -1.7910783962041052 3.2645933723261646 107 107 108 0.17454131019151886 11 8112 13 6345
2366 4.212175063964497 -1.7426061069115726 3.4474493786619673 101 101 103 2.4060925078105426 3 7467 11 5202 13 6366 12 934
2367 4.1443808782373059 -1.7215470421724797 3.5407605531628628 125 123 126 1.673558586567423 3 5978 13 6375 7 9043 12 944
2368 13.178840661043887 -6.0021483779576297 14.7358156567417 113 116 127 2.14237057716816 13 6381 7 10997 12 3696 11 7919 1 9039 8 4641 7 8786 6 11747
2369 13.236380817973293 -6.0213272625815577 14.796761409753129 113 116 127 2.1337716902590529 13 6382 7 10998 12 3697 11 7920 1 9040 8 4642
2370 0.27542057270577858 -0.93109237877635176 4.9785764865368867 161 145 132 1.9299783303488109 11 8309 13 6392 7 9298
2371 4.0332682560975321 -1.6229205061766547 3.6939479268165232 148 144 145 1.806570475404812 3 7484 11 8165 13 6409 7 9082 12 1010 8 1282
2372 2.592944274208798 -1.6455486068264056 6.2202463971310351 136 131 127 1.594380983945485 5 6635 13 6424 7 9102 12 920 8 1087
2373 4.1053299825954577 -1.5769051571102868 3.6480139461410075 65 79 92 2.3816727636228232 5 8231 13 6439 12 1038
2374 0.77846681621769409 -0.96655260213352012 5.1733056781622997 41 36 33 0.79125670530044812 5 852 13 6463 1 2198 4 4119
2375 12.251718710929291 -4.7350158030795626 13.264448733610838 147 148 150 1.5388635423077828 11 9950 13 6484 7 12467 12 6050 1 11104 8 7502 6 11786 2 9335
2376 12.566718429405585 -4.7523716475873661 13.20859855607363 156 157 161 2.3037153786735676 11 11280 13 6492 12 7375 1 11110
2377 -0.83105629350790977 -0.41805689056878564 4.6155112258027415 162 152 140 0.6729963732267924 11 1706 13 6505 7 1965 5 1242 1 2613
2378 12.963992292257213 -4.7503101055468298 13.306867693798186 154 153 158 1.8251033562289094 11 11285 13 6510 7 12473 1 11118 8 9247
2379 -0.68158612602633606 -0.44198415755578829 4.5902572290451582 31 26 22 0.95226083770261605 3 1082 13 6512 7 1946
2380 -0.7432828963004332 -0.42284047374259465 4.5935263399897792 152 148 136 1.0910807005058043 3 1112 13 6518 7 1967
2381 -0.81637014602810731 -0.38458333194178934 4.593318273293451 182 170 154 0.54855078352799425 11 1762 13 6531 7 2021
2382 0.68285269100397572 -0.75368084237814637 5.1144103404802284 152 131 120 0.92672951395262393 5 4562 13 6549 1 6807 8 1664
2383 2.3248533453256082 -1.2027772437350903 6.0774041554034861 79 70 61 1.2108324705947886 5 4400 13 6556 7 6235 12 1168 1 6654 8 1364
2384 12.376412217537519 -4.205455867142053 13.190968556021538 94 88 90 1.6784289849124174 11 7985 13 6557 12 6099 1 9202 8 7544 2 9349
2385 -1.1448098534962292 -0.2527609457839875 4.6305019495263906 107 98 88 0.6340893607990471 11 1899 13 6575 7 2182
2386 11.393797155107356 -3.9047737204584658 14.509610222615446 124 120 115 1.6386452873464905 5 8255 13 6592 1 11172 12 6125 8 7559
2387 -0.14403552406181108 -0.42815207353207524 4.6510393480488581 42 37 31 0.85022278518621608 5 4710 13 6597 7 6619 12 1500
2388 11.50729751787626 -3.7700065755777499 14.312998543497834 150 141 136 1.1960472103813846 5 8259 13 6610 7 11149 1 11193 8 7567 2 9357
2389 -0.74365471569175479 -0.25861968784070299 4.5594138740434618 108 99 90 1.2344770421583267 5 1475 13 6623 7 6726 5 4833
2390 4.0095756407751937 -1.1473534254472615 3.6132002456739043 111 97 88 1.2434929314465051 5 6721 13 6627 7 9331 8 5395
2391 -0.86976580459200881 -0.19745595031503022 4.532329476733036 176 159 141 0.32814696206578348 3 1466 13 6651 7 2296
2392 3.8895211098015268 -1.0854649454177827 3.7309990642446595 114 101 92 1.2943730708122814 5 4385 13 6654 1 2462
2393 11.521145889360662 -3.4065436854416578 13.85677514581953 138 128 118 1.1093054122791863 5 6646 13 6658 12 3984 1 9301 8 4942 2 8253
2394 -0.87179704157410043 -0.18092769334041664 4.5313619657513584 105 88 68 1.0374172100274841 3 4646 13 6664 1 2844
2395 -0.80298979089806899 -0.16477523496989424 4.5241858653521652 37 30 20 1.0007263995837581 11 2048 13 6687 7 2345
2396 -0.74555349412435301 -0.16464101072044757 4.5270286757188005 76 66 56 0.50928462124765628 5 1587 13 6694 7 2348
2397 1.3143147193717608 -0.59652854815914247 5.0796927430272518 114 107 97 1.3655206491848035 5 1166 13 6700 7 6537 12 1467 14 8785 6 13159
2398 -0.29101614672808224 -0.21615059828095834 4.5468326099917116 138 128 118 1.10646724002714 3 1438 13 6722 4 4747
2400 0.44474018450451558 -0.3649013383230284 4.9034666948533152 86 74 65 0.63501149413751945 11 5922 13 6727 7 6672 12 1568 1 2745 8 1974
2401 0.78730505521354399 -0.41945377054060223 5.0226920484623818 145 127 107 1.8443910335547073 13 6734 14 9549
2402 -0.88698728006628591 -0.049948531013813031 4.5207718634968064 142 125 107 0.74723214079333744 5 1709 13 6760 7 2507
2403 1.2603215235508021 -0.45101069195680871 5.0664758939709786 170 153 127 1.3964341609448965 11 5881 13 6769 8 1935 14 9563
2404 11.513619327476297 -2.5812045805415318 14.307363406780707 161 152 143 1.3618012407020343 5 6762 13 6778 12 4128 1 9451 8 7721 2 9388
2405 11.481513995283493 -2.2510455022024773 14.058043442634535 152 140 128 1.1325333540053635 5 6808 13 6826 7 11276 12 4181 1 9492 8 7768
2406 0.40048699336380678 -0.12248155430869677 4.8006988407011955 152 135 119 0.74403608711268054 3 6587 13 6850 7 6880 1 2961 8 2215
2407 -0.48166849719747995 0.10599915696392941 4.4572220966866611 130 109 88 0.28741720826100886 11 2342 13 6883 1 3127
2408 -0.48166849719747995 0.10599915696392941 4.4572220966866611 130 109 88 0.28741720826100886 11 2343 13 6884 1 3128
2409 0.74068741285075645 -0.058373733383023069 4.9396045113592253 123 101 88 0.68475587716879771 5 5023 13 6888 7 6921
2410 0.055026372792076339 0.22047087855584846 4.6199627549659184 22 18 15 1.6323529006903252 11 2474 13 6979 7 7109
2411 2.1492879259720978 0.040441823143587352 5.4268163101660303 96 80 67 1.5066607345058223 5 7172 13 6992 12 1869 1 7249 14 9661
2412 -0.89433863072633213 0.39061907554278491 4.3650876686771181 131 115 92 0.51262639766109264 5 2297 13 7030 7 3122
2413 2.1216549928233222 0.21277791383064609 5.4935210626828557 70 56 47 0.98753851272479276 5 5136 13 7049 7 2852 12 1944 1 7321 14 9068 6 13301
2414 0.62885529316384092 0.32839918099853105 4.8877712320855897 86 75 69 0.37453958578997854 5 2188 13 7055 1 3324
2415 -0.97689948480778788 0.45378683647582602 4.410779055733256 119 106 90 0.53303777641927341 5 2384 13 7058 7 3198
2416 -0.56979201511762179 0.41940567329638606 4.3737914393750712 103 91 79 0.5880353054959323 5 2356 13 7063 1 3486
2417 -0.56979201511762179 0.41940567329638606 4.3737914393750712 103 91 79 0.5880353054959323 5 2357 13 7064 1 3487
2418 -0.91265030463592967 0.47039168917634538 4.36861453613544 33 25 14 0.28122017672647776 11 2799 13 7093 7 7346
2419 -0.91267931062903751 0.4702769528049941 4.3681051699301445 33 25 14 0.26967290020991586 11 2800 13 7094 7 7347 1 3531
2420 3.9142091205925493 -0.061683174972093024 3.3278449678697259 113 99 86 1.605563111857228 5 7204 13 7101
2421 1.2057602499935389 0.36815003080607916 4.8416609702602313 60 46 33 1.0001684556331338 5 2248 13 7126 7 3058 12 2096
2422 -0.59582530138126166 0.49733480632336863 4.3522472184145746 102 89 73 1.0346999611843197 3 2246 13 7135 4 2523
2423 1.0822391228634154 0.41755081291003066 4.9199497739828431 143 122 93 1.3467215571511959 11 6473 13 7141 14 9703 6 13652
2424 -0.27424604053153612 0.48503912583172498 4.3839276445405764 118 102 87 1.120899456960829 3 5098 13 7146 4 7081
2425 -0.095904810881564079 0.48438127414544468 4.4327941695196253 53 39 26 0.66537831393964508 5 2435 13 7157 7 3263
2426 1.3731495879164659 0.4013491809784222 4.7534610441771639 122 101 74 1.5424053482165252 11 6481 13 7163 7 7273 1 3469 14 10146 3 6810 6 13657
2427 2.3856390705828887 0.39521267511344932 5.4697780162423149 107 88 74 1.4877279973474202 5 7297 13 7168 7 9984 1 7440 8 5981 14 9729
2428 2.3146726151981949 0.42142103881863857 5.525358846886868 34 17 7 0.9484938423985263 11 6447 13 7176 7 7225 12 2087 1 7445 8 2567 14 9734 6 13335
2429 0.28876283000846981 0.50525262386902214 4.6121360284975399 143 127 112 0.92001130072507598 5 5363 13 7185 7 7370 1 3577 10 8990
2430 5.3071660927198963 0.45606305803984887 7.7895500903822974 154 137 119 1.0728002851731704 5 7255 13 7190 12 1985 1 3237
2431 5.3033374832169926 0.45604463493099462 7.7856871402400039 154 137 119 1.1117305226895107 5 7256 13 7191 12 1986 1 3238 8 5868
2432 -0.68758535601152837 0.56613470158126544 4.335635309857218 73 60 44 0.4055900428940144 3 2325 11 2946 13 7199
2433 -0.2262314805520666 0.53935146572091064 4.3856928364472525 102 86 70 1.0469416590657659 3 2288 13 7202 1 3638
2434 4.0782999863122509 0.074700571011689171 3.1230815845136455 149 134 115 1.443928092483248 3 7905 13 7211 1 7533
2435 0.69169442148260829 0.54218869998226193 4.7329989132850745 150 131 116 0.75503723654042521 11 2849 13 7226 7 7385 1 3606
2436 -1.0838538641852202 0.63540374152270629 4.4304685392040613 87 71 55 0.29338545567671853 5 2572 13 7229 7 3448
2437 5.3026566482588287 0.57407650674806032 7.7648107424450448 144 125 108 0.85605779993965125 5 7291 13 7231 7 9967 3 6763 1 10022 8 5922
2438 0.38744420022933157 0.56056605769430512 4.6424777173460452 114 97 81 0.57562302604738291 3 6876 13 7232 7 7403 12 2261
2439 2.411679673676713 0.58979930551723103 5.5050431156167718 95 81 70 0.91575129282160483 5 7369 13 7253 12 4888 1 7568 8 6081 14 9778 6 13366
2440 2.5408327813022438 0.57440428267277077 5.4615668283695937 100 82 68 0.99682688286270482 11 6537 13 7254 7 10047 12 2198 1 3565 3 5046 14 9777 6 12835
2441 2.7087050341320751 0.59349519678419682 5.425241282012955 159 129 95 1.0555199267672004 5 5374 13 7275 7 10059 6 13373
2442 -1.0790980423897563 0.7042527473113247 4.4300931358875859 142 127 106 0.70820640839261095 5 2645 13 7282 7 3534
2443 -0.7465141259393191 0.69191833530231095 4.3160022353473364 151 131 112 0.69528448077413019 3 2482 11 3072 13 7298
2444 0.56419889590467021 0.67451561972008733 4.6947056678884467 160 129 108 0.5397776865430981 11 6668 13 7300 1 3739 10 9009
2445 0.56419889590467021 0.67451561972008733 4.6947056678884467 160 129 108 0.5397776865430981 11 6669 13 7301 1 3740 10 9010
2446 2.4028218797170706 0.69256506960777753 5.4976010642486015 84 67 57 0.94753815702396216 5 5426 13 7304 7 7422 12 2275 1 7618 14 9160 6 12844
2447 5.2800554489816758 0.84353263756339303 7.6279029380641665 45 33 25 1.1104760750139244 5 7372 13 7305 7 10043 1 7539 2 10203
2448 0.81464969677233168 0.6913792362797665 4.7889457384873797 188 170 150 1.678061737070879 3 6922 13 7308 14 10189 4 7118 10 9001
2449 5.3329123283927151 0.87731121956005864 7.6173493705831055 128 109 92 1.1914594786178005 5 7392 13 7317 7 7371 1 7571 2 10205
2450 2.5033239445355773 0.71911003562042364 5.4553065543974846 107 88 73 0.70024470353011792 13 7322 14 9801 6 12849
2451 0.16556028449771398 0.70802080555254632 4.5096851886177349 157 136 117 2.1945965626397772 3 2461 13 7328 4 2680 10 7097
2452 -1.0693138935170674 0.75380755974735747 4.3922834526239019 154 138 115 0.81525824181096429 11 3132 13 7333 7 3609
2453 0.27450140874308526 0.72895920207355758 4.5547124896714477 21 16 13 0.66250817573105458 11 3068 13 7341 7 3548 4 5408
2454 0.49592406140695355 0.73777775076492369 4.6492226786108812 161 143 121 0.64718286968506833 5 5546 13 7342 7 7535 10 8253
2455 1.0828684057378339 0.75533985858676556 4.8688700894724342 51 33 19 1.3657865313089346 11 6703 13 7351 5 5530 1 3791 14 10197 6 13960
2456 -0.35088928313650003 0.76762056331049433 4.3641726180913167 126 105 88 0.52820879726047698 5 5606 13 7367 4 2751 3 2555
2457 0.72996847112102692 0.78953025359694218 4.7175622655044185 150 133 115 1.2429012758072964 3 8042 13 7375 7 7564 1 3852
2458 0.72896855664448623 0.79035895176665993 4.7146225586223691 150 133 115 1.6869736386131198 3 8043 13 7376 7 7565 1 3853 4 8233
2459 1.0766167343433546 0.80634991211221052 4.8480725612421445 102 81 62 1.0216479544623931 5 5571 11 6732 13 7390 1 3845 8 2905 14 9821 6 13965
2460 1.1804444442161159 0.79916289686567554 4.8183054659295204 63 46 31 1.3252301163848179 5 7496 11 9111 13 7393 7 10184 12 2399 1 7743 8 2907 14 10208 3 8033
2461 -0.98770933550195905 0.80652422536464352 4.3058725547186976 63 53 41 0.72434311329276613 11 3255 13 7405 7 3710
2462 2.2566421177446205 0.94124596183856701 5.4850443661135353 94 81 68 1.622516304378627 11 6745 13 7434 5 2688 3 5263 7 7583 12 2415 1 3881 8 2925 14 8282
2463 0.47834786677117114 0.8701713849275563 4.6094934965194572 130 108 85 1.0169377456372923 3 6989 13 7446 7 7660 12 2477 8 3012 4 7204 10 9058
2464 2.2417282074928258 0.98208612129019734 5.4941863441872973 61 49 39 1.1540268073958546 5 5610 13 7448 11 3157 7 7605 12 2434 1 7775 14 9208
2465 6.4994756766638417 1.3277690001109146 8.128035691350517 154 135 120 2.0644511567047763 5 7483 13 7449 8 6205 2 10255 12 5002
2466 1.0839240362222955 0.90418323010191504 4.7993733183324565 159 129 94 0.87032130820326725 11 6823 13 7451 12 2476 1 7804 6 13974
2467 2.2752409385959846 1.0137932903425695 5.4651950157094831 39 30 23 0.98015935212324712 5 2748 13 7459 7 7635 12 2458 1 7789 8 2989 14 9216
2468 2.710936327342647 0.98372457835636473 5.27263467211045 145 114 85 1.1120345300242747 5 5642 13 7465 7 7648 1 7798 14 9852 6 13434
2469 2.2758245161053314 1.0565706690709906 5.4510173440312837 30 21 13 1.3097441794419165 5 5662 13 7475 11 3260 3 2632 7 7678 12 2484 1 7811 8 3022 14 9218 6 13740
2470 2.4033634505764745 1.080500469066364 5.4097935706823259 25 15 6 1.2463204848243563 5 5680 11 6851 13 7485 7 7693 12 2512 1 7834 14 9221 6 13443
2471 2.4033634505764745 1.080500469066364 5.4097935706823259 25 15 6 1.2463204848243563 5 5681 11 6852 13 7486 7 7694 12 2513 1 7835 14 9222 6 13444
2472 0.49350494245928145 0.96953694897865483 4.593594234892457 169 146 120 1.2994915501465796 5 5728 13 7497 7 3872 4 7246 10 8323
2473 -0.97438270625818468 0.9461610467485938 4.2856372567210279 129 112 92 1.2125588503715259 5 2937 13 7508 7 3939 1 4126
2474 1.2548964531617752 1.0048521006379378 4.6524843910267428 34 27 21 1.080524953877251 11 3422 13 7516 7 3901 12 2576 8 3107 6 13992
2476 1.230454518255423 1.0237935199016943 4.6861994609702453 60 56 45 1.0901287578760959 11 6923 13 7532 7 7757 12 2585 6 13996
2477 2.2865873723707399 1.1782559576741403 5.4406912789461543 18 11 4 1.473516669360353 5 5739 11 3412 13 7538 7 10285 12 2571 1 7886 8 3102 14 9241 14 9861 6 13457
2478 1.2578192648112996 1.0460442371977496 4.6991754181215315 110 101 91 1.9096876980279223 5 5763 11 3458 13 7547 7 7778 12 2601 14 9862
2479 5.9780774228903608 1.7220026073358743 7.7783129248361709 138 117 98 2.1353566705656672 13 7567 7 10290 8 6350 2 10675 12 5135
2480 1.2446552392079959 1.0838304337741194 4.6876314604159868 120 97 73 1.3661259781053072 5 5783 11 3498 13 7570 7 7823 12 2627 8 3183 6 14003
2481 1.2520377619895293 1.0681383576999912 4.5954543850582503 141 117 89 1.3530960869723085 5 5787 11 3505 13 7571 6 13765
2482 1.2459822904488358 1.1300548639148664 4.6983695944492929 142 116 89 1.2874536066068725 11 6993 13 7585 14 9881 6 14005
2484 2.3580617127413821 1.381433930566824 5.3553519297383696 76 58 44 2.1233265158651 5 5855 11 7053 13 7624 7 7907 12 2703 1 8001 6 13486
2485 0.27312048482721563 1.148034739772291 4.4559489892296789 161 142 127 1.6854671624963038 11 3623 13 7627 7 7914 10 7314
2486 -0.34095677020248938 1.2200952316411513 4.2525021282476771 151 125 102 0.60086503050312212 5 3234 13 7733 4 3212
2487 -0.62579365143934962 -1.0090423447513923 4.7368289144270692 141 129 117 0.64207118645881889 5 6699 7 9229 12 4099 1 6550 4 4163
2488 12.815872077318824 -7.3839657547923458 15.284241907898775 110 114 125 1.8043578690885578 11 11228 7 12380 12 7273 1 12290 8 9170 13 7945 15 40
2489 12.815872077318824 -7.3839657547923458 15.284241907898775 110 114 125 1.8043578690885578 11 11229 7 12381 12 7274 1 12291 8 9171 13 7946 15 41
2490 -1.036255721723035 -1.936990370893011 10.243382840110186 92 81 78 1.9916196431088911 11 8046 13 7960 12 6079 8 7555
2491 12.328829843801302 -6.5888366384892869 15.013220790407628 103 107 118 2.0234137290325185 11 9899 7 12395 12 5931 1 11020 8 7391 2 10016 15 80
2492 -0.99019656628215613 -1.7817574011377224 9.9680843219099362 175 171 164 0.76938037115556135 11 5123 7 5911
2493 12.50019438326366 -5.8627748398995552 15.171312731510124 198 210 222 1.4430075970797149 13 8009 7 12428 12 7333 1 12342 8 9211
2494 12.303141309237136 -5.5542825559727236 14.567829488084762 66 65 71 1.7227031811732276 13 8013 7 12434 11 9922 12 6004 1 11063 8 9224 6 11751 2 10030
2495 1.8438579313928281 -1.3415910325165759 5.9820287510278121 55 58 63 1.0124511881656513 5 8307 13 8028 7 11241 12 4107 8 5163 4 8606 3 7574
2496 -0.99211827043192669 -0.43065410587627329 4.6579750444289516 104 104 102 0.6629203237676603 5 4660 13 8033 8 1841
2497 2.6311649328318096 -1.5160932983507021 6.1831240177244515 106 101 97 1.2617000616930221 5 8291 13 8035 1 9431 8 7765
2498 11.619344503090741 -4.5739308343817111 13.889634643406202 66 69 75 1.178648043598794 11 11288 13 8048 7 12481 1 12389 8 10402
2499 13.072905230634765 -4.6243368910336367 13.282289082304892 133 130 137 1.3917043557628264 11 11290 13 8061 12 7390 1 12400 8 10406 6 12695 2 10049
2500 3.9072881683189009 -1.3492935018405134 3.8268149328091483 109 86 70 0.9664020202465462 5 8274 13 8064 7 11258
2501 1.7349343800100221 -1.1072783603542005 5.8569856358856498 132 119 104 1.8982151910287264 5 6764 13 8066 7 9287 12 4180 1 6663 8 5231 14 9520
2502 -0.67750199618707319 -0.40252889781733225 4.5895917641749904 74 70 59 1.197666985601378 11 5847 13 8068 7 6613 1 6958 8 1892
2503 4.0828933472940196 -1.3356773097756123 3.5281484851725793 30 30 42 1.8854865585598499 5 8270 7 9246 8 1545
2504 3.9795896621504352 -1.3338584133629161 3.7021577316031031 48 33 28 1.0812642690487726 5 8276 13 8071 7 11265
2505 0.93038097549797361 -0.78318092912572879 5.1870442729239894 146 130 114 0.54345057813784303 5 6837 13 8091 12 4278 1 9612 8 5364
2506 11.901488242788451 -3.9888333103173341 13.447609625741446 146 141 137 1.0860058264184493 11 11314 13 8100 7 12502 12 7417 1 11166 8 9280 6 12705 2 10053
2507 4.1075307313773362 -1.2290225507310726 3.4769261433968564 122 106 92 1.176166024277812 3 8519 5 8300 13 8104
2508 0.65397664060290905 -0.65230905672323836 5.0782880969176105 172 156 140 0.89103358001050148 5 6880 13 8109 12 4326 1 9668 8 5442
2509 -1.1070075171065197 -0.21213101972501625 4.6128012933273776 170 158 147 1.2561799391058155 3 4597 13 8116 7 6740 12 1614 1 7054 8 2042 4 4806
2510 0.93620118571009725 -0.6832709204680889 5.1711981291844191 165 146 129 0.29097239245627698 5 6875 13 8122 1 9664
2511 2.6806540140983759 -1.0090617546064098 5.9714249263252812 163 151 136 1.1836292660154808 5 6817 13 8160 7 9361 12 4261 1 6759 14 9570
2512 11.495735361892381 -3.3636278672807287 14.307440314570202 147 140 132 1.3106239716534804 5 9276 13 8163 7 12536 12 6168 1 11232 8 7619 2 10067 15 1051
2513 4.1169662931872093 -1.0737765124788765 3.4181856368597936 156 144 132 1.4388413404935316 3 8536 11 5653 13 8164 7 9369 8 5463
2514 0.65466288292775743 -0.46630578687012608 5.0399174225930592 171 149 128 0.56057821968243393 5 4715 13 8181 7 9545 12 4437 1 9759 8 1881
2515 -0.90123150133797825 -0.12324090629763727 4.5401566972167045 81 72 63 0.9408753937589639 11 6109 13 8184 7 2386 5 1628 1 7124 8 2165
2516 4.1006712398374718 -0.9715803229431127 3.313723161584067 129 115 106 0.95036615387706858 3 7564 11 8444 13 8190
2517 -0.90271556831005251 -0.062972681082451715 4.5295865257646604 126 105 88 0.78304921171837871 11 6160 13 8216 7 6889 1 2967
2518 -0.066709748044863543 -0.16980759459647643 4.5894759305717105 165 153 142 0.83396527057764758 11 6103 13 8232 7 6837 12 1715
2519 4.1494458648638286 -0.81239292669758523 3.5761760427521914 72 62 52 2.3159123305803559 5 8378 13 8250
2520 0.68155013424764688 -0.22821745610940108 4.914392886138276 44 33 27 0.25209476852215174 11 6053 13 8256 7 6799 8 2116
2521 3.8534805645683217 -0.67013579279454039 3.7419875620291538 129 106 88 1.1927947369094534 5 8416 13 8269 1 9837 8 5643
2522 -0.92048270834014378 0.11336065791331527 4.4921051828683893 137 111 84 0.37878566115418105 11 6268 13 8284 7 7017 12 1877 1 9937 8 2358
2523 0.43618972556792801 -0.062524744787504943 4.8180791896554238 151 137 128 0.88174987802831117 3 7853 13 8294 7 9788 12 4633 1 3008 8 2249 10 9824
2524 5.8031744817974031 -0.13432130294411343 8.2829193428543153 177 155 131 0.81447537711655704 5 9415 7 12771 12 6506 8 8103 2 10850
2525 2.1034769143068344 0.15131022989027526 5.476141997998428 69 55 46 1.4733509913433724 13 8380 12 1918 1 7295 8 2388 14 9677 7 9883 6 13292
2526 2.2240077093840207 0.13804402280876593 5.4527922126315893 71 54 44 0.83425590745985367 11 8797 13 8381 12 4721 1 9954 8 5834
2527 -0.90677400670955788 0.40921538884360709 4.3815397263540072 22 13 6 0.7301002831942679 11 2709 13 8387 7 7277 12 2142 1 3464 8 2634
2528 5.4611997986807568 0.010759945977145746 8.2362945504153871 49 38 32 0.867945621698334 5 8549 13 8391 12 6528 8 8123 1 9895
2529 2.3118972582432846 0.2093656246477551 5.4762098384588755 22 5 0 0.80604974867882473 11 8828 13 8406 3 6697 7 11624 12 4750 1 9983 8 5858 14 9695
2530 -0.35223105204219085 0.41221568905607708 4.3721033016225768 44 30 17 0.37711182000123761 11 2740 13 8420 1 3488
2531 -0.71967162879620028 0.46115559889372432 4.3605960073150909 102 85 69 0.80711611972832265 11 6546 13 8434 1 7538
2532 2.2843591074300145 0.28680981693612267 5.4842985454479809 70 53 43 1.4511182988220785 5 7248 13 8436 7 9936 12 4775 1 10003 14 9711 6 13672
2533 2.2573042319482823 0.29906895875985967 5.5047960660926947 85 69 56 1.1660812666903144 5 7254 13 8438 7 9939 12 1999 1 7363 8 5907 14 9714 6 13320
2534 -0.06624821658809435 0.42660771927340069 4.4539138726569654 26 17 10 0.38918311935912769 5 5306 13 8440 12 2169
2535 3.7938830470925136 -0.0037785011361194595 3.4583370767631876 148 132 116 1.3001092645852159 3 8733 13 8446 7 11647 8 2566
2536 -1.1228556052702061 0.55825422729345198 4.4221494539792827 114 101 84 1.6792521889707928 11 6610 13 8462 1 3630
2537 -0.89342130501668759 0.5429184016291575 4.3597642015394538 129 113 97 0.60691732976159207 11 2907 13 8466 7 3343
2538 -0.071866715713684831 0.48283009150271999 4.4272633737609928 44 32 20 0.60335432132000111 5 5362 13 8469 7 7373 8 2714
2539 -1.1077897839998969 0.56727368333226158 4.4195099602076464 129 116 100 1.0672112623431915 11 2926 13 8470 12 2278 8 2758
2540 -1.0668128032246205 0.59477508312452654 4.3917270797426964 113 97 81 0.3411799595106515 5 2544 13 8490 7 7442 12 2304
2541 6.2614978469059244 0.45228345912309215 8.2304772233980845 146 129 113 1.4327220587920049 5 9466 13 8491 1 11654
2542 0.33746790290378925 0.55296332782348456 4.6233832863409079 126 107 90 2.0655707222364463 11 9008 13 8503 7 7397 12 2257 1 7610 3 5126 8 2752 4 7096 10 8996
2543 -0.21991265713902819 0.59740128677658588 4.3757746991471738 48 35 19 0.74076884598249926 5 5463 13 8521 12 2314 1 7644 8 2808
2544 1.3034263873666339 0.54528246145833292 4.7908262321396897 135 114 85 1.3494845298520897 5 5388 13 8522 7 10071 12 4910 8 2736 14 9743
2545 2.7359226425084402 0.52760078470504901 5.3247422889427822 153 136 116 0.69140425873358002 5 7362 13 8525 7 7332 3 5029 12 4875 1 3536 11 2759
2546 2.1884959342414692 0.60451960558615081 5.5677052157018423 71 61 51 1.7283012778250852 5 8673 11 8970 13 8527 7 11722 12 4883 1 7558 8 6071 14 10181
2547 3.8849403778067395 0.21971500892534451 3.4473862579515013 130 115 96 1.5000273512625826 5 8655 13 8530 1 10114
2548 0.42834290993535551 0.65031245368089752 4.6424769210367547 114 95 78 1.5393851217236456 3 6916 13 8548 7 10128 12 2322 1 7651 8 6174 4 7115 10 9011
2549 1.1205057733651813 0.65535864463919646 4.8531253106389514 172 156 131 1.143087697134977 11 6649 13 8552 12 4947 1 7641
2550 3.7494512365399024 0.32143701760226401 3.5859690231199779 144 134 124 2.0024953027604102 3 7967 13 8561 7 10090
2551 2.5830870121723817 0.66225024933249343 5.4310385883726546 53 37 24 0.81693428517400635 5 7414 13 8564 7 10084 1 10126 14 10196
2552 2.3531896681555899 0.70413731787912681 5.5217558811060821 98 85 71 0.67809386906839753 5 8692 13 8569 7 11752 1 10131 8 6139
2553 -0.80552296805896284 0.70495105522213319 4.2774937444374652 127 106 85 0.6464537621482388 11 3096 13 8573 7 3576
2555 1.1369514712683899 0.75244280017267828 4.8517209143199915 35 25 15 0.91776606143524342 5 5531 11 6705 13 8591 12 4996 8 6209 14 10198
2556 2.3587747168125701 0.81122205981528928 5.4921906960321643 90 74 59 1.654758922326407 11 6672 13 8592 8 6186 14 9825 6 13710
2557 1.1098618621094936 0.77204582848244829 4.8583990188696156 105 86 71 0.62196045724471849 11 6714 13 8594 5 7481 12 2374 1 7722 8 2892
2558 1.4386890072640961 0.74148710147578767 4.6956238914526152 174 144 113 1.3099149966514418 5 9547 13 8597 11 10597 12 5004 1 7723 8 6216
2559 2.2786588088101034 0.84078928375028195 5.5285727681124373 115 100 93 1.1147716332414253 5 7464 11 9065 13 8599 7 10148 12 4985 1 7691 8 6196 14 9829 6 13390
2560 -1.0928793943179973 0.80525204639035541 4.4254897313144568 145 128 111 1.1126672414944365 11 3207 13 8600 7 7616 8 2970
2561 -0.66936863494707111 0.788342634237021 4.3340640339853582 125 107 87 1.3105169376222827 3 5296 11 3213 13 8611 12 2460
2563 -0.66059313036995093 0.8110506006945043 4.3381568475804171 109 91 71 1.4443975218931169 5 2766 13 8625 1 3956 3 5311 4 2808
2564 -0.66117284902320861 0.80943467157508786 4.3320518337884915 109 91 71 0.75732039926451267 3 5312 11 6826 13 8626
2565 2.5282765544878205 0.90609663292582387 5.3904165152102737 25 17 11 1.0508670924047308 11 9113 13 8635 7 11805 12 5023 14 10213
2566 5.3225246854042991 1.2256596349827014 7.5174247480323038 134 113 92 1.0775812239719973 5 8737 13 8643 1 11784 8 8381 2 10908
2567 2.4230327501824767 0.95234233673333579 5.4366121580664117 44 31 22 1.4004929149782999 5 8762 13 8646 11 9136 7 11820 12 5046 1 10218 14 10217 6 13419
2568 -0.19202395311231379 0.87586697648129386 4.3626888352121274 148 127 108 1.007114040796107 5 5687 13 8660 12 2530 1 7843 8 3045
2569 -0.26517174592653608 0.8794492699099431 4.341228034249939 96 75 58 1.1356808197019008 11 6880 13 8664 1 7847 8 3059
2570 3.8990022291610305 0.56835248512979097 3.3025628683502553 152 143 134 2.1407518325447663 3 8056 13 8669 4 8941
2571 -0.051102905646494223 0.89556790356628801 4.3385700207421696 151 124 97 1.134506069561793 5 7564 13 8676 12 2546 8 3072
2572 0.48568120332583786 0.99009079566043334 4.5827748295240358 128 97 72 1.428753011912155 3 7062 13 8690 7 10284 12 2583 8 6347 1 10286 10 9084
2573 6.0184416710355313 1.570476717682211 7.8716231575207312 31 21 11 1.0602803939596681 7 11857 12 5083 8 6301 2 10656
2574 1.0842843087359069 1.0625911217168358 4.758834121620132 139 132 116 1.4618776086112031 11 6940 13 8701 1 7912 8 3139 14 10231
2575 2.5232262074834346 1.1688608654988073 5.3292138513999037 81 71 61 1.5627420370281659 5 8810 13 8702 11 9221 7 11900 12 5141 1 11861 14 10233
2576 1.2797695075824769 1.1174329421364624 4.5854242709006252 125 101 77 1.0173169728823757 5 7638 11 7006 13 8728 12 2657 1 7955 8 3233
2577 -0.86590414724589126 1.0325796691313576 4.2295697958139646 118 105 88 1.2708081514642784 3 2861 13 8730 1 4229
2578 1.2793014262363194 1.1486356937572302 4.5785194259124422 139 119 95 1.2598232361863624 5 7657 11 7033 13 8740 7 10367 12 2678 1 7980 8 3268
2579 2.2932156946673654 1.3436740562828049 5.3759099743918473 74 64 54 1.8389438378491287 11 9288 13 8742 5 5830 7 10365 12 5202 1 10342 8 6425 6 13787
2580 -0.81985749846775657 -1.1072404359009234 4.7618935422587185 84 85 89 1.26253676960947 11 8195 13 8915 1 9412 12 4039 8 5151 7 9159
2581 12.585878522330063 -6.883601948180484 15.316707722253319 192 206 219 0.93009304659145686 11 12268 13 8953 7 13331 1 13206 8 10356 15 1422
2582 12.895119299504277 -6.6576241961063136 14.808166714554174 133 136 147 1.813218351948463 11 12270 7 13335 12 7308 1 12317 8 10359 6 12640 15 964
2583 1.7223908398626571 -1.6909756113828467 5.8707454163973125 148 141 133 1.5946379355103411 5 9251 13 8959 12 7442
2584 0.24002774445534358 -1.0149277398134964 4.9681770299886523 46 41 47 0.7998033230208087 11 8285 13 8968 7 9262 8 5227
2585 12.965596448284844 -6.0561729221093019 14.579158623789869 194 207 217 2.0261757993228073 11 11251 13 8976 7 12415 12 7328 1 12335 8 9204 6 12659 2 10026 15 108
2586 1.8258007909558231 -1.5342165977168918 5.9216316250565288 167 155 141 0.87406055796056858 11 11364 13 8979 7 12551 12 7473 1 12482 8 9367
2587 11.952845557498279 -5.2632428808444027 14.377962975134047 139 140 144 0.9589308232582936 5 9950 2 10031
2588 11.559073902494852 -4.7611054263254253 14.154140271052848 139 137 138 1.943835955832093 11 11279 13 9014 7 13363 12 7368 1 12373 8 9236 2 10512
2589 12.318944320323155 -4.6748625304351155 13.145241923236149 74 77 86 1.0671555995951103 11 12290 13 9020 7 13364 12 7376 1 12382 2 10518
2590 13.212357749061528 -4.9117043804825835 13.398049813688344 161 160 165 1.3702186494626372 11 12287 13 9021 12 8341 1 13255
2591 -1.0736611986442337 -0.36737940653447021 4.6416739349072929 55 58 44 0.95528074445696254 5 4717 13 9026 7 6624
2592 12.337692187234017 -4.4652318999643406 13.158544409487821 68 71 78 1.1315753541306304 11 12298 13 9034 12 7393 1 12401 8 10407 6 12687
2593 -0.40542767081174336 -0.44188133456364104 4.5996869176022814 25 21 12 0.41063129947390625 11 5822 13 9049 12 4404 1 6946 8 1872
2594 4.0845699481383644 -1.2676203411099962 3.4951110876290965 74 61 53 0.65090740399631197 3 9194 13 9056 7 12610
2595 -1.1955221903786062 -0.20580383438881544 4.630920362435428 150 138 123 0.69741193462281958 11 8608 13 9068 12 4522 1 7053 8 2041
2596 -1.0234492651621618 -0.2163140252283175 4.5840084056268076 149 136 127 0.3452456419847354 3 4593 13 9072 7 9642 1 7059 8 2051
2597 4.1137010921124642 -1.1305963979028781 3.4224756491017798 128 126 119 1.1770155939858273 3 9202 11 10189 13 9083 7 12632
2598 -0.91883051975037311 -0.19993823308721714 4.5685314068956568 37 28 21 0.69781027367927628 5 4869 13 9087 7 9664
2599 -0.91900652206398514 -0.19932771193021181 4.5570096003296436 37 28 21 0.97533664143553023 5 4870 13 9088 7 9665 8 5678
2600 -0.73685664782291771 -0.22465382038108223 4.5373175371850598 146 134 125 0.80182395320302113 5 7034 13 9090 7 9648 1 7070 8 2067 4 4774
2601 3.9933066990830395 -1.089845784549224 3.5850960064614212 99 95 86 0.11077738591113533 3 8539 13 9091
2602 -1.221108365294703 -0.10128856260514897 4.6290510811797159 168 149 132 0.55025800087379995 11 8682 13 9102 7 9730 12 4589 1 7115 8 5714
2603 -0.85318203730861386 -0.15997533775840067 4.5364980557090826 178 168 156 1.0814961340135318 11 6084 13 9106 7 9697 1 7102
2604 1.0713686165875176 -0.54136507475469386 5.167334931756856 141 122 92 0.55672617367888944 11 8494 13 9112 7 9507
2605 3.9686158946154619 -0.97243448557619394 3.6346393795145202 146 119 100 1.659861957986845 5 9309 13 9118 7 12652 8 7992
2606 11.56838931302052 -2.5171021072020534 13.885738987409185 160 149 138 1.4453043808739725 5 10012 13 9138 7 13447 12 8416 1 13363 8 10496 2 10540
2607 1.2962757756047627 -0.2620332457668183 5.0014892817245089 165 147 125 0.66971919535114743 11 8621 13 9167 1 9867
2608 1.2962757756047627 -0.2620332457668183 5.0014892817245089 165 147 125 0.66971919535114743 11 8622 13 9168 1 9866
2609 -0.095182799333667634 0.06115626699341109 4.5509599468947624 167 155 141 0.31323133478065995 11 8778 13 9184 7 9855 12 4680 8 2342
2610 -0.10324504351135824 0.19739632106344485 4.5103453083644123 158 137 118 0.24931441106305796 11 8841 13 9206 7 9916
2611 -0.54964580368679239 0.41098410973797245 4.3686941375510173 42 32 22 0.31667039286795673 5 5293 13 9233 12 2154 1 7491
2612 -1.0890301928960933 0.49263565041004737 4.4301721836468122 121 106 87 0.45962132867502009 11 8987 13 9242 8 6084
2613 5.8005035155326148 0.28839987575293846 8.0644943667067661 163 148 129 1.5333000871037539 5 10156 13 9249 7 13638 12 8584 1 12736 8 11465
2614 -1.0224029385360625 0.54246607077632936 4.3949465430801178 81 64 46 0.53377280251916592 5 7408 13 9251 7 10076 12 4922 1 7607
2615 0.58176516221774977 0.45073981710458583 4.7039423023515683 50 36 24 1.0852123642566316 11 8959 13 9253 8 6052
2616 4.0706139779877084 -0.0041024109872151715 3.1657364027769028 122 106 90 0.65783274697959482 3 8736 13 9256
2617 0.16168096378756724 0.48966705987479048 4.5612140345371666 137 120 108 0.65217081027873514 5 8671 11 8979 13 9259 8 2705
2618 -1.0627865173860016 0.57411206284947014 4.3889020379494195 88 74 61 0.38565992450968928 5 7427 13 9262 8 6145
2619 -1.0247102638396632 0.60618546773557014 4.3752582432764431 81 69 55 0.95508978424198132 5 7442 13 9272 7 10117 12 4954 8 6164
2620 -0.17944662102803843 0.58772074566749499 4.3732856735858494 67 51 35 1.3576219558688891 5 7437 13 9282 8 2803 1 7640
2621 6.1956897472368935 0.66764770029430653 8.1765432575703052 58 46 34 1.5266672594226014 5 9493 13 9291 7 12869 12 7787 1 11684 2 11111
2622 2.3227508016119911 0.60226903973480395 5.531461147776068 85 71 60 1.1449042332804749 11 8975 13 9296 12 4893 1 10094 8 6080 14 10184 6 13690
2623 -0.0050915134729723754 0.64528005200344896 4.4164058577879413 87 68 47 0.62077246177392909 5 7462 13 9307 12 4978 8 6189
2624 0.37043024275913572 0.67152951235270131 4.6084187957670517 151 138 122 1.4784469122511077 3 8010 13 9314 7 11773 11 10578 10 9564
2625 -0.3536044758638674 0.70153202731003172 4.3544474724549032 160 140 116 0.82873854795984569 11 9102 13 9321 12 5013 1 10204
2626 1.0653114379214994 0.70883371316999899 4.8577084758761986 168 147 118 1.0941014215487548 5 8715 11 9055 13 9322 1 10181 8 6188 14 10406
2627 2.5797721940275884 0.76456414807794093 5.3893086385948532 86 68 54 1.0545347470667641 3 8831 13 9326 1 11765 6 13971
2628 1.3731826283822435 0.71837282221644161 4.6538792608786501 34 25 16 1.1494122901767247 5 8729 11 10591 13 9329 12 6710 1 10197 8 8386
2629 2.4363253569109635 0.86220731037164489 5.4293710388669432 85 67 55 0.70975261641928855 5 8735 11 10592 13 9340 7 12949 12 6721 1 11792 14 10415 6 13975
2631 2.7550238523049932 0.89267632529476915 5.260848388457279 132 116 97 1.7145708837954161 11 10616 13 9353 3 8862 7 11818 1 11814 14 10417 6 13980
2632 2.3108380040160155 1.0266059821692326 5.4474673283779831 125 99 76 1.2239590962834592 5 9583 11 10644 13 9367 7 12983 12 6766 1 11827 14 10421 6 13988
2633 -0.94824377574373309 0.898496890432263 4.2856938045253541 153 135 113 0.4842509401139039 5 7579 13 9371 7 10272 12 5130
2634 2.4334155610950972 1.0669313194208048 5.3815629429488112 123 95 73 1.49368787501395 5 8780 11 10656 13 9376 7 11860 3 8102 12 5091 1 10257 14 10222 6 13990
2635 0.54683721055256951 0.97131498587004683 4.6189331283405286 164 146 122 0.91359827204766741 3 8120 5 8796 13 9378 12 5128 8 6332
2636 1.195939705614391 1.0048592769280453 4.73799142683837 172 149 119 0.98090719921231162 5 8797 13 9383 7 11885 12 6796 8 8482 11 10671
2637 1.195939705614391 1.0048592769280453 4.73799142683837 172 149 119 0.98090719921231173 5 8798 11 10672 13 9384 7 11886 12 6797 8 8483
2638 0.28090098834519917 0.97597502708541362 4.4986890075797481 146 134 120 1.7656700920181456 3 8131 13 9386 12 5140 10 9601
2639 -0.94746204925734934 0.94740570932886681 4.2765178731926845 124 106 82 1.0440248673648371 5 5773 13 9388 7 7775 12 2610 1 7911 8 3128
2640 0.54246964871360359 1.0216606856197386 4.6041240416479052 166 146 122 1.1336373518383094 3 8137 5 8817 13 9393 7 11906 1 10294 8 6355 4 8310 10 9603
2641 -0.72559955837258139 1.0187701848006676 4.2638981411310839 143 126 106 0.74337659430297964 5 7636 11 7013 13 9412
2642 -0.39793432525063954 1.034167631689453 4.2770507053334903 151 135 120 0.38123850788282154 11 7021 13 9416 1 7960
2643 -0.43598324420902373 1.0477663285067234 4.2578850819751146 86 60 46 1.075073526720113 5 7654 13 9423 12 2682 1 7973
2644 -0.76234646564908604 1.0902807862911561 4.2163915414879476 155 140 121 0.58303660248460998 11 7076 13 9447 1 8023
2645 -1.0072723681614968 1.1164389008967213 4.2086521956847633 175 158 140 1.582139078490955 5 7709 11 3707 13 9460
2646 -0.19434604749769008 1.2759290170397237 4.2665436427428531 127 108 92 0.69393069034175081 5 7776 13 9492 8 3498
2647 -0.98883002630247252 1.245229259692413 4.2177953378978605 82 70 58 2.1962808786014381 5 6007 13 9498 7 8078
2648 -0.98883002630247252 1.245229259692413 4.2177953378978605 82 70 58 2.1962808786014381 5 6008 13 9499 7 8079
2649 -0.24267503854477579 -1.8601750866581921 6.6572304104464184 60 61 66 1.1001735851762702 11 9978 13 9559 7 11114 12 6062 1 11134 8 7571
2650 -0.90561561733056561 -1.0630626377506964 4.789509789323386 55 58 67 1.029591568675821 11 10096 13 9561 1 11288 8 7783
2651 -0.55125137801528168 -1.0722638230443136 4.762413350537976 53 54 56 0.87082834764664885 5 8293 13 9567 7 11238
2652 -0.47037436395002663 -1.0693008364238519 4.7644329131493812 50 51 55 1.7217231950424743 11 10103 13 9573 7 11240 12 6205
2653 12.800224674827383 -6.3900093335614354 14.835521290911089 98 102 114 1.3578032051281606 11 13412 13 9589 7 14401 12 8950 8 11799 15 1719
2654 11.519926675537638 -4.2743416456402716 13.718516800261723 104 107 114 1.308375404684474 11 12302 13 9628 12 8352 1 13270 8 11238 6 13258 2 10823
2655 3.8003650256809967 -1.2056339028281216 3.9348516730618344 146 143 138 1.521269323042179 5 10003 13 9638 7 13466 12 7538
2656 -0.69087490909825866 -0.28983447519426392 4.5422926476727969 45 40 36 0.64482143221104815 5 8476 13 9641 7 11475
2657 -0.93479453845241189 -0.17420675102935435 4.5769883867057075 143 128 108 0.41552987423645504 11 8631 13 9652 7 9676
2658 1.2397931938786502 -0.59247297187458392 5.1361657925834958 59 49 39 1.3444688013672419 11 12451 13 9660 7 13535 12 7586
2659 3.796551603445312 -0.957762674755259 3.865935304435983 132 129 122 1.3905400371730898 5 10027 13 9663 7 13501 8 10616
2660 4.2316348879102632 -0.72131413125218868 3.1690181384628389 127 105 82 0.35316540823866632 11 11536 13 9692
2661 -0.63934151154157604 0.48070207341414845 4.3595506258827763 125 108 90 0.49473335768339127 3 8814 5 7379 13 9764
2662 0.67813065883152479 0.45454197535173363 4.7490497102817484 48 35 26 1.0012633999616516 11 10512 13 9770 12 7803 1 11706
2663 -0.12281592236167033 0.60616500119476158 4.3998317479880624 141 120 103 0.59928981386191726 5 9534 13 9806 12 6691 8 8345
2664 -0.047131257576628449 0.73385050190426426 4.3751943263372448 156 134 113 1.2847729905392833 5 9561 13 9834 12 6739 8 6235
2665 1.1002583410271396 0.81744094808647738 4.8184645071758272 172 146 111 0.60503730361879104 5 8753 11 10614 13 9848 1 11811 8 8403 12 6740
2666 0.57727437169014495 0.8326992302983709 4.6614937032416144 137 116 95 1.9350570527386191 3 8871 13 9851 12 6759 8 8423 4 8250 10 9892
2668 0.56631315163993445 0.87877838033816003 4.647665257058776 171 152 135 1.9007563127236984 3 9399 13 9865 12 6772 1 10246 8 8443 4 9437 10 9895
2669 0.44374197046685027 0.88405511655750912 4.5917283006428224 165 155 143 0.95776629029879445 5 9591 13 9866 7 12988 3 9402 12 6776 1 10249 8 8449 4 9442 10 9897
2670 1.4118617230438257 0.87086185549618778 4.6276658269268527 171 138 103 0.84329794449661755 11 11779 13 9868 5 10259 12 7902 1 11832 8 8442
2671 0.059723056156960941 0.92037574993433025 4.412887930119374 145 120 98 0.81725722516881805 5 9607 13 9875 8 6330
2672 0.67274222665878303 0.9848144783798648 4.6510373184093927 122 101 82 0.69559600571587943 11 10670 13 9878 12 6798 1 11854 8 8481 8 9873
2673 1.3246689025152669 0.9868381442975146 4.6467596149733055 71 64 56 1.6156447272960388 5 9615 11 10673 13 9882 12 6799 1 11855 8 8484 14 10426
2674 -0.13412362739461858 0.95257011264456837 4.3141265653911685 151 128 110 1.5802329128264876 5 9635 13 9890 12 6817
2675 -0.13412362739461858 0.95257011264456837 4.3141265653911685 151 128 110 1.5802329128264876 5 9634 13 9891 12 6816
2676 -0.877385895110259 0.96188855931441186 4.2295108068869558 122 98 70 0.86627145257498672 5 8830 13 9895 7 11913
2677 -0.13137949197199028 1.0061499373588136 4.3042957067953056 166 140 115 1.4731802511237915 5 9653 13 9905 12 6843 8 8525
2678 -0.13126739266902537 1.0563698672147019 4.2954528251312381 120 98 74 1.4191324578277935 5 8852 13 9919 12 6860 8 6414
2679 1.3256592162428227 1.1333511419234858 4.571359803748698 163 144 119 1.1767435152739594 11 11835 13 9921 12 7963 1 12927 8 9923
2680 1.3304402816892931 1.1363155242428467 4.5784852725119354 163 144 119 1.4461961968601571 5 9663 11 11836 13 9922 12 7964 1 12928 8 9924
2681 -0.16526408550690247 1.1166232338524265 4.2888691856739927 76 63 47 2.2597565336079604 5 7693 13 9929 12 6882 8 8584
2682 -0.98308578816484427 1.1498761777507296 4.2499244021096017 75 59 43 1.599289028830212 5 8895 13 9947 7 12007 12 8020
2683 -0.86753302985938507 1.2714313778744861 4.176145589201524 147 127 103 1.9475822871405406 3 8280 11 9469 13 9989
2684 -1.0853244655150629 -1.7951608519120454 10.185769741928485 107 88 82 1.4605636886131506 11 12329 13 10038
2685 12.251150300596136 -5.5362522703249555 14.630999059698274 153 154 159 1.8419876156521768 11 13416 7 14410 12 9350 1 14278 8 11801 2 11048
2686 -1.1994984971426108 -0.15027928743571342 4.6333636094566542 113 96 80 0.59926446734839423 3 7832 13 10085 12 7676 1 11547 8 8100
2687 11.475473824777307 -3.2716151636027901 14.653796006626443 87 83 82 1.5173702389363068 5 9993 1 14309 2 11062
2688 11.514769791164118 -3.1344858032663367 14.357668816365711 158 148 139 1.3414639247261999 5 10509 13 10095 12 9395 1 14312 8 11838 2 11068
2689 3.8356838655996834 -0.91346050263771517 3.8254546861428094 124 107 91 1.9743047417243964 5 10540 13 10100 1 13441
2690 -0.12373385222447636 -0.22695562132765434 4.5929601437517631 87 77 68 0.71025508080346389 5 10097 13 10101 7 13595
2691 3.9290163243020637 -0.8232943377008991 3.562689101164088 143 131 119 1.7219297729252734 5 10545 13 10112 8 10647 1 12638
2692 0.25215178108950642 -0.108835978240514 4.7414159351328014 85 69 54 0.99768509427579455 11 12512 13 10120 12 7694
2693 2.6654077252314972 -0.3480534599520303 5.6653668239101309 142 126 107 1.6293911884493268 5 10597 13 10126 7 14144 1 13472 8 10673
2695 5.5404623283815253 -0.10297062013908648 8.2337734410102428 152 123 96 0.73046422546746015 5 10612 13 10150 12 9105
2696 -0.37667568637183046 0.33190288919217886 4.4234558776396424 159 142 122 2.1234082597408501 11 11691 13 10151 12 7784 1 12768 8 10780
2697 -0.22833095870056047 0.38306266257913846 4.3760470445950297 92 67 45 0.986022900240768 11 11700 13 10160 12 7794
2698 -0.17318057243317111 0.46140510755982073 4.4170806770271218 130 111 96 0.60839357781280679 5 9506 13 10175 12 7813 8 8310 4 8907
2699 3.7321341727028954 0.05675869470103298 3.6476404336295984 68 54 43 1.21641230106934 13 10176 7 14200 8 10785
2700 3.8135885220533967 0.044507075181110869 3.4993005913636579 68 54 41 0.78574121958476173 13 10179 7 13665 8 9730
2701 -0.77440177000589205 0.56484069928361025 4.3469230535887773 81 64 48 0.45658495155016271 11 10556 13 10181 8 8339
2702 0.35417931236453326 0.52798857559384138 4.6340169093965304 116 99 83 1.6685913409088824 3 9371 13 10187 7 12905 12 7820 1 11719 4 9405 10 9863
2703 3.8149515899513085 0.35885491735181979 3.471185744001084 133 121 107 0.80884415730352943 3 9765 13 10220 1 12815 8 9792
2704 1.1000273763731676 0.73434069675152813 4.8384199566766961 31 22 13 0.87623546153085485 5 10228 11 12614 13 10226 12 8669 1 13595 8 10835
2705 1.3009856307701106 0.73676108035299914 4.7158398213102153 71 53 34 0.79674571369918568 5 9544 11 11750 13 10230 12 8672 8 10842
2706 -0.20959868834685136 0.78692618005668258 4.3847144159870162 135 114 95 0.77687239385001994 5 9579 13 10236 12 7884 1 12852 8 9843
2707 -0.51877924829404609 0.89881826428134071 4.3312357717668331 0 0 0 0.25653454504714623 5 9610 11 11793 13 10251
2708 0.45028501934732656 0.94793030658095945 4.5796888749324838 163 153 141 1.3900933313742223 3 9407 13 10255 7 13747 12 7926 1 12879 8 9862 4 9759 10 10105
2709 -0.16893905983158572 0.92477429558143187 4.3290479973675202 113 93 74 1.6681651163386575 5 9621 13 10258 12 8728 8 9881
2710 -0.80468768643033628 0.92221409208254235 4.2546098475855052 98 77 50 1.5367890000042594 5 9625 13 10259 1 11865 8 8496
2711 1.381553412795697 1.1351356264258807 4.5724751843700782 129 104 81 1.1315276871958242 5 10301 11 11837 13 10281 12 7965 8 9925
2712 -0.20694759881940489 1.1886106635296851 4.2893644870208458 185 163 142 0.90929545811016821 5 9708 13 10305 8 9969
2713 -0.8087024178015586 1.2921309435221271 4.1334112791204962 83 78 72 0.94006372797313276 11 11926 13 10345 1 12013
2714 2.0792690261326197 -1.669333437186409 6.0328413693094127 147 134 125 0.80496941172487302 3 9929 11 13440 13 10373 7 14440 12 8989
2715 0.56666113996445078 -0.97990117208610938 5.0899877729036138 40 36 33 1.3262419048980378 5 10796 13 10377 7 14475
2716 2.6957501539771598 -1.1490552588675327 6.045413298842667 146 141 135 1.019554601648756 5 10799 13 10390 12 9031 11 13073 1 13953 8 11343
2717 -0.55689093318013883 -0.24561981202007593 4.5317139049587238 109 97 85 0.8811315122418143 3 9309 13 10394 4 9341
2719 11.547947810495488 -2.2829846306457227 14.454684084961572 65 58 56 1.8029725923433393 5 10804 13 10418 7 14473 12 9424 1 14586 8 11859
2720 -0.071153028514771705 0.57747651926719434 4.4178838717832543 83 69 56 0.99528956236636601 5 10212 13 10461 12 8651 8 10818
2721 -0.3837729419256769 0.69648583079131732 4.3869568136924268 50 50 48 0.94735671130435228 5 10236 13 10472 12 8673 11 13221 1 12829 8 10840
2722 -0.22119041291790559 0.69943149872517696 4.4042993871059872 113 95 75 0.69667304035437283 5 10237 13 10473 12 8674 8 10841
2723 -0.10094359666054173 0.69754328262762078 4.3642820987758384 84 68 52 0.90301625577191413 5 10664 13 10475 12 8676 8 10845
2724 1.2012848688753661 0.73838055389146784 4.8028769893738463 41 31 23 0.8512863611069672 11 12616 13 10479 12 8671 8 10837
2725 -0.37759978609238903 0.77068603752876852 4.3916646866066342 41 40 36 0.58671909517155174 5 10250 11 11764 13 10481
2726 -0.55538277097374089 0.77399474474472252 4.3304731135121628 150 125 103 0.89367756132632092 11 11771 13 10482 12 8689 1 12850
2727 -0.99207986964730355 0.82375754959367486 4.3346577144592562 62 53 39 1.3176597010487334 11 12638 13 10487 7 13734 1 12862 12 7904 8 9851
2728 -0.16475588603036043 0.82078036434349366 4.3602072358941424 51 37 24 1.0252460566323123 5 10260 13 10489 12 8698 8 10864
2729 -0.11263092641364833 0.81561028941434677 4.3343959061681545 56 43 27 1.2905265732811886 5 10670 13 10490 12 8699 8 10865
2730 -0.95802103252587256 0.89841854022149858 4.2992088175320911 133 115 91 0.72215036164634161 5 9614 13 10499 7 13752 12 8725 8 9870
2731 -0.081319526097060779 0.9465253654001774 4.3193815681052827 109 88 71 1.6719945687690718 5 10679 13 10509 12 8734 8 10892
2732 2.4197182039342793 0.91323099920164652 5.4410721541198752 35 28 19 0.85633183477357555 5 9556 13 9853 11 10605 13 9350 7 12960 12 7871 1 11805 14 10416 6 13978
2733 -0.76921966808800146 -1.8928946963739721 9.6340841600491007 89 76 70 1.9124687176809938 11 554 13 3736
2734 12.679824061540558 -5.4327397317490922 14.645483444836731 67 73 85 1.5147320654461076 11 7941 13 3987 12 3744 1 6002 8 4677
2735 12.760935312902504 -7.7107890935938244 15.237606431339401 170 186 202 0.8976341247477384 11 10 7 42
2736 -0.12035158488254663 -4.0765327206110182 10.03226290562489 116 119 128 0.76940760624540461 3 13 7 66 1 281
2738 0.20462345812412841 -4.0445537485153098 9.9566780170537541 127 130 139 0.87595051253014511 3 14 7 90 1 337
2739 0.36405073174178149 -4.0690621816919563 9.9958340454520194 118 120 132 1.099369583603431 3 10 11 42 7 91 1 345
2740 -0.35234464797132098 -3.8969990905821503 10.130127699219852 128 131 138 1.2776799823340457 11 49 7 125 1 358
2741 -0.32661277947843004 -3.878584558670259 10.082811994991548 83 84 90 1.5031932147860971 11 51 7 128 8 118
2742 -0.37872570388234916 -3.8685471681080457 10.108098932107451 127 130 139 1.0226632308656265 11 54 7 133 1 363
2743 0.66524767664627593 -3.9708545970126479 10.091578777174545 133 133 141 1.1420148016818441 3 25 11 64 7 150
2744 1.0052335892210489 -3.9778242553858925 10.210771326466958 130 130 138 1.6995085476013985 3 35 7 167 4 29
2745 -0.27389217333779514 -3.6925369689779677 10.106324935228903 140 141 146 0.74856931322891018 11 75 7 192 1 450
2746 0.79619820094802696 -3.638474990206245 10.072906801881233 132 128 129 1.5354922369288719 5 42 7 261 4 94
2747 0.79619820094802696 -3.638474990206245 10.072906801881233 132 128 129 1.5354922369288719 5 43 7 262 4 95
2748 0.40536872699124171 -3.4774225639991325 9.9573091569651275 72 73 77 0.73909362774338361 5 74 7 296 8 235
2749 0.40576754407279469 -3.4791713455950095 9.959278049168141 72 73 77 0.8580194792991328 5 75 7 297 1 625 8 236
2750 0.36956613273956151 -3.4663334107041375 9.9423154689780056 149 148 153 0.50930224684463277 3 124 7 299 1 628
2751 12.572169424297394 -6.0853947076198995 14.650901915944214 129 132 141 1.547327175822643 11 145 7 315 1 826
2752 1.0289570319140036 -3.5528720799569071 10.17327165021822 63 66 73 1.0006716210672355 11 141 7 318 1 678
2753 0.11487571462288937 -3.2744144558260149 9.6934060623516665 140 141 145 0.72490305566268143 11 155 7 335 1 684 8 266
2754 0.15393212527424455 -3.2787656083858017 9.6960022269387558 148 149 153 0.78790172385832646 3 151 11 159 7 336
2755 0.92017441767161368 -3.4497897445584687 10.068105700504525 121 119 122 1.5059761913550842 5 113 7 341 4 147
2756 0.13066009365557102 -3.2403348065611146 9.6438092604071208 44 45 50 0.68004402059465519 3 160 11 169 7 345 1 700 8 277
2757 -0.06352276417570954 -3.2562283964970198 9.8894850720297871 137 140 145 0.63132507396224569 11 168 7 349 1 689
2758 0.17463010424512326 -3.2323128476468943 9.6489162871000005 46 47 52 0.62819163294152236 3 163 11 172 7 351 1 707
2759 0.012330122499197127 -3.222281673799626 9.8333958004723989 83 85 90 0.66063935315358668 11 181 7 358 1 711
2760 -0.81324003407536039 -3.1293018027131527 10.024144443616844 123 129 141 0.53686070487134807 11 175 7 366 1 5775 8 262
2761 0.016132400253453805 -3.1874371116820823 9.8334154370880196 136 141 147 0.6605659163812071 11 194 7 373 1 726
2762 12.1835562226089 -5.7331513137702634 14.567742230475261 111 111 119 1.7927418482324446 5 140 7 379 6 979 2 299
2763 0.11776871599627775 -3.0721157222903419 9.6197641114517172 102 97 94 0.70762219522925118 11 208 7 402 1 763
2764 -0.7994947601025002 -2.979453918992002 9.9916650094150885 111 114 120 0.82168769864061342 11 210 7 416 1 743 8 306
2765 -0.89355094977655869 -3.0345190540541198 10.476021554465611 144 154 166 1.7306227450723852 7 424 1 8953 11 216
2766 -0.93137929112632378 -3.0176853935076551 10.605754378907045 138 150 162 1.3215069224757663 11 228 7 436 1 5843 8 4637
2767 11.570123608445133 -4.7214562396902515 13.815500139215493 130 128 131 1.0986927117301188 11 303 7 522 2 4128
2768 11.907122274508259 -4.6807691641682796 13.558807807579093 123 124 128 0.89916871238130502 11 310 7 541 1 1178 2 4138
2769 0.12558605892434765 -2.1522194674097674 6.8122230394100889 64 68 75 1.4753034504802833 5 248 11 4978 7 560
2770 13.39874078605364 -4.652535359960698 13.218528271871417 71 72 90 1.6958150426660381 11 345 7 572 1 1262 6 5833 2 6513
2771 13.39874078605364 -4.652535359960698 13.218528271871417 71 72 90 1.6958150426660381 11 346 7 573 1 1263 6 5834 2 6514
2772 11.476379953005342 -4.50289364602496 14.31886795507357 50 49 54 1.2354076392048241 13 757 7 603 1 1237 2 6491
2773 0.6795451894249821 -1.843807087188325 5.3948464287729516 137 134 135 0.98750187539940903 13 3565 7 683 12 579
2774 12.652549083875773 -4.183199347622951 13.096422383600036 144 136 134 1.2691867617292396 11 436 7 685 2 532
2775 12.578879741476424 -4.1415770963065217 13.070288061129276 48 38 37 1.5115246858049414 11 440 7 694 2 539
2776 11.397308143389687 -4.2127335226490725 14.697476826553906 104 107 116 1.7000341998065365 5 381 7 697 2 4193
2777 -0.84464258163414607 -1.9444040034988082 9.577141525208301 153 149 150 1.5963830950956703 11 5071 13 3719 7 810
2778 0.83527549377580568 -1.6747485482925963 5.3751456677004059 128 119 114 0.41864997691601252 3 301 7 816 4 326
2779 -0.47394491839972408 -1.9199610287664359 9.5932292305908913 81 75 77 0.53655981238786965 11 555 7 849 1 1338
2780 -0.47394491839972408 -1.9199610287664359 9.5932292305908913 81 75 77 0.53655981238786965 11 556 7 850 1 1339
2781 -0.4337424956966488 -1.9216809084151403 9.5564594387220261 73 64 65 1.2567488931502215 11 560 7 851 1 1342
2782 -0.27394277709993892 -1.9063907497229087 9.5153095475977043 160 155 151 0.71773184420108516 11 571 7 868 1 1358 8 711
2783 -0.21195878121302827 -1.909576508290757 9.481460804241042 166 158 155 0.74956541102937846 11 572 7 869 1 1363
2784 1.253536746675719 -1.6669929310309277 5.5644039747744642 93 84 75 1.0620424179342862 11 655 7 875 12 760
2785 11.440151476934725 -3.4924925938713405 14.552708011685066 59 58 63 1.2244391677120687 5 554 7 903 2 6585
2786 -0.32093849582449202 -1.7942835423277823 9.5175519264679895 163 153 151 1.3015686014981174 11 629 7 908 12 677 1 1412 8 764
2787 0.94774775353047913 -1.5527085556034999 5.3898597362908056 108 95 87 0.46774266462479758 3 349 7 910 4 393
2788 -0.60050087585568046 -1.7626580804011132 9.6612807354837145 161 155 155 1.5255188359215239 11 638 7 919 12 676 8 763
2789 -0.54527619721150788 -1.7637979985020364 9.6233201011008873 154 149 147 1.0918230597476672 11 639 7 920 8 770
2790 0.53351867511603812 -1.5163915890188326 5.9490568176772882 113 99 88 0.46938450920513047 11 720 7 952 12 817
2791 -0.52410049016230742 -1.6814389107178642 9.6075618549380835 164 158 158 1.5835918197808647 11 688 7 972 12 733 8 814
2792 -0.046058284582266074 -1.473026292965171 6.5384137910681348 140 131 124 0.43120477823909503 5 529 7 977 1 1636
2793 -1.8473936199284169 -0.92831410470429743 5.0551372726461299 113 112 117 1.8815901995847284 5 687 7 1222 1 1906
2794 -0.80446410617320674 -0.99344666279338023 4.7618301947591268 109 99 90 1.318350603936014 5 665 13 3659 7 1242
2795 -1.7744270675556248 -0.91407374543545272 5.0143457942596257 154 148 150 1.2035667481617878 11 1011 7 1250 1 1944
2796 2.3508184885650794 -1.290165086502068 6.0245769513989407 65 55 46 1.8736508052376708 5 746 13 4141 7 1307 1 2089 14 7728 6 11628
2797 4.0342561309126355 -1.2233527090040393 3.5750202779125591 122 107 95 1.4837435022200076 3 3765 11 1218 7 1425
2798 2.1718305014629928 -1.095910194884302 6.043213244553459 70 59 53 0.73134588566745506 13 905 7 1462 14 6323
2799 0.38768907293018906 -0.92152516732666445 5.0157291224011278 127 110 100 0.99880297578718058 3 677 13 601 7 1468 4 873
2800 -0.41786804884934181 -0.87013480077731331 6.5191145800928059 91 81 72 0.89132016722181484 11 1189 7 1483 1 2150
2801 2.8427240789591766 -1.096693927663948 6.099949716882441 130 112 98 0.75495669611919014 3 632 7 1512 4 3946
2802 3.0908262203803893 -0.92307336402083362 6.1638752879882173 134 116 104 1.6652356245472855 3 4154 11 1415 7 1679 14 4344
2803 3.0868167973607266 -0.92550676151274291 6.1623095708528162 134 116 104 0.40841497369863311 3 4155 11 1416 7 1680
2804 2.535275841221365 -0.82313182635448967 6.0532484164511597 140 122 102 1.3895232535819169 5 4601 7 1737 14 6467
2805 3.2424051871996751 -0.86168197736670449 6.2264844624712081 120 102 90 1.9802549108885628 5 4606 7 1743 1 2470 8 1687 14 6510
2806 3.1881008639758988 -0.82789944655110315 6.2010033394673965 140 122 110 0.24004082561150467 5 1110 7 1770 1 2493
2807 1.7069138464472329 -0.72133639626962898 5.7687946184327386 114 104 94 0.51201988451693226 11 1502 7 1772 3 4247 4 4270
2808 2.2329575060410272 -0.66935045125513515 5.9753476765767619 139 126 117 0.37545802612750323 11 1577 7 1851
2809 1.9920973611533199 -0.62412004434855917 5.794510067039611 143 131 117 0.90523820562067137 11 5771 7 1877
2810 -1.7202079620996513 -0.38804495550460488 4.8549261713809155 45 38 35 1.4506224044683851 5 1223 7 1904 1 2525
2811 0.62310853311427383 -0.53222628684034146 5.0626302146818745 168 150 136 1.3393600149110441 5 1209 13 1063 7 1909
2812 -0.75159570883842086 -0.44026926292557822 4.5962534725938102 60 50 41 0.4887252754015316 11 1692 7 1942 1 2595
2813 -1.3904821942300383 -0.38790338089950765 4.7456148372643447 123 118 114 1.1359828760677468 5 1252 7 1950 1 2576
2814 -1.6002898360030962 -0.34652911449974938 4.8054635052369417 137 134 129 1.2051548314852001 5 1292 7 1987 1 2604
2815 1.3479927070207864 -0.51570904282934349 5.048372786026559 156 136 112 0.648451398609587 11 1734 13 1228 7 2006
2816 -0.93257788086790105 -0.36679380380903487 4.6162506113974588 38 41 26 1.6253562162864417 5 1308 11 1785 7 2034 1 2658
2817 -0.092394667215984161 -0.41068705217546159 4.65865890868852 154 137 126 0.44091899343748381 5 1309 13 4290 7 2044
2818 1.3256911972021488 -0.43209002289798476 5.0216475195621442 134 117 97 1.0349387723544619 13 4543 7 2110 1 2744
2819 2.7377370820060816 -0.48354271055493886 5.7169754514979125 64 55 54 0.7953768350608118 13 1471 7 2120 14 6550
2820 5.5174272342441668 -0.51667978518408642 8.6498726485902449 27 37 47 1.5239355728517816 7 2121 14 4736 13 1621
2821 2.4736843803922475 -0.4547698201194833 5.6115285540584816 67 54 46 1.1018600217183885 3 1119 13 1460 7 2133 14 7941
2822 5.4361784593067854 -0.49529277129226296 8.599378307793156 158 165 171 1.4035445875574386 5 1492 7 2138 2 8291
2823 1.9422088292060651 -0.41872435248793066 5.4156360786457514 30 20 8 0.73179187691152614 5 1442 13 4617 7 2152 14 7904
2824 5.4404299745459612 -0.45001697274703356 8.5940773595657571 163 170 176 1.7142217919973435 3 1215 5 1519 7 2172 14 4753
2825 1.7717136668386604 -0.39744449583764768 5.3292631717529773 28 19 9 0.57765674248646615 5 1458 13 4612 7 2175
2826 2.7332837031358106 -0.40465154264151426 5.6390435333479756 34 33 31 0.52612933520671978 5 1484 13 4684 7 2205 1 2803
2827 0.40911147897045641 -0.30842087143778069 4.8647900280197565 170 152 137 0.43680561688092928 11 1911 7 2211 4 4630
2828 0.45248129492078282 -0.28503574792504294 4.8889385918259904 24 14 7 0.45137838695172405 3 4515 7 2241 4 4649
2829 -1.1430735579715257 -0.20665466155395162 4.6081551887195911 132 116 108 0.94021879209801074 3 1455 7 2255 8 2050 13 9070
2830 0.67042011061067497 -0.2813317517547248 4.9845035978587156 172 153 136 0.20251525549764546 11 1953 13 4564 7 2256
2831 2.6989075957646813 -0.34732818867224741 5.7028469314789758 127 108 94 1.5330947190486839 5 1529 7 2260 14 6594
2832 5.3535099152715437 -0.30070798710268493 8.4538337443069214 178 184 193 1.4138597618883404 5 1611 7 2292 2 8332
2833 -0.85210650795979825 -0.19593730591677577 4.5253773140847109 174 157 147 0.280737352975513 3 1467 7 2304 1 2835
2834 -1.3641386399001214 -0.14644623568324477 4.6763543644775849 128 120 117 0.91238605923270377 3 1541 7 2317 12 1653 1 2832
2835 -0.7613275334634102 -0.17811072937353195 4.5353612856666103 169 155 146 0.78413348038884967 3 1488 5 4900 7 2332
2836 -1.9923200300641946 -0.085307982415222361 4.9219059979227087 46 38 35 1.5570387344213727 5 1607 7 2334 12 1650
2837 -0.71683967858539988 -0.16544485384439495 4.5257048391211132 139 130 122 0.44230728326124219 13 4442 7 2349 1 2874
2838 5.4429729574640033 -0.22436771079854317 8.2617675770846013 24 14 14 1.0744866896023564 13 4829 7 2360 1 2880 2 9398
2839 2.3571082582583167 -0.2177663019043799 5.5367415568827383 118 100 85 2.2938035561586241 3 4579 4 6688 9 11707
2840 5.2938103285232705 -0.16068258204149294 8.3781951042349974 31 17 13 2.1734129525819155 3 1470 7 2389 14 6798 2 9400
2841 5.5453125680394209 -0.18028279507675954 8.3051066241921419 66 47 40 1.3031907981007385 5 1682 7 2400 2 9410
2842 -1.8842473719683994 -0.028981790037367356 4.8208582694471387 20 6 0 1.5685992485396414 5 1678 7 2433 1 2901
2843 1.9501423728287013 -0.17930153901732604 5.3111833047777068 68 49 35 0.65372346831952166 5 1662 13 4730 7 2436
2844 2.4041478762541129 -0.1835722753691334 5.5379587164052317 172 154 135 0.89779370841115447 11 2115 7 2437 3 4618 14 8022 4 7947
2845 2.4041478762541129 -0.1835722753691334 5.5379587164052317 172 154 135 0.89779370841115447 11 2116 7 2438 3 4619 14 8023 4 7948
2846 0.81639145635720245 -0.097137394620336354 4.981647756078539 174 156 135 0.30080917590136425 7 2498 4 1783 3 1603
2847 -1.8790710094812604 0.081468214426297383 4.7905271704389154 37 21 9 1.6840811026860976 5 1814 7 2600 1 3013
2848 -1.8790710094812604 0.081468214426297383 4.7905271704389154 37 21 9 1.6840811026860976 5 1815 7 2601 1 3014
2849 1.3056404142434039 -0.047355828029644623 4.9104016946356834 160 142 124 1.1126985219291794 13 4757 7 2611 6 13215 14 8938
2850 0.79891249452664714 -0.01338521447379571 4.9613631381798262 130 109 88 2.1558992993486625 3 1693 5 1790 7 2614 14 8932 4 4858
2851 -0.11428969163603361 0.010613753299166112 4.5693080318343844 56 47 39 0.57841905758692813 13 4679 7 2632 12 1840 8 2304
2852 1.6656330631805312 0.040776459127183723 5.115014427992425 99 89 79 0.40119763359664223 13 1708 7 2687 14 8029
2853 5.4011491760306845 0.28172306357683596 7.8713854323713184 144 134 124 0.77867645806038743 5 2024 7 2779 2 8443
2855 1.0251724527097132 0.17500405041381994 5.0175683926477461 175 153 131 2.1559755905906326 5 2026 7 2830 6 13630
2856 3.6847442234850201 -0.04583444997199488 3.5709658371657751 0 0 0 1.3597124055741197 5 2001 13 2010
2857 5.8599454422201473 0.45006498534737516 8.0910416200389967 33 25 14 0.87394787614839409 5 2112 7 2905 2 7011
2858 4.2610455869492716 0.39098495176139769 7.0869237308240161 103 85 66 0.46516908202074903 5 2111 7 2909
2859 3.8760723046191186 -0.026450679158269187 3.3408247428387083 127 111 95 1.754859750858877 3 6659 13 7122 7 2952
2860 0.27437183137666299 0.11002141622007534 3.3842915085313812 39 34 34 1.1182242372750633 13 6958 7 2957 1 3335
2861 4.1505719956618865 0.50816205231664879 6.9988293032445208 162 137 117 0.91820802913989974 3 4953 7 2999 2 9464
2862 3.9065671156919373 0.045253855874210325 3.3395388999137672 0 0 0 1.1508618220680646 3 4852 5 5181
2863 4.0912715982461307 0.54454727797102109 6.9387840056842256 167 142 122 0.5681553849982719 5 2243 11 2602 7 3027 3 2002
2864 3.8267104734653512 0.074924602476454785 3.4892476589970758 96 79 63 0.95331520331055342 13 2183 7 3035
2865 5.336638338073775 0.68723639609109288 7.6875839644996926 47 42 36 1.0057441236998435 3 2053 7 3088 2 7078 2 8549
2866 1.8743444470567727 0.4703372051928561 5.4764146334633628 92 82 72 0.74601591884742557 5 2290 7 3100 14 8167
2867 1.4554531742080528 0.38729503622362049 4.7986479467088294 151 126 100 0.51072697406437495 13 5168 7 3110 12 2118
2868 5.3069015925585452 0.7704911668896578 8.0944539288560708 48 35 26 0.54971074894380523 5 2332 7 3115 2 8558
2869 6.1625858721023237 0.77023123451290376 8.1711221441229931 47 35 21 1.3004375430659438 5 2340 13 2383 7 3129 2 8589
2870 5.3101094010136274 0.76747721994032836 7.6258745652416566 44 39 35 1.2738114112830456 3 2120 13 2390 7 3176 2 8571
2871 5.3839659744311907 0.76511145401542591 7.6301652767533836 44 35 28 1.1168541774147696 5 2373 13 2391 7 3177 1 3480 2 8573
2872 1.9007149190577328 0.53667341208227815 5.449183014182589 23 15 5 0.94632519141733362 5 2372 11 2736 7 3189 14 8184
2873 1.9719011557236441 0.53790338530382797 5.4691940429391597 39 29 20 1.9730947055849861 5 2366 11 6512 7 3190 14 9127 3 6834 4 8154 14 6895
2874 -1.9158192996597903 0.50440338354423164 4.655159977870083 47 42 38 1.6205379725670417 5 2394 7 3192 1 3477
2875 5.7256946478215873 0.8336798850863929 7.9455108244046118 114 93 76 0.65998496691973696 5 2397 7 3199 2 8597
2876 5.3250565136070973 0.86056195010196224 7.9870950359319979 106 87 73 1.4725611050365808 3 2164 7 3204 14 5147 2 8587
2878 -1.8735673187801725 0.51445750233420562 4.6389396766898443 97 89 86 1.3238871539375088 5 5340 7 3211 1 3494
2879 1.9126768448210631 0.56144044636388879 5.4622223947861359 56 43 34 1.008533513672031 5 2395 7 3213 14 8188
2880 2.1594420539362513 0.59132816954705125 5.5739840628042865 124 111 102 1.0817202625135094 5 2409 11 2771 7 3234 14 6926
2881 2.5826498067059034 0.55653463065705877 5.4313243432474856 92 73 59 1.1927864970751947 13 2332 7 3235 14 8201 6 10817
2882 1.8995277948871476 0.59987753404574151 5.4544333328196482 120 102 90 1.1095024018578943 5 2431 11 2793 7 3256 14 8198
2883 -1.6895609124401663 0.53910916541615705 4.5963136021051056 75 61 48 1.775705960827316 5 2455 7 3262 1 3540
2885 -1.8824300054952041 0.57824668020325809 4.6489323764399728 100 86 76 1.8347164607490485 5 2489 7 3291 12 2240 1 3580 8 2722
2886 0.33401900308089572 0.53340186312717941 4.6219973333863651 151 132 117 1.2868613193383427 13 2253 7 3295 10 5115
2887 0.33401900308089572 0.53340186312717941 4.6219973333863651 151 132 117 1.2868613193383427 13 2254 7 3296 10 5116
2888 2.1972553604793608 0.83063242066011256 5.5641651345353793 107 94 85 1.0507473631475603 3 2408 13 5410 7 3483 6 12869
2889 0.37997379840580836 0.68758789639293816 4.6085804665499728 164 150 137 1.1537925063440244 13 5355 7 3494 10 7070
2890 2.418266100858411 0.82092532077808544 5.4368838707037037 28 14 5 0.39402191321944308 5 2600 11 3020 7 3508
2891 5.3342826224699627 1.2702846621959551 7.8249472885285156 15 5 3 0.72767258466576024 5 2643 7 3535 2 8704
2892 5.3342826224699627 1.2702846621959551 7.8249472885285156 15 5 3 0.72767258466576024 5 2644 7 3536 2 8705
2893 2.2952435866931338 0.88996983807451535 5.4680728390488653 84 71 63 0.5160265768469644 13 5472 7 3563 14 8269 6 12883
2894 -1.6805662446374208 0.7705397471869877 4.5821292362523689 156 140 125 1.1599639519129037 11 3106 7 3575 1 3822
2895 2.3123663046964396 0.93782388169743613 5.4716520390576884 95 83 71 0.82409849351978259 13 5507 7 3615 6 12891
2896 0.22525800566104914 0.77827544069380494 4.5174984777163774 149 128 113 0.92494602733690334 5 2704 13 7384 7 3627 10 8273
2897 2.7393431902971135 0.93296598572715683 5.2425670330850442 58 42 26 0.7245140342533688 11 3160 7 3664 1 3914
2898 5.3431975087145762 1.456633470977849 7.8261571699510268 25 16 9 0.74950210825654251 5 2742 7 3673 2 8743
2899 2.3345653476449733 0.99894219230605807 5.433626177276321 72 53 38 0.88292923521421918 5 5621 11 3188 7 3684
2900 -1.1379671232304931 0.82034209332684449 4.4086159219623724 110 89 72 0.95953336953607804 11 3244 7 3696 1 3946
2901 2.3807317615366781 1.0133342870310265 5.4284189968761272 119 102 92 0.98179048143624958 13 2708 7 3700 14 8306 11 3201 6 12105
2902 -1.7878238572410909 0.88790368566411659 4.5517663391005021 67 53 42 1.486389237515358 5 2800 7 3755 12 2514 1 7813 8 3020
2903 0.12100626500666617 0.87808390435747818 4.4503359113895486 162 131 113 1.0143996187453665 11 3311 7 3779 4 7217 10 7173
2904 2.3820849403989177 1.0780070574949743 5.4180266519311964 104 90 77 0.99173523251316797 5 2797 13 2763 7 3787
2905 5.237497834418912 1.5655855250250115 7.7609805833637289 47 38 31 0.97134720178544909 5 2799 7 3788 2 8773
2906 2.5228697652681631 1.0750397512681473 5.3649525476005788 45 31 22 1.1621950883234555 5 2805 7 3797 1 4016
2907 2.7157929044887714 1.0619725472593307 5.241223189792362 117 91 74 1.1941208541337556 13 2800 7 3819 14 8329 6 11066
2908 0.17538697089883065 0.91547899275330014 4.4663726935141668 158 126 105 1.1482527589571261 13 5583 7 3830 4 2864 10 5411
2909 2.3805737821961155 1.1286185369189601 5.4060506847939136 98 80 68 1.629401697465616 11 3349 13 2815 7 3844 6 12154
2910 -1.2873575168524605 0.93897104713498247 4.4414827787157218 27 19 14 1.9021003682827471 11 6914 7 3874 12 2578 1 4074 8 3089 4 2906
2911 -1.2873575168524605 0.93897104713498247 4.4414827787157218 27 19 14 1.9021003682827471 11 6915 7 3875 1 4075 12 2579 8 3090 4 2907
2912 2.2595194936287628 1.1729031814826634 5.444110749237371 87 74 65 1.1090566040340024 13 2841 7 3893 14 7135
2913 2.7069650270754817 1.1567152763595678 5.202398088458839 174 152 133 1.2438837982139548 3 2784 7 3940 14 8362 9 11947
2914 2.7071552881628733 1.1571413159763586 5.1977481612342613 174 152 133 1.6367659529255225 3 2785 7 3941 9 11948 4 5593
2915 4.0991011584282564 1.403924960598925 6.2527875737337233 67 53 42 1.6344513789030712 5 2915 7 3950 2 10296
2916 5.3566002006931646 1.679721253507676 7.4291993343369152 89 71 57 0.67597314809725084 3 2812 7 3953 2 8827
2917 3.8853192272102128 0.7459942508628179 3.3239992573528863 0 0 0 0.64375323776419235 5 2930 13 5707
2918 2.5471344411326782 1.2631442419163827 5.3204224080520452 53 36 20 1.7560399893352259 5 2990 7 4035 14 9264
2919 0.47680881402866437 1.1155459483228944 4.5510564196364038 177 154 138 1.4118472181293482 5 3041 7 4078 10 8381
2922 0.41281142346715238 1.1877541060479169 4.508077257836538 69 51 35 2.2053293905094247 13 5851 7 4187 10 8415
2923 1.2829952786868732 1.2794144314761087 4.5761538415727765 91 66 44 2.0885757931355644 7 4278 6 13809 13 3138
2924 -0.013811414672468714 1.2208066403655577 4.2788407554734169 89 73 57 1.1131326640919108 5 3217 7 4335 4 3206
2925 -0.013811414672468714 1.2208066403655577 4.2788407554734169 89 73 57 1.1131326640919108 5 3218 7 4336 4 3207
2926 -1.6889530491463098 0.90896734350497976 2.7538048797141288 165 152 144 1.2221211155133616 5 3458 7 4603
2927 1.5225174220929714 1.2251383757792236 3.5130550932478468 146 139 133 2.1316302190050957 5 3430 7 4647 4 5937
2928 -0.64779205905668213 -4.0188188319579599 10.279082981452703 80 86 98 0.80495437269169068 3 31 7 5421 1 265
2929 -0.46259001711128067 -3.9913570939235981 10.192714777015571 133 140 150 1.0409848101560961 3 29 11 41 7 5425 1 5581 8 94
2930 0.38287493647637527 -4.0141747755871355 10.014604189086876 125 125 133 1.2038226242804175 11 4791 7 5435 3 3597 1 373 8 121
2931 -0.40103685809923351 -3.8946922448274961 10.126079053423577 82 89 99 1.3909018426892665 7 5440 1 5604 11 4792 8 110
2932 -0.42621642756287498 -3.8399210121269993 10.147978574760044 81 86 94 1.4175485707833921 7 5455 1 378 11 61
2933 0.032126319199598241 -3.8629122217568281 9.9458299814295081 101 105 114 0.99983533374725297 3 37 11 4797 7 5456 1 5637 8 4513
2934 0.7181530703400717 -3.9789713448298709 10.15576781639864 127 127 135 1.4358534098968394 3 30 7 5463 12 93 1 5653 8 133
2935 0.16326998671779414 -3.756474998272894 9.8249689584389923 120 121 125 0.92757596175034995 3 3608 11 4808 7 5476
2936 0.16273876454212621 -3.7647873515715236 9.8379811816469882 120 121 125 1.7043232405577771 11 4809 7 5477 12 102 1 446
2937 1.118017270053282 -4.0086270354681748 10.296911232770277 102 102 109 1.8031508894474326 11 4810 7 5479 12 116 8 145
2938 0.97115400632106097 -3.7927654409071123 10.263888028469623 118 119 124 1.8418376667556735 5 24 7 5507 12 162
2939 12.550146633581079 -6.4001820746978666 14.741267127333659 111 111 119 1.9531680022025495 13 397 7 5515 1 744 8 233 6 5610
2940 0.24179892171355044 -3.501550027806648 9.8023918960497802 76 72 71 1.3009001945631018 3 101 11 110 7 5520 1 578 8 205 4 146
2941 -0.33733308757181413 -3.5117871159120546 10.216029632215687 73 74 79 1.5976713378894398 5 57 7 5524 12 3582
2942 -0.051938652589129053 -3.350681177965487 10.023289601468875 137 138 142 1.4810235079953109 5 110 7 5555 12 216
2943 -0.82393272039529308 -3.1577590841320484 10.02768092169074 77 85 98 0.84505455740240787 11 170 7 5566 1 660
2944 0.13225379744577509 -3.210239607965343 9.6631237059709463 114 113 118 1.5172119253058745 3 167 11 4872 7 5569 12 249 8 281
2945 0.099719831568826856 -3.1912778929551813 9.6610524283206782 53 51 56 0.68277869190189533 3 171 11 187 7 5571
2946 0.098761807448053684 -3.1973019355119043 9.6753099958245503 53 51 56 1.6606358572030715 11 188 7 5572 12 255 1 715
2947 -0.090187680103392676 -3.1817324390179569 9.8868960559841117 126 133 139 0.58944864343221925 3 188 11 4877 7 5580 1 5808 8 286
2948 -0.86271127358105038 -3.086011918267495 10.479595020723144 103 109 121 1.0165522729407805 7 5599 1 5812 11 206 8 285
2949 12.218419475746101 -5.6359584077738276 14.793812012753101 100 104 116 1.7421375817183571 5 4020 11 214 13 550 7 5601 1 946
2950 12.913982809992865 -5.5943677189780026 14.539414667882646 113 114 119 2.5947680233181654 5 4030 7 5608 1 980
2951 12.950619098691545 -5.5373248784118836 14.671061013675759 56 56 65 2.4529251742691378 5 182 7 5622 1 998 13 623
2952 13.427313515218065 -5.6614847035928468 15.048182006730382 90 89 97 2.1325211095342267 5 4041 11 240 7 5623
2953 -0.011499040271869709 -2.431260604815312 6.9441857748361882 46 50 61 1.1186313897308195 11 4919 7 5639 12 367 1 5952
2954 -0.28749973218942415 -2.6390737890515639 9.853115476639168 107 111 120 1.5904213503942013 11 4948 7 5685 12 416 8 413
2955 -0.28077001402042701 -2.6494560201628428 9.9095887114479808 107 111 120 1.4217382817379436 11 4949 7 5686 12 415
2956 11.817988964136747 -4.639094508055801 13.676530842879599 107 106 111 0.90235482102842701 13 722 7 5706 8 469
2957 13.380748671858672 -4.7050011800322116 13.27806905121442 173 185 199 1.7320210115906693 11 4969 7 5711 1 1248
2958 13.397469606244409 -4.7066630825548428 13.290319317614447 173 185 199 1.7241301515513139 11 4970 7 5712 1 1249 6 5827 2 4197
2959 11.580367469097176 -4.4529629267516642 13.741262510538855 98 99 104 0.87790766150719479 11 350 7 5722 2 4150 6 1135
2960 13.023538108205054 -4.5013828263582329 13.309661105101762 139 132 131 0.69116473989093619 11 4983 7 5727 8 542
2961 13.330663616238704 -4.514064001099932 13.22415849674687 66 66 74 1.5324460685019332 11 4985 7 5731 6 5848 2 4216
2962 -0.15458421649603629 -2.3438452746128653 9.5519698374906845 61 57 58 1.4865472985127057 11 396 7 5748 12 490 1 6061 8 513
2963 -0.95051222803028201 -2.3209335047735014 10.087040393280898 154 160 172 1.5855405089476298 11 386 7 5749 12 470 8 4750
2964 11.413955949000171 -4.3719650891430399 14.761620434686012 108 110 117 2.0063855996449709 5 4114 7 5753 12 597 1 6136 2 4165
2965 1.3582540533429772 -1.9886821409865965 5.666096185334287 61 63 68 2.3692789494881135 11 452 7 5756 12 577 1 1348
2966 -0.2156116685221573 -1.9366755413145669 6.6790692032151098 35 39 42 0.47068363491307408 11 5009 7 5757 1 6109 8 663
2967 12.909578577722501 -4.1631469781656376 13.302678738033904 103 98 95 1.0413966190869282 11 5018 7 5773 8 646
2968 0.2821747372323189 -1.8953879031871126 6.7955142000869841 156 143 134 0.36906443163761282 5 4110 7 5784 12 584
2969 11.541969865917256 -3.8618879556197867 13.816389328858204 20 14 16 0.75050450202972618 13 912 7 5808 1 1427 6 8679 2 6531
2970 11.541969865917256 -3.8618879556197867 13.816389328858204 20 14 16 0.75050450202972618 13 913 7 5809 1 1428 6 8680 2 6532
2971 0.064209716439456055 -1.7368360017354778 6.5615918838101441 99 95 92 0.74252550916006765 11 5087 7 5820 8 819 13 3651
2972 11.553715509377303 -3.7938982475733485 13.980120293053968 131 123 120 1.0801884537114792 13 4265 7 5821 12 739 1 6244 8 4870 6 10580 2 8232
2973 -0.31483170444429204 -2.0122066396534595 9.5726903530358634 148 146 147 1.2444222261941751 11 5069 7 5825 12 591 1 6145 8 657
2974 1.2595205901146249 -1.7428538362301154 5.5914916478966914 90 85 79 0.78846715107290732 11 594 13 3692 7 5828
2975 1.2595205901146249 -1.7428538362301154 5.5914916478966914 90 85 79 0.78846715107290732 11 595 13 3693 7 5829
2976 -0.030791643463964902 -1.6932275781044177 6.5861453798389187 112 103 95 0.33125763335946568 11 580 7 5832 1 1419
2977 -0.36997222668691648 -1.9502486227699727 9.6219899138778509 154 151 151 1.4661954515415641 11 539 7 5841 12 612 8 684
2978 -0.37431810098155366 -1.9454584790232796 9.5853716799396764 154 151 151 1.802281933897615 11 540 7 5842 12 613 1 6161
2979 -0.9644112670527224 -1.8969506531071667 9.8758678552032588 151 142 145 0.34414256459229814 11 544 7 5852
2980 -0.42655514995772725 -1.8922763825580575 9.5760169755614069 148 143 144 1.4895162981958574 11 570 7 5859 12 625 1 6178 8 708
2981 -0.4759369009361234 -1.8917588057241155 9.6427806403273042 155 151 152 1.4454181448885062 11 5101 7 5862 12 624 8 707
2982 -0.93656608271090458 -1.8543134303869595 9.8736125893156235 155 146 149 0.12632295696959792 11 5100 7 5866
2983 -0.16813097084301518 -1.8903596866478851 9.4501569456573975 104 95 90 1.3013196246860819 11 5105 7 5870 12 635 1 6191
2984 -0.53247777494308812 -1.8458411872770926 9.6357093889272694 134 129 125 1.5499501061737775 11 596 7 5878 12 634 8 724
2985 -0.21456693442111324 -1.8563058219761319 9.5059078075681285 157 152 149 1.2320387385319402 11 5111 7 5888 12 652 8 745
2986 -0.217187732509173 -1.8521024011953084 9.4665763162295864 157 152 149 0.94086827157014152 11 5112 7 5889 1 6202
2987 -0.27373629200575361 -1.8464571605071258 9.5087126898617029 156 148 145 1.2900094612533539 11 5110 7 5892 12 650 1 6199 8 740
2988 -0.47651199476167572 -1.8272282376610758 9.6346963482628425 158 153 151 1.5254288195666075 11 5115 7 5896 12 645 8 736
2989 -0.49280478202150046 -1.8248103408038687 9.5769812199999187 158 153 151 1.787310735826509 11 5116 13 6306 12 646
2990 -0.42147867517652937 -1.8272465922114081 9.5644188175450235 149 144 141 1.5999103007662538 11 5120 7 5898 12 648 1 6197
2991 -0.98520164566544133 -1.7925253575159767 10.123420707566989 167 161 163 1.4948320529094661 11 5122 7 5910 8 4891
2992 -0.38034515600143404 -1.7852158008484367 9.5375587680983465 145 140 136 1.3763615756868337 11 5128 7 5915 12 682 8 771 1 1414
2993 -0.24470088518033967 -1.7676925905121761 9.4891167146171487 154 144 142 1.5304067448040999 11 651 7 5923 12 3899 1 9234 8 4934
2994 0.51026169606633776 -1.5397911354911746 6.0279421444863326 149 136 127 0.77981925469998536 5 4183 7 5926 12 800 8 993
2995 4.0010033965703071 -1.6736652424930718 3.7161947199636485 127 124 123 1.8277992958878426 3 5994 11 799 7 5938 1 1941
2996 -0.32060202917052644 -1.7313426525272739 9.5065873057909069 159 154 150 1.2715318889273932 11 5146 7 5940 12 716 1 6246 8 801
2998 -0.45616666756245317 -1.6933051269275903 9.5592145322486406 119 109 107 1.2814967596447115 11 5154 7 5955 12 731 8 810
2999 -0.45697600760933343 -1.6917821833187485 9.5406896978991487 119 109 107 1.3102199926955702 11 5155 7 5956 8 811
3000 2.6613965729332176 -1.7098612405758495 6.1984198099967704 91 86 82 0.93827854951724365 13 3958 7 5966 1 1771
3001 2.7655436745542006 -1.715601193386183 6.2246685715726855 104 96 93 1.7684979246939208 5 4198 11 5215 7 5968
3002 -0.54825302879455129 -1.6414968531546008 9.6091597102857307 149 144 140 1.2601208921681752 11 5177 7 5979 12 759 8 836
3003 0.54879155370101895 -1.4446329950432046 5.8819971650543348 113 100 92 1.0512916278727948 13 6279 7 5983 12 862
3004 0.54879155370101895 -1.4446329950432046 5.8819971650543348 113 100 92 1.0512916278727948 13 6280 7 5984 12 863
3005 -0.34959015526841036 -1.6278956435908289 9.4891030585010103 148 138 136 1.0667149381905925 11 5191 7 5989 8 4961
3006 -0.412547380773299 -1.6114333417700901 9.5171547551487237 85 75 73 1.4506738857711201 11 5195 7 5996 12 789 8 864
3007 -0.40775288500215473 -1.6157982454551214 9.562063442979305 85 75 73 1.2890142962334832 11 5196 7 5997 12 790
3008 -0.58249278002254645 -1.5816217068019029 9.5974634221273423 154 147 144 1.6089382237721852 11 731 7 6005 12 797 8 866
3010 1.2372811998487685 -1.4444889616281835 5.4925592878413152 103 89 78 0.60983587014010687 13 6320 7 6015 1 1815
3013 1.6002751875282821 -1.4840531884805261 5.7681435496393059 83 79 76 0.46510353782938391 13 3877 7 6024 12 926
3014 1.5998966246227284 -1.4842331954564454 5.7661206815682302 83 79 76 0.46304039620846993 11 5256 7 6025 12 927
3015 0.43395116598752415 -1.3806736808701148 6.20231972278967 84 73 67 0.425534028868993 5 597 7 6040 12 899
3016 0.43395116598752415 -1.3806736808701148 6.20231972278967 84 73 67 0.425534028868993 5 598 7 6041 12 900
3017 0.58918705456889775 -1.3336472614607056 5.4331783499192827 164 150 139 0.3628606790288883 11 859 7 6042 12 924 8 1148
3018 0.33517420723232738 -1.3339467926343942 6.4519489494870159 111 92 77 1.220319361792481 11 5281 7 6056 8 1107
3019 0.88614482322746391 -1.3107295824755767 5.3032952347617028 155 143 131 0.64584213313721095 11 5300 7 6058 12 973 8 1190 4 6176
3020 -0.57240659391920223 -1.1121345686990658 4.7440460459766376 31 29 28 1.1963530516639622 11 5328 7 6077 12 951
3021 0.1811251776152889 -1.2801064790178658 6.4141266848117846 89 84 82 0.068392036399756453 3 3955 7 6078 8 1128
3022 0.36827913104070886 -1.2984629193112625 6.3710606427199874 88 76 64 0.33944300245255182 11 5299 7 6081 12 949
3023 0.13471337398032812 -1.2714012802287704 6.4305130824056871 70 66 67 0.50500746964559717 3 544 7 6085 1 6466
3025 0.49277384030195126 -1.2322699908343799 5.9805004613641222 69 60 53 0.32164664126792797 11 919 7 6110 12 996
3026 -0.050327185853534795 -0.98861335215888779 4.8289642489624622 121 108 102 0.55147377565656452 5 4347 7 6208 4 4132
3027 1.9010635417648327 -1.1889840414619293 5.9689483635183214 132 122 112 0.86681528960198784 13 6527 7 6217 12 1136 1 2119 8 1350
3028 11.579946620551317 -2.2833438179129604 13.424471523771873 139 121 109 1.0535473112527607 13 1375 7 6220 2 4499
3029 11.570076743378035 -2.2670295299102188 13.327486508556657 135 118 108 1.4315418612025566 13 4589 7 6225 2 6750
3031 1.5906199397240015 -1.0438787870854929 5.7692966865914235 93 81 69 0.41544582218347448 5 4452 7 6294 14 7717
3032 10.026005581950123 -1.9648617539649107 14.865269541268894 177 190 206 1.5158347081274222 5 4549 7 6295 8 1219
3033 2.0854280802403857 -1.0717305489477593 6.0011740779189831 125 113 101 0.68588151014080811 5 4466 7 6304 14 7764
3034 2.0337771278851706 -1.0642429781053639 6.0134873053296571 33 28 24 0.98433383922717432 13 4235 7 6307 12 1220 1 2211 8 1451
3035 10.004289368858974 -1.8680667661994199 14.634091203142459 188 197 206 0.9272272052392182 5 4572 7 6313 12 1223
3036 12.152937889308076 -2.0664720747927734 15.369706622288266 70 68 73 1.9537853277385966 5 1018 13 1468 7 6314 1 2185 2 6804
3037 0.36959065229244081 -0.89030188704878466 5.0129829694364672 29 19 10 0.51214730866757829 5 4455 11 1243 7 6320
3038 3.0866129235285089 -1.1120241436522926 6.2099774143242348 121 104 94 0.94024441322816066 11 5559 7 6331 1 2254 13 1072 14 6412 4 6191 6 5537
3040 3.9827709972533341 -1.1192464537719871 3.6003323656655342 89 75 64 0.80500516965332347 3 6091 13 4326 7 6347
3041 -0.059961333846233145 -0.80290078886382632 4.7978071213556959 162 143 125 0.46119166290809471 11 5603 7 6359 12 1235
3042 3.8330867980815433 -1.0690553300966725 3.8142204113896416 82 68 59 0.46928591527747449 3 6128 13 4374 7 6371
3043 0.63867315230496791 -0.82203134455108884 5.1438464612648476 47 35 26 0.79136885768244414 13 6514 7 6379 12 1281 1 6764 8 1594
3044 3.3321916136029599 -0.99715253125700865 6.3338405783211202 137 123 112 0.29711735628981989 11 5637 7 6410 8 1587
3045 10.049150060334263 -1.4647972489811696 14.965264623350867 129 124 121 1.2996919616950793 5 4639 7 6425 8 1396
3046 2.4081007628960451 -0.88122089440093931 6.0510667377003804 144 131 115 0.85752193224384854 5 4578 7 6427 8 1624 14 8876
3047 0.82754487305054758 -0.61408728647708744 5.1135153818104282 167 150 135 0.51308129026740035 13 6639 7 6498 12 1406
3048 3.8869051224163633 -0.81132513342499635 3.6267997807056251 164 138 121 1.8950701386360169 5 4583 7 6523 1 2714
3049 1.9912188440253291 -0.63255922791919694 5.8606205531718816 19 9 6 0.47513563837972717 11 5764 7 6528 12 1457 8 1781
3050 0.57567388177471213 -0.54583056168259458 5.2625966668508672 152 134 120 0.53100179951754856 5 1196 11 1612 7 6534
3051 3.9323182398007277 -0.795161067653955 3.6134921897382934 48 30 16 2.2055642611194384 5 4593 7 6549 1 7003 13 8246
3052 0.67858123287899264 -0.53349242369180794 5.0178919331674621 108 87 70 2.2676809162452769 13 6662 7 6555 14 9511
3053 -0.82398520321279256 -0.4409392842169656 4.6090657330290936 48 39 34 0.9490093815940488 3 4349 11 1675 7 6569 1 6916 8 1849
3054 2.158530722215775 -0.5945108750035375 5.8968767710710033 168 158 148 0.44858666248835538 5 4695 11 5783 7 6573
3055 -1.9530669641420739 -0.35011289829564546 4.9651833852567435 112 103 94 1.7487542621796788 11 1674 7 6576 12 1414 8 1814
3056 -1.9901802084437148 -0.31729827052953286 4.9902270348470577 113 103 94 1.4326842456808275 5 4719 11 5831 7 6604
3057 5.7779117423432131 -0.66408569988051425 8.6053501429933874 26 36 48 0.99095798750732456 5 1406 7 6621 8 1799
3058 -0.74727965358145565 -0.37716366127111806 4.5854890021777743 161 152 135 0.69970335648456528 11 5862 7 6629 8 1911
3059 -1.926335653571392 -0.23592384030386748 4.8835962209823087 57 49 46 1.585451561534595 5 4799 7 6665 12 1520
3060 0.41249925677320765 -0.37017449112334078 4.8784611604587562 112 98 87 0.40827660714841807 11 5917 13 6723 7 6668
3061 0.037302013559491143 -0.35032049744582844 4.7115026853316468 142 125 110 0.38628134941046538 11 5927 7 6671 12 1560
3062 2.3122333855301855 -0.42585688580271619 5.5288470354289041 158 141 131 0.26300119662202953 11 5931 7 6693 12 1605
3064 -1.8805690773069044 -0.1530561400231642 4.855209205716025 116 105 101 0.30263489257242837 5 4876 1 7026
3065 3.935202788528692 -0.54453935657736452 3.7050914423336199 37 22 15 1.9137810088173433 5 6982 7 6746 12 1702
3066 2.6742884829205908 -0.31858395179623378 5.674000163445057 126 107 93 0.77652513272357993 5 4892 7 6768 8 2062
3067 2.1688774834541182 -0.30474525076340381 5.4137190007076246 152 134 120 1.1283688225703019 11 6027 13 1524 7 6777
3068 -1.8760411157252674 -0.1113010616081196 4.8382819810182616 46 37 32 1.097348616014896 5 4915 7 6785 8 2068
3069 -1.9009684771682185 -0.089547096208786425 4.8444528497132362 94 85 80 1.5192332716659733 5 4924 7 6807 12 1657 1 2829
3070 -1.8750902338502469 -0.09115018306632236 4.8274074801971691 92 83 78 1.8278130048316459 5 1613 7 6808 1 2834
3071 1.9330756750378764 -0.22801342265278246 5.2923902990489404 55 41 30 1.224374901398342 11 6086 7 6832 8 2151
3072 5.9156033377619206 -0.20672084918442346 8.2738140896961383 68 53 47 0.86355897351186484 5 1677 7 6845 1 2913 2 8366
3073 2.1513008456139615 -0.18096249216764959 5.412736764375337 122 100 86 0.64307633301668232 11 6125 7 6870 8 2183 14 8967
3074 5.1504916606006343 -0.053479192484108165 8.6913591311683476 103 84 75 0.71285727693411471 3 4688 11 6112 7 6883
3075 6.1315777103067024 -0.12241213312733758 8.3964217924465423 135 112 96 1.1868625530890244 5 5009 7 6884 1 2952 13 1844 8 2129 2 8396
3076 5.2074733204484884 -0.021126122109498869 8.599708591319553 114 88 73 2.4263750828976671 11 6132 7 6895 2 9425
3077 1.6232362441984076 0.040203874005739298 5.1184032578495042 178 157 136 0.40417240957349465 11 6234 7 6988 12 1873
3078 0.32588679188057779 -0.06269695418504731 3.3887688902833846 15 12 13 0.64268820898154766 13 8285 7 7011 12 1892
3079 1.5995626121229982 0.081666718914808492 5.0706291310580252 89 76 60 0.30646943100213231 11 6262 7 7024 12 1902 8 2361
3080 6.0074547726613146 0.32843773446667235 8.1961664829280885 78 68 59 1.5721632488731441 5 5130 7 7064 2 8488
3081 5.2891598712870636 0.32098834414518551 7.793587090603145 140 126 117 0.98347462100619476 13 2119 7 7069 12 1932 8 2370
3082 5.3195584352343248 0.36309968625428407 7.9700598081729117 15 8 2 0.64802202927826003 5 5140 7 7078 12 1937 8 2382
3083 0.2651988109403336 0.18876280844794424 4.7028308593099108 64 46 35 0.29069512027066174 13 8346 7 7088 12 1942
3085 3.8279678477702475 -0.070240437467277178 3.407749996967635 18 9 4 1.6434051385826465 3 6625 7 7112 12 1989
3086 0.23589140461857661 0.26900935858916386 4.7160996496393084 13 12 10 1.4607898065918434 13 8368 7 7138 12 4781
3087 0.25901133626990591 0.10357681795718286 3.3917358740309385 36 30 30 2.5566742241660108 13 6953 7 7147 1 3317
3088 -1.8282592316986959 0.36475989949562443 4.7160878807890052 104 84 67 1.3950983594776105 5 5212 7 7170 1 7372 8 2511
3089 0.28264751069821337 0.12103299097498786 3.378181441504776 40 36 33 0.94086114414800393 13 8342 7 7172 12 2037 1 7418
3090 -1.9476353585713233 0.38019174192787264 4.779726932477498 140 123 111 1.3490826833951619 5 2204 7 7175 12 2014 8 2510
3091 2.1164364558580857 0.36340702145095888 5.5630841877102073 39 25 16 0.87356637862917097 13 7131 7 7177 1 7403 8 2515 14 8143
3092 2.1072717335156232 0.36074793730063887 5.547496193652103 39 25 16 0.61871004691185771 13 7132 7 7178 1 7404 8 2516
3093 5.338988738337143 0.62331402096431776 7.9314023454011542 91 73 61 1.3368488701164474 5 5235 13 5267 7 7201 1 3334 2 9512
3094 5.3746773886082204 0.62534390482419888 7.9889844994360297 91 73 61 1.2002885531364773 5 5236 7 7202 14 8228 2 9513
3096 6.0101340726623711 0.62635212631503112 8.1300321557857149 59 49 39 1.2009626391409591 5 5234 13 2314 7 7204 2 9526
3097 5.3256381888837927 0.68641107362928655 7.9462235377128989 98 78 69 0.95032106765571833 3 4978 13 5285 7 7229 8 2548 2 9518
3098 1.914852133466999 0.44848704348184631 5.5191118576905129 28 19 12 0.74465547802045196 5 5255 7 7242 14 9112
3099 1.838263637191444 0.46045611878356313 5.4938583150129876 111 96 86 1.3463910673251434 5 5264 7 7246 14 9113
3100 1.9362241201763912 0.48439805105261852 5.4998620871578776 104 93 87 0.63985824653721013 11 6467 7 7263 8 2613 14 9120
3101 1.9362241201763912 0.48439805105261852 5.4998620871578776 104 93 87 0.63985824653721013 11 6468 7 7264 8 2614 14 9121
3102 -2.0312352294920055 0.47893067849566778 4.7572739439898264 35 30 27 1.1178465048109774 5 5291 7 7269 12 2112
3103 5.2824991288307279 0.76146635625813552 7.711574460167788 133 119 110 0.76108453341401627 5 2361 7 7297 2 9536
3104 5.2717333249085989 0.76461889038249886 7.6973947812754693 133 119 110 2.154104804695935 5 2362 7 7298 1 10068 13 8549 8 2615 2 9537
3105 1.8068506494602827 0.52325408733036893 5.4336384619934135 101 88 79 0.92076037523530618 5 5307 11 6502 7 7306 14 9124
3106 2.86236131794475 0.5047244050857651 5.3853592385019446 63 45 30 0.31468882934987541 3 6826 5 5308 7 7317
3107 2.6000203253640635 0.54496358059113237 5.4250293002835486 44 23 6 0.24908126332019925 11 6532 7 7331
3108 -1.4179971592148553 0.49669066617880703 4.4838039139050192 51 40 31 0.85265856585289246 11 2796 7 7340 1 7529 12 4877
3109 -1.4179971592148553 0.49669066617880703 4.4838039139050192 51 40 31 0.85265856585289246 11 2797 7 7341 1 7530 12 4878
3110 2.1263439268252124 0.60122893906164177 5.5565318717193843 33 20 11 1.1091420013829543 5 5350 11 6536 7 7359 14 9140
3111 -1.1071401402804992 0.49791431908113387 4.434873370665751 82 66 53 0.53806612682410182 11 2820 7 7363 12 2202 1 7556 8 2703
3112 -1.4608368667682243 0.52540603862179502 4.5198655159244785 100 87 78 0.9342965630808937 11 6565 7 7369 12 2214 1 7554
3113 -1.9522410028763848 0.61544570247216823 4.6829619083798484 57 40 32 1.978670783785095 5 5427 7 7405 12 6672 8 2749
3114 -1.6467815507000672 0.59954331753469192 4.5574097902962594 122 106 93 1.7560397912318808 11 6624 7 7415 12 2273 1 7611
3115 -1.6468270434993775 0.59970277105550263 4.5586755470944169 122 106 93 1.4970824870968651 11 6625 7 7416 12 2274 1 7612 8 2757
3116 -1.4431297339349598 0.61444147264784676 4.554943422013193 82 66 55 0.97616751689736836 11 6636 7 7433 1 7620
3117 -1.1830042150613971 0.60723014754960603 4.4658434663538378 137 120 104 0.96066748861155127 11 2965 7 7441 1 3674
3118 -1.2497516126514423 0.64801803773905164 4.4764628976037404 143 122 105 0.52108434418661531 11 3005 7 7474 12 2326 1 3713
3119 -1.0083414556284156 0.62480798125362291 4.3733872668469891 72 56 41 1.0880690926632735 5 5488 7 7475 12 2327 8 2814
3120 0.39561761030995923 0.64769001371009682 4.6210082602216946 110 91 74 0.56050568525119582 3 6915 7 7476 12 2325
3121 5.3573026172600837 1.1707731632133311 7.8556221807832669 81 65 52 1.6610988617866227 13 5464 7 7482 1 3717
3122 5.3573026172600837 1.1707731632133311 7.8556221807832669 81 65 52 1.6610988617866227 13 5465 7 7483 1 3718
3123 0.44597111524483057 0.67648890449241716 4.6419957774272147 172 154 140 1.0961392851743998 13 8562 7 7490 1 7674 8 2839 4 7125 10 9019
3124 0.44597111524483057 0.67648890449241716 4.6419957774272147 172 154 140 1.0961392851743998 13 8563 7 7491 1 7675 8 2840 4 7126 10 9020
3125 2.2852344100181172 0.86757658710251084 5.5016009151489254 51 40 34 1.1747517659682705 5 2633 13 7394 7 7527 12 2358 1 7713 8 2879 6 13398
3126 2.2784321595181942 0.86370928080506926 5.4918410306757801 51 40 34 1.1593063245877251 13 7395 7 7528 12 2359 1 7712 8 2878 14 8265 5 2632
3127 2.24315429057404 0.87552725587181679 5.5186872075876945 47 34 26 0.52932085680788721 5 5542 7 7533 8 2883 14 9186
3128 2.4419309112235403 0.87559293846743924 5.4057462469633597 105 91 80 1.5599408544467548 5 5548 11 6718 7 7542 12 2379 14 9191
3129 5.3187396670337641 1.276415722991451 7.5165614683261515 83 64 47 1.2887592779475814 13 5534 7 7562 1 7736 5 5569 8 2897 2 10252
3130 5.3719067198264385 1.2816435197655509 7.515550956540495 143 122 105 0.81425918264930885 5 5574 7 7567 2 9626
3131 3.8970518854942839 0.47617953103574612 3.3351299050743846 142 132 120 1.7959802132761951 3 6934 7 7578 8 2943
3132 2.3855541447680517 0.93081704235057361 5.4562204746310865 106 92 81 0.84285614159892297 5 5585 11 6746 7 7579 1 3872 13 5509 14 9195 6 12087
3133 -0.75789882419423282 0.7323540349595441 4.2969737448079934 166 145 127 0.77021390305218107 11 3136 1 3877
3134 2.3019131424907631 0.96198148086014934 5.4885155519280282 29 17 9 1.1880894772618502 11 3131 13 7442 7 7599 5 2711 12 2422 1 7764 8 2944 14 9204 6 13417
3135 -1.2751094533142018 0.78784748747185973 4.4475424719336605 155 139 128 1.062820940614279 11 3173 7 7602 1 3897 8 2945
3136 2.2364778600255439 0.98030617470797254 5.4828429000205849 55 41 32 1.2788280969560573 5 5611 11 3158 7 7606 12 2435 14 9209
3137 -1.9789704279863285 0.85003402672581163 4.6509964676531999 53 40 34 0.82799484744881424 5 2750 7 7609 12 2459 8 2953
3138 2.4194566884216879 0.99522586417381509 5.4355979195864563 70 53 43 0.87719906013054316 13 7454 7 7619 12 2454 1 7787 14 9214 6 13428
3139 2.472640604061132 0.98810752357945819 5.3833504725745218 79 61 47 1.1685690085740659 5 5622 11 6790 7 7623 12 2455
3140 2.4626667921708441 0.98488012221993981 5.3618291150936948 79 61 47 0.91898228772802437 5 5623 11 6791 7 7624
3141 4.041975224366019 1.1766056263718372 6.3095545498585244 36 24 12 1.560796192836424 5 2754 7 7636 2 10251
3142 2.4886968686801527 1.0108065066359579 5.3598784962559751 100 84 71 0.93453834931325885 5 7522 11 6808 7 7658 14 9217
3143 1.2526899845590456 0.90797095471799305 4.7552232596557076 170 149 124 1.7842251738855233 5 5659 11 3259 7 7672 12 2483 13 8659 8 3024 14 9846
3144 2.3290190062177776 1.0432243712418605 5.4023831024575619 57 40 24 0.55968096633219178 11 3261 7 7674
3145 4.14644381387442 1.4168887299408603 6.8030526766520829 147 119 98 0.85494478509551242 11 6875 7 7725 2 10651
3146 -1.8558430928492951 0.97381728375255416 4.5733025014981248 113 94 80 1.746340015781892 3 5382 5 5750 7 7744
3147 -0.98851572579883273 0.91844311297606684 4.3109025654330919 59 41 25 0.41248993718936627 13 7480 7 7745 12 5148
3148 1.2475621614524952 1.041180067715594 4.6773280789557985 111 101 92 1.3067093751391619 13 7546 7 7777 12 2600 6 13998
3149 2.2458036547451368 1.2550036196171415 5.4377554302334632 61 47 38 0.58876968483068992 5 5780 7 7816 14 9257
3150 5.9601713373158258 1.7961465867318689 7.7520047115711179 99 80 65 1.8893163717281614 5 2957 7 7817 2 9708
3151 0.43118013412574496 1.0667014188475403 4.5446527426065471 168 145 129 1.4306194634441911 13 8719 7 7836 4 8333 10 9094
3152 -0.98992232559328575 1.0206672303733153 4.2516505493583949 51 34 18 0.85051350299470629 13 8724 7 7851 11 7019
3153 2.6937213401107849 1.2628590653736149 5.1908570338853188 109 80 56 1.7489766979778179 7 7855 14 9271 6 12968
3154 1.258890848195108 1.144774176020118 4.6855643229824429 89 63 38 1.6205119291741568 13 7590 7 7865 6 13785
3155 2.4172675609220029 1.3170178799949335 5.3373500650452916 46 32 21 1.982165165778415 5 3037 11 3549 13 7597 7 7873 12 2659 1 10334 14 9276 6 14008
3156 -0.94204609674686957 1.048258464215398 4.2143957703909321 158 131 110 0.07563019095945088 11 3602 13 8741 7 7891
3157 2.48974245042207 1.351229777268975 5.3308859341137778 76 58 42 1.5144923749854708 5 5845 7 7897 12 2683 14 9281
3158 -0.055940319763688962 1.0905226211754675 4.2929095251564577 83 67 52 1.317995312853365 5 5859 7 7904 12 2705 4 7328
3159 -0.97446974514659712 1.1118893992036827 4.2433153410095947 144 123 102 1.1230596755919524 5 5903 7 7949 12 2757
3160 0.32484057719264636 1.1919050024758038 4.4798482083730704 94 76 62 1.3801938881452982 11 7094 13 8772 7 7950
3161 2.3558894698834449 1.4289275983745293 5.3454580800826879 86 68 55 1.0706903269960468 5 5886 11 7078 13 7651 7 7953 1 8029 14 9903 6 13498
3162 2.3233065977178264 1.4494320898400224 5.3347682325496431 140 126 113 0.93321622907386648 13 5878 7 7966 14 9907
3163 -0.023315502548034328 1.2380525374948446 4.2717627971221912 149 132 118 1.0494585218419989 5 5974 7 8025 4 7393
3164 -0.66762818266854884 1.243603094271869 4.1850867505593534 151 135 119 1.2761538808914956 5 7779 13 8848 7 8075
3165 1.5035191150963696 1.291646232268483 4.0697677245999673 131 121 120 0.62038044377684198 13 8845 7 8126 1 4547
3167 12.647464143392229 -7.8261716472488372 15.232110358628411 120 132 148 2.3312054304429659 11 7884 7 8703 12 3553 8 4485 1 8844 6 10393
3168 -0.60467798749462109 -3.9826889175739417 10.258076097200414 128 135 145 0.97587441280658882 3 3601 11 4788 7 8725 1 5575 8 4491
3169 12.731936800552964 -7.1691763603034424 15.292644611017829 104 108 119 2.201111042693122 11 7886 13 283 7 8729 1 5718 12 189
3170 12.923515482714002 -7.0123038240682547 15.043136290961069 100 104 115 2.0086876795214046 11 7888 7 8736 1 5747 8 150
3171 12.383635195168265 -6.814092738359939 14.999885495882868 165 181 194 2.6209785642729222 7 8740 12 237 1 5757 8 4558 2 6424
3172 0.044559618023863767 -3.5147447728492076 9.8179928465534871 61 62 66 0.6988413688766566 3 3631 11 4838 7 8760 1 8884
3173 -0.40912900434941707 -3.419934897614251 10.087848296890726 130 131 136 0.68717911895048334 11 7902 7 8765 1 8889 8 4579
3174 -0.28369491281116105 -3.4171207560553274 10.004167076799167 59 62 69 0.73655343208239143 11 7903 7 8766 1 8892 8 7394
3175 -0.85623833613994682 -3.3782493387919339 10.522635076220999 111 119 130 0.66048288544189648 11 7906 7 8774 1 12300 8 9187
3176 0.84801998042433413 -3.492839579125409 10.155709536078781 125 121 122 1.8839811875511894 5 3998 7 8778 8 4601
3177 12.474356968808719 -6.0851810740652894 14.925623147621272 97 99 111 1.6144689520990205 13 469 7 8779 12 354 8 4621
3178 0.045806436227817215 -3.2210048029265068 9.709458178620336 45 46 51 1.4479787665510013 11 4871 7 8785 12 3616 1 8939 8 4619
3179 0.97334770890486688 -3.3647219867247071 10.090147944361348 147 143 143 1.263988666880927 3 3658 7 8798 1 8961
3180 0.033078959864189572 -3.1450151968567832 9.7771613018101267 89 89 92 1.9514533230434945 11 4882 7 8803 12 5929 1 11027 8 7417
3181 1.0040880130669092 -3.1207256225727287 10.050963720712062 50 50 58 0.83374987958447078 11 4906 7 8825 1 5910
3182 12.507795628831992 -5.2761235662530535 14.422873857119415 39 45 57 0.55780662198811681 11 7943 7 8831 12 3753
3184 11.974504551064172 -4.4299277020043615 13.370196965906107 116 111 111 1.0694807066841958 13 4121 7 8885 12 580 1 1260 8 524 6 8626 2 8199
3185 12.012565103914696 -4.4398463630893632 13.411948678534051 116 111 111 1.1080991562820919 13 4122 7 8886 12 581 1 1261 8 525
3186 -0.27905337174640749 -2.3887124736909389 9.5903645138147393 51 52 57 1.5986772512559058 11 7972 7 8895 12 3757 1 9116 8 4759
3187 -0.61498281864573201 -2.356295396427952 9.7292258910083813 70 70 78 0.44139299710359864 11 7971 7 8897 1 9111 8 4751
3188 11.456319451740606 -4.3301609454806878 14.282286271407571 117 115 120 1.7295279058927084 13 4144 7 8911 12 599 1 6139 8 4792 2 8203
3189 11.40785017216449 -4.3415930723271927 14.560200481015464 57 57 65 1.4480375668618419 13 4145 7 8913 12 3848 1 9187 2 8205
3190 12.26752580937316 -4.1512287048297045 13.190015894770616 132 124 122 1.0691753833605337 13 4190 7 8931 12 3878 1 9207 8 4830 6 10559 2 8219
3191 -0.67553964630128349 -2.2249568389303835 9.7755310258725494 128 126 131 1.7508859648431381 11 7992 7 8934 12 3784 8 4782
3192 11.825223457305732 -4.1047296736803469 13.506174170863593 131 126 123 1.1088322573046134 13 4187 7 8937 12 3875 1 9204 8 4825 6 10551 2 8211
3193 11.825223457305732 -4.1047296736803469 13.506174170863593 131 126 123 1.1088322573046134 13 4188 7 8938 12 3876 1 9205 8 4826 6 10550 2 8210
3194 0.63748239686761521 -1.8176452521201458 5.4698877120189842 121 117 116 0.6252654337938186 11 8028 7 8942 12 6076 8 7606
3195 11.673657051239202 -4.0262466036011446 13.65343846352935 114 108 108 0.64002537935892578 13 4205 7 8948 8 4837 6 8662 2 8215
3196 -0.56027944339055491 -1.9098185918155886 9.6164393834883874 83 79 80 1.2363234060181301 11 8051 7 9003 8 4865
3197 1.7385646729088586 -1.7795417736197685 5.9548176668009232 152 140 128 1.0889521689888999 13 6290 7 9006 12 752 8 940
3198 1.7445835445560554 -1.7837335156009506 5.9676391837230689 152 140 128 1.5115165368202308 13 6291 7 9007 12 751 1 1574 8 939
3199 -0.27226188667256901 -1.6432448999814564 6.7856924994133774 137 126 120 0.96517549630841482 11 8081 7 9009 12 6107 1 12434 8 7632
3200 1.6728749603546498 -1.7622114343026001 5.9377068849513117 147 135 123 0.97239440472940153 13 6288 7 9011 12 756 1 1587
3201 1.6728749603546498 -1.7622114343026001 5.9377068849513117 147 135 123 0.97239440472940153 13 6289 7 9012 12 757 1 1588
3202 1.5775201725281449 -1.7329264314006361 5.8619597200312992 149 137 125 1.6311697804090355 11 8092 7 9020 12 771 8 957
3203 0.52967169008392379 -1.6040470251896117 5.6944071286665796 168 163 160 0.29625610295492383 11 8093 7 9024 12 3915
3204 1.6629304054749121 -1.6877497309204912 5.9047000985535698 146 134 122 0.80805385181024025 11 8104 7 9045 12 813 1 1669 8 1003
3205 2.0018048799308437 -1.7020581931808771 5.9833705107189914 100 85 74 2.5015748286237831 11 5178 7 9057 1 6391 14 9471
3206 2.3044008797648887 -1.7366670612926196 6.192397905521017 149 133 120 0.71082362196335735 11 8115 7 9059 12 853 1 1720 8 1023
3207 1.9927910888691365 -1.624894976849049 6.0363536869624692 157 141 126 1.0556385128037582 11 8140 7 9074 12 882 1 1757 8 1068
3208 -0.41639138741704929 -1.4178218199533097 6.6335905504196857 146 136 127 0.3957111467862825 11 746 7 9083 12 810 1 6358 8 988
3209 1.0898707789628301 -1.413300480014082 5.4235600516563833 138 124 115 0.87605684459232991 11 5264 13 6313 7 9109 12 917 8 1137
3210 1.0886186958334667 -1.4136606158806133 5.4202428244143706 138 124 115 1.0825068303512138 11 5265 13 6314 7 9110 12 918 8 1138 4 6143
3211 3.0579631715203694 -1.6491563394218161 6.3026834200158266 105 100 97 2.104290970040982 13 4058 7 9117 14 7710
3212 2.2853057000846428 -1.5318670855067722 6.123613794412293 150 132 115 2.3054265560242464 5 6662 7 9133 12 967 8 1131
3214 2.5720139269377054 -1.5057132170045713 6.2181600030995066 119 103 87 0.31013313120020319 11 5304 7 9169 8 5124
3215 2.2576130613504617 -1.4146526933781565 6.0010291655771892 46 35 29 2.2137247279629553 5 6693 7 9201 8 1216 14 9499 13 6476
3216 -1.3828215779635311 -0.98065167328278069 4.892162971266969 109 103 103 0.57535204063640577 3 4018 7 9213 8 5178
3217 -1.3188147738527576 -0.97796401204183847 4.871769652035205 104 96 93 1.1339300616868155 11 8241 7 9218 12 4070 1 9437 8 5182
3218 -1.3188147738527576 -0.97796401204183847 4.871769652035205 104 96 93 1.1339300616868155 11 8242 7 9219 12 4071 1 9438 8 5183
3219 1.8774840903537169 -1.3061528389499231 6.0028647823095005 103 94 85 0.14099370158964247 11 5374 7 9226
3220 1.8462045366249962 -1.2993590828345547 5.9340712410086951 103 94 85 1.2956119425948325 11 5375 7 9227 12 1072 14 8741
3221 -0.14211722298822096 -1.0578936872933775 4.8136475788341508 36 32 33 0.43605775475998687 11 8250 7 9228 12 4109 8 5200
3222 2.8577653212593734 -1.3564742737930116 6.1568950849590767 124 110 99 1.3048909948776983 5 4341 7 9240 12 1104 1 2084
3223 2.7972659430644033 -1.2885799747179867 6.1281201032390733 145 131 120 0.98099880585542198 5 6741 7 9256 12 1141 13 4204 8 1338
3224 11.554019390296759 -2.222383659626606 13.236299638213875 142 126 113 1.0188480669540765 13 4599 7 9275 12 1186 6 8884
3225 3.9037339243227698 -1.2472404035819835 3.7873620564439805 147 120 101 1.5028926240831852 13 6578 7 9277 12 4228 8 1575
3226 1.9112414323709537 -1.0774624118334264 5.9325094000229317 131 118 109 1.3792669513787283 13 8093 7 9303 12 4198 1 9545 8 7849 14 9538
3228 1.6939741969946254 -1.0272684501215334 5.8277221785238629 137 124 115 1.7575873852439776 3 6255 7 9310 12 1210 8 1456 4 6293
3230 1.608854771227203 -1.0061276856911663 5.7852015390625491 175 160 148 0.99905117944281241 5 6789 11 5546 7 9322
3231 2.6824963896708232 -1.0920243575723585 5.9893046936303236 158 145 132 1.5613615737247142 13 6629 7 9326 12 4225 1 6716 8 5273 14 9562 5 8351 6 12593
3232 2.2178000565329232 -1.0497652866724241 6.0750462188978567 47 42 43 0.49533108776347518 11 8329 7 9333 8 1476
3233 2.2135663133364383 -1.0501688057229321 6.0682917631143658 47 42 43 1.5710563105317903 11 8330 7 9334 3 7630 12 1233 1 2227
3234 0.25477562479220561 -0.85725262925633272 4.9611661338047988 41 32 23 0.66274593710573126 11 5578 7 9342 12 4210
3235 3.0381369734952726 -1.0916137771321952 6.182183513784195 156 140 128 0.95902244864240949 3 6249 13 4387 7 9347 12 1257 1 2264 8 1504 14 7835
3236 0.40609378666723794 -0.8564452856357746 5.0206686691067235 142 123 108 0.75191182609174878 13 9006 7 9351 12 4222 1 6725 8 5307
3238 1.9320952849441051 -0.89854121328426606 5.9348788564732811 37 34 31 0.92605600553171497 13 6646 7 9378 12 4267 1 6775 8 5330
3239 2.6823268453503566 -0.93746742464586352 5.9569332856405959 152 136 121 1.0231670810401685 5 6841 13 6692 7 9386 12 1316 1 6795 8 1608 14 8861
3240 3.9482359972724228 -1.0236487345674909 3.6929101450683137 141 117 106 1.5122342874048715 3 7565 7 9387 12 1371 8 1768
3241 2.7854343482704409 -0.93396452908225991 6.0163096864208701 160 143 127 0.77092526392243321 5 6847 7 9389 8 1611
3242 4.0797806243160251 -0.96896240181774818 3.4963522589982108 164 146 133 1.966325104959338 5 6784 7 9410
3243 11.555160607565902 -1.3429608547348568 13.208255295112966 151 135 119 0.9000924132686533 13 6909 7 9437 12 4345 1 9651 8 5311
3244 2.4034573537158743 -0.77058922327055224 6.0254830466857996 145 130 111 0.6103127208999467 13 6735 7 9440 12 4334 1 6845 8 5413
3245 2.4034573537158743 -0.77058922327055224 6.0254830466857996 145 130 111 0.6103127208999467 13 6736 7 9441 12 4335 1 6846 8 5414
3246 11.604320902066537 -1.3257678805405961 13.106544480826916 135 119 106 1.2207272862754746 13 4739 7 9443 1 9658 8 5319 2 8411
3247 1.8146214321397451 -0.71037931341951277 5.8262227679030767 30 25 24 0.84213205390637869 11 8452 7 9447 12 1383 1 6854 8 5431
3248 0.61259949877555309 -0.54617243141059424 5.134483896528474 127 109 95 0.42329711449643381 5 4656 7 9489 12 4377 8 1806
3249 2.0939160014693639 -0.61376238116875792 5.9165731799907952 28 24 17 0.88512028453053881 3 7730 5 6924 11 8479 7 9493 8 5490 4 8688
3250 2.6868843197445154 -0.61927259499630127 5.8906486412017456 140 131 116 0.51953184099017347 11 5790 13 6810 7 9514 12 1495 1 6948 8 1831
3251 -1.8895513951620204 -0.2923258937465496 4.911066245919252 47 42 38 1.9323007994155881 5 4740 7 9555 12 4410 1 9731 8 5538
3252 -0.98713585869013942 -0.29924024242730601 4.5569503972753633 120 112 105 1.8510872623895116 13 8081 7 9597 1 9793
3253 -1.0253854638182047 -0.27740174504470672 4.5864705950165385 42 32 30 0.97689264704889511 13 9633 7 9603 8 5612
3254 2.0982815940984212 -0.38629698523582895 5.3809885285726216 158 141 131 0.933067283812681 5 7013 7 9622 12 1625 1 2798 8 2006
3255 2.5151422471623732 -0.39474681151888924 5.6249507338989364 142 128 119 0.93064933717777865 5 7019 7 9625 12 1632 13 4677
3257 -2.038017879052215 -0.11560056498194105 4.9484383428040273 49 41 38 1.4826199841003949 3 6592 5 7064 7 9663 12 4524
3258 5.270506897537536 -0.2209082355502715 8.3161372350973686 28 18 19 1.0622989354092898 5 4962 7 9704 12 1717 8 2036 2 10091
3259 5.3664339578185505 -0.22260931336834983 8.2925581935260144 32 22 22 0.5876768294428647 13 6986 7 9709 8 5649
3260 0.57032835722501496 -0.19719646879722075 4.8973442845588071 40 31 24 0.7361714359560505 13 8259 7 9712 12 4593 1 7122
3261 0.91794752733136742 -0.18477354349534292 5.0516496846603562 150 128 105 0.55744489247333617 11 8671 7 9727 12 1731 1 7138 8 2155
3262 1.7118953255516898 -0.15941649783286138 5.2262305729889587 103 83 59 0.68563238024808193 13 6899 7 9760 12 1781 1 2970 8 2200
3263 5.9743719796936947 0.054961278106310324 8.2061807834952312 142 132 122 0.7096495604647598 5 7161 7 9824 12 4665 13 7061
3264 5.7879037375787172 0.1499837189893401 8.1234273201355442 147 135 123 1.7317031913073393 5 7182 7 9844 12 4681 13 8428 1 9927 8 5770 2 9461
3265 5.4858117425694948 0.20205812003814821 8.2333384114978525 19 13 13 1.026747009900816 5 7187 13 5095 7 9857 12 4687 1 7247 8 5775
3266 5.4787179957591867 0.20009271023732994 8.2241054654860459 19 13 13 0.94400460046799606 5 7188 7 9858 12 4688 1 7248 8 5776
3267 5.3870974137649963 0.24671905541197492 8.1818249122300983 83 70 61 0.91296727989585558 5 7198 7 9867 8 5790
3268 5.5236707556077196 0.22739856499309213 7.933064653786972 142 134 125 0.10894221248282225 5 7199 7 9872 8 5796
3270 -0.92166051553960204 0.18349240469613132 4.4712431030740598 133 109 93 0.27918628124401568 13 9186 7 9893 12 4727 1 9967 8 2416
3271 6.268965598394856 0.37088933818204178 8.2716937710024645 157 140 122 1.3365360959023287 5 7232 7 9897 12 1943 8 5835 2 9503
3272 0.31954544006905194 0.029062866479088068 3.3465165011678826 149 137 125 0.23915860003228939 13 9193 7 9904 8 2491
3273 3.2135602885067431 0.24029790089183983 5.9508194518681607 154 128 105 0.52352530446482914 3 7891 11 8829 7 9906
3274 5.5841193285683595 0.40780468255848812 7.9621342486329398 84 63 46 0.71941464361413676 5 7244 7 9908 2 10159
3275 2.1558947583242731 0.2372253176344174 5.5062040763559557 46 31 24 1.0603182837370451 13 8411 7 9912 8 2437 14 9696
3277 -1.914318418889438 0.31514778761615259 4.7692606465523841 160 133 114 1.4542756892144473 5 7249 7 9926 12 4755 8 5882
3278 2.0558205160976812 0.2795012822835094 5.5187054515770368 79 65 56 1.0134933511103539 3 6731 13 7089 7 9928 8 2460 14 9704
3279 6.282012665737752 0.52667303642777819 8.1865225038068399 156 137 121 0.8603805334861484 13 2274 7 9944 12 2005 1 3259 8 5884
3280 6.0175609444476343 0.56170878485375797 8.167772487437178 45 35 25 1.2421674526943201 5 7275 7 9952 12 2030 8 5897 2 10184
3281 2.0588994452627536 0.35986010220449172 5.5429764837185873 61 47 36 0.53231189210480445 13 8450 7 9961 12 4793
3282 5.9215534076903431 0.5778345807798706 8.0943557622119009 159 147 138 0.70744101661921222 5 7285 7 9964 8 2485 2 8544
3283 5.8298874214813878 0.59935200030949998 8.015915898532004 33 24 16 0.93183177507507808 5 7295 7 9971 12 2052 8 2506 2 9517
3284 2.0479887635622562 0.38547018084736107 5.566015975087593 32 22 15 1.4431513193250536 5 7279 11 6407 13 8457 7 9974 12 2050 8 2530 14 9726
3285 1.9988966605557432 0.39337573435293444 5.564614930733331 102 89 80 0.78620884940508184 5 7284 7 9976 8 2537 14 9725
3286 1.1921625135504361 0.35656611911498504 4.8828294261532372 151 135 119 1.5185706403162562 13 7114 7 9990 14 9064
3287 6.191176669479912 0.72948618259715003 8.1542408268554496 111 97 80 1.4989654955854337 13 5307 7 10002 12 2104 1 7456 2 10202
3288 2.0153572424600932 0.47426239522610319 5.5116939718453777 105 90 83 0.65090853086345923 11 8924 7 10005
3289 5.8165907434778381 0.74457089300850698 7.9767905735282651 41 31 21 1.2142202336659975 5 7331 7 10010 12 2121 1 3427 8 5998 2 10200
3290 5.6193763465888074 0.73972071240476978 7.9214321291493706 131 112 94 0.39419210796409532 5 7336 7 10012 2 10197
3291 2.7467135834089089 0.45550112296593953 5.4057669444524157 143 130 115 1.8523620071747455 5 7322 7 10015 6 13348
3292 -1.952508785943031 0.54552132632725858 4.6931100776606378 18 13 9 1.3851509327222613 5 7374 7 10045 12 4880
3293 -1.9540459621603699 0.5468739687487375 4.7020322442693585 18 13 9 1.7216192027582156 5 7375 7 10046 12 4881 8 6067
3294 2.5434942044971685 0.57478502242139373 5.4640998346163032 92 75 65 0.87058186715919172 13 7255 7 10048 12 2199 1 3566 6 12836
3295 -1.3445510118803439 0.51331015137808467 4.4805336944494352 97 84 76 0.65573331941282986 11 8994 7 10051 12 4892 1 7555
3296 1.3018917983565115 0.51687324073596108 4.7866761199990746 128 104 76 1.853382445689844 13 8509 7 10054 14 9735 6 13937
3297 -1.2228438101367425 0.5257277437549116 4.4427677684283609 106 92 83 0.81620089065330403 11 2855 7 10065 12 2233 1 7586 8 2723
3298 2.2444781202456845 0.74887626435344334 5.5666642527596073 81 67 56 0.62209104825792805 13 8578 7 10111 12 4941 1 10148
3299 -1.7866138343726816 0.66229767992677246 4.6106370150955271 129 106 92 1.3650638758618641 5 7446 7 10118 12 4956 1 10149 8 6162
3300 -1.2399558265115358 0.66771285150274007 4.4701580546266317 119 98 81 0.72718686751021722 11 9068 7 10135 12 4979 1 10168 8 6183
3301 -1.2399558265115358 0.66771285150274007 4.4701580546266317 119 98 81 0.72718686751021722 11 9069 7 10136 12 4980 1 10169 8 6184
3302 -1.2869844920936591 0.71229167106945945 4.5005134251023611 16 11 8 1.8451576502277955 11 9090 7 10160 12 2362 1 7703 8 2871 4 2708
3303 -1.2921583566374266 0.70792155872487383 4.4724122475547539 16 11 8 0.81359127505461049 11 9091 7 10161 1 7702 12 2363 8 2872
3304 -0.95087964893283261 0.67764505019048027 4.3310080282597996 103 86 68 0.80145701013113668 11 9086 7 10162 12 4999 1 7705
3305 4.5960656762530769 1.1414112509996668 7.1087623659328347 28 19 10 0.47069012799967919 5 5543 7 10170 8 6203
3306 0.40963022204205923 0.74649938110199332 4.6099320656514928 32 27 23 1.4141715784283193 3 6946 7 10177 1 7731 4 7157 10 9036
3307 1.2343421779913424 0.81828672465097485 4.7255778409251441 163 141 114 0.45877394964961776 11 6766 7 10200 5 5596
3308 -1.7947213216172191 0.82622225042307151 4.582388882478611 94 76 62 1.4334870327954123 3 5290 7 10205 12 5059 8 2955
3309 -1.8465874632364003 0.8595837759975764 4.5669602902694661 136 113 97 1.513125118546117 5 7525 7 10222 12 5081 1 7792 8 6268
3310 2.4230640622391704 1.0187526314766835 5.3821020959048509 118 93 75 1.3714492989207472 3 6990 11 6818 7 10227 12 2475 12 5072 1 3968
3311 5.3488955271236325 1.5065872898010004 7.7755057732242214 79 68 62 1.6210002646282176 5 7524 7 10232 8 8437 2 10648
3313 5.3680210954591487 1.5890147868863838 7.7548032835752672 65 51 41 1.3365589927147914 5 7551 7 10252 8 6311 2 10282
3314 0.76609806247345225 0.95942098681200239 4.7116692840582513 164 143 124 1.147230933816813 13 8679 7 10255 12 5111 8 6324
3315 5.3194260570289531 1.5486618595238453 7.441890485326808 147 128 114 1.6409835199952056 3 7040 7 10259 12 2525 8 3064 2 10286
3316 2.2765902206634454 1.1302792643953479 5.440288154496236 35 25 15 1.7702203880814149 5 5705 7 10260 8 3061 14 9856
3317 3.8947658803127365 0.65487017134333514 3.274819737787658 156 151 147 2.4369422984708127 3 8111 7 10277 1 7877
3318 -1.4123208300152288 0.96146518117441782 4.4484992802529524 144 126 112 0.93906338268593359 11 9227 7 10283 12 6810 1 10288 8 6346
3319 5.485675074275294 1.7932485252590042 7.8693641215533559 68 54 45 1.487738330440324 5 5766 7 10310 8 6358
3321 1.25229659295975 1.0937128480140448 4.5841655587567232 161 133 109 0.83837382740739796 11 6986 7 10339 5 5800 12 2642
3322 1.25229659295975 1.0937128480140448 4.5841655587567232 161 133 109 0.83837382740739796 11 6987 7 10340 5 5801 12 2643
3323 2.3208882585825084 1.3823353248315358 5.351994306717299 134 115 101 1.5735768785177118 5 7667 11 9308 7 10379 1 7992
3324 2.3208882585825084 1.3823353248315358 5.351994306717299 134 115 101 1.5735768785177118 5 7668 11 9309 7 10380 1 7993
3325 0.3807718430476239 1.1809639401123715 4.4950478743980131 156 135 118 2.0597239863718242 13 8763 7 10406 12 2738 8 3320 4 8381 10 9118
3326 12.797610915310182 -7.2518098006178624 15.085842540995618 155 172 188 0.30473991554705104 11 9892 7 10929
3327 12.889394748250929 -7.1859048173084661 15.198137313456339 87 91 102 2.4696085228040352 13 6255 7 10931 1 8890
3328 -0.048675752993745547 -3.6678209544858369 9.9122762416941708 98 101 106 0.88609419698142444 11 9895 7 10944 1 10962
3329 0.040157307000875442 -3.4862801668583763 9.9032355690347451 111 110 115 1.7580368764814971 11 9902 7 10963 12 5899
3330 -0.3979526229791841 -3.303501604556756 10.053209094650491 95 96 101 0.7507211255496421 5 8165 7 10982 1 10998
3331 -0.063280693761250673 -3.2935699622661292 9.9055401199690554 150 153 158 0.94710876438428837 3 7498 11 9908 7 10985 1 11008 8 9195
3332 -0.0642346340915943 -3.2935975489001885 9.8994859892906089 150 153 158 1.0146765619877227 11 9909 7 10986 1 11009 8 9196
3333 0.049351629938404751 -3.2864730934784423 9.7774574715588773 117 118 122 0.84351133021550806 11 7909 7 10987 1 11012 8 9199
3334 -0.4393405359280842 -3.2010692419238831 10.162750448565543 128 137 145 2.2889509312219052 11 9914 7 11002 12 5921
3335 -0.11537481215514578 -3.2101548547360137 9.9445069970897073 124 131 137 1.7174522361379896 3 6021 7 11003 12 5924
3336 -0.11260109486650657 -3.1955480099396327 9.9030525879303202 124 131 137 1.0290415709993337 3 6022 7 11004 8 7413
3337 -0.010970319694608655 -3.2062282318259525 9.8598875331220572 113 122 129 0.40982148600928298 3 6020 11 9915 7 11005 1 11022
3339 0.037191995313637982 -2.6208724533554344 7.0409099046059511 43 51 62 0.52312088192576689 11 9920 7 11009 12 3646 8 7465
3340 -0.24141680177200353 -2.6776215829405206 9.8026577650263835 132 142 152 0.99897228751100331 11 9947 7 11059 1 11060
3341 11.649175994999245 -4.7789397336444006 13.920920317723661 129 127 130 1.6221322577208239 11 7950 7 11062 12 3794 8 7493
3342 11.50498487063069 -4.6017356568540322 13.905056184041543 135 135 137 1.8069375495005875 11 9955 13 8045 7 11071 1 11111 6 11784 12 3807 2 9334
3344 -0.34826812695351167 -2.3289208331127225 9.7095749673157226 38 36 39 1.4716967537896368 11 9968 7 11096 12 6032
3345 12.350584062737388 -4.1933868825568652 13.166668530968487 65 59 59 1.3000883590840189 13 6558 7 11105 1 9203 6 11815 2 9350
3346 -0.34818966220490394 -2.2275139797643684 9.6089896996642405 146 142 141 1.3309643228134522 11 9970 7 11111 12 6041 1 11103 8 7531 1 9148
3347 11.74404393648469 -4.0536001244005364 13.559930174615117 36 35 40 1.0146083806785788 13 6568 7 11118 12 6104 1 11153 8 7550 6 10556 2 9347
3348 0.53666025712907772 -1.7895370897084113 5.733203477529198 98 98 98 0.66856751893181721 13 8923 7 11128 12 6084 8 7618 15 201
3349 0.62188151587447427 -1.7356757409135255 5.4811854629895205 122 116 116 0.77644584768338298 11 10003 7 11134 12 6094
3350 0.92927609165881486 -1.7353691528014166 5.4300694663022782 100 91 86 1.4350101705726808 5 8222 13 7918 7 11139
3351 -0.58967972818280812 -1.8515663745685782 9.6615181884777037 90 84 84 1.6219047082810492 11 10011 7 11159 12 7404 8 9290
3352 1.741429069776427 -1.6898823094423361 5.9051091420091808 145 136 129 0.9908983624528892 11 8108 7 11167 12 3966 12 6154 1 9316
3353 -0.62507035849841075 -1.6493451036234874 9.6602033713223001 161 159 160 1.6213584938072443 11 8111 7 11183 12 6134 8 7616
3354 -0.52481578716498445 -1.6568929755603032 9.6051798072632035 147 146 147 1.4838213779041201 11 10031 7 11184 12 6137 8 7622
3355 -0.52607970812600635 -1.654260573966212 9.5714088189585009 147 146 147 1.0012056380784289 11 10032 7 11185 8 7623
3356 2.1574930570904103 -1.6409574135967084 5.9983519153422504 151 137 128 1.7161522866934762 11 10056 7 11187 8 1072 14 9478
3357 0.062142109710620064 -1.4518783818294743 6.5020113199992808 127 120 112 0.36189820468590594 11 10050 7 11190 12 6160 1 11243 8 7692
3358 2.2453073278832738 -1.5757540745586009 6.0835331024173476 153 138 127 1.1663026310775444 5 9268 7 11199 12 4043 1 6461 8 5091
3359 0.53328118711018135 -1.3913013093944939 5.8983386908459172 88 77 73 0.46644043381567452 11 8160 7 11201 12 6175 8 7726
3360 0.52966753408445744 -1.3472218188821943 5.859902997581445 136 118 106 0.50778112010935217 11 10075 7 11213 12 7471
3361 0.54658918696665815 -1.2342936616713824 5.5158526130072447 157 144 135 1.0163638871832608 11 8215 7 11235 12 7488 8 7775 8 9377
3362 0.58811616779483944 -1.2181010463596509 5.5055953032535978 106 92 81 0.8176551911947243 11 10097 7 11239 12 6207
3364 -0.27203753840642542 -1.0624692959470639 4.7785355370139726 46 40 42 0.96070639780631162 11 10108 7 11252 12 6212 8 7796
3365 1.9940707123749402 -1.2203933739944337 5.9900968368568872 132 122 114 1.4389629242434179 5 6744 7 11271 12 1124 14 9522
3366 0.026127454984284593 -0.89700101381221897 4.8480562967344651 155 139 124 0.59316061535663722 11 10154 13 9597 7 11290 12 6280 8 7864
3367 4.0374192757619243 -1.1045030513054219 3.5694739163116975 88 75 66 2.0214059750088884 3 8535 7 11306 12 6352
3368 10.013232346273409 -1.6471186128507083 14.518493342551386 183 192 194 1.9023186380840433 5 8392 7 11312 12 6319 8 9409
3369 10.007878520821093 -1.4516056883905561 14.749730162455631 178 187 192 1.3201018047930377 5 8409 7 11335 12 6345 8 7838
3370 2.6236278247656641 -0.85487394743326572 6.0376413193264193 153 136 118 2.3854037009523856 7 11345 9 12096 3 7669
3371 2.5288750825315889 -0.83443684367277426 6.0149124411920463 136 119 99 0.80757321807172577 5 8385 7 11347 8 7921
3372 2.4640187181107911 -0.73708752062748584 5.9997067459150184 162 140 117 1.0693076649776012 13 8222 7 11371 12 4358 1 9688 8 5438
3373 5.6099033685712261 -0.72571750430826198 8.8924093029348992 55 60 67 0.18201652528873763 14 8070 2 9375
3374 2.2367535957355682 -0.60013221396911864 5.9694592438421985 33 29 24 0.60952673582343919 3 8648 11 10258 7 11403 12 4412 1 9726 4 8689
3375 -0.88915015820237464 -0.39167986728880289 4.6057504764199315 148 138 128 0.84343427114466485 11 8524 7 11418 12 6398 1 11475 8 1886 3 4394
3377 2.5758206430473143 -0.53061398756008649 5.9722537243982368 41 37 28 1.2091208801192643 11 10286 7 11427 12 4454 1 9774 3 6415 8 8017
3378 0.12416311895052462 -0.39636384666816177 4.7628012990832902 27 18 10 0.57532369752552448 13 9097 7 11446 12 4457 11 10301 8 5576
3380 1.8768080360557797 -0.46212087533628532 5.366942373523611 114 100 87 1.5389285260222194 5 8454 13 9144 7 11454 1 9795 14 10082
3381 7.8414519754795542 -0.55656307502115454 9.7177904566526081 59 62 67 0.68643109932258317 5 8490 7 11466 8 8015
3382 -2.3260204986825532 -0.22393796835093016 3.8035509539213659 82 66 50 0.19957902450364484 11 11559 12 7627
3383 0.07776542587440588 -0.25030357483254689 4.6696029787993831 41 32 27 0.31241410704759159 13 9668 7 11495 12 6473
3384 0.55328653022701213 -0.1692049063599218 4.88877407508072 65 54 48 0.73481549464606433 5 8510 7 11525 10 8856
3385 1.3634941063790866 -0.2054238679858435 4.9460790202923741 155 140 120 0.6454883548109025 5 8509 7 11529 6 13886
3386 -1.1736636224511989 -0.085006754143768196 4.6185511459050854 137 123 114 0.54878675625031037 11 11591 7 11534 12 6491 8 5725 1 9873
3387 0.058837833441115095 -0.11026022498599113 4.6550584800629995 123 106 99 0.62143741336716662 11 10363 7 11540 8 2221
3388 0.81203908852799123 -0.082069617422275531 4.9719838969129313 155 137 117 0.92077936027542773 3 8714 7 11544 4 8809
3389 3.9288676627573831 -0.31526025419294473 3.6957232033128147 122 97 77 0.69065994305511114 5 8520 8 5798
3390 5.8479336155895076 0.042084388455831553 8.2390011914099688 154 132 113 1.4645453070526706 5 9432 13 7051 7 11564 12 4659 1 9903 8 8136 2 10558
3391 5.5410141086505194 0.14489912414736678 8.2369971052899871 55 54 59 0.900705881851113 5 7178 13 7080 7 11579 12 4676 8 5762
3392 0.28572357772048274 0.086148075120114367 4.7234685227202098 147 133 122 0.71880831256413913 13 9196 7 11587 12 4696 1 7262 8 5821
3393 2.6724293948513838 0.2667357093882724 5.4912134782432558 155 138 122 0.061490748999458444 11 8854 7 11637
3395 -1.8594044666516667 0.36502380442780602 4.7442915839977742 118 92 74 1.639296316357566 5 8623 7 11656 12 6602 8 5934
3396 5.506413366425785 0.58255406011442534 7.8377384086681721 126 104 86 1.469874322908491 5 8627 7 11665 1 10024 8 8240
3397 1.2363778224367858 0.3360505984832165 4.8252539542076516 29 21 18 0.40883892417193879 13 9244 7 11673 12 6619 8 8261
3398 2.2636788792588773 0.47210752964095176 5.5371902543399001 48 34 23 1.3763522489368325 11 10497 7 11689 12 6630 1 11692 8 8270 14 10170 6 13951
3399 2.4075153900242197 0.47667984300626048 5.4989800750795101 59 45 36 1.2446494730233566 13 9270 7 11696 1 10061 8 8277 14 10171
3400 0.036705718210049254 0.44115646883435949 4.470605065207387 42 28 19 0.80689413586842729 5 8658 7 11714 12 6644 8 8303
3401 0.023826414941481133 0.56659487322030899 4.4875091628036126 95 76 62 1.0203538047696759 13 9279 7 11751 8 6142
3402 2.3229743570270998 0.77604634380627335 5.5162495482689415 79 65 54 0.32314934508670601 5 8705 7 11767 14 10205
3403 -1.7908819292615954 0.72580298981585689 4.5998467365106981 79 61 47 0.95335572111487532 5 8730 7 11778 12 7858 8 8366
3405 -1.0320231803397091 0.75342831022338452 4.3897701821419544 140 121 106 1.0615815600151894 5 8759 7 11809 1 11810
3406 1.2106568978795158 0.81794473028684789 4.8100665375599334 166 135 105 0.76191838091654152 13 9342 7 11814 12 5038 8 6242
3407 -0.99065601333104725 0.77160837662981296 4.3432545934457405 60 44 31 1.0362855596192475 13 9837 7 11823 8 8416
3408 2.3226173307526183 0.99034608634961063 5.4688651961230859 117 95 82 1.4802498480443758 5 7508 11 6775 13 9361 7 11832 1 10228 8 8427 14 10218 6 13985
3409 -0.96414962579999353 0.78310012579177957 4.324872048339711 156 134 120 0.8532624360497193 13 9841 7 11834 12 6762 1 11823
3410 5.3096989710314295 1.6562252790740772 7.5402994928386997 70 53 43 1.4609086262202453 7 11897 2 10943 8 9887
3411 2.3992617642354941 1.1769535448533386 5.3673093204560294 30 17 8 1.6205335763101045 5 8808 11 9216 7 11899 1 11867 3 7067 14 10232
3412 -0.99311048914129574 0.95278942397953037 4.2869483140101243 85 66 51 1.4608021007442507 5 8821 13 9389 7 11907 11 6952 12 6826
3413 2.6346787634364226 1.2078728697591026 5.2961212906885891 122 106 91 1.5075351022919894 5 9636 13 8715 7 11911 1 7919 6 13465
3414 2.3858535346763827 1.2188190675588964 5.3109974449566355 53 36 29 0.64315366978787802 5 7604 11 9240 7 11914
3415 2.3858535346763827 1.2188190675588964 5.3109974449566355 53 36 29 0.64315366978787802 5 7605 11 9241 7 11915
3417 5.3917040531958103 1.8277976632678237 7.6498029328741506 60 46 35 1.4631536541134234 5 7616 7 11937 8 8533 2 10686
3418 -0.71811468145739665 0.38366120439053264 0.18470693428386087 126 104 83 0.69871292056079637 11 7684 7 12315
3419 -0.29162961423146189 -3.7422282623887355 10.076288314300559 66 67 72 1.1885454238512159 11 11233 7 12384 1 12282 8 10352
3420 -1.1209550749425885 -3.8301500862907552 11.143565982645935 120 127 137 1.0414258324207277 11 11231 7 12386 8 11190
3421 0.010290928453697112 -3.7044863575460036 9.8926275054943975 109 112 119 0.91062362262822028 3 7476 11 11234 7 12387 1 12287 8 10354
3422 0.086117954465783408 -3.6775655468676254 9.8310387121229201 69 72 81 0.6760599120754911 11 11235 7 12390 1 13194 8 10355
3423 0.7817837578146577 -3.8613031866397569 10.149958527517704 129 128 133 2.1080312897555977 3 8476 7 12391 12 7260 1 10966
3424 12.294252174106543 -6.5604830351632701 14.97267008638531 74 77 92 1.4172528419289594 7 12394 12 5930 2 10015 6 12635 15 79
3425 12.562022639633385 -6.5038494197669765 14.730085345012345 107 107 115 2.3920291030308567 13 7979 7 12396 12 5941 1 11024 8 9189 6 11708 2 10018
3426 -0.1098314401250545 -2.9701778962705037 9.9146865261697865 132 142 152 1.0775229446270416 11 11266 7 12443 12 8310 15 980
3427 12.40189150303596 -5.222101324981729 14.568742468460577 82 80 83 1.4677702025435204 11 9933 7 12454 1 11087 8 7470
3428 12.40189150303596 -5.222101324981729 14.568742468460577 82 80 83 1.4677702025435204 11 9934 7 12455 1 11088 8 7471
3429 -0.33853782429053364 -2.6709051286427115 9.9422757702273827 135 144 153 1.8791031152673481 11 11276 7 12464 12 7335
3430 11.738169034094788 -4.6813533231307449 13.791370763902149 137 136 137 1.4690628944728641 11 11284 13 8041 7 12472 12 7373 1 11108 8 9241 6 11782
3431 -0.12908809353418574 -2.147828674463927 6.8203170346743258 112 107 104 0.8852414862716369 11 11289 7 12475 12 7350 8 9257 1 12368
3432 12.130259503996001 -4.6289969808051588 13.325864856481084 48 45 52 1.8199836800918292 11 9954 7 12476 12 7381 13 8049 1 11114 8 9246 6 11790 2 10038
3433 11.450552426179927 -4.4832511391093979 14.440149797232156 139 137 140 1.5472480006006426 13 8059 7 12489 12 7389 1 12396 8 9248 2 10041
3434 0.62084807887465399 -1.9100461379050264 5.5111699186578207 100 98 101 1.4302559820529308 11 11304 7 12492 12 7380 8 9292
3435 13.330484236056563 -4.4348828229491533 13.227981579963421 68 71 78 1.4847490405867179 11 11299 7 12493 12 7401 1 12422 13 8086 8 9265 6 11820 2 10054
3436 0.10026263619209558 -1.8811962563860325 6.5955268850908757 88 84 86 0.74997897613524156 11 9981 7 12499 12 6068 8 7580
3437 1.8326947212806779 -1.7989697425530713 5.959276870631113 136 128 121 0.9226090396962765 11 11333 7 12515 12 7428 8 9334
3438 0.041669092639955441 -1.6592220756044689 6.5619218192597097 130 120 116 0.77884238677665418 11 10019 7 12516 1 11190
3440 -0.57458073502140172 -1.7413322632157768 9.6552059222966182 151 149 149 1.6536269030500557 11 10020 7 12531 12 7418 8 9300
3441 -0.57458073502140172 -1.7413322632157768 9.6552059222966182 151 149 149 1.6536269030500557 11 10021 7 12532 12 7419 8 9301
3442 4.1874585631445091 -1.4901470075713461 3.6208797215653448 91 104 113 1.5858459856192075 11 11382 7 12567 12 7502 8 7839 8 9429
3443 4.0968223224168625 -1.3099640202081859 3.4405166651069585 93 80 69 1.389609136058253 3 9181 11 10132 7 12592 8 7886 15 412
3444 4.1349008355069383 -1.3132184347541946 3.4797595802855539 93 80 69 0.98116402463417629 11 10133 7 12593 8 7887 15 413
3445 4.1031062133197302 -1.3042375227506615 3.5275523546676189 103 92 82 1.2580795261373416 11 10135 7 12594 12 6294 8 7891 15 411
3446 0.0087966082913292221 -0.99842970216401805 4.8609912936588673 120 107 99 0.41750406540917534 5 9296 7 12595 12 7501
3447 4.114045902230183 -1.273390657085492 3.4350344207507488 65 53 41 2.0043653287945729 3 9190 13 10080 7 12606 11 10141
3448 0.35643733972659863 -0.95892067491288602 5.0093042163006496 140 124 116 0.87162176550989068 13 9601 7 12616 12 7517
3449 10.112237259554218 -1.9373250770507393 14.888848447231004 73 76 89 1.4356715791440173 5 8367 7 12625 8 9383
3450 10.112237259554218 -1.9373250770507393 14.888848447231004 73 76 89 1.4356715791440173 5 8368 7 12626 8 9384
3451 -0.64914494159924874 -0.88144328651286885 8.7655473240333848 108 100 97 1.9237077853584186 5 9326 7 12627 12 6261
3452 -0.36621109704507593 -0.81075161305789734 4.7124844414750733 168 150 136 1.4454876562661385 13 10042 7 12631 12 6290 8 7877
3453 -1.1342048339598962 -0.36201614902854018 4.6699517243759878 32 38 24 1.5116518994604997 5 9363 7 12698 12 7596 1 11478
3454 -1.0975041257663767 -0.34576222485598157 4.6455895402540781 93 93 83 1.2571739081856197 5 9369 11 10298 13 9625 7 12706 1 11487 8 9566
3456 1.1707385879874566 -0.13995552933686234 5.0526370052769947 156 141 122 1.2325225415927989 5 9413 7 12773 12 7696 1 11577
3457 -1.189735563072807 -0.037750831844411969 4.6150547207691517 134 116 104 0.95954612892945834 11 11601 7 12776 12 7693 1 11575 8 8134
3458 3.9777646841100993 -0.3446579656613204 3.6757326562950778 188 167 150 1.4288883399417855 5 9404 7 12782 8 8160
3459 3.9451416472916789 -0.3539345562063389 3.4660511265103908 77 51 28 1.6753493279467999 3 9290 13 9727 7 12785 1 12721 8 8170
3460 3.8190987474735327 -0.31246533810609251 3.6597682031551932 117 85 70 1.5261246860625017 13 9731 7 12787 1 12722 8 9652
3461 5.9629475185204566 0.01194169903943932 8.2605628633362773 45 28 20 0.70073487711000149 5 9429 7 12790 12 6534 13 8397 1 11588
3462 5.9449110143526598 0.0088444176905424915 8.2356894202173105 45 28 20 0.59525050288611325 5 9430 7 12791 12 6535
3463 -1.189146642413268 0.19727178817548113 4.5617237987644286 154 135 119 0.372984360087176 11 10435 7 12822 12 6559 8 5848
3464 5.3652825967651498 0.35530123664101482 8.04606189025262 66 57 52 0.70625118374039642 5 9454 7 12823 8 9663 12 7730 2 10869
3465 5.3523164109239971 0.34283916151484006 7.8951468377400245 144 131 118 0.8508419499931642 5 9455 7 12824 12 7732 2 10868
3466 2.4116735068919448 0.17939854678647044 5.4369918917790718 126 106 95 1.4348109372676519 13 9229 7 12825 12 7731 1 11637 8 9673 14 10385 6 13932
3467 3.7768791974561373 -0.051305093365431716 3.7486438750071165 64 59 55 0.20240241145099808 5 9445 8 9697
3468 -1.8085586606261552 0.40532970600615403 4.7677811467558486 165 152 143 1.5105642054655217 3 7957 7 12865 12 8608 1 13550 8 10777
3469 0.28548589247419331 0.41472917717724594 4.6079992139064565 28 15 7 1.5430725540887154 13 9762 7 12881 12 7795 1 11700 8 8287
3470 3.916774933491888 0.16732246450953159 3.4369098474070472 130 113 97 2.3636083754897164 3 9354 7 12892 12 7809
3471 -1.240903201701637 0.47477972012499109 4.4573704324935974 98 84 75 1.2407338172946076 11 10522 7 12893 12 6642 1 11710
3472 3.9114228504608248 0.21818691645103355 3.4257720395007381 139 120 103 2.1219630202316497 3 9357 7 12895 12 6659
3473 -2.4257601665118247 0.37442317738378972 3.4834480790899547 20 20 15 0.93664787703297359 11 11713 12 4890
3474 -2.4257601665118247 0.37442317738378972 3.4834480790899547 20 20 15 0.93664787703297359 11 11714 12 4891
3475 -1.3964199826722727 0.59694870949149847 4.5517016369994829 111 96 83 1.4121136383808837 11 10552 7 12911 12 7831 1 11728 8 6133
3476 -1.1107541583975824 0.64583437837692659 4.438901861644478 108 89 74 0.8148331872514063 11 11740 7 12927 12 8662 1 12810 8 9790
3477 0.53941829747622316 0.69574942500206494 4.6791055410843194 140 108 87 0.63076556129874894 5 8721 7 12936 12 6705
3478 -1.823391740268447 0.7232256399844661 4.6130133860382827 144 123 104 1.5777223336641319 5 8728 7 12941 12 7857 1 12819 8 9797
3479 -0.7803651339285218 0.69769496864286407 4.30704675192833 116 95 78 0.58944070494346279 11 11758 7 12953 1 11795
3480 5.3429515297999046 1.404547477933161 7.8776125552775573 35 28 20 1.5136420065848928 5 9565 7 12970 2 11132
3483 -1.8872576232457834 0.91590244207918392 4.5697605358712812 61 45 32 0.84932032303032645 5 9602 7 12993 12 7922
3484 2.3091920547465019 1.1343249135078097 5.3938150188502156 103 77 60 1.2856237666816126 5 8793 11 10667 7 13007 14 10430
3485 -1.3614019212549744 0.95998533531183272 4.4262913199220018 151 134 116 0.9821510438933958 11 10684 7 13014 12 7940 1 11864 8 8495
3486 -1.0279118009564665 1.0466999960593029 4.3087864344345563 150 127 109 0.90527337252422935 13 10280 7 13046 12 8758
3487 -0.12885207579725799 -3.8069606904855315 10.005037678107902 105 112 120 1.540775567288815 3 8477 7 13330 8 10350
3488 12.951773746001857 -6.675841600360803 14.868534147597202 114 116 128 1.6570724462482502 11 12269 7 13334 12 7307 1 12316 8 10358 15 963
3489 -0.5629748717406442 -2.7658845423047156 9.9963989993489832 128 133 139 1.3172791089042666 5 9218 7 13354 1 13224 11 12282 8 10380
3490 12.552079557976075 -4.9445090914881531 13.320276384158548 128 127 132 1.4026133512860059 11 11275 7 13356 8 10390
3491 11.446732608524526 -4.410932174281303 14.20506811953986 45 42 49 1.8370095889828568 13 9032 7 13372 12 8347 1 13260 2 10520
3492 -0.35720078252202847 -2.0657683880275144 9.5565128014784069 76 72 73 0.97880304981663357 11 12318 12 8344 1 13263 8 10414 15 1450
3493 -0.33325437065054625 -1.9786816333688435 9.5781692682293293 155 155 160 1.3651906823612945 11 12320 7 13389 12 8351 1 13274 8 11245
3494 -0.43828090290837851 -1.8617675864109062 9.6818947268572053 155 151 150 1.5831401456849408 11 11328 7 13400 12 8360
3495 -0.34422676729743051 -1.7525563993403797 9.5586068778595106 96 93 88 1.3596270113906475 11 12331 7 13409 12 8366 8 10440
3496 -0.06645318485410992 -1.4185503804532935 6.5320506939847842 95 82 73 1.1757101531532326 3 8558 11 11352 7 13416 12 7450 1 12471 8 10479
3497 4.1836479643020734 -1.442255337457842 3.547961799084502 24 32 41 0.90620782165935532 11 11395 7 13435 12 7509 8 9437
3498 0.42849561017037008 -0.89873372464453005 5.0314719059353497 121 102 88 0.61255000831330031 13 10055 7 13471 12 8428 8 9453
3499 10.052253917071289 -1.5676814114282578 14.711449283768772 85 84 92 1.3528054158878544 5 9337 7 13490 12 7544 8 10538
3500 1.2513918261127581 -0.65440065613139409 5.1840715954567029 154 138 115 2.1099136380687962 13 10089 7 13523
3501 1.2417002861482334 -0.59226085794525685 5.1418134243962328 41 28 19 1.3406564242731254 11 12450 13 9659 7 13534 12 7585 1 12614 8 9538
3502 2.6486447197466156 -0.58192236559371391 5.9046414481961058 142 130 119 0.50130105471285569 11 11505 7 13551 12 8497 1 12629 8 10622
3503 4.0590231338121887 -0.74723586731320535 3.5461408718810432 108 94 81 0.86958635310743182 13 9687 7 13552
3504 2.6241513673083712 -0.51349312369416233 5.9392966328866468 139 130 114 1.1486905339845839 3 9277 11 12463 7 13567 12 7624 8 9563
3505 3.8398531997251957 -0.62089885919115306 3.7445170241334713 86 55 36 0.94999338685269163 5 10066 1 12671 8 9598
3506 3.9660526116017771 -0.14552127796825451 3.8509403081823881 175 167 164 2.0567145439411569 5 10135 7 13633 12 8585
3507 5.5347535057021497 0.30297364376207003 7.9228309320121157 38 35 26 1.3813584472006835 5 10158 7 13639 12 7728 8 9658 2 11088
3508 3.7493505397977027 -0.10815303864697642 3.5227633131263776 153 133 122 1.1705352102070974 13 10156 7 13646 1 12748
3509 5.7274405672272088 0.4603712729851866 8.0035033932751194 146 121 101 1.2102752338691019 5 10166 7 13650 12 7755 13 9266 1 11655 8 9682 2 11098
3510 -1.2283324512294849 0.39187080763408572 4.4811519974534511 46 38 27 0.86408803913078758 11 11697 7 13674 12 8618 1 12775 8 9729
3511 -1.0506663581963478 0.38248115638610658 4.4074695194536782 76 59 49 0.88333231904230181 11 12576 7 13675 12 8619 1 13562 8 9734
3512 2.1364122835502108 0.5236600769381019 5.5642756620163478 47 36 30 0.69756299745637662 13 9788 7 13684 12 7799 8 9741
3513 -1.2003075725402934 0.47595605949471426 4.4545340091201444 108 92 79 0.70187378645981202 11 12584 7 13686 12 8634 1 13576 8 9757
3514 6.1800872861343716 1.1966773479756414 8.0496321840378542 85 66 52 1.5535404341503374 5 10220 13 9344 7 13708 12 7847 2 11124
3515 -1.8438717622649698 0.76563751748953046 4.5989137821827679 117 94 78 1.445026175871424 5 10243 7 13725 12 8677 8 9812
3516 -1.8438717622649698 0.76563751748953046 4.5989137821827679 117 94 78 1.445026175871424 5 10244 7 13726 12 8678 8 9813
3517 5.4434232488753942 1.4562518011517374 7.680971445383058 115 96 80 0.58605725341913883 5 10257 7 13731 8 10861
3518 5.4624594796733934 1.5603435851432605 7.7973176739446908 25 17 12 1.0460861317254075 5 10263 7 13740 8 11562
3520 2.1423680823725184 1.1721825708751696 5.5410277281756644 38 28 26 0.61008342769920187 5 10270 11 11790 7 13754
3521 -0.9607974842477035 0.94384583627560081 4.2837406618739111 108 87 66 2.0292248130531791 13 10507 7 13765 12 8742 8 10896
3522 5.3800034446679659 1.7454864261444918 7.55413830779354 128 110 96 1.9310563043214439 5 9639 7 13772 8 9903 2 11148
3523 -1.033004284623356 0.99435538148592972 4.3191733612808498 176 155 138 0.95942341281859844 5 9648 7 13774 12 8747
3524 -0.95477106171358217 1.1110322853303136 4.2379316924946782 155 134 114 0.96941579317247617 5 10318 7 13797 12 8772
3525 -1.029095981707298 1.1815618171358908 4.2456542449647019 151 125 108 1.6417990874501618 5 9715 13 10536
3526 0.14427099253367476 -4.1138938373054854 9.9619215477343683 109 111 123 1.6344946658829955 3 9584 7 13975 12 8927 8 11187
3527 12.833315959257558 -6.8574153549076815 14.781722182264076 163 179 195 1.4191528481390292 1 13207 8 11196 6 13220 2 10815 15 1717
3528 -0.17008055868031605 -3.3060947501285733 9.9578878733647507 81 82 87 1.1016157337392287 11 12980 7 13985 1 13824
3529 11.582343015765876 -4.7072100922680882 14.48010653435081 150 148 151 1.0925982777278966 13 9619 1 13850 8 11229
3530 11.882728163630453 -2.6813648630032336 14.988019549620292 74 70 71 1.5379708897455029 7 14050 12 9414 1 14327 8 11290
3531 3.9916731278681445 -1.3217094967707779 3.6359463740225122 145 136 129 1.9503934771369609 13 9630 7 14057 12 7528
3532 0.27024543253290967 -0.94148481175830268 4.972732657365218 135 117 103 0.59393870706759189 11 13071 13 10374 7 14069 12 9021 8 10554
3533 -0.43565618313296073 -0.84807596486034154 4.7083975953799628 164 146 132 1.369832958706023 11 13075 7 14072 12 9024
3534 1.1615873509114651 -0.64179212103640015 5.2722374353657031 146 129 111 1.9106366692584562 11 13100 7 14103 12 8469 1 13432 8 10605
3535 2.4741288545081357 -0.4473466299155005 5.6179655892516509 60 47 39 1.1594730025585336 5 10588 7 14131 12 9081 13 10425 1 14003 8 11416
3536 5.3126260686564253 0.24892087192646151 7.8167880171339172 98 88 78 0.77026583514513802 5 10152 7 14179 12 8578 8 10736
3539 -2.335204344092118 0.31990577361278066 3.6536452714624108 142 103 86 1.6449757519169199 11 13190 12 9144
3540 -1.2067634733087842 0.62259752621940034 4.4723093933951121 143 123 106 0.52005616747996142 11 13205 7 14220 1 14085
3541 0.86724968619210141 -3.8586961585048067 10.193217039280656 128 129 134 2.0681464416889273 3 9908 12 9328 1 13815
3542 12.441482627421115 -6.2007333990321447 15.187119974784855 158 175 191 2.0339266112096714 11 13413 13 9594 7 14405 1 13836
3543 -0.20358740445075493 -1.5917414935558349 6.5906879181380029 147 134 125 0.86958228351592592 11 13436 7 14436 12 9371 1 14302 8 11832
3544 2.6126904668178885 -1.7209088968489381 6.233741889321033 68 68 70 1.5737139269863019 3 9928 5 10779 11 13443 7 14442 12 9388
3545 11.542038039462295 -2.5196169057681863 14.237601233477793 131 122 112 2.6334456046833683 13 10114 7 14465 2 11075
3546 0.058532111006689369 -0.95638023135162153 4.8649576066713189 144 126 114 0.72672111762940406 11 13065 7 14474 12 9020
3547 2.6133079228554368 -0.51654612570785507 5.6617437004776008 144 135 120 0.57659917243713465 13 10424 7 14500 12 9075
3548 -1.0265482262063408 -0.2810523166795324 4.5881228803166429 35 27 24 1.400429708368484 11 13131 7 14509 1 14001 8 11425
3549 1.4833937203768968 -0.32695746904292217 5.0774371640975611 99 85 71 0.28809893909051054 11 13547 7 14521 8 11437
3550 5.3726429812872123 0.16211645803173069 8.239259657660881 99 71 51 1.7002142877528077 5 10872 7 14546 12 9113 8 11969
3551 6.0472750949101997 0.17395397323030143 8.2076229070417881 162 150 136 0.77144862616633791 5 10875 13 10171 7 14547 12 9117 1 14404 8 11974
3552 5.3615693978898964 0.40692600345523477 7.838243289366976 112 98 87 1.0682853645684374 5 10883 7 14553 12 9130 8 11993
3553 5.5990295947295454 0.62904088202945563 7.8721880792998347 121 100 81 1.2475929837670134 5 10896 7 14564 8 12010
3554 5.3968757423996516 0.77292803290477097 8.0361912164515417 140 120 109 1.2335630781425688 5 10647 7 14571 8 11498
3555 12.874658842606401 -6.3387159119296221 14.583397144623206 157 174 190 1.5888359556168101 13 10370 7 14681 6 13904 15 1953
3556 -0.032982376128786683 -1.9793997422745908 6.7011730280103192 134 124 115 2.1196210564932829 11 13422 7 14692 12 9662 8 12219
3557 0.71544849730938054 -0.96960786663415477 5.1601225844628633 30 26 25 0.37954743876284497 11 13737 7 14738 12 9698 8 12269
3558 -1.2049512570624656 -0.097411503010114531 4.628408828189654 127 108 94 1.8689846733389182 11 13763 7 14783 1 14620 8 12306
3559 2.0401390095294967 -0.13807482848655417 5.3531012597627434 152 127 107 1.1893170701917122 11 13766 7 14784 12 9493 1 14025 8 11965
3560 -1.2137556130930065 0.077088382128766245 4.5848327821478216 164 145 130 1.029247409479527 11 13771 7 14790 12 9730 1 14400 8 11980
3561 -1.2137556130930065 0.077088382128766245 4.5848327821478216 164 145 130 1.029247409479527 11 13772 7 14791 12 9731 1 14401 8 11981
3562 5.982037199230021 0.3455974277496473 8.1162647398718395 63 53 44 0.92558175488242633 13 10178 7 14800 12 9504 1 14046 8 11992
3563 2.4434923126045605 0.25658874516447622 5.4604167505810333 109 92 82 1.1641185927309234 11 13782 7 14805 12 9741 1 14646 8 12328
3564 0.30751225239932567 0.45558276652324742 4.6101433911097898 103 84 70 0.73524980643438331 11 13604 7 14815 12 9754 8 12347
3565 -1.0715451781429088 -0.37461266787097597 4.6485819397685697 31 35 28 1.0880093349642044 3 6456 13 9623 7 11420 11 10284 1 11472 8 8018
3566 13.086982097281936 -5.8704781302760791 14.657778479020877 117 125 130 1.3366174333432133 11 4881 7 8800 7 11006 12 403 6 10493 2 9323
3567 1.2920191945058828 -0.60011255458967538 5.1271440871140594 49 40 32 1.6527699690661017 11 13108 5 10558 7 14109 11 12446 13 10398 8 11390 1 13981
3568 10.271502859666326 0.36831422979535261 9.9621500350260721 96 74 63 1.7604135716009239 11 2350 7 2806
3569 3.7979239854276741 0.32890363099363518 3.4661176205392064 167 149 135 1.2097079403170827 13 2451 7 3403
3570 3.8388958381189897 0.37101263514905319 3.3824427843896334 152 135 119 1.3415905078259818 13 2502 7 3467
3571 3.8481321931464216 0.41282680136124555 3.3516851411369624 162 148 137 1.5659459854295128 13 5430 7 3517
3572 0.11100026159403487 0.72245100834060694 1.5482515235861514 136 113 97 0.28646899544229532 11 4199 7 4874
3574 3.7271483243042103 0.71650168855620278 3.4497440693878074 31 22 13 1.408200134225142 13 7530 7 7752 1 4100
3575 0.10448197565527428 0.72345756413994633 1.5689775715674101 149 124 101 0.12387052720986619 11 4192 7 8367
3576 0.10670130299767211 0.73540481720028528 1.5605202060356325 47 29 17 0.057865627368642591 11 4223 7 8383
3577 4.1000677598482369 -1.0664615657162178 3.447314261848029 99 81 71 1.494354547999837 5 8330 11 8394
3579 3.7529765535307678 0.39328126099909028 3.5272564019310915 138 128 118 0.87088472106709802 13 8584 7 10132
3580 0.09965587156680672 0.73145613046981828 1.5947379010999851 169 145 122 0.22763555718851075 11 9630 7 10711
3581 -2.3396029560087226 -0.83383924899149509 3.9555096117075093 147 122 117 0.29943206990499494 11 10110 12 6194
3582 4.0984031513576307 -0.68883624919702779 3.5031375031886118 79 72 65 0.59599727119929136 5 8414 12 6453
3583 3.9046267979380835 0.83639147807839931 3.2491399083389823 157 153 146 1.7472595283623702 3 8942 7 11965
3585 3.8666645060741582 0.68456138173259207 3.3837720344348301 150 142 139 0.73907362106041108 3 9800 1 12888 8 9879
3588 1.3562161298166693 0.26056257020926471 4.8112919668906065 161 144 124 1.7106380042556031 11 13585 7 14808 8 12005 12 9743
3589 -0.41431697690148328 -4.0357941145173895 10.168556351743918 79 79 87 0.30844180062945314 7 81 1 279
3591 -0.81769763735129275 -3.77357782585426 10.392090065047537 94 97 103 0.036010131719120209 7 160 1 5623
3592 -0.21901178195039328 -3.7808743463292078 10.004803696562503 130 128 133 0.94827825238065433 7 5465 1 421
3593 -0.48906316034187924 -3.6717844057042961 10.111231128514268 133 131 132 0.64237013961349765 7 5483 1 5654
3594 -0.48906316034187924 -3.6717844057042961 10.111231128514268 133 131 132 0.64237013961349765 7 5484 1 5655
3595 -0.59518190027279338 -3.507348688088098 10.149182334271332 146 144 145 0.91497971448023829 5 37 1 504 11 92
3596 -0.26792095280379147 -3.4785097036715675 10.080443356422389 121 117 122 0.79644973692194188 5 58 1 5713
3597 -0.92067363342470387 -3.3241739432868531 10.696621716908821 74 73 79 1.243194662442924 7 333 1 5743 8 222
3598 -0.92067363342470387 -3.3241739432868531 10.696621716908821 74 73 79 1.243194662442924 7 334 1 5744 8 223
3599 -0.66195438638452853 -3.1936383993566491 10.040024322520019 124 116 113 0.15392316748386134 7 5565 1 664
3600 0.36577747086550549 -3.3895086832454484 9.935034753586887 160 158 161 1.3447042740844894 3 3647 7 5557 12 230 1 5772
3601 -0.4799167552085829 -3.1938950590657065 10.079062999691804 81 77 78 0.31338067732238739 5 155 8 4608
3602 0.41082722420950546 -3.3002564233605387 9.9291720161549364 154 156 155 1.3879244197235794 3 3663 12 260 1 5804 8 4622
3603 -0.87141704966791833 -2.994940875324732 10.419917182888904 93 94 96 0.00018369342073707779 11 226 1 8972
3604 0.037195988902663402 -2.5244098932433308 6.992922211203024 54 60 74 1.1078030145892859 5 4002 12 339 8 410
3605 12.418120917353393 -6.0610953808901158 15.110033309427028 192 204 219 1.3734079681127813 7 8782 13 476 12 360 1 850 8 4627
3606 0.043507629274483095 -2.3849982343099385 6.9121069527673109 52 58 68 1.246703669922864 11 284 12 392 1 969
3607 0.0033092940941238935 -2.7001117275740634 9.7149889486502676 149 152 157 1.1849104053759778 7 5677 11 4941 12 407 1 5964 8 4700
3608 -0.62325420174085033 -2.4559744827320915 9.9459942069068461 124 117 109 1.2528855443852553 5 326 1 6007 8 4732
3609 -0.065004348565946057 -2.1402258276288157 6.7093435733754569 40 39 44 0.84335446302002504 11 347 12 452 8 559
3610 -1.0929840652255289 -2.3735966624090943 10.774864247513124 91 86 83 0.56823058781796765 11 385 8 461
3611 12.492006981168661 -5.1468486266355598 14.378541717323699 57 59 68 1.2834426915555217 7 501 11 4922 12 486 1 9119
3612 -0.51577186354470372 -2.2675034500798619 9.7039561397304741 66 55 51 0.13441123077991723 5 386 1 1121
3613 -0.5124768745973709 -2.1782444050713194 9.7003334122322116 143 126 116 1.1072073990726765 5 4149 1 6087
3614 12.272689638841451 -4.7540889457003246 13.236219985934984 126 125 128 0.93156225416280769 11 7951 12 525 8 4738
3615 -0.64475279406355157 -2.1458589426541832 9.7802726034805936 155 139 124 2.3729837502387245 5 425 12 528 8 568
3616 -1.1482992002671399 -2.1122084699316677 10.587125358071116 64 49 46 0.90119698457134412 11 5039 8 558
3617 -0.26371570768768221 -2.096558737974517 9.5211232412586444 161 144 135 1.5829583783548278 11 5049 12 563 1 6122
3618 1.3922121543236434 -2.0201644862578672 5.7319502430566258 188 198 206 0.0043846528401569537 12 568 1 1329
3619 -0.3777094649157221 -2.0054795797859297 9.578678337320305 164 160 153 1.3536924370044439 11 5068 12 588 1 6144 8 656
3620 11.512964879124013 -4.3289204424440113 13.669378143105916 70 70 78 1.0483425136697895 13 781 12 590 6 8622 2 6496
3621 13.431243360521675 -4.5982432569036105 13.278112994512481 192 201 209 1.0237615405961438 11 7969 12 594 1 6137 8 4794
3622 -1.0436163967131316 -1.9001610656078027 10.228997430785833 74 60 51 1.9070253117224907 13 3747 12 608 8 661
3623 12.742550947382142 -4.3572709449222184 13.158567705146091 131 125 125 0.82316472471440072 7 8906 11 7978 13 830 12 614 6 5843
3624 12.934317998565046 -4.3949267165216286 13.185724541249717 82 76 76 1.0967818805166485 7 8900 12 615 1 6152 8 570 2 6517
3625 -1.1170455324390205 -1.8550060614171286 10.360672039489508 143 121 107 1.6437309966235063 13 345 12 622 8 679
3626 1.5901575196405893 -1.9180193576740414 5.9288643693818095 147 137 128 0.84617852232745905 13 3694 12 631 8 838
3627 12.142654177797557 -4.1647046815198996 13.239318732473684 148 143 139 0.9955880062462058 13 4184 12 633 1 6179 8 4824 11 7995 6 8659 2 8212
3628 12.160459087089539 -4.1251126300324712 13.181043727278011 79 73 73 1.4469591967024542 13 4191 12 640 1 6184 6 5850 2 8217
3629 -0.27057107960792448 -1.8495720047594224 9.5339843757502845 162 156 146 1.359659946674376 7 5891 11 5109 12 649 8 739
3630 12.605383312924358 -4.0883669934714595 13.086497546764093 119 111 109 1.9162651300927482 13 4223 12 671 1 6208 8 645 2 6539
3631 -1.0101520340958148 -1.7246099803882664 10.074144087888728 67 51 38 1.7284528439136162 11 652 13 6315 12 673 8 755
3632 -0.11512473307110815 -1.8254725747446714 9.4568944479416412 70 58 51 1.545793123115704 7 5905 12 678 1 6220 8 765
3633 12.538360480254456 -4.0376931463860002 13.081589602272436 76 68 66 1.1479620495471283 13 901 12 687 1 1404 8 659 2 6542
3634 1.7405318855202112 -1.8543209861183869 5.9768421767896607 155 142 133 1.1750262359228147 7 8981 12 697 1 1512 8 4983
3635 -1.0334588601031789 -1.6839439342632161 10.146196456425004 71 54 44 1.3643595343598645 13 6327 12 706 8 778
3636 12.06351590087796 -3.8850741211812032 13.265393465644392 84 79 78 0.89638488085113566 13 927 12 722 1 1443 6 8693 2 6545
3637 12.95028999844266 -4.01931733964663 13.134385422021383 144 139 136 1.0962835426309474 13 940 12 723 1 6231 8 4862 2 6567
3638 -2.3607642586464976 -1.0356356673779075 3.8556572601996755 150 134 118 0.13434879370388131 7 5944 12 730
3639 -0.25147595903309689 -1.7148665755518424 9.4512286275652357 78 65 57 1.646189228095666 7 5948 12 732 1 6252 8 816
3640 11.886647011804474 -3.8173449124633012 13.480343304197007 91 83 81 1.0331847597419943 13 944 12 737 1 1466
3641 12.094490281886888 -3.7582371019359102 13.245977339245352 146 135 131 0.81037484432492457 13 961 12 769 6 8709 2 8234
3642 1.5713984106628041 -1.7285250434885933 5.8495440532439478 162 150 137 1.2086197990463508 7 9021 12 772 8 958
3643 0.032781198728381478 -1.5270423364557364 6.5306757222406677 98 88 86 0.39962284989240188 11 5165 12 773 1 6321
3644 0.032781198728381478 -1.5270423364557364 6.5306757222406677 98 88 86 0.39962284989240188 11 5166 12 774 1 6322
3645 11.519740470764379 -3.6989568068209859 14.063302990566527 92 86 86 1.0360473219416919 13 4286 12 777 1 6264
3646 12.978181850286386 -3.8610272435791417 13.127018825758356 138 134 135 1.7564414537933635 13 4293 12 778 1 6269 8 4900 6 5928 2 6583
3647 1.7993615842238495 -1.7436620900778492 5.9288448302409282 67 62 59 0.73819416063215126 7 5876 12 786 8 968
3648 1.7993615842238495 -1.7436620900778492 5.9288448302409282 67 62 59 0.73819416063215126 7 5877 12 787 8 969
3649 -0.29984491717361567 -1.619712606541027 9.4542000240116835 92 79 70 1.2947454030896686 7 5992 12 798 1 6288 8 867
3650 -0.29984491717361567 -1.619712606541027 9.4542000240116835 92 79 70 1.2947454030896686 7 5993 12 799 1 6289 8 868
3651 1.5560483393678277 -1.682343311375974 5.8124193732303944 149 137 125 1.4768044334771071 7 9039 12 801 8 5024 14 9457
3652 1.5560483393678277 -1.682343311375974 5.8124193732303944 149 137 125 1.4768044334771071 7 9040 12 802 8 5025 14 9458
3653 0.45046169574389761 -1.5345992439166807 6.1553071811370144 40 35 39 0.68554886783249402 5 4191 12 804 8 989
3654 12.415928011263736 -3.6973062272317692 12.980395743309698 144 137 134 0.90428374408594614 13 998 12 805 1 6281 8 4921
3655 1.6635954601960772 -1.6878295749512664 5.9058400777406197 152 140 126 0.98098342835749164 7 9046 12 814 1 1670 8 1004
3656 -2.6068282969317003 -0.89503760814236233 3.2256114441515171 108 91 71 0.42177661856535464 7 6014 12 822
3658 1.9481108796752769 -1.7048505692603164 6.0335525945558528 145 127 113 0.36295685213981249 13 6331 12 831 8 5032
3659 11.77992480157053 -3.4865423383924852 13.444870658598747 141 128 120 0.80892116963057192 13 1040 12 851 1 1607 8 802 6 5940 2 6584
3660 2.3893540806364411 -1.7225471241712529 6.2332343025738215 155 137 122 0.708081535536771 13 3910 12 864 1 1739
3661 2.3893540806364411 -1.7225471241712529 6.2332343025738215 155 137 122 0.708081535536771 13 3909 12 865 1 1740
3662 -2.6319878562593564 -0.82936227940311902 3.2148982362767855 37 25 11 0.94358558106258683 7 9164 1 1894
3664 0.96582542412512018 -1.4193103192906222 5.3496588956862121 150 137 128 1.9221178175852829 11 5244 12 901 4 6142 3 6110 9 10691 10 7704
3666 2.1347380832936058 -1.587882350478991 6.0789172572187038 136 119 103 1.4486484562012072 11 5238 12 919 1 6448
3667 0.96534177629339102 -1.3824668177770805 5.3776376792184104 146 133 124 0.38562620297351452 7 6033 12 925 8 1149
3668 4.102385384122015 -1.7055675346522587 3.564367878905196 115 111 115 0.83661382503828907 13 6377 12 946
3669 -1.8403346374344105 -0.94532039613326502 5.0691916144963924 157 139 127 1.1398543461357988 5 4297 11 966 1 1888 8 1251
3670 11.710164293077586 -3.0188862720232144 13.398358000814483 136 127 120 0.69965080673252467 13 4469 12 974 1 6449 6 8789
3671 11.718712529773205 -3.0202367548144573 13.407421279201357 136 127 120 0.69727274967833908 13 4470 12 975 1 6450 6 8790 2 8269
3672 -1.7521055072353966 -0.9390534739116726 5.0553898750001816 155 134 117 1.5484763807746535 5 4303 7 6132 12 979
3673 4.6107530797670666 -1.6967216952226671 3.052777804234764 100 78 64 0.3446445539575429 11 8153 12 992
3674 -1.2194227380298308 -0.97403890976549579 4.8642771038708492 142 124 110 1.0050600192300803 11 5384 12 1000 1 1958
3675 11.575582182166093 -2.8664495596387782 13.791536928012926 152 141 136 1.2179559728795857 5 4325 12 1009 1 1849 8 1001 2 6633
3676 2.4535867018547997 -1.4647501682105375 6.1935035656896362 161 140 121 0.78707949400204813 13 4071 12 1021 1 1945
3677 -0.94097191130760904 -0.96582796338648447 4.7620648095725606 166 148 134 0.83454391619734958 7 6153 12 1030 1 6552 8 1333
3678 11.536760942515313 -2.7131013613459061 14.1572754852202 159 155 156 1.5394961559684621 13 1261 12 1060 1 1909 2 8289
3679 0.98680721782027481 -1.188157175980195 5.3077397767078329 141 123 109 0.70602386399242023 11 5383 12 1066 8 1294
3680 12.062210532902245 -2.6930409621904787 13.055282393064221 52 46 46 0.94441519437802557 13 1279 12 1076 1 1954 6 8841 2 6663
3681 11.890714076756272 -2.5521949303625293 13.177421181084535 59 51 44 1.0773180481090534 13 4551 12 1102 1 6548 6 10668 2 9391
3682 12.154498256916382 -2.5401502107802747 12.963482698898295 150 137 128 0.97170803759429947 13 1330 12 1116 1 6561 6 8861 2 6714
3684 1.0802815562080799 -1.1002196145392309 5.2982700987987776 177 158 141 1.6686939156532097 13 3999 12 1123 14 8688
3685 3.4060941732709855 -1.360540261130353 6.3895139517093922 208 213 217 1.2360518962139817 11 1060 13 6595 12 1142 1 2129 8 1327 3 485 6 11681
3686 11.460091284564694 -2.339032208667267 13.953377678661139 71 61 58 1.1598997580078525 5 4470 7 6201 12 1145 1 6591 8 1154
3687 11.460091284564694 -2.339032208667267 13.953377678661139 71 61 58 1.1598997580078525 5 4471 7 6202 12 1146 1 6592 8 1155
3688 4.8280385015252287 -1.4956360882782134 2.8962088357945182 101 78 64 1.7313708040360918 11 8245 12 1152 8 1499
3691 11.5802807971627 -2.3291523978772823 13.95649678841902 152 142 132 1.5011998130516431 5 4478 12 1165 1 6600 2 8330
3692 0.4011669671783471 -0.97189307440083217 6.1816871787311589 35 26 17 1.9131916411726411 5 4467 12 1170
3693 1.6157998394537834 -1.1100880866625187 5.8310032259123599 63 51 42 0.78581817513512731 13 4126 12 1173 8 1386
3694 1.6157998394537834 -1.1100880866625187 5.8310032259123599 63 51 42 0.78581817513512731 13 4127 12 1174 8 1387
3695 1.7150273210119229 -1.102533512424638 5.905947402830229 41 31 29 0.38024395855882481 7 6266 12 1177 8 1400
3697 12.376842113974533 -2.3359346293528769 12.786205531432255 152 139 130 0.9969463697934775 13 4603 12 1180 1 6635 2 8344
3698 11.596561683816068 -2.2303221902955199 13.279016698268766 144 126 114 1.1381751465279375 13 4600 12 1187 6 8885 2 8338
3699 1.5586700863023295 -1.0428657646467905 5.767712018629247 79 67 55 0.66205316353633681 13 4156 12 1200 8 1440
3700 1.6473616701703837 -1.0323910620539001 5.8272358899970236 27 18 10 0.54041168594681621 13 4181 12 1207 8 1454
3701 2.052074147988411 -1.0642975144958988 6.0447524315424959 44 37 31 0.41683127210754661 7 6306 12 1219 1 2210 8 1450
3705 2.0348158332510198 -0.98767477973713091 5.9741885941410882 133 123 113 1.9892373271385302 13 6616 12 1255 1 2263 8 1511 14 8819 3 7640 4 7747
3706 1.7241410943660922 -0.94739138464893025 5.8210893536616179 66 55 49 1.0513479924282707 5 4529 12 1265 1 2279
3707 2.2260708066731398 -0.97919046163390611 6.046712536849931 143 131 117 1.0485492153744533 11 5600 13 8142 12 1274 1 6743 8 1538
3708 2.2391067849684485 -0.98229337126171912 6.0663627025261624 143 131 117 0.61699736862094023 13 8143 12 1275 1 6744 8 1539
3709 2.1755327337262904 -0.97706467302673405 6.0382700908421532 44 35 31 0.93778006544844716 11 8357 12 1278 8 1536
3710 2.3986608197994448 -0.99111400367471003 6.0786351974237229 134 115 100 0.78911343411406831 13 6650 12 1284 1 6751 8 1540
3711 2.6931343690632441 -0.97994532550987146 5.9847951453532158 157 140 125 0.58493424784728376 13 6680 12 1303 1 6774
3712 12.312339685819712 -1.8309411385758962 12.721134935382267 137 124 115 1.3446044877911245 13 4687 12 1308 6 8924 2 8379
3713 1.8438705600059961 -0.87898244255872771 5.8477285763337665 133 123 111 0.6592340949930432 5 4555 13 6642 12 1310
3714 11.427853270087727 -1.6956313036740078 14.067679285573444 128 118 108 0.87544180730668353 13 4689 12 1311 1 6737
3715 0.60199021368009042 -0.72183099105305759 5.2398184376093102 82 64 50 0.44843098802240267 13 6561 12 1325 8 1668
3716 1.9982374758201633 -0.80744386396354972 5.9251501368366588 50 41 34 1.3361174421614648 5 6867 7 9407 12 1341 8 1658
3717 0.65828103478953826 -0.69888399178053706 5.0797696855096905 168 151 133 0.58731928122377075 5 4589 12 1343 8 1700
3718 0.62163466782912191 -0.683806219696936 5.2054455259854091 114 95 80 0.65670129334658012 13 6584 12 1346 1 6830 8 1698
3719 2.4212771934132515 -0.82430450824235912 6.0580914824164145 155 141 125 0.65807516049930193 7 9413 12 1351 1 6829 8 5377
3720 2.2907158329347284 -0.80893760323944341 6.0468076263987456 40 35 29 1.0423966667963693 11 5692 12 1355 3 6335 8 1669 4 7794
3721 2.0310509266989683 -0.7609680775826666 5.9107753511953351 128 115 106 1.2759053948357875 13 4462 12 1364 1 2469
3722 4.9750529255131619 -1.1430574777107843 2.7713741610178753 142 119 103 1.7888181615359062 11 5656 12 1373 8 1809
3723 -1.8581576841830101 -0.37543499268681324 4.9056841673549236 38 28 19 1.548926719055898 5 4677 1 6875 7 6556
3724 12.115496462535175 -1.3306350006756973 12.894806005676651 31 24 17 1.1058684487199568 13 1618 12 1417 1 6847 6 6283 2 6871
3725 12.113407879726509 -1.322972789045701 12.799515557852724 110 97 88 1.0526364685042624 13 4754 12 1427 1 6851 2 8415
3726 -1.1746475420915434 -0.41968902147345361 4.6745279227106549 37 28 19 0.39197063761751388 7 1920 12 1434 1 2559
3727 -0.94101720792983201 -0.43364371545620956 4.6305822852746372 51 42 31 0.30410332630535425 11 1670 13 6479 12 1441
3728 11.454161968139383 -1.178649466892465 13.400787076570367 54 44 42 0.63434678709755099 5 6940 7 9466 12 1443 8 5348
3729 11.530510455933806 -1.1812611672002489 13.492017317919569 54 44 42 0.7777741282798073 5 6941 7 9467 12 1444 1 9680 8 5349
3730 -1.7076584771924965 -0.34717977566646063 4.845344231609344 37 27 18 0.83085366328128263 5 4711 1 6911 11 5823
3731 -1.0440026078019211 -0.41122356594446691 4.6573565419498566 119 113 101 0.79030983372981845 5 4678 12 1452 8 1852 1 6917
3732 12.397714637154399 -1.2632032234486616 12.456879817938866 109 97 85 1.1771555846822763 13 1639 12 1461 1 2524 6 8961
3733 -1.5209854261507041 -0.35229521726933721 4.7703229312234132 162 148 137 1.1465734049308502 11 5834 12 1468 1 6921
3734 -1.5209854261507041 -0.35229521726933721 4.7703229312234132 162 148 137 1.1465734049308502 11 5835 12 1469 1 6922
3735 4.725279776781167 -0.99156540438679996 2.6484953665639996 58 37 22 0.28464793031933727 11 8463 1 2699
3737 0.71436296774538854 -0.46798630895831106 5.0252357445309528 169 148 129 0.85940373275979243 13 8182 12 1508 1 9763 8 5545
3738 10.207052723186219 -0.78504059187606479 13.805243684097114 178 171 163 1.1165043532641379 5 4808 7 9544 12 1510 8 5417
3739 0.0006106661088532972 -0.41778273678355765 4.7044133434923374 17 6 4 0.98680902564910078 11 5859 13 8137 12 1513
3740 11.407252246771488 -0.74724094971668498 13.237103651597263 43 38 33 1.0406445743163237 5 7020 7 9574 12 1557 8 1782
3741 10.460715141762639 -0.57681184857947299 13.802949461170464 142 141 139 1.1428771533291504 5 4867 7 6663 12 1571 8 1792
3742 10.460715141762639 -0.57681184857947299 13.802949461170464 142 141 139 1.1428771533291504 5 4868 7 6664 12 1572 8 1793
3743 0.09962576597805467 -0.3131412542934886 4.7372791049404244 157 147 138 0.63551258118331344 5 4814 12 1599 4 6730
3744 -2.8615420626478292 -0.22229175209467394 2.4808266359071958 112 99 83 1.3796168375991333 7 6763 12 1622 1 2863
3745 0.65122818304915842 -0.30028005570548244 4.9840836924434253 48 38 26 1.0416113537075482 13 6785 12 1629 1 2808
3746 1.1632263404669034 -0.33481734120672652 5.0847400699513488 132 113 89 1.8292063040224358 7 6728 12 1630 1 2801 6 13179
3747 3.7485720710653978 -0.57925641727713739 3.717538384564516 157 139 125 0.027180116846098945 7 9617 1 7103
3748 -1.7716017866832865 -0.088463752198143036 4.8003760777898323 116 103 94 0.44442405469344398 5 4935 1 7084
3749 -1.8419787188905081 -0.071119570279458061 4.8285845859783931 53 36 28 0.86964292239841434 5 1631 1 7095
3750 -1.2788310114718993 -0.095345541258217842 4.6449421736708869 7 5 4 0.77684257865528361 11 2095 12 1698 8 2163
3751 -1.5670124843774489 -0.058976649076345637 4.7191612435351846 145 131 120 1.625687198186494 5 1664 12 1711 1 2908
3752 3.8622044701253269 -0.52137596413263043 3.6292650647826084 157 131 112 0.37562893106903511 13 8304 1 7149
3753 1.0190736809555077 -0.19307224847445142 5.0842397033406677 172 150 127 0.53449940083573921 7 9723 12 1726 14 10085
3754 2.4004015927187505 -0.24616563935451918 5.5467513499420926 57 41 28 0.25906773401198352 13 6901 12 1732 8 2125
3755 2.3984145356148021 -0.24583116540191541 5.5438963049778724 57 41 28 0.31261439578590067 13 6902 12 1733 1 7133 8 2126
3756 5.8415965313306533 -0.2459098259310985 8.186538936536504 52 41 39 0.62511938633211261 5 4965 12 1744 8 2058
3757 5.6345826509118799 -0.087387939485829694 8.2760043414754705 154 123 95 0.60934948802252142 13 4921 12 1791 1 7158 8 2141 2 10111
3758 -2.866950113026387 -0.081042525985815211 2.5255868213626087 112 98 87 1.143863285864291 7 6946 12 1815 1 7222
3759 -2.866950113026387 -0.081042525985815211 2.5255868213626087 112 98 87 1.143863285864291 7 6947 12 1816 1 7223
3760 -1.4955376561142493 -0.21982352998478488 1.8538313925678702 5 8 12 1.1618943351442175 11 8770 12 1823
3761 7.4358003440075979 0.028943952797795144 9.2399327483918476 23 14 14 1.099255569218913 13 5063 12 1828 1 7192 8 2206 2 9479
3762 0.26979120289550806 0.0011858027202252749 4.753078123082302 58 49 42 0.4383071675605803 7 6953 13 8300 12 1832 8 2292
3763 2.5040387042237029 -0.048684575109353555 5.5106097472381288 124 101 76 1.1663922353313834 13 6969 12 1833 1 3055 8 2271
3764 -1.9475821134548621 0.15219552916502432 4.8233042792247209 129 107 93 0.87953766789163623 7 6980 12 1845 8 2312
3765 0.66686485867577494 0.043564740702147831 4.9065502711415538 148 132 119 0.89927578597510394 11 6230 12 1861 1 7241 8 2320
3766 -1.9474735594312413 0.17970323124604576 4.816445582323591 132 110 96 1.1135248896492256 7 7009 12 1862 8 2329
3767 -1.559190444921474 0.17549384988207128 4.6546306294627966 162 144 130 1.2612423565608806 11 6282 12 1888 1 3113
3768 2.2559396931506508 0.083996938143418368 5.4236303698590715 63 46 34 1.5418283948391369 5 5095 13 8371 12 1896 14 9672 6 13655
3769 5.2877865659313512 0.29502597102498895 8.2587116613908478 32 19 11 1.3584075388017371 3 4833 12 1906 8 5803 2 8438
3770 2.187276268155335 0.22054664932584811 5.5071514373940209 63 48 41 0.86034776592155948 13 7056 12 1951 1 7332 14 9694
3771 2.1709659581932277 0.21834939674461801 5.482773381884912 63 48 41 0.70445663561442651 13 7057 12 1952 1 7333
3772 0.28016980924198931 0.2043224997322865 4.6830499738854181 159 133 113 0.85598742424170882 13 8353 12 1956 1 3219 8 2447
3773 0.26926081698785287 0.22510604863302114 4.7058158022428698 80 64 49 0.59256783535448443 7 2899 12 1965 8 2466
3774 2.7547315328728015 0.23852276956497276 5.464810510166024 163 142 122 1.4532612788915695 13 7100 12 1970 1 3240 8 2462 14 9712 6 12781
3775 2.557196474404543 0.24862248636191675 5.4497495943076366 163 142 125 0.97978975567226401 13 5094 12 1977 1 3245 8 2467 14 9709
3776 3.9387760079625402 -0.10787322184463718 3.2009511830905861 41 32 23 1.1928057689176446 5 7191 1 3289
3777 4.189461280167933 -0.17392439992640285 2.8881596565910796 85 69 55 2.289220145049621 11 6335 1 3295 4 9259
3778 -1.949273969404643 0.35533975722180872 4.7767171110447002 121 100 86 0.8540656043796947 7 2945 12 1991 8 2486
3779 3.7391048935284226 -0.054883400434116082 3.440773357117537 25 16 7 0.97436779291809117 7 7115 13 7095
3780 1.3409408357998389 0.24392561937467444 4.8360214020165877 175 159 136 0.82676414416648536 13 7048 12 1998 8 2501 14 9668 6 13917
3781 6.3114488125144081 0.5284857273170197 8.2243943206516157 164 143 126 0.48375786247638758 7 9943 12 2004 8 5885
3782 -1.2239294049906015 0.31652913515011388 4.5222586780994831 148 123 101 0.79118043454820997 7 7161 12 2012 1 3275
3783 4.4624082694917506 -0.1631984015635346 2.6216342957474881 149 139 130 0.44415875348322509 11 6372 1 3363
3784 4.3966883601464435 -0.14818699750679692 2.691156872724473 165 153 141 0.25499789098694375 11 8870 1 7438
3785 4.3095759849247823 -0.11501678393653797 2.8160529684731843 102 85 75 0.46077768804216979 11 6383 1 3380
3786 6.6219670877424184 0.59850965221277697 8.3095516991120881 146 129 114 1.6369314635008652 5 5224 7 7187 12 2043 1 3308 8 2493 6 12048 2 8563
3787 6.6577264047395719 0.60129073374745123 8.3540630351898919 146 129 114 1.1490612039777592 5 5225 7 7188 12 2044 1 3309 8 2494 2 8564
3788 2.7518250509796509 0.33733886402993807 5.4378099227424377 174 153 132 1.253287627020683 13 7150 12 2047 1 7412 8 2532 14 9728 6 12794
3789 5.8181954865710956 0.59936779495705006 7.9989084308909169 37 27 17 1.0139736684699008 13 2305 12 2051 1 3320 2 9516
3790 4.4170693662754541 -0.10126046236520891 2.6669661427986195 111 97 84 0.28843568835487327 11 6410 1 7469
3791 0.28706924458650385 0.35029438064255164 4.6679162887258201 156 135 114 0.41466016710326642 7 7213 12 2074 1 3366
3792 2.1938508259257929 0.42013962276843553 5.5559959264631305 102 85 75 0.70910237895012596 13 7167 12 2079 8 2563 6 12787
3793 7.5689695056658914 0.68538733643039051 8.6016099213557293 56 47 40 1.2361133636801227 5 5249 7 7216 12 2080 1 7431 6 10930 2 9554
3794 4.0502603165409523 0.0076146814594751644 3.1894701922243049 115 99 83 1.6537165856545741 3 7880 13 7159 1 7471
3796 7.5028838155824458 0.72901533406126839 8.7705921571118388 29 19 12 1.9004866549836386 7 7226 12 2088 1 7441 8 2538 2 9556 5 5256
3797 -0.93066910355674937 0.35835282509045441 4.3616461662566994 22 13 7 0.54015700238177911 7 7235 12 2090 8 2594
3798 4.377834930156304 -0.065748626406067226 2.7086650077739378 168 154 141 0.47479820377147719 11 2617 1 3470
3799 2.426684809046979 0.45073541033661096 5.4850254180726434 78 64 53 1.1558845401291156 13 7193 12 2108 1 7464 14 9741 6 12800
3800 6.0630189085473525 0.74392408366369001 8.1089753265333027 168 154 141 1.8589656139202575 7 11690 13 5313 12 2116
3801 7.5913414386470324 0.79988921461304774 8.7221507210435192 83 63 48 1.1385778709439982 5 5283 12 2119 1 7468 6 10953 2 9570
3802 5.8862186058432275 0.7460914491221855 8.0080127946787627 160 147 132 0.78094895997001301 7 10013 13 2371 12 2122 1 3422
3803 -1.8483808426091484 0.47324077553522786 4.645097863771011 20 12 9 1.2528469598870862 7 7280 12 2137 1 3434
3804 2.2140556881262556 0.53004429009023035 5.5368705570591823 50 36 27 1.6128354179235511 13 7228 12 2163 1 7510 8 2635 8 6046 12 4864
3805 6.5494660646233562 0.84658020725986227 8.2826854735622621 153 133 115 1.8103298692380903 5 5318 12 2166 7 3185 8 2619 6 2572
3806 6.6169130007111869 0.85260131269200923 8.3060728942067286 39 29 19 1.2407106993103785 5 7358 7 10028 12 2168 1 3491 8 6028 2 9568
3807 0.8265829599312694 0.46692025870578618 4.7938578474112257 43 27 17 0.65892668367597151 11 6525 12 2173 1 7519
3808 -1.4833121123094046 0.51350551331607774 4.5324919946553255 55 42 33 0.84895116106636004 3 5106 11 6550 12 2193 1 7542
3809 0.79371995349580493 0.51335874084772826 4.8197286604019682 47 33 18 1.0858975048411974 11 8974 13 8493 12 2203 1 3564
3810 2.6364757715831773 0.57584215724075161 5.4244409014247976 162 132 104 1.2232405325538798 3 6847 12 2204 1 7570 4 8160
3811 2.7499772641696829 0.55106363168329109 5.3270867988722639 164 142 121 1.1065566463372958 11 6539 12 2205 1 3573
3812 2.7552578994592398 0.55251651147235414 5.3356853560994262 164 142 121 0.948600107358333 11 6540 12 2206 1 3574 6 12839
3813 2.265134434351546 0.61717070543288122 5.5523498851066204 45 31 22 0.73628042139700056 13 7265 12 2226 1 7581 8 2697 6 13364
3814 2.265134434351546 0.61717070543288122 5.5523498851066204 45 31 22 0.73628042139700056 13 7266 12 2227 1 7582 8 2698 6 13365
3815 0.64996653854233355 0.53427716548878978 4.754329007300937 56 42 31 0.84592140676719429 13 7217 12 2231 1 3595
3816 -0.30224943577769786 0.51018041426792049 4.370132251568954 134 112 101 0.55324357827032977 13 8476 12 2246 1 3614 8 2746
3817 -1.0019783829132689 0.53238661442851609 4.4008673922111106 147 126 111 0.70879158184285396 3 5134 7 7390 12 2250 1 7601
3818 2.1848076444712885 0.66949182304637622 5.5904954483888911 104 90 81 0.87489484051539446 7 10073 12 2251 8 2737
3819 2.1751731134089556 0.66697275619817376 5.5755078896881338 104 90 81 0.9818752280073898 13 5322 12 2252 8 2738 7 10074 14 9788
3820 5.9984530085070649 1.0484340366270808 8.0796402373669149 167 152 140 1.1658334130537715 5 7423 7 10088 12 2265 8 6112 2 10226
3821 6.7978406137727045 1.0550439274412764 8.1912622537436288 145 126 109 1.1702606389918164 7 10092 12 2268 1 10125 8 6116 6 12096 2 10239
3822 -2.5675435699115159 0.37482024757748472 3.0449441603822458 73 64 54 1.4202580932280671 7 3407 12 2298
3823 5.7552000478785592 1.1183091134291601 7.8270737295211985 87 70 52 1.5446702880872587 13 5450 12 2311 1 7636
3824 2.2643128891456734 0.7639992743248909 5.5362576915762656 99 85 76 0.15902650451742431 7 10120 12 2315 14 9810
3825 2.5287406498928058 0.74760731997246022 5.4400644483032101 67 49 35 1.0242505366749279 11 6654 12 2316 14 9173 6 12853
3826 6.0596871517856039 1.1770938539709839 8.0063479114633544 165 148 133 1.4363293851907943 13 5473 12 2323 1 3708
3827 1.2125419579331158 0.77022538702232257 4.8273729915097672 78 58 43 0.84045378610222665 13 8596 12 2378 7 10175 8 2896 6 13963
3828 6.7423039938101255 1.3603660068930743 8.0637366826160743 126 107 90 1.5885414637941599 7 10182 12 2382 1 7733 8 2898
3829 6.0467742921460284 1.3701658157879786 7.9424574348250969 162 145 129 0.74727126797193966 13 5543 8 6224 7 11807 2 10638
3831 -1.2251623675968768 0.73672027267777507 4.447641097601263 164 143 124 0.9247700536002913 7 7546 12 2393 1 3816
3832 -1.2251623675968768 0.73672027267777507 4.447641097601263 164 143 124 0.9247700536002913 7 7547 12 2394 1 3817
3833 2.5715874205247409 0.90161529578687871 5.3704210829329666 32 19 11 0.96438091579444252 13 5503 12 2405 1 3861 14 8279 7 3599
3834 -1.2740238377015862 0.75840632938565078 4.4541683279290218 142 125 115 0.9429379750606689 7 7574 12 2411 1 7744
3835 0.84615201367334436 0.80825149470909419 4.765421579095416 172 163 156 1.2033668074270492 3 6961 12 2414 14 10207 4 7174 10 9032
3836 6.2043081138507858 1.4687371210592468 8.1970770413097664 131 114 98 0.8136269397551934 8 2926 2 9642
3837 7.5634180083746312 1.6013626910315069 8.695773502724073 96 80 66 2.7896388042539462 5 7512 12 2440 1 7777 8 2958 2 9657
3838 6.5833619735944886 1.5035897353208805 8.1545478813459056 138 119 102 1.6230377438162493 5 7511 12 2444 6 9439 2 9651
3839 4.4436050712125876 0.38376472711552823 2.5413913877452945 159 152 144 0.31775152899578163 11 6788 1 3980
3840 4.4436050712125876 0.38376472711552823 2.5413913877452945 159 152 144 0.31775152899578163 11 6789 1 3981
3841 -0.46136578789447846 1.7054429086358676 8.727455050117543 16 16 18 0.7424116821687976 3 2634 12 2467
3842 0.27597461218137298 0.84548897806521084 4.5257846135561683 11 11 8 1.1543283779862794 3 6987 13 8641 12 2473 8 6277
3843 5.8161990757493891 1.5728836032573945 7.8500210882392905 44 28 18 1.4760154014906766 5 8779 12 2490 8 6299
3844 2.3510483448232473 1.085934779165443 5.4172215158584889 69 52 36 0.86055185019550295 13 7484 12 2515 1 7833 6 13442
3845 0.57854421196041361 0.93320906119511127 4.6381808934337139 171 146 126 1.1200954694352325 13 7474 12 2527 1 4034 8 3046 10 9067
3846 6.9846870327185275 1.7575858236450719 8.2354523525424614 131 108 94 1.8751012738579913 5 5711 12 2538 8 3077
3847 4.3889730546819843 0.51344670265520154 2.5653573518549475 169 164 158 0.428291209952532 11 6898 1 4107
3848 2.2383500824152027 1.1582780201019702 5.4462051301099068 64 51 42 1.305976650628631 5 5724 11 3368 12 2560 14 9238
3849 6.2368572499254897 1.7719093532384584 8.0121778821460428 82 63 47 1.3506395769300459 7 7761 12 2572 5 2889
3850 -0.64755241844079503 0.91400628066864309 4.300817658246471 184 161 143 0.61999148666134585 3 5379 5 5740 12 2580 1 4087
3851 -1.5495714989212148 0.94998286816008604 4.4873650204969406 162 143 129 0.99581633650420331 11 3429 12 2584 1 4070
3852 1.4005696506243237 0.99668530199189165 4.5638512381787999 130 105 84 1.0406768221377298 13 7533 12 2586 1 4110 6 13751
3853 -1.1248639450615594 0.96130079158834392 4.3625985791145228 130 109 90 0.84375451124181444 11 6945 12 2606 1 4124 8 3119
3854 -1.1247687768331083 0.96051054282188308 4.3602793521466214 130 109 90 0.63857442911000728 11 6946 12 2607 1 4125
3855 4.3497447904924238 0.62781294481483174 2.6078931612179752 98 88 79 0.33528983625604075 11 6975 1 4208
3856 4.3497447904924238 0.62781294481483174 2.6078931612179752 98 88 79 0.33528983625604075 11 6976 1 4209
3857 6.1275922018433748 1.8702322216812692 7.8795461720841038 120 101 84 1.4219484636869266 7 7839 12 2628 2 9727
3858 6.1275922018433748 1.8702322216812692 7.8795461720841038 120 101 84 1.4219484636869266 7 7840 12 2629 2 9728
3859 2.4143892379308345 1.2776646615539091 5.3424460251161259 51 37 26 1.1885758114505687 11 3524 12 2636 1 4198 14 9265 6 13471
3860 5.952797526971926 1.9028041383948899 7.8287401459397286 88 67 50 1.5973268186767942 12 2637 7 10348 8 3227 2 10317
3861 2.5307133365787866 1.2900863789843371 5.2818736509552133 76 57 43 0.93001130272724364 13 7592 1 4212 5 3015 11 3538
3862 -0.22125810202401738 1.0644949891498268 4.2929107306167751 148 127 110 1.539272222760047 13 8738 12 2684 8 3258
3863 1.3487809900978496 1.1733490887058631 4.5659026943802674 172 151 134 0.99695204671887472 12 2702 8 3291 14 10451
3864 0.25922516839034082 1.153334629616354 4.4438964580552858 74 57 42 0.99105754705869342 7 7927 12 2728 10 8409
3865 2.5134761978796512 1.4312666653960426 5.3384079883235795 99 83 67 0.1663444734952477 13 7652 1 4297
3866 -0.67304721860020211 -3.975278555799866 10.271923210640947 131 132 141 0.94101093351221954 7 8724 1 8824 8 4489
3867 0.041733089583454064 -3.7063791148562379 9.8890674456130068 110 113 118 0.48240923897980231 3 60 11 4816 1 5669 8 4541
3868 12.496769329700173 -7.6729513836094716 15.08625245774058 175 191 206 2.2158760074456185 12 3560 1 8849 2 6409
3869 12.496769329700173 -7.6729513836094716 15.08625245774058 175 191 206 2.2158760074456185 12 3561 1 8850 2 6410
3870 0.24756454957804841 -3.4652887398750729 9.8265055924231728 134 124 122 0.95794664015966158 3 6001 11 7904 1 5736
3871 0.043025882473492483 -3.2198304423383544 9.6997029989165693 44 42 45 1.6317700503163199 7 8784 12 3615 1 8938 8 4618
3872 0.58627253211742003 -3.2449370551423877 9.9875473959840999 169 169 171 1.2307565557353815 3 6019 11 7926 12 3634 1 5849
3873 0.084128981228636268 -3.0416234719427604 9.6334795742564765 133 126 120 1.624743985366532 7 8814 12 3642 1 8984 8 4654
3874 -0.18031330606001214 -2.9218059782739041 9.8457248955268266 126 130 131 1.5157864154504797 11 7940 12 3665 1 9008 8 4662
3875 12.263280836085269 -5.4862854670993357 14.611450868429591 120 118 123 1.7921321759409774 13 3965 12 3726 8 7449 6 10497
3876 -2.6276416883008467 -1.2868222798942341 3.2745718051556318 59 55 51 1.155946008216131 7 8873 12 3734
3878 -0.7368336262167422 -2.2215888016781817 9.8174352474051485 100 87 79 2.0416543809637968 7 8933 12 3780 8 4780
3879 -0.57412482676244903 -2.166310659890665 9.7225262330405791 150 133 123 1.0598312317935854 5 4153 1 9152 8 4808
3880 11.496963393804771 -4.5288517074609862 13.780676627708159 48 47 53 1.0582342061267129 11 7964 12 3813 8 4757
3881 -0.29510568077106547 -2.1155244685075063 9.536823775434069 151 134 125 1.1067881771869938 7 5800 12 3815 1 9171 8 4823 15 165
3882 -0.30288079316948291 -1.8587160134761453 6.9342308094579863 131 118 109 0.64999213522012256 7 5779 12 3820 1 9189
3883 -0.33277252110142524 -2.0491707113434994 9.6299106862622992 90 79 75 1.6977007979088465 7 8975 12 3838 1 9183
3884 11.715847816062901 -4.4064572385462704 13.692252850891235 128 122 122 1.0913273213428023 13 6524 12 3842 1 9175 8 4775 6 10532 2 9339
3885 -0.31345938526585976 -1.9466274344308583 9.5586296864682367 165 162 162 1.4163285105717975 7 5847 12 3855 1 6164 8 4863
3886 -0.1270282249792051 -1.8910418085443179 9.4386140405825412 50 35 27 1.2470201245167229 7 9028 12 3873 1 9216 8 4899
3887 12.262200512535085 -4.1496644856685805 13.184039554720473 140 134 133 1.159742544077915 13 4189 12 3877 1 9206 8 4829 7 8930 2 8218
3888 11.834900044770327 -3.9090337497388807 13.49983922550355 135 128 125 0.88074250904863005 13 6588 12 3905 1 9228 8 7561 6 10574 2 8229
3889 12.252689041068267 -3.8838553857735389 13.066609931053065 135 129 129 1.0390982659065566 13 4257 12 3914 1 6233 8 4877 6 8699 2 8233
3890 12.33629089155434 -3.8791491221880001 12.967383674766888 141 132 130 1.0364807230453843 13 4261 12 3916 1 9240 8 4879 2 9358
3891 12.915794765686957 -3.951655918047289 13.133242832469604 69 63 63 1.3161488598187034 13 4278 12 3923 1 9246 6 10592
3892 12.07216440372326 -3.7751583576475172 13.321707998755086 59 54 53 0.79973238267617341 13 6613 12 3934 1 9250 6 10586 2 9360
3893 -0.8872698596763563 -1.5293514928612451 9.5887883387788655 174 164 152 0.97019101486685078 11 8126 12 3944 8 7637
3894 11.888664907332112 -3.6414078335646196 13.413262719334814 139 132 129 1.2572631847378268 13 4307 12 3946 1 11216 6 10596 2 8238
3895 -2.6266101563339195 -0.89084648397264732 3.1858512313288374 53 44 27 1.474466247746351 7 6018 1 1801
3896 2.8700475926689233 -1.7769100540183622 6.2574412064523743 134 130 127 1.6029114542245733 5 6610 11 10043 12 3989
3897 1.8970180826075107 -1.6172808711323021 5.9757285835744947 153 137 121 0.28711818651732796 13 6358 12 3993 8 5064
3899 -0.042241835030878638 -1.316165963763849 6.5116841703515451 143 128 117 0.88455453147377117 7 9138 12 4018 1 9370
3900 -0.96630267157661554 -1.1044620274768637 4.7950301125824728 60 51 46 1.5946400663062053 7 9154 13 8910 12 4027 1 9406
3901 0.4932690840491526 -1.2839487401172669 6.0369483344254897 90 81 74 0.42686662422357974 7 9181 12 4061 8 5115
3902 1.9228533033569035 -1.4386718576140551 5.9601893645141173 52 41 39 1.0977855949151398 13 8018 12 4074 8 1175
3904 -1.1965250580557014 -0.987460933507042 4.8315233361705765 148 131 117 1.2153740568190885 7 9220 12 4077 1 6518 8 5187
3905 -1.1896716392090858 -0.98524792953000617 4.8559228932771417 148 131 117 0.99746211891979186 11 8243 12 4078 8 5188
3906 11.550385266586098 -2.8836523946643378 14.244385926127965 109 105 100 1.6303509497837236 13 6737 12 4081 1 9408 2 9380
3909 11.632563590418645 -2.837974072634716 13.64446373579707 154 142 128 0.83694918113074979 13 6742 12 4091 1 11277 8 7694 2 9381
3910 11.416674850509015 -2.782601976968293 14.4174707078783 114 108 108 1.3070035491025263 13 6751 12 4101 1 11283
3911 2.0697974240805568 -1.3568486053894624 6.0674105587442035 55 44 40 1.1935774925001281 7 9212 13 8037 12 4112 1 9459 8 1243
3912 12.051084104652146 -2.7483001316614777 13.08722326237489 144 135 130 0.85528992061671938 13 4524 12 4113 1 9432 2 8293
3913 3.8245897413927126 -1.4603997824666495 3.9161354196022473 149 123 106 1.1102990609202819 13 8039 12 4135
3914 1.8823894586594649 -1.2110020467393772 5.9849111780039905 49 43 39 0.78508652220772235 7 11270 12 4150 1 6615 8 5202
3915 0.57958981931496667 -1.0169257595571537 5.0961789715741226 97 88 83 0.95231920587517527 7 9276 12 4165 1 6652
3916 -0.45161587683663668 -0.88156359810873308 8.3351029744804883 163 144 127 1.0203579656865271 11 5502 12 4171 1 9495
3917 4.3144878569462701 -1.3550225194219156 3.1018590253586091 120 92 80 0.84304510359914953 11 8282 1 9573
3918 0.36927638225077375 -0.88883479162845558 5.0206642260195835 27 20 12 0.80636851804829468 13 8999 12 4203 1 6710 8 1519
3919 4.7674137005402502 -1.400301528308179 2.7214248640919525 90 77 68 0.46692149375786984 11 10123 1 9581 8 5337
3920 1.5827925345572118 -0.96958560659551696 5.782609306533633 52 43 32 0.60164513680499088 13 8096 12 4227 8 7870
3921 -0.088062519959205721 -0.7616615048289328 6.3689844796806483 149 132 116 0.83671936610513997 3 6358 11 8373 12 4238 8 5289
3922 12.089382975659364 -1.902449687838015 12.908439030756535 149 136 127 1.1940891005672691 13 6865 12 4257 1 9567 6 11931 1 11383 2 9420
3923 2.5885594747543017 -0.96696021549136701 6.0734014718256688 77 65 56 0.67695784754595634 13 6678 12 4268 1 6772 8 5317
3924 2.5885594747543017 -0.96696021549136701 6.0734014718256688 77 65 56 0.67695784754595634 13 6679 12 4269 1 6773 8 5318
3925 12.115655056748977 -1.8062669293776816 12.910389836926011 142 132 123 0.91222299184540068 13 6872 12 4272 1 9586 6 11939 2 9428
3926 1.6451560870132758 -0.82829852637587686 5.769323971136247 35 26 19 0.50441828558263946 13 8145 12 4284 8 5356
3927 1.6451560870132758 -0.82829852637587686 5.769323971136247 35 26 19 0.50441828558263946 13 8146 12 4285 8 5357
3928 2.4683574977676184 -0.88605624787793325 6.0384692715477497 152 137 118 1.0737044554454072 5 8373 12 4289 8 5353 14 9578
3929 1.2737797350717308 -0.77406877358815451 5.3065863839081482 160 143 127 1.093099436733306 5 6860 12 4292 1 6819 8 1675 11 5682
3930 11.45295810520104 -1.451221718020421 14.031243907667033 139 126 117 1.3322617766449913 5 6914 7 9409 12 4305 1 9616 8 5274
3931 11.460668944887207 -1.4449216827774658 14.158858734780615 76 69 63 1.1482666390268987 13 6893 12 4310 1 11410
3932 3.1536088572774319 -0.8789306309098126 6.1900687936688223 149 130 115 1.7275086173137275 3 7663 13 6750 12 4312 1 6832 8 5379 14 8902 6 11728
3933 12.394804049345103 -1.5612186187819113 12.476765688873385 134 120 107 0.58503739663670229 12 4316 1 6818 2 8401
3934 0.94008871968292385 -0.68461266350831917 5.172991803298121 154 133 114 0.54263790664928191 11 8445 12 4317 4 7842
3935 1.0354262547918989 -0.67805880384237327 5.2190963259004866 154 133 114 0.65203386810430553 13 8135 12 4330 1 6850 8 5443
3936 12.109543252026 -1.4110591551888134 12.799512006248163 133 123 113 1.088839282567061 13 6910 12 4348 1 9653 6 10742 2 9447
3937 12.046348080736802 -1.3852796284248774 12.91602209714841 145 132 124 1.0594723545928153 13 6911 12 4350 1 9657 2 9448
3938 0.46570881879956505 -0.81348745904557607 -0.38390848702260455 11 15 18 2.4873295051548352 7 11281 12 4351
3939 -1.8128500692972738 -0.38181634025826655 4.886110573589538 59 44 35 0.71258884424437552 5 4672 1 9694
3940 11.880083926086085 -1.3375915323950514 13.018584000620018 148 135 126 1.3344855812566205 13 6914 12 4359 1 9661 2 9449
3941 4.3861840412984527 -1.0027401045660427 2.915216717729312 149 142 132 0.28654737805903641 11 8448 1 9737
3942 12.147267656439688 -1.2232919821271298 12.798259676070508 135 122 113 1.3011468025718413 13 6936 12 4385 2 9456
3943 11.369506044144915 -1.0467676613208845 13.380266968976882 159 142 132 0.33686896189680787 7 11393 12 4407 8 7919
3944 4.0379696387288551 -0.89061903971303502 3.4778103430684344 48 37 31 1.4798254623063329 13 9127 8 5543 1 9761
3945 1.1940112464601644 -0.54826138736887087 5.1175266659565928 163 145 125 1.2964215871165583 11 8500 12 4417 1 9740 8 5521 14 10050 6 13869
3946 -1.3846541327341857 -0.33770176893605147 4.7367744279074326 43 36 26 1.7390945887087159 5 6949 12 4419 1 9743
3947 -1.3846541327341857 -0.33770176893605147 4.7367744279074326 43 36 26 1.7390945887087159 5 6950 12 4420 1 9744
3948 4.1970900649647378 -0.89015174078199333 3.1749232446540629 62 43 29 0.59095587898930879 11 8474 1 6981
3949 11.473542539733577 -0.93517820809524255 13.362652835934389 43 38 35 0.84246261884634066 5 6991 7 9531 12 4438 8 5418
3950 11.473542539733577 -0.93517820809524255 13.362652835934389 43 38 35 0.84246261884634066 5 6992 7 9532 12 4439 8 5419
3951 -0.22984214135643391 -0.40972278884404661 4.6259050965383892 134 122 109 0.31386549901964694 7 9554 12 4442 8 5559
3952 11.466440891827219 -0.9116896820082806 13.049319672253187 157 140 124 1.1282882640932841 5 6996 7 9538 12 4447 8 7949
3954 -0.076068652991178098 -0.40240481817188528 4.6693906136226815 150 132 118 0.79696647325449321 13 9080 12 4449 8 5571 7 9560
3955 -1.6441330673688843 -0.26173300496038859 4.7513566335126791 65 55 44 0.83407110147530494 5 6995 1 6977
3956 -1.8536711175181071 -0.1556056591759839 4.8517191339869408 112 99 89 1.1776660179559564 5 7042 1 7027 8 2018
3957 -1.5983982533967205 -0.1765973558718974 4.7478741374090321 167 154 145 1.1810608436500205 3 4644 12 4509 1 7037
3958 -1.4866644956269721 -0.18953500862630568 4.7074599359407827 56 43 34 0.60357930876971488 3 6541 12 4510 1 9819
3959 -1.3552916817247005 -0.19700473845180794 4.6674161770556566 167 151 138 0.65495775972144032 3 4615 12 4514 1 7042
3960 -1.2454476752563899 -0.20367406911834529 4.647713090327481 149 135 124 2.0646346772913957 3 6537 12 4518 1 9824 4 4820
3961 -2.5444696541903302 -0.20186168224265383 3.1310354786244261 86 72 61 0.099562501390810479 11 8641 12 4527
3962 -1.5210443239710423 -0.16602610678749094 4.7316051936647296 43 29 18 1.7430843531474487 5 7048 12 4528 1 7057
3963 -0.18578268034168877 -0.27739869835374259 4.5861955112090698 38 31 25 0.52292656642009527 3 4521 12 4529 4 6754
3965 4.5202222552923814 -0.68648225921030459 2.7010068838392001 144 119 99 0.19390232636690879 11 8599 1 9877
3966 -0.45929913436362774 -0.12304825615294843 4.504426108520998 175 156 142 0.47713047791106344 13 9129 12 4607 1 7144
3967 2.8244443178655549 -0.20051929795865209 5.6084085064534666 156 140 124 1.2380964264706336 5 7112 12 4616 1 2966 13 4768 8 2184
3968 7.3591354615611211 0.023941285186816222 9.5016367449621875 93 97 109 1.5787915103661643 7 11552 12 4645 5 8550 8 8121
3969 -2.8007394226731348 -0.070072613600428241 2.562505553956028 153 137 122 0.94830088124299816 7 6957 12 4653 1 7233
3970 2.3660188959095509 -0.063135616995868907 5.4543098425184224 163 142 123 1.061988684596864 13 6961 12 4654 1 7205
3971 7.5260186424840434 0.071061393591354438 9.1940746051270281 50 29 17 0.7602133172904203 5 7165 7 9821 12 4664 1 7208 8 5744 6 11994 2 9485
3972 7.4736148731273424 0.19700323747562093 9.3688427424096865 169 147 131 0.8353175069374229 5 7183 7 9845 12 4682
3973 7.4201541085106282 0.21401434780348716 9.4126206154642507 143 125 111 1.2570946298203538 5 7185 7 9846 12 4684 1 7235 8 5766
3974 -2.8227935063967511 -0.011678911526506339 2.5444256271857069 153 139 128 1.8314375863904175 7 9874 12 4695 1 7288
3975 -0.098228131567822508 0.0947996188320573 4.5401626946919764 183 162 145 0.372606522964053 11 8789 12 4700 8 2376
3976 4.5142348520247184 -0.35153605735154408 2.6423035787039022 140 115 95 0.022440496532734288 11 10404 1 9973
3977 5.3445514239045053 0.26327192199562555 7.820713812133012 162 149 140 0.63638110887683952 13 8445 12 4718 1 9946
3978 2.2297064538811795 0.13782802493706076 5.4612968599822125 57 42 35 1.0299108268319739 13 8382 12 4722 1 9955
3979 2.2141068608612442 0.17652072190628548 5.4583925549051635 65 51 42 1.2259476021135134 7 11610 12 4736 14 10135 6 13297
3980 0.32222486574022624 0.0014324027764775343 3.3635651479274284 138 128 118 0.37107317278237967 7 9888 12 4738 8 5889
3981 1.5246989941518789 0.17436039030977035 5.0037534764065814 80 70 58 0.69815767594750755 13 7032 12 4746 8 5862
3982 4.4850230166796576 -0.25943545004641477 2.6284006426020436 105 97 95 0.19616384871200426 11 8817 1 10004
3983 2.2935257049124376 0.24281728250008622 5.4811232864586099 75 61 52 1.3443945579132637 13 8417 12 4762 14 10143
3985 0.64524885818251065 0.26320612166368151 4.8657001585165638 71 56 46 0.61921247597244766 13 8378 12 4770 1 7355
3986 4.4148504064132288 -0.19475895037835594 2.6389276815430627 95 83 71 0.38076626631759364 11 8845 1 10028
3987 -0.37389728416816892 0.25573973685282925 4.435896841219753 166 149 135 0.50950014537225274 11 8879 12 4778 8 5935
3988 0.33319332755566056 0.085412700818860807 3.3616351984589325 21 19 12 0.60531394458273713 13 9722 12 4782 8 5969
3989 4.1899193078447468 -0.13629515093804107 2.8759553497575148 145 127 117 0.017847631974421761 11 8858 1 10032
3990 2.2129067280790924 0.34117363029987757 5.5226895932473408 70 53 45 1.5891301993954112 13 8444 12 4789 1 7396 8 5940 14 9721 6 13326
3991 5.7541686696691663 0.59699543395142984 8.0031063046187469 150 127 105 0.72812397045047472 7 11667 12 4799 8 8238 2 10584
3992 4.1926939141339661 -0.082938053280347354 2.9026562673394238 83 69 56 0.37238015357730025 11 8889 1 10042
3993 4.3487659200475575 -0.086298875925605228 2.7567010118140578 153 137 124 0.49496806377617153 11 8900 1 10054
3994 4.3773959473216992 -0.087779799515222842 2.7265715288534786 32 22 12 0.35558537610094143 11 8901 1 10058
3995 6.0064036695652474 0.65598209328895685 8.0655503357346792 159 146 134 0.99500596189907409 13 5286 12 4813 8 5947
3996 0.16944170737203806 0.17648237697457253 3.4282592228591939 152 141 125 0.66044642739211767 13 9217 12 4818 8 6019
3997 2.2710738552286651 0.43029256310173902 5.5151929176326169 79 61 51 0.69785502217334527 13 8482 12 4821 1 10039 8 5993
3998 3.8130172219936687 0.084936901802772927 3.4931725718257116 0 0 0 0.96631136160193898 7 11677 13 8484
3999 -2.637298542200623 0.21954436820127449 3.0127404976604457 53 44 33 1.6419376644866652 7 7251 12 4829 1 3418 8 2641
4000 6.6074944440267416 0.7421413248719787 8.3221186736436952 69 57 43 1.0720029329837162 5 7327 7 11687 12 4836 1 10048 8 5983 6 12067 2 10204
4001 4.4363003845069882 -0.038908577584161927 2.6402802511814314 160 155 150 0.41068921520244317 11 8922 1 10078
4002 4.3725480593109118 -0.016092613929062402 2.7152940508720325 156 144 132 0.43010589543677136 11 8929 1 10082
4003 2.2313016299945594 0.53831619021033383 5.55925027590387 54 41 32 0.68259313493353468 5 7351 12 4863 1 7509 8 6045
4004 -2.6738871297971452 0.27245836554687752 3.0285419808772915 92 87 83 1.0877472095620331 7 7319 12 4868 8 2695
4005 2.2267067346177498 0.61130900310656344 5.5588240869745196 97 80 72 2.0943804475262819 5 8675 12 4896 14 10186 6 13360
4006 6.5869278468278623 0.97142280144487503 8.2485551557618706 51 43 31 1.0570899198634887 7 11727 12 4898 1 10097 8 8306 6 10986
4007 1.1231438547199479 0.54286901135112786 4.8868130599678672 166 145 118 1.2852298946013865 5 7385 12 4901 1 10106 8 6095
4008 1.1231438547199479 0.54286901135112786 4.8868130599678672 166 145 118 1.2852298946013865 5 7386 12 4902 1 10107 8 6096
4009 6.7141526017467665 1.01034627142745 8.2363873575884838 136 115 98 1.2223682923219206 5 7406 7 11736 12 4911 1 10111 6 12093 2 10232
4010 -0.54014939318360544 0.52673387257620796 4.3604292970534813 63 45 33 0.42742507488946213 11 10548 12 4919 1 7609 8 6126
4011 6.1318196649035057 1.0538062226149492 8.1192331247106129 150 136 127 0.76101184322438498 5 8694 7 11750 12 4928 8 8330 2 10610
4012 2.2240486056450535 0.70419228846681647 5.5486864280194395 48 34 25 1.1579365596993316 13 8560 12 4929 8 2763
4013 2.2240486056450535 0.70419228846681647 5.5486864280194395 48 34 25 1.1579365596993316 13 8559 12 4930 8 2764
4014 0.82445383865014799 0.61977042700276719 4.8202446820163711 168 146 123 1.78753363884723 3 8825 12 4935 1 7623 8 6146
4015 1.3509161996044399 0.60581933723661929 4.6966594103991124 172 151 122 0.82523372658725769 13 8551 12 4940 8 6158 6 13948
4016 -2.5826300526111861 0.37557054860762179 3.0251296083811989 137 127 117 1.5705061287578934 7 11757 12 4942 1 3692 8 2812
4017 -0.65371186453183427 0.59344471878136573 4.3370520401603576 73 55 41 0.49489920462388609 13 9793 12 4951 1 10153
4018 4.3377685278091151 0.24621274394128329 2.7032355625574818 161 153 142 0.27140322626694874 11 10573 1 10196
4019 -1.5429914166171557 0.67800193570637912 4.5756582391368923 129 108 91 1.7121321887166474 3 2422 12 4969 1 7650
4020 4.4292659798783749 0.23101583739570303 2.5850717401869705 163 156 150 0.45660322700280503 11 9045 1 10198
4021 -1.1367543718443207 0.69000069744392734 4.4348959822437637 80 59 42 0.55384195467527186 7 10154 12 4994 1 7697 8 2860
4022 6.6589570724201144 1.4279094752639905 8.1426783640071356 137 119 99 1.470103583407345 7 11817 12 5030 8 8402 6 12140 2 10646
4023 3.8986681441577029 0.4883370346804084 3.2964214907503173 109 97 85 0.79723956762732184 3 8844 1 10225 8 6252
4024 3.8986681441577029 0.4883370346804084 3.2964214907503173 109 97 85 0.79723956762732184 3 8845 1 10226 8 6253
4025 4.2665210280435328 0.39019444839227774 2.7816139891010376 161 149 137 0.19944766450091128 11 9126 1 7783
4026 2.4611340824378054 0.94652001259831675 5.3944053151703546 54 37 27 1.0476802633401932 13 8648 12 5047 1 10221
4027 2.4366698849444637 0.9385287743691344 5.361796839304886 54 37 27 1.3057951869940458 13 8649 12 5048 1 10222 7 7600 14 9842
4028 4.4914675340839416 0.35366923506241754 2.4962216487254283 102 101 97 0.65320598325094537 11 9141 1 7802
4029 -1.932527992902433 0.81881186337110845 4.6161276814685861 123 100 81 0.61590284015786323 5 5612 12 5053 8 6245
4030 2.4452845749950693 0.98305935617269269 5.4078686211558482 126 100 83 0.81497341612369212 13 8655 12 5057 1 10234 14 10219 6 13729
4031 -1.4582749090037823 0.81959835286208682 4.4903099966385964 142 125 115 0.59812992932597309 11 9155 12 5069 1 7782
4032 6.0184416710355224 1.5704767176822085 7.8716231575207205 33 20 11 1.0602803939597349 7 11856 12 5082 8 6300 2 10655
4033 6.3507002116673172 1.6209331048580675 8.0749979563955421 35 20 11 1.5033343936697119 5 7540 7 11861 12 5084 8 6304
4034 6.2118133902643455 1.6401530498030723 7.9427176670326416 100 83 67 2.4242625498796686 5 7553 7 11871 12 5098 8 6316 2 10289
4035 6.4338937170238308 1.668698640539499 8.0766556682001269 105 87 70 1.8781310759013397 5 7554 7 11872 12 5100 2 10663
4036 -1.5219922447106704 0.91901152725697155 4.480757822240566 142 123 109 1.4951248067560161 11 6896 12 5125 1 7854
4037 5.9776492470058598 1.7391682847972905 7.8825992478952278 104 83 66 1.8427129241403566 5 8805 7 11898 12 5131 8 8498 2 10673
4038 6.022211733477195 1.8700676949410784 7.8617492024272559 141 118 103 1.6403944678412679 5 7617 7 11934 12 5166 2 10684
4039 1.383359497565317 1.1134369917071478 4.5465054757693224 114 93 72 0.89712738109390133 11 9277 13 8732 12 5192 1 7958 8 6405
4040 0.57460719214118339 1.1152131335567359 4.5797768329195456 173 152 135 1.6791566841746324 13 9417 12 5194 1 7957
4041 0.58223716307719242 1.1184357843047747 4.597752944319792 173 152 135 2.2283899601810604 11 9279 12 5195 4 8349 10 9619
4042 2.4526738613388148 1.4337044232070804 5.3027083996061517 165 148 132 1.7552460466197406 13 7657 12 5246 1 4323
4043 -0.13104953980659809 1.1560824961497889 4.2602801269039441 165 146 129 1.3584005705501054 5 7717 12 5272 8 3364
4044 -0.14589879052023128 1.2561122657752475 4.2336150454356902 152 130 116 2.0946275490982269 5 8933 12 5350 8 6559
4046 -0.014501653391574221 -4.0166826133546136 9.9866423778285665 129 130 136 0.75517513700991279 7 10927 1 10938 8 7361
4047 0.29862831275401402 -3.3610376247395051 9.8673076114595659 106 99 97 1.7717722994328873 7 10983 12 5918 1 8926 8 7406
4048 12.860725756213803 -6.8939064401518388 14.887232967233544 124 139 146 2.082609042936967 11 7892 12 5920 1 8913
4049 12.557015937333817 -6.5016997837242236 14.725072969199497 117 117 122 2.4789908910735612 13 7978 12 5940 1 11023 6 11707 2 10017
4051 -0.45944339125922184 -2.4378337880865755 9.8532312206828294 144 148 151 0.62880988504460589 7 11087 1 11083 8 9240
4052 11.650955087593401 -4.7565970697185058 13.762820109514861 123 119 120 1.3994046997392406 7 12465 12 6042 8 9237
4053 12.835143531366272 -4.6449906917578403 13.253667239069614 52 50 55 1.6695291207750802 11 9959 13 8057 12 6065 1 11124 6 11799 2 10042
4054 -0.099309203315028433 -1.9362416023716817 9.415497121833555 147 130 116 1.7890936686419672 7 9008 12 6091 1 6181 8 4884
4055 11.608493250493337 -4.0096791918881323 14.331917970106169 127 121 117 1.1688462422826011 13 8098 12 6111 1 11161
4056 11.608493250493337 -4.0096791918881323 14.331917970106169 127 121 117 1.1688462422826011 13 8099 12 6112 1 11162
4057 2.5749584937974497 -1.9413504207573535 6.3560640215606314 191 202 213 0.87817475381318477 5 8238 7 8995 12 6131 1 1566
4058 12.28784151834425 -3.8191669876382552 13.032487641230908 52 46 46 1.2776484216997752 13 6604 12 6138 8 7572 2 9361
4059 11.708735950358426 -3.6232282802962379 13.512352453498492 113 103 101 1.4730958884227998 13 8131 12 6151 1 11212 8 9294 6 11839 2 9362
4060 11.554113490639354 -3.5713913596240725 13.750925549138724 139 131 128 0.68499087811098169 13 6634 12 6153 1 11217 6 11841 2 9365
4061 1.610067585354483 -1.5653226668932565 5.8696123092080725 153 143 131 0.89400330088482705 13 8966 12 6170 8 5075
4062 2.5092934730579812 -1.7024575487450544 6.2302766236300204 161 145 130 1.5213156949229256 7 12539 12 6171 1 9354 14 10023
4063 11.601859417655955 -3.2314400074744491 13.876034578094059 160 150 141 1.2889813413625006 13 6688 12 6178 1 9335 12 4020
4065 11.525560858877739 -3.16054828203101 13.462007745161419 109 104 98 0.87383912569834055 13 8178 12 6183 1 11253 6 11856
4066 1.5189591490189085 -1.4600556371262456 5.786288075004026 156 140 124 0.82678014020684731 13 8974 12 6187 8 7750
4067 -2.3619438602587937 -0.83330267028366245 3.8291599850786446 115 70 53 0.7365101361119476 7 11250 1 6521 8 5217
4068 12.173482014887275 -2.8919033486091967 13.047031532132282 156 147 140 0.82517149820468239 13 8213 12 6211 1 11281 6 11890 2 10075
4069 1.2465994589568901 -1.2001884809569507 5.4246259479486172 133 116 100 0.83486709380579593 11 10111 12 6233 8 7795
4070 11.729689771446168 -2.5349025192050294 13.343689618147135 41 35 37 1.1759342604081253 13 8235 12 6238 1 11313 2 10080
4071 11.833489948991113 -2.4458510531929862 13.253636995653267 146 134 122 1.0054745913506571 13 6802 12 6253 1 9472 6 11911 2 9392
4072 2.2190480465937754 -1.2333934395156212 6.0956966677305031 72 61 55 0.85201091502506932 7 11273 12 6256 1 11344 8 7806
4073 3.4431543002118801 -1.3835758206141311 6.4149498943745442 202 209 218 2.2634920115138306 13 9067 12 6260 1 13389 3 9213 15 366
4074 -0.013215845362951617 -0.92587496456835061 4.8410607975170432 32 21 15 0.39699640966883987 13 9593 12 6268 8 5260
4075 4.1419703298858517 -1.3789711088791707 3.3938482031388073 133 106 93 0.93061392232959517 13 9031 12 6277
4076 -0.1765842515145902 -0.79441319634294072 6.4023679720426783 117 97 85 0.80896974327171989 3 6349 12 6297 4 6529
4077 0.48796020272002238 -0.92810826460324136 -0.28718452201893874 0 4 4 2.3227581740361298 7 12558 12 6299
4079 12.104909183043494 -2.0140373661386946 12.942150424685392 150 137 128 0.99364117762590654 13 8279 12 6308 1 11371 6 11924 2 9411
4080 4.7708251342311607 -1.2904027416736086 2.6820244459018086 98 93 89 0.52456090393900978 11 10155 1 9623
4081 2.0265266248557072 -0.9292700135617038 5.959557005206725 43 37 34 0.85716444088170829 13 8141 12 6323 1 9598 12 4265 8 7890
4082 0.63979093470071779 -0.76064408693538754 5.1618941312489781 152 134 117 1.1601393779775009 5 8366 13 9043 12 6333 1 11408 8 7914
4083 3.8182223662115482 -1.1145672973427145 3.8742676975009629 158 132 117 2.0879898004435851 3 8543 12 6336 1 9639
4084 4.5197117018677391 -1.2033990912311041 2.8487355135981303 147 150 149 0.22828715193546883 11 12399 1 11435
4085 4.0659000585247744 -1.1199871825118513 3.3969766793768068 128 119 112 1.9769318056950227 13 9082 12 6347
4086 0.64872200693805604 -0.5235172196365504 5.0527360822917018 166 145 128 0.86087207000142785 13 9654 12 6393 1 11468 8 8002
4087 10.477184971387159 -0.75451892898596207 13.923245658876176 211 212 216 1.5973892055754833 5 7012 7 12700 12 6409
4089 4.7799851266814191 -0.92869993845210097 2.6026122265645113 131 117 106 0.48595336331314259 11 11487 1 11504
4090 -1.4351036641726949 -0.25387039129052003 4.7061228857697914 29 21 14 1.3754820973990045 3 6509 12 6419 1 11501
4091 -1.3031772212534574 -0.20484760174412248 4.6629692479042069 159 140 130 0.71719204603061326 11 10326 12 6446 8 8069
4092 2.2417434765832454 -0.26671288171116048 5.466982783228481 107 90 72 1.1133892297297223 7 12755 13 8306 12 6484 8 8101
4093 -0.43373310753068661 -0.16143951497451337 4.5224809662351531 157 138 124 0.93544896577376857 11 8673 12 6486 1 11565
4094 1.9331793360461562 -0.19139072660455791 5.3036316374106161 78 62 47 0.50729044076687513 13 9188 12 6498 8 8119
4095 -2.5187916175761784 -0.10607968274851523 2.9984911745650766 160 149 137 0.86011065471143111 7 12779 12 6502 8 5780
4096 4.332290260805129 -0.50313016110824904 2.868174224121856 161 151 141 0.80902856174542848 11 10358 1 11600
4097 0.015798324834177202 0.1237689260731487 4.5898877490280192 154 135 120 0.44304443295218965 11 11650 12 6556 8 8197
4098 7.751290043698658 0.45259045709292928 9.0587286888011178 40 37 34 1.4065519633862653 5 8602 7 12832 12 6575 1 11642
4099 7.751290043698658 0.45259045709292928 9.0587286888011178 40 37 34 1.4065519633862653 5 8603 7 12833 12 6576 1 11643
4100 2.3939149998649882 0.22928681681937718 5.4488527275037049 57 42 33 0.97840201709293328 13 9238 12 6581 6 13935
4101 -1.2429654904656169 0.26897012478023058 4.5315723436743296 163 140 122 0.98774940409085232 11 10467 12 6585 1 11653
4102 7.7521689733396268 0.51930470407771645 9.0019390521578924 152 130 111 1.3339131021520958 7 12840 12 6587 1 12746 8 9680 6 13385 2 10590 5 9469
4103 7.9270834483390011 0.52331056031180601 9.0814860278255161 150 130 114 1.2402470108135681 7 11635 12 6588 8 8211
4104 -1.9130659229724039 0.35114272563659293 4.7527581431384531 156 131 111 0.80733786471958202 7 11643 12 6592 8 8234
4105 6.5415130560538701 0.49870631290519757 8.3743335805089441 155 130 110 1.021377611760649 5 9472 7 12841 12 6593 8 9686
4106 4.4011407730612184 -0.18255880323746787 2.67661631862725 80 63 53 0.29615262665778125 11 10461 1 11677
4107 -2.5948554639736159 0.18497928254899831 3.0677109412575239 72 62 50 2.0056198502002145 7 11670 12 6610 8 6004 1 10033
4108 0.19954030254396971 0.17575980783610873 3.4245601614612733 18 20 19 0.70792995697060024 13 9736 12 6622 8 6021
4109 1.9943746865391851 0.44114660679622303 5.5067525213247839 120 103 96 1.0974603518647126 13 9261 12 6626
4110 2.379578726449894 0.44439531041159192 5.4915040225889191 43 26 16 0.83386632133120386 5 8635 12 6629 1 11686 14 10168
4111 4.2583659345160996 0.00622247257833803 2.8769576704189523 132 111 94 0.47511952224944465 11 10499 1 11707
4112 4.2583659345160996 0.00622247257833803 2.8769576704189523 132 111 94 0.47511952224944465 11 10498 1 11708
4113 2.7286812695355485 0.45014997479125723 5.3827074602768086 161 148 132 2.0075260914069268 13 9273 12 6636 14 10402
4114 2.5259984002596565 0.53118948789188614 5.4699312968349538 68 50 36 0.7844790236037481 13 8516 12 6641 8 6053 14 10177 6 13688
4115 0.042346545481972253 0.44409815401612396 4.4853384157264413 34 24 15 0.69800172443376773 7 11713 12 6643 8 8302
4116 1.2105772381357101 0.53331409402128327 4.8629560824431106 176 156 132 0.50244031748787032 13 9795 12 6662 8 9766
4117 -1.920419755439311 0.5896675597103811 4.6701423242593538 106 93 81 1.0596044147427943 5 8690 12 6668 8 6105
4118 6.6755841387008736 1.1068761891454122 8.2245866682210469 148 129 112 1.3327703096652201 5 8700 7 11756 12 6681 1 11738 8 8336 6 12898 2 10616
4119 4.5118916277624175 0.17805219864367899 2.5193607663549962 149 148 146 0.62316814539120646 11 10560 1 10183
4120 -0.040202000933998228 0.62168482744011377 4.4095493785160604 173 150 134 0.79387595805651157 5 8709 13 9810 12 6697 8 6177
4121 6.5192261981251551 1.215814972425868 8.1937192668040488 141 123 109 1.3720729546499424 5 9536 7 12929 12 6698 8 9789 6 12106 2 10907
4122 4.3237360483321288 0.26365179179045861 2.7319737858421815 158 146 134 1.1328566469998091 11 9051 1 7717 1 11789
4123 6.2913634479479406 1.2626987697326502 8.0938628109343522 153 132 115 1.386467760628316 5 8726 7 12945 12 6706 8 8359 2 10629
4125 -1.7282374759835113 0.73040995496451688 4.5950663832407219 68 52 39 0.46590106996221858 7 11780 12 6709 8 6202
4126 7.701767547788112 1.4341370100355544 8.7151488061763107 108 89 74 1.6305239588462397 5 8740 12 6718 2 10262
4127 6.1715440789596476 1.3493466910703416 8.0105199532383846 118 100 84 1.9207169758477469 5 9554 7 12956 13 8656 12 6725 2 10919
4128 6.3615209155317993 1.3581423340039633 8.0948189392548429 175 154 137 0.94969123389359045 7 11797 12 6726 8 8390
4129 6.4125871409132831 1.3687311435604874 8.1538785946744685 175 154 137 1.0409583830758986 5 9550 12 6727 8 8391
4130 -1.5539035628942921 0.74467414049168112 4.5390888208304903 108 89 72 1.0893755509255547 11 10604 12 6729 1 11791
4131 6.632506897852811 1.3913145759943311 8.1804091086842057 21 14 3 1.531852717113799 5 8752 7 11804 12 6732 8 8395 6 12913 2 10640
4132 -1.4579921823145074 0.78026960642591625 4.5119636042484199 148 130 118 0.47774468558521521 11 10629 12 6749 1 11807
4133 6.215119008490837 1.4811252081549215 8.0321048543460414 65 52 35 1.5495626658130113 5 8770 7 12977 12 6754 8 8419 2 10924
4134 6.2744005479309068 1.4987331956611185 8.1083816778794464 65 52 35 1.3789212020895343 5 8771 7 12978 12 6755 8 8420
4135 0.57404618695836163 0.83220338684048878 4.6606067388708396 134 109 89 0.66740843697812591 13 9850 12 6758 1 10229 8 8422 10 9891
4136 1.1918400095129789 0.88200454077083823 4.7569973475279763 167 133 101 1.6396060930404293 11 10648 12 6765 8 8438
4138 -1.2727633591750678 0.82322656641106362 4.4326496257115835 164 144 133 0.89686939118597186 11 9164 12 6769 1 10237
4139 0.063441274370468148 0.83476999802742302 4.4222936687043886 70 49 32 1.1081541892363791 5 9588 12 6771 8 8441
4140 -0.007398806289932558 0.8272895790166972 4.3465053111770517 161 133 112 0.68968370153008329 13 9861 12 6775 8 6291
4141 -0.13243754817413259 0.86833108182439189 4.3303969174822941 144 121 106 1.0144657526357772 5 9599 12 6788 8 8462
4143 -0.65453311650138168 0.86819759293459564 4.3228564707231376 94 71 55 1.6828315312074473 5 8787 12 6791 4 7233
4144 1.324431757133103 0.98674499818413197 4.6458168729667433 47 38 27 1.8153167991940622 5 9616 11 10674 12 6800 1 11856 8 8485 14 10427
4146 0.62192296927809287 1.1809314633228243 4.5974411067189811 146 123 107 0.17014350679202472 11 10728 8 8574 4 9058
4147 -0.13819215291770456 1.1222454661811991 4.2672696826490322 143 121 107 1.4126730211597114 5 8873 12 6886 8 6469
4148 0.19846449210173545 -3.2260250382686402 9.6743411215333452 69 64 70 1.6217243445659815 7 12419 12 7303 8 9203
4149 -0.23107634840586638 -3.1106979242564492 9.9836003844512593 143 152 159 2.055930346872064 5 8182 12 7309 8 9208
4150 -0.23107634840586638 -3.1106979242564492 9.9836003844512593 143 152 159 2.055930346872064 5 8183 12 7310 8 9209
4151 -0.25221627282421116 -2.4648193391421751 9.7465468344189112 136 145 152 1.3403338557561721 11 12295 1 12359 8 10399
4152 11.816090994256697 -4.6762532305583768 13.644738107770321 122 120 122 1.4080617238509638 13 8042 12 7374 1 12378 8 9242 7 12471 6 11783 2 10035
4153 11.656717762895834 -4.6731408610939091 14.824327127861478 118 116 117 1.4700739739890263 7 12484 12 7383 1 12386
4154 11.508233708491945 -4.5808735402539087 14.109562552567192 137 134 133 1.8245339228944824 7 12483 13 9024 12 7385 1 12388 8 10401 2 10036
4155 -0.44169163871733408 -2.0350644726943079 9.7775715053346772 77 68 62 0.22465192073611034 7 12509 12 7392
4156 12.348875895616628 -4.4701645563166865 13.168786307683551 35 36 41 1.0801188174334979 13 9035 12 7394 1 12402 8 10408 6 12688
4157 -0.66434803025381683 -1.8424349634760169 9.6180292629305963 136 120 107 1.738354296553638 11 10010 12 7403 8 9288
4158 13.147094574754666 -4.2031674533031538 13.200304809293073 148 142 142 1.1707692990867034 13 8102 12 7413 1 11164 6 11829 2 9356
4159 -2.5098968938233477 -1.0167579200632988 3.3612517087271176 65 62 57 2.0076617183424594 7 12524 12 7416
4160 12.81657175367374 -4.0543135771095615 13.212469757992709 129 120 115 1.5102625669191023 13 8105 1 11175 6 12714 2 10059
4161 -2.598473760590811 -0.94173652607873859 3.2451686689289696 53 43 34 0.89057488066191515 7 13414 12 7429
4162 2.7761070256451625 -1.8358701963018085 6.2266440851111522 111 107 106 1.7473251683709132 12 7449 1 11245 8 9343 7 12523 14 10327
4163 2.7043871969424145 -1.8024778011895404 6.2333615982182176 128 123 119 1.2522850321464161 7 12527 12 7451 1 11247 8 9349
4164 12.042270340242887 -3.47116590090415 13.333478256502122 115 102 96 0.96330110192821339 13 8158 12 7457 1 11228 8 9311 6 12728 2 10066
4165 -2.5993381977396113 -0.85110346698294281 3.2366188852662749 67 55 39 0.67033291619399749 7 12563 1 11279
4167 0.57297683443383973 -1.2563008979921682 5.4628779081084788 157 147 135 1.1031799547949634 7 12574 13 8963 12 7485 8 9376
4168 11.92563006182572 -3.0054378274378513 13.286276193073453 169 160 155 0.64594461014886084 13 9120 12 7486 1 12483 8 10469 6 12752 2 10537
4169 0.5457343150936923 -1.2345961060396098 5.5125320037811862 167 155 143 1.168125159264698 7 11236 12 7489 8 9378
4170 12.1149670797596 -2.9687062933346957 13.302302074434472 32 32 38 0.91883556784589726 13 9123 12 7492 1 12485 8 10475 6 12754
4171 3.7416215666775599 -1.4637677941198399 3.9431952994977046 144 135 128 0.90614268045964186 7 13431 1 12521
4173 4.0888793670854664 -1.4091800609653182 3.6914196456139852 64 68 77 0.33520246750886229 7 12582 12 7513
4174 -0.058642221213197315 -0.90557134324275135 4.8333606128102193 165 145 134 1.3921206831207529 7 12620 12 7518 8 9446
4175 4.1051415972742511 -1.3645128698208036 3.4153186729099509 141 132 125 0.43280050262514991 13 10073 12 7522
4176 1.250234633851901 -1.0000463111095439 5.3893423536312524 140 123 103 1.3230655469713177 13 9624 12 7527 1 11369
4178 4.4745185659661626 -1.152972199609402 2.8401553782915281 110 107 104 0.36685403370013858 11 11455 1 12596
4179 4.7148828105608604 -0.92514792115746058 2.6351332679581376 158 139 125 0.8085420313153111 11 12452 1 12646
4180 4.5058289591072311 -0.87645079962161876 2.751903372337166 127 104 85 1.2356151834587195 11 11494 1 12648
4181 0.45471174423572425 -0.71886530329909337 -0.36560413612902465 5 9 8 0.99905378271555023 7 13504 12 7630
4182 -1.4229835075123658 -0.13911886921223643 4.6918745328913909 136 119 108 1.2888793932097142 3 7839 12 7675 1 11544 8 8096
4183 -2.5642358153803371 -0.17843083331110371 2.964927742345945 176 167 158 1.1788128257665285 7 12754 12 7678 1 11562 8 8132
4184 7.4836709775398278 -0.020888326735201631 9.4298889987634844 16 25 45 1.3279475479830201 5 8544 7 12784 12 7704 1 12700 13 9230 8 9616 2 10154
4185 4.3179596440454739 -0.48440988763747517 2.8952458668035366 131 105 89 0.092917961533702798 11 11598 1 11601
4186 4.219401297035037 -0.42222666419950639 3.1180180726327547 91 64 49 1.1293150356191655 11 11606 13 9724 1 11606
4187 1.9287454958733687 0.23243831601414539 5.4823270754192039 75 65 56 0.99804003814688524 13 9746 12 7739 8 9684
4188 4.1470868765390119 -0.1993238128005197 2.8377347557264327 41 30 24 0.82581891233649229 11 11656 1 12755
4190 1.9473977404926259 0.32843710580770763 5.5078160167134333 31 22 15 1.3247067125503251 13 9758 12 7763 8 9700
4191 4.03895570877037 -0.078838309159634912 3.1719864828966648 136 123 107 1.038062405670918 13 9761 1 12765
4192 3.9734197436536722 -0.062211023238664467 3.2458209685724557 127 110 94 0.9995076062128766 13 9760 1 12764
4193 4.2799592193842049 -0.062234038922641274 2.8253852819423253 109 91 77 0.50343391636697254 11 12570 1 12782
4194 6.2063665988078789 0.66883266398924968 8.1860967098402426 44 30 19 1.1479429388872779 13 9290 12 7786 1 11683 2 11110
4195 0.40437018273766434 -0.41170483526767881 -0.50126132106553822 0 5 4 1.3486380309535146 7 13661 12 7789
4196 -0.091925259654355801 0.3735366839262505 4.4063051310819157 53 39 30 1.1379676926314348 13 10161 12 7792 8 9739
4197 5.5137776650394077 0.74435597489634209 7.7217055949795457 143 122 105 1.7565357536033082 13 8542 12 7796 1 10062
4198 2.1364122835502108 0.5236600769381019 5.5642756620163478 39 32 26 0.69756299745637662 7 13683 13 9787 12 7798 8 9740
4199 2.6941262288986731 0.50924599822192906 5.4450024037088145 110 92 78 1.1140987546463441 5 10191 12 7802 4 9392
4200 6.8106138286854963 0.96072430311056356 8.1942522598095007 151 135 119 1.6147783329257486 12 7819 2 10897 7 13690
4201 1.9632190191956695 0.6982272767000931 5.5038280654454814 54 37 24 1.5002279500496234 13 9313 12 7832
4202 7.0368089209891052 1.1461199654640593 8.3830916396822115 117 98 83 2.0048167811687763 7 14219 12 7835 8 10815
4203 -1.925926222509903 0.64943934072585996 4.6633066736043602 117 98 81 0.65509485972241377 7 12915 12 7837 8 8338
4204 6.6197781634056767 1.1637422229239485 8.219887841603887 44 36 25 1.9731673641590823 7 13706 12 7841 8 9779 6 12902 2 10903
4205 4.3866852378687264 0.24484994442724128 2.6219020686496837 164 160 151 0.75434740821697399 11 12606 1 12832
4206 -1.4241008197181251 0.7277474737135996 4.528202386077929 21 17 13 1.4318709364410713 11 11756 12 7861 1 12821
4207 -1.4241008197181251 0.7277474737135996 4.528202386077929 21 17 13 1.4318709364410713 11 11757 12 7862 1 12822
4208 -1.2983873259323788 0.71908628685631037 4.4824897001481405 22 18 16 0.41549781827106247 7 12946 12 7863 8 9805
4209 -1.2983873259323788 0.71908628685631037 4.4824897001481405 22 18 16 0.41549781827106247 7 12947 12 7864 8 9806
4210 0.56996357718923296 0.78129076096453898 4.6638415376711544 166 145 126 0.63145938995475714 13 10233 12 7873 1 12842 8 9825
4211 6.80120036540578 1.413041464506881 8.1196010535295482 134 116 99 1.8201891083978434 5 9564 7 12967 12 7874 1 11808 8 9823 2 10922
4212 1.4227325949832541 0.78934745458393663 4.6750047672176063 175 141 113 0.71490505912367885 13 9849 12 7877 1 11813 8 9832
4213 7.583743795538501 1.6181255765675244 8.5561805454201618 104 84 69 1.9906688290603625 5 9582 12 7889 8 9846 2 10932
4214 5.8314598001877131 1.5114916321253269 7.8424964105348769 148 129 114 1.3425380358431691 7 12984 12 7897 5 9585 8 9848 2 10928
4215 6.2959775127860373 1.5540122022898477 8.0507448356737719 137 118 103 1.8103807685677029 5 9586 7 12985 12 7898 8 9849 2 10929
4216 2.3137751214735705 1.0983084474935547 5.4234376044421095 115 94 77 1.2983184079903209 5 9598 12 7916 14 10425
4217 4.3904790214412674 0.49501787100142552 2.5854039149454926 145 141 136 0.27316688230277208 11 12648 1 12889
4218 -2.6473348540236037 0.56764152592949202 2.9360059687979541 73 65 54 1.3423501103227748 7 12996 12 7925 8 8464
4219 0.38808870288146002 0.99294299586740642 4.542592348957009 157 139 125 1.143501519230786 13 10263 12 7934 1 11866 10 10107
4220 -0.1716836419954606 0.96790606588397943 4.3001079940599318 110 87 69 0.88678090771894891 13 10268 12 7944 8 9902
4221 1.4891274594499566 1.062028017561802 4.6139292661488778 42 31 27 0.98985033101938846 11 12668 12 7946 5 10682
4222 0.24141293918809104 1.0858940245798139 4.4589322390668125 161 142 125 2.1296462472524604 11 11832 12 7962 10 10115
4223 0.38370058139857577 1.148401827106867 4.5025595114880419 162 141 124 0.99815789823869372 12 7984 8 9941 10 10121
4224 0.069772633199802148 -3.224599140764314 9.6867456175845312 87 85 91 1.5920175759447928 7 13346 12 8290 1 13211 8 10366
4225 0.11303568319342794 -3.1411561811726614 9.7121393734577417 124 116 113 1.2884348256414411 7 13350 1 13214 8 10368
4226 -0.018043851445579351 -3.0838552561390409 9.8021757353555987 137 141 144 1.3705645525435017 7 12433 12 8301 1 12323 8 10369
4227 0.040229218310274872 -2.9996492331941211 9.7184789987889975 109 104 98 1.632616889348445 7 12435 12 8306 1 13218 8 11213
4228 -0.56925033635747235 -2.6096518415327719 9.9492278233312081 133 137 140 0.13463846597237578 11 12288 8 10384
4229 12.834089103652092 -4.8883485317930608 13.278839578002421 98 98 103 1.4103761998155555 13 9618 12 8339 8 11226 6 12677 2 10519
4230 12.265107111055469 -4.785036439233985 13.348137763613003 144 144 145 1.8149711198038914 11 12286 12 8340 8 11228
4231 13.368751054643338 -4.6646171033971724 13.334377346164219 72 72 80 1.1344393193894309 11 12296 12 8348 1 13262 8 11236
4232 11.531836338784862 -4.2816372070440822 13.733091483353224 102 105 114 0.93924397354294253 13 9629 12 8353 1 13271 6 13259 2 10824
4233 -0.2365157322426901 -1.8768710174141883 9.5095940370123415 183 174 165 1.2711152123711627 7 13398 11 11326 12 8361 1 13284 8 10433 15 1023
4234 11.367412521901841 -4.067054640572298 14.700721037106442 69 72 81 1.6184924239181979 7 13383 13 9634 12 8362 2 10523
4235 11.569084966089415 -3.8145460786804186 14.03889624930083 129 118 112 0.94185528650165296 13 9640 12 8368 1 13296 8 10422 2 10527
4236 -2.315953791835506 -0.89664148572099145 3.9771398521071597 78 58 44 1.3780566959979295 11 11379 12 8384
4237 -0.83537773392928727 -1.0337011409198531 4.7740418844181089 159 146 137 0.80562653221699587 13 10356 12 8391 1 13351
4240 10.052837669530589 -1.5142115036043613 14.373435987775505 155 139 121 0.40592664779186099 5 10050 12 8446 8 10543
4241 12.052510702027577 -1.5748298601609281 12.90569384748366 136 126 116 0.92352974586370584 13 9708 12 8455 1 13420 6 13328
4242 1.003127595353321 -0.53389925005526673 5.1762140026414869 157 136 117 1.3877144473291751 13 9662 12 8482 14 10333
4243 0.27784693058667931 -0.44508383969105925 4.8529903285975795 131 110 91 1.1306183830822871 7 13554 13 10087 12 8493
4244 1.3612263422725137 -0.46506318894152177 5.0240754181396126 143 128 109 0.74699544044527388 13 10110 12 8506 1 12642 8 10656
4245 4.2148957303862433 -0.81284149197132949 3.1443128677886993 151 126 106 0.77066680914321073 11 12459 1 12650
4246 4.2299532981842223 -0.7038447943378191 3.0952324065216592 187 166 147 1.4306715794498954 11 12475 1 13477
4247 2.2521954324461499 -0.078922339191761059 5.3894629655655759 92 75 56 0.75789618942979975 7 13626 13 10137 12 8557 1 12709 8 10715
4248 1.5719277048697577 -0.033422260532621317 5.089936654847711 62 45 29 0.74149571971150097 13 10133 12 8562 8 10722
4249 2.6962041305578373 0.0034044872061605655 5.6047083779982083 157 140 120 1.0361620840617634 13 9737 12 8567 1 13510 8 10727 14 10378
4250 7.7734729172810546 0.12895204404749916 9.0513134199112848 140 109 81 1.3706065391004321 7 14168 12 8568 2 11095
4251 7.7532689683220255 0.134511162459999 9.0274433387544857 140 109 81 1.9349285051868013 7 14169 12 8569 1 12719 6 13374 2 11096
4252 0.43308724450348313 -0.51995387639570656 -0.51154825903643597 0 2 1 1.346422398201284 7 14162 12 8580 8 8291
4253 4.1113289713025791 -0.21482202691526292 3.0842611898369325 168 163 159 0.32290728424061538 13 10152 12 8590
4254 3.8342049105710205 -0.1213050292986825 3.4888056062397648 163 140 132 0.76125989424404905 13 10157 1 13540 8 10767
4255 3.8011345995891239 -0.05902559113062314 3.4933794056026297 51 44 38 1.6354207538147296 5 10624 1 13547 8 10770
4257 4.2696319271641281 -0.10279631891583244 2.8593598882928526 56 39 29 0.38991658783844918 11 12562 1 12774
4258 -1.811226658741492 0.40219672931824885 4.7527747581879876 147 129 116 1.8232515198708579 5 10179 7 12864 12 8607 1 13549 8 10776
4259 -0.13999064952610357 0.34631583358239881 4.528154941034062 15 11 11 0.76566938669415385 5 9490 12 8614 8 10782
4260 -0.097199784034174175 0.34808816620178973 4.489354538615113 150 128 109 0.31188550030602619 7 13668 12 8615 8 10784
4262 6.7029096293569426 0.7740737177882393 8.2705764806671311 153 135 115 0.90909534463562891 5 10188 7 14207 12 8626 1 13567 6 13712
4263 4.2971811001532174 0.03295392519720193 2.806755731315937 148 127 110 0.45070244995630127 11 12580 1 12792
4264 0.58486638387823697 0.55075662117042412 4.7275913989450213 115 94 77 0.65817844601966113 13 10460 12 8639 1 12798 8 10807
4265 4.346751112816575 0.19570994151105015 2.7988939341031096 121 105 90 0.48546795366761319 11 12595 1 12811
4266 4.346751112816575 0.19570994151105015 2.7988939341031096 121 105 90 0.48546795366761319 11 12596 1 12812
4267 5.4490510423762384 1.1634409102794745 7.5348158703402106 147 126 105 1.7916009829527184 13 9347 12 8664 1 11774 8 10830
4268 6.6547734924688768 1.2969400987826041 8.2379227286705259 47 38 29 1.6119455411328381 5 10234 7 13714 12 8666 8 10832 2 10916
4270 1.2941400957060156 0.84394312779425007 4.6665240190783317 134 101 68 0.74090798236143762 13 10246 12 8691 1 12856 8 10859
4271 4.3159244443074698 0.44453212253457364 2.7314018348321074 159 155 146 0.15501894770862903 11 12630 1 13618
4272 5.4608190803592462 1.5132711355940203 7.5851033564560115 38 28 19 1.3882166844882713 5 10264 7 13741 12 8704 8 10870
4273 4.3410060650728051 0.50794634779218217 2.6487412676822406 151 146 140 0.26283926074400032 11 12647 1 13636
4274 -1.0331522264103574 0.92959821233025897 4.3402018048258757 119 98 81 1.0092430297329262 7 13760 12 8730 8 9880
4275 0.25384863482201325 0.9811072619886797 4.4734442855044092 157 141 127 1.2435794784283016 13 10510 12 8735 8 10893
4276 1.3294668829557033 1.0822402586939792 4.5704878403339135 166 140 115 1.1624091834640893 5 10292 11 12670 12 8745 8 10910
4277 -0.063456268885370481 1.2539938133755617 4.2107634249924955 0 0 0 0.47624241513232296 5 10705 7 13833
4278 -0.05976932634368276 1.264091945190325 4.2602881164104618 46 33 25 2.3947656829610016 5 10706 12 8795 8 10958
4279 1.0988415603090971 -4.0150323836976929 10.390678495379097 100 100 108 1.2690980847842492 7 13981 12 8937 1 13814
4280 -0.1380667741870498 -2.054514706100524 6.7487636274581488 99 100 105 0.9083691428106635 11 12300 12 8960 1 13849 8 11239 15 1728
4281 0.66582822780694595 -1.8174713630678085 5.4008635330842285 85 83 84 0.3063628288997951 7 14014 12 8971 8 11254
4282 11.544753497864479 -4.0037841169191832 13.678293306514817 128 120 118 1.3190101885522925 13 10079 12 8978 1 13868 8 11242 2 11054
4283 0.6416650642485956 -1.6060448174773589 5.2027946705534047 65 57 55 1.1350464718675803 7 14023 12 8980 8 11273
4284 1.9139522810665288 -1.7760460158349602 5.9040798432977946 69 58 52 1.2375776789974344 12 8983 8 11269 14 10321
4285 11.602485316368178 -3.2482627394390882 13.804012765667331 146 133 124 0.65672674313094981 13 10090 12 8994 1 14310 8 11831 2 11063
4287 11.608289041613888 -2.5056258080454983 13.329537904924008 105 97 95 1.3209042199119443 13 10113 12 9016 1 13928 2 11073
4288 -1.2140375810505843 -0.35491933740733145 4.6694628190505325 112 103 88 1.0083936535304765 7 14120 12 9065 1 13985
4289 -1.7963715116858663 -0.086522879466538111 4.8259315536318281 103 86 78 2.0277322587147761 5 10604 12 9089 8 11443
4290 6.2609335820266665 0.33054739300240066 8.2453325405187989 138 120 100 0.9099603393386847 13 9771 12 9126 1 13522
4291 6.4509257428943991 0.55882355909929649 8.317510968824342 146 125 104 0.92872188930731547 5 10889 7 14559 12 9133 1 13542 8 11485
4292 6.4447149425858221 0.6889523992958394 8.2767217441226499 153 132 111 0.84703598438405447 5 10900 7 14566 12 9140 1 13555
4293 4.3351468576615666 -0.065191694605214706 2.761206202048121 109 95 82 0.68139048561894811 11 13176 1 13570
4294 4.0773496189755258 0.028203479969718184 3.1995460654208689 132 113 98 0.77150345811771337 13 10457 1 13571
4295 -1.4585550966674883 0.49737367234053281 4.5148466152230764 83 73 63 1.1884692069104374 11 13194 12 9151 1 14073
4296 6.4395455464802955 0.89737402607624084 8.2414270670291696 165 144 125 1.5078011434903431 5 10910 7 14574 12 9152 8 11506
4297 -1.3913024469097635 0.541461685790388 4.4896638013095167 47 35 29 0.36688017334463668 11 13200 12 9161 8 11519
4298 6.8426302444988893 1.2971598397402104 8.2793911981869766 139 118 97 1.8542529112994335 5 10921 7 14590 12 9173 8 12036
4299 6.7751468321370583 1.6473825549947627 8.2924206590411167 59 46 37 1.6439336388239942 5 10675 7 14247 12 9186 8 11563
4300 -1.7973320961694124 0.87176939052624658 4.5474508432114336 57 45 33 1.3610043243867342 7 14241 12 9187 1 13614 8 11553
4301 -0.15613458855218931 -1.8329162390274067 6.683191776571225 137 127 118 0.83057599129094406 11 13425 12 9365 1 13862 8 11826
4302 -0.16680336196614953 -1.4320946650250146 6.5487423221319876 145 131 120 0.61459657653581756 7 14443 12 9378 1 13886 11 13032 8 11280
4304 11.644757237626189 -3.405301791190964 14.1929665400722 39 43 58 1.2296565222732421 13 10395 12 9385 1 14307 8 12227
4305 11.644757237626189 -3.405301791190964 14.1929665400722 39 43 58 1.2296565222732421 13 10396 12 9386 1 14308 8 12228
4306 2.6949084382535347 -1.6347239626981649 6.1342616687106259 123 113 103 2.0826111014950448 7 14447 12 9396 1 13906 8 11856
4307 3.9907388632626932 -1.6294392084392482 3.6858839106928083 90 85 81 0.77239641873866094 1 14328 8 11872
4308 11.820480285443379 -2.7343264310197055 13.237043614590144 153 143 134 1.1825336438057645 13 10412 12 9409 1 14325 6 13928
4310 -0.10363658730459702 -0.98278799956336071 4.8063740193695201 163 150 141 0.58345668477429358 7 14470 12 9421 8 11339
4311 0.4699395901157869 -0.83317358625124793 -0.41199451729277975 159 133 107 1.9088046417643483 7 14734 12 9437
4312 0.4699395901157869 -0.83317358625124793 -0.41199451729277975 159 133 107 1.9088046417643483 7 14735 12 9438
4313 0.61798961166269328 -0.63682711974916661 5.1280765223522904 119 100 85 1.5887059792567495 5 10813 12 9442 8 11915
4314 -0.45904264765122371 -0.28748736832850003 4.5470535183379752 43 34 30 1.0768331820832071 11 13541 12 9473 1 14387 8 11946
4315 -0.45904264765122371 -0.28748736832850003 4.5470535183379752 43 34 30 1.0768331820832071 11 13542 12 9474 1 14388 8 11947
4316 -1.3771568924711004 -0.19054305262257987 4.6774597397892759 167 153 143 0.69970373120708196 11 13545 12 9476 1 14389
4317 5.9820371992300183 0.34559742774964702 8.1162647398718359 78 64 53 0.92558175488242633 7 14799 12 9503 1 14045 13 10177 8 11991
4318 -1.5315944378949236 0.43793483176218984 4.5709414744889809 44 34 24 1.4540373731789054 11 13600 12 9516 1 14063
4319 -0.096015412061334376 0.42000460578989157 4.4252939567529879 25 14 5 0.38494068901218703 7 14572 12 9520 8 12021 5 10907
4320 -1.1795879521721244 0.47826627748340572 4.4166051831269746 94 76 62 0.99750664402415001 11 13605 12 9521 1 14430 8 12023
4321 6.3919236590524084 1.1067045228555377 8.1615322361653764 173 154 137 1.0113030406398831 7 14822 12 9530 8 12353
4322 0.45842704244841026 0.82314301085589836 4.6008850940418782 166 152 141 0.90254363855707598 7 14598 12 9539 1 14107 8 11551
4323 -0.54620726767589423 -2.3159145795173068 9.7606465479049032 53 45 43 1.1105811045392837 11 13705 12 9659 8 12210
4324 4.1542648232537775 -1.6713434402719707 3.4696700955681981 136 132 129 1.2902955339213422 11 13725 1 14584
4325 11.633152020686421 -2.7847025472139046 14.0571719006323 52 52 60 1.5472546293845588 13 10410 12 9687 1 14580 8 12240
4326 11.633152020686421 -2.7847025472139046 14.0571719006323 52 52 60 1.5472546293845588 13 10411 12 9688 1 14581 8 12241
4328 -1.2764735082847145 -0.2702642449146469 4.6404523409451777 25 16 7 0.60565691299973967 11 13536 12 9714 1 14382
4329 5.5514358037040372 0.092305764932082715 8.235527551675176 43 37 39 1.0753585241736014 7 14788 12 9732 8 12312
4330 -1.5269491746958082 0.34032487134275946 4.6227290698031105 143 121 99 2.4676510298965342 11 13787 12 9745 1 14419
4331 -1.5269491746958082 0.34032487134275946 4.6227290698031105 143 121 99 2.4676510298965342 11 13788 12 9746 1 14418
4332 -0.39264607766937215 0.61453828728378146 4.3674135040618163 161 144 128 0.68128167301992359 11 13803 12 9761 1 14665 8 12361
4333 2.0186234848078071 -1.0114779461459453 5.991046923937315 42 33 28 1.11818121973113 13 6600 7 6338 12 1247 11 5564 5 4519 3 4091 1 2246 8 1496 4 4061
4334 0.070764873466922118 -0.40299354177093194 4.7264196195829449 18 12 8 0.91411562115799361 7 11437 13 9650 11 10300 5 6957 12 6410 8 5572
4335 2.5276819017579828 1.2176147047720653 5.307312391386116 43 29 17 1.4695693300777122 11 6949 7 10320 12 2609 13 8716 7 11919 1 10307 14 10237 6 13769
4336 -2.3637834111971263 -0.85469172084896283 3.8743666288490686 118 80 59 0.62712086204006834 7 6106 12 937
4338 3.9166101791151005 0.25363338979092298 3.3251655378180542 128 109 96 0.77744190564358717 3 9364 1 10138 8 8340
4339 -2.4331515216690898 0.58246838079150853 3.3607473778214425 28 24 21 0.68059646147390818 7 12972 12 5063
4340 -2.4331515216690898 0.58246838079150853 3.3607473778214425 28 24 21 0.68059646147390818 7 12973 12 5064
4343 3.8795541454793114 0.56152799254898167 3.2221154583010927 151 143 135 1.2612023698952846 7 12989 1 11842
4344 -0.57072380338792716 -4.0203053461632656 10.229982776729853 83 83 91 1.5844579601443627 7 78 11 25 1 271
4345 -0.57072380338792716 -4.0203053461632656 10.229982776729853 83 83 91 1.5844579601443627 7 79 11 26 1 272
4346 -0.53012508279708359 -4.0251390628635324 10.222437162624841 82 82 90 1.2724425533918386 7 80 11 27 1 278
4347 -0.073852034475176659 -4.0261929661809637 10.007972188387244 122 121 126 0.80711126589319537 7 86 8 100 1 319
4348 -0.69903513127738759 -3.8910420830025529 10.246718628018613 100 103 108 1.1091604585822485 7 121 1 332 8 104
4349 12.664561956651619 -7.0317427126597956 15.000493242277072 101 105 116 1.70785614815645 7 5451 1 594 8 144
4350 -0.50108306564398186 -3.28444039647915 10.079163972126786 160 156 153 0.62483980917132831 7 323 11 143 1 633
4351 12.713650043591366 -6.8354466681941375 14.914007259750784 84 88 99 1.7047000029065478 7 171 1 653 8 164
4352 12.831715737928297 -6.3920389104477273 14.719163983986174 108 111 118 1.2291174485919489 1 765 6 5630 2 6444
4353 -0.062368468927886972 -3.0536100352146316 9.848204492794574 112 116 118 0.3476494625052256 7 418 1 774
4354 0.23192967695554056 -2.9629144759740313 9.7352072859604579 138 135 130 1.1071369486623532 12 341 8 357
4355 0.20870749008842504 -2.2641782783620013 6.9690145147988858 46 47 52 0.38331173190081397 12 445 1 1053 8 519
4356 0.20870749008842504 -2.2641782783620013 6.9690145147988858 46 47 52 0.38331173190081397 12 446 1 1054 8 520
4357 -0.14478048264636098 -2.3859202326792466 9.4085850638157726 29 23 23 0.83176388009171509 12 473 1 1085 8 486
4358 11.986221994509322 -4.7116782432530098 13.567407412754077 77 75 81 1.4945687239641048 7 5690 13 714 1 1173
4359 11.926486594936407 -4.6892737450513922 13.580080296073762 131 130 136 0.87832773090573657 11 311 1 1179 6 5768 2 4139
4360 -0.071043348000186024 -2.0306875311159001 6.6806714332859967 87 78 73 0.43076085544775261 7 608 1 1182 8 612
4362 11.614559986782362 -4.6202190112966832 14.14767648959759 149 145 146 0.88139096906145875 7 568 1 1200 8 476
4363 12.01462620335375 -4.3821356133692433 13.378312478847882 53 49 48 0.98923921699162864 7 5732 1 1277 6 1179 2 4163
4364 11.573586013533731 -4.3408264123551685 13.991598157530415 136 131 128 0.9681790297890871 13 794 1 1281 8 533 6 5813 2 4161
4365 12.774863178272405 -4.4397672774061627 13.179674660812251 71 67 68 0.98333622960257328 11 4986 1 1302 2 4201
4366 13.036424334873118 -4.3740947731694932 13.209776887751921 148 144 145 1.3362344865590452 7 5745 11 403 1 1335 6 1256 2 4218
4367 -0.4337424956966498 -1.9216809084151396 9.556459438722019 66 51 41 1.256748893150248 7 852 11 561 1 1343
4368 11.42503439847258 -4.020807493848416 14.669932532622111 62 63 68 0.89383254814506807 5 422 1 1382 8 623
4369 -0.12472241361274841 -1.8543711593625454 9.4526229761443723 103 87 75 0.61510373008845931 7 891 1 1393 8 752
4370 11.990596875718103 -3.9975690227327236 13.414323522909722 86 82 83 1.1653401323675767 7 5786 11 5034 1 1394
4371 -0.091677081128792748 -1.8037848035851252 9.4361624565277626 173 162 150 0.34782565801761695 7 913 1 1437
4372 11.453991676097543 -3.8520367088651355 14.69668785320245 116 112 113 0.88745577454043911 13 942 1 1446 8 669 2 6549
4373 11.998028001207203 -3.8676969831125771 13.347889926394142 141 136 133 0.43344170541241162 11 494 1 1451 8 691 6 5892 2 4243
4374 1.6899960317533163 -1.891302387274526 5.9920488158779053 161 150 137 0.8191736044323642 12 661 1 1464 8 870
4375 11.546981817782576 -3.7441962169922536 13.785350555989398 140 134 131 0.53885232590501675 13 951 1 1478 8 710 6 5895
4376 13.349141553057102 -3.8220367789504666 13.159595811980793 73 71 76 0.86593470492167823 13 1024 1 1562 6 5964 2 6603
4377 2.1632722050044246 -1.8535392456825925 6.172641338610096 157 147 138 0.63475149340186787 13 3798 1 1580 8 925
4378 12.73934728636956 -3.5830980444073139 13.071006145667717 160 152 150 1.0235210241493358 13 1065 1 1624 8 812 2 6604 6 8760
4379 12.011016173200183 -3.3804073541733017 13.401665381717955 96 83 77 0.47722793007912601 13 1100 1 1679 8 848 2 4312
4380 2.3302383836094021 -1.7418958481768629 6.2310246896502859 158 143 128 0.42658647578673009 12 854 1 1721 8 1024
4381 1.9979918886190853 -1.6018264584147253 6.0324813765361309 157 139 125 0.18767313239778061 13 3900 1 1781 8 1081
4382 12.711616860241499 -3.1804271336716465 12.952186809339683 164 153 149 0.77102176633920405 13 1170 1 1796 6 6050 2 6628
4383 -2.6266101563339195 -0.89084648397264732 3.1858512313288374 56 37 22 1.474466247746351 7 6017 1 1800
4384 2.579517487362633 -1.585489802095279 6.1805892226424994 125 114 104 0.29357276539511096 13 4008 6 10282
4385 12.788728539115686 -3.0371128853530345 12.98654706256659 164 153 148 0.47919661777551997 13 1222 1 1840 2 8285
4386 2.0760623813658929 -1.5143569268695465 6.0453421910932033 169 149 138 0.7386057734672925 12 953 1 1848 8 1143
4387 -2.5991770566202508 -0.85210369227179783 3.1965281855576078 79 61 39 1.6736883572311314 12 3990 1 1862 8 1339
4388 12.39065863051643 -2.8418554073804905 12.900894280028652 149 142 136 0.59862868276654502 13 1247 1 1904 6 8831 2 6650
4389 12.397470908775528 -2.8175140879461416 12.825551750585079 87 82 77 0.4860062263970556 13 1257 1 1920 6 8836 2 8295
4390 12.397470908775528 -2.8175140879461416 12.825551750585079 87 82 77 0.4860062263970556 13 1258 1 1921 6 8837 2 8296
4391 2.5833245423300255 -1.4685111544173184 6.1984610292506526 117 103 87 1.6692813149357522 7 1148 1 1959 6 10310
4392 12.484848784465678 -2.6886206678008366 12.706632338828044 46 38 35 0.68196012980030374 13 1296 1 1975 6 8852 2 8305
4393 12.327175229745009 -2.6372057517563161 12.880061661773707 46 40 39 0.61563777780101092 13 1309 1 1989 6 6119 2 6694
4394 12.17209937740513 -2.6048736420312939 12.995671888506848 37 28 25 0.72637271612450438 13 1312 1 1995 6 8854 2 6693
4395 11.918795188553112 -2.5511453394343242 13.082528050249156 167 157 148 0.76543543098236511 13 4552 1 2010 6 6118
4396 11.594079347168156 -2.4932653844289603 13.712950197377667 147 135 124 1.1369938946561726 5 848 1 2017 2 4449 7 1261
4397 -0.97805597124159338 -0.95634165100530311 4.7895824952004808 185 168 152 0.84367547296094436 7 1279 13 6197 1 2023
4398 11.597824274794043 -2.4851579959960772 13.494437949385215 44 33 30 1.090363159234242 13 1322 1 2024 6 6116 2 4447
4399 11.597824274794043 -2.4851579959960772 13.494437949385215 44 33 30 1.090363159234242 13 1323 1 2025 6 6117 2 4448
4400 12.43911196199528 -2.5775140254709732 12.815374993006756 78 69 62 0.75120322443490106 13 1335 1 2033 6 8863 2 8323
4401 12.43911196199528 -2.5775140254709732 12.815374993006756 78 69 62 0.75120322443490106 13 1336 1 2034 6 8864 2 8324
4402 -0.43759162538684598 -0.99183468991866131 4.7413259572639195 109 92 82 0.63913569554186844 7 1301 1 2072 4 856 3 581
4403 13.431138789379609 -2.6217552484835194 12.917406265829779 40 35 32 0.5889580720006089 13 1366 1 2074 6 8892 2 6768
4404 11.524195752860177 -2.3365114663970346 14.362752012362952 126 121 118 1.2795164849958944 5 925 7 1346 1 2080 2 4491
4405 3.278687965156224 -1.3847919290800026 6.3731284985804173 135 122 113 0.51289756187381186 13 884 1 2108 8 1309
4406 12.129200013167505 -2.0511150281189825 13.08419877717327 32 25 19 1.3322148693604958 13 1464 1 2202 2 6793
4407 1.8421229533102603 -1.0128467127097722 5.8909886639708455 69 56 47 1.2609102652937532 13 4238 1 2232 14 8795
4408 -0.12894560477005074 -0.74882701122264672 6.3661434698230597 113 93 75 0.38198277538123676 7 1620 11 1337 1 2253
4409 13.521012987881367 -2.0454769000752702 12.753828852602886 103 99 94 0.74822951224149004 13 1514 1 2255 6 6229 2 6826
4410 2.0224207893758166 -0.97532174921118697 6.0072120750662981 50 43 33 0.50603514206358458 12 1260 1 2275 8 1527
4411 2.1828835003161067 -0.97807771634093876 6.0550960584065141 52 43 34 0.82596473496210587 7 9357 13 4316 1 2280
4412 -0.27150619166446638 -0.68716647430666122 6.3947953726440323 175 159 146 0.67749575015134667 3 920 7 1670 1 2291
4413 3.0408985292590542 -1.0275571970493222 6.1962256774440618 144 126 112 0.52392111649708173 12 1295 1 2323 8 1552
4414 11.640789377757494 -1.5313631421517997 13.616385112961524 161 143 129 1.3136679944816696 5 1137 7 1687 1 2373 2 6833
4415 13.532507352126858 -1.7755795630000435 12.696358111675732 110 106 102 0.92284907931935289 13 1558 1 2374 6 6265 2 4703
4416 2.8801866634719637 -0.949989158714175 6.1035147235396066 125 108 92 0.49737564785106447 12 1318 1 2380 8 1604
4417 11.737114369580663 -1.4521373079095325 13.144173154092217 132 122 112 1.2232815179015535 13 1570 1 2423 8 1523 2 6850
4418 12.452443872874225 -1.2684022885815294 12.502274554430118 85 75 65 1.0934998854576299 13 1638 1 2523 6 8960 2 6882
4419 2.1917146541845001 -0.6829853018374149 6.0010877536827705 142 132 120 0.37171167403923522 12 1428 1 2530 8 1759
4420 -3.0510091524875671 -0.38688517618035417 2.4273879663665903 168 129 114 0.27430794252248081 12 6362 1 2581
4421 -1.865912312899304 -0.32501705682723714 4.9069747989319064 48 34 25 0.94489798450049911 5 1301 11 1736 1 2582
4422 1.3288160078264162 -0.59543756875902154 5.1063997776065797 130 126 115 0.38550975451223812 7 1893 1 2597
4423 -0.51968548198334763 -0.43979757762423688 4.5940454128831298 41 31 21 0.4705931545540436 11 1707 13 6535 1 2623
4424 2.041789350076272 -0.51704308207626326 5.4210670926026401 28 15 6 1.0147656318651783 13 1355 1 2708 14 7881
4425 5.1401162286325759 -0.99222877715405455 2.5067808391440187 43 31 19 0.93609247925845918 11 5761 1 2731 8 5596
4426 2.0567109512066919 -0.42883100810388214 5.3892551860895006 166 152 139 0.66991495411196111 12 1590 1 2761 8 1964 14 8913
4427 12.445369838197704 -0.62281960054419372 12.328654998384035 126 112 102 1.4365765112278186 13 1819 1 2779 2 6988
4428 12.731934808866313 -0.56554165857033201 12.379112770073842 177 161 148 1.5888953584906693 13 1857 1 2802 2 4896
4429 13.299416324313592 -0.59503942841174018 12.463618655842195 135 121 113 1.3971909729868344 13 1866 1 2804 6 6440 2 4916
4430 7.730820876586499 -0.36618880290491596 9.4671561378242366 66 74 86 0.60632712391314381 5 4930 7 6770 1 2837 6 8970
4431 -0.87034375367408667 -0.18145729977482944 4.5412190018452234 87 68 53 0.47556349801737086 13 6663 1 2843 8 2106
4433 7.6427257416049024 -0.19979382157508235 9.3273593280572413 25 35 47 0.99039190653885112 5 4989 1 2923 8 2077 6 8989
4434 5.5636904172070212 -0.14548034511838093 8.3070951792321104 129 99 79 1.6045390558620398 5 4998 1 2927 8 2088 14 6815 2 9419
4435 7.7111620656826219 -0.02275940967764788 9.0557612753534524 25 16 14 1.5949841978594281 7 2557 1 3019 2 8477 5 1795
4436 7.7362414778001032 0.070020054844646309 9.0473358439648628 119 88 67 1.4158752400816088 7 2622 1 3053 6 9055
4437 7.4498148698798881 0.14194871841328044 9.43105189451828 116 94 80 1.0955823948962968 5 1905 7 2635 1 3060 2 8496
4438 2.2570097493989261 -0.0085948117305376243 5.4095215481576018 131 107 91 1.6526909007036519 13 4820 1 3075 14 9015
4439 1.3777930409679429 -0.0068448424184905099 4.8875870179766991 171 153 133 0.67054660037309999 11 2279 1 3083 8 2315
4440 7.8441737079988414 0.20884598250138697 9.0238090594535212 28 16 11 0.69386387290640361 7 7005 1 3106 6 9091
4441 5.3601195439659701 0.28793196569092877 7.9839168129570544 28 21 9 1.9411327345311431 13 2093 1 3146 14 6893
4442 10.227806998209402 0.32139931381147552 10.102473601576488 96 77 62 0.67962399570620324 1 3149 2 7115 6 6578
4443 10.138252959065172 0.37646905436324579 10.145200327536617 110 87 69 1.9683355754074077 13 2241 1 3165 6 9164 2 7123
4444 5.3234012749796147 0.31092548928033509 7.7794938258847006 102 89 80 0.8022717838125949 13 5150 1 3166 8 2363
4445 5.3234012749796147 0.31092548928033509 7.7794938258847006 102 89 80 0.8022717838125949 13 5151 1 3167 8 2364
4446 5.3978567790196452 0.37231788073939487 7.8324185029531348 135 122 106 0.78691343502333888 5 2079 1 3198 2 9477
4447 5.3978567790196452 0.37231788073939487 7.8324185029531348 135 122 106 0.78691343502333888 5 2080 1 3199 2 9478
4448 6.5971907794417231 0.42699231262085663 8.3899638093145139 27 17 7 1.0865333684333964 7 2877 1 3214 6 9118 2 8531
4449 2.338118461149238 0.25603827245538574 5.4703226499737223 30 17 9 0.83530954015483694 13 5085 1 3244 6 12773
4450 5.3126351899740705 0.56802869332856709 7.888952430979276 23 13 4 1.7501551792889163 13 2273 1 3281 14 6957
4451 6.5622238831461583 0.58231401471982092 8.3529773930413977 162 145 129 1.3886548650620141 5 2198 7 2982 1 3287
4452 3.9032721916621322 -0.10672695514296421 3.213074609929401 23 15 8 1.9143519468983168 7 7103 13 7075 1 3288
4453 2.6949555672247127 0.31758057092338321 5.5212369978796501 161 144 128 0.81932563881875287 13 5146 1 3296 14 9101 7 7157
4454 6.6055288987859608 0.59837320682425654 8.3534837890953693 35 23 11 1.356920768344452 5 5223 7 7182 13 2308 1 3300 8 2492 6 6590 2 9533
4455 3.8263558450187358 -0.068793552684069351 3.2608111148321965 119 102 92 0.54928372603858588 7 7121 1 3328
4456 2.5606316381724898 0.34517327229981765 5.4588213314377354 116 98 78 0.53974611688671381 5 5202 1 3332 14 9103
4457 6.62448354391306 0.69740213596962586 8.3265350473071695 142 129 113 0.99820944240682474 5 2271 7 7230 1 3368 6 9190 2 8585
4458 6.6242874638826255 0.69787173884443399 8.3261422524745612 142 129 113 1.1049339211076818 5 2272 7 7231 1 3369 2 8586
4459 7.4358700905881268 0.74754160325544738 8.806362029630181 29 22 17 1.0869504166781365 7 3053 1 3379 2 8609
4460 0.41078556736850591 0.37587584444760636 4.7288499236518176 144 132 120 0.50407267673248535 7 7239 1 3396 8 2588
4461 5.3567707644249278 0.8271451470983967 7.9479709234580289 89 67 54 1.1628416196487756 7 7313 1 3483 14 7009 2 9540
4462 4.1540806796277385 0.074819627009181738 3.0438348924904459 135 118 102 1.4022638984713354 13 7225 1 3545 4 9332
4463 -0.28971869446816217 0.50014090158508218 4.3908637614316159 73 53 42 1.8412882069846592 11 2847 1 3593 4 2505
4465 5.3574196266491851 0.98458578949728859 7.9033200061427999 75 56 42 0.93420285163823125 5 2492 7 3315 1 3604 2 9571
4466 5.3055370491306197 0.95796392936682684 7.6234917611923896 110 87 69 0.79380851941387121 7 7400 1 3617 8 2724 2 9572
4467 5.2896586036000111 0.95498558247498389 7.6051768074607997 110 87 69 0.81493965808318614 7 7401 1 3618 8 2725
4468 1.0742975029972062 0.57432070338524899 4.8858308185539912 172 152 125 0.54702898997824412 13 5280 1 3622 6 13671
4469 2.5351198199035325 0.64884059865959109 5.4415641847689109 91 76 65 0.93789804314671732 13 5333 1 3633 6 13376
4470 1.3430218382118713 0.60263073276821155 4.690163116150786 170 149 120 0.98666124393808785 5 2518 1 3688 14 9131
4471 4.250403705656904 0.20799375716745166 2.8650112104981273 99 82 66 1.0917934349718006 11 2916 1 3719 4 8837
4472 4.250403705656904 0.20799375716745166 2.8650112104981273 99 82 66 1.0917934349718006 11 2917 1 3720 4 8838
4473 1.3063127760515845 0.64680742063706875 4.7163266035575084 145 126 108 0.37580558787808621 13 5345 1 3722 6 13339
4474 -1.580925258258401 0.71017613823824932 4.5648709434374464 145 122 106 0.71415791333837308 5 2625 11 3046 1 3765
4475 6.0082330987509236 1.2596484988043475 7.9768254850200693 128 112 99 1.4587947025744794 13 2634 1 3773 2 9617 5 5527
4476 6.7604017017288562 1.3072899777947466 8.1848683986352899 118 99 82 1.7542428654351703 5 5537 7 7525 1 3784 8 2859
4477 6.0290371960607141 1.3523390424254673 7.9837874074914561 114 96 82 1.4198694071886382 7 7557 1 3819 2 9630 5 2675
4478 -1.9068383584082071 0.78066321487821999 4.6016039786014966 113 87 70 1.6368071105902491 5 2687 7 3584 1 3824
4479 2.5706093296040251 0.87705258512638118 5.3714101405494974 116 98 85 0.25041007833020323 13 5482 1 3825 6 12886
4480 0.73565271965824575 0.80491723215304145 4.7211826503290188 138 119 102 0.82240474928503937 12 2420 1 3879 8 2933
4481 0.73565271965824575 0.80491723215304145 4.7211826503290188 138 119 102 0.82240474928503937 12 2419 1 3880 8 2932
4482 1.0793158554052482 0.83508853555821128 4.853741214150868 99 78 54 1.2706021955538265 13 5470 1 3886 6 13970
4483 6.7177379044952046 1.4992942160326297 8.1004194682948878 142 121 104 2.1645108991112614 5 5620 1 3915 2 9653 7 3676
4484 7.486715670618648 1.5860090652141376 8.5563718107399023 64 50 39 2.096618408939718 12 2443 1 3916 2 9660
4485 0.53390937793076332 0.83038881656140406 4.6443831269889806 165 144 125 0.99141262517670903 7 7610 1 3921 10 8274
4486 6.6438424492954287 1.5237541495646623 8.1576477320158052 33 21 9 1.7576536187888163 5 2744 7 7628 1 3924 8 2968 2 9654 6 11082
4487 6.6926518111083917 1.5294537816384965 8.1456055720676979 143 122 106 1.8362468790512281 5 2749 1 3928 2 8770
4488 6.648787507538291 1.5773993136746571 8.1433892258390319 42 30 19 1.9432188299658355 5 5655 7 7669 1 3961 8 3010 6 11090 2 8775
4489 3.8948955999978279 0.55674521057462367 3.2857295015801338 163 154 145 0.54131884516721063 3 6966 13 7464 1 3979
4490 1.1790519432943336 0.91208140806376314 4.7596408595511788 153 122 94 0.87210372183609042 7 3750 1 3989 6 13716
4491 5.3356884014543242 1.5888496248548396 7.427345936365259 95 78 62 1.7769043260857127 3 5385 5 2854 1 4049 2 9676
4492 -1.3834846458139469 0.94705544881807424 4.4809961453108862 42 37 34 0.99233482489905123 12 2582 1 4065 8 3088
4493 2.6650747796099608 1.2027993576127372 5.2880525873986244 27 19 8 2.0904282929246736 13 5712 1 4149 14 9251 7 10317
4494 0.064336267988907958 0.71205829699457412 1.554950631825307 56 47 30 0.4892121399622219 7 8358 1 4893
4496 -0.0059099316775658162 -3.8496492541290084 9.9543631290929699 73 76 81 1.0484501224887235 11 4800 1 5636 3 3604 8 4516
4497 -1.243041535292353 -3.4889097459233831 10.794806994108924 126 124 127 1.2318875660945425 12 3578 1 5685 8 4553
4498 -1.1046491347774881 -3.4252245840869247 10.556753875011497 148 137 133 1.8696652077138349 12 143 1 5699 8 172
4499 -0.88295825584335041 -3.3851076492729053 9.9901276478774754 80 75 72 1.795788330521696 12 137 1 5700 8 178
4500 -0.88295825584335041 -3.3851076492729053 9.9901276478774754 80 75 72 1.795788330521696 12 138 1 5701 8 179
4501 -0.91061644628716487 -3.1007978613148377 9.8456353975740516 47 39 36 1.5184909365537316 12 226 1 5770 8 260
4502 -1.0221718028551865 -3.1296493380702604 10.405126572416869 50 40 38 1.5001171628696881 12 3611 1 5780 8 4602
4503 0.27337433644156028 -3.2850312894726779 9.7442458685514506 170 168 169 1.0228027033534701 12 3617 1 5791 8 4615
4504 0.36826056413889219 -3.2727585238739496 9.7921673366185509 167 163 160 0.85764143589136699 12 261 1 5805 8 4623
4505 0.32808659144740371 -3.2307348007230341 9.7592878978190676 114 110 105 0.86481423006109115 12 3624 1 5817 8 4629
4506 12.910108485119345 -6.5839140964996421 14.933924609882858 112 112 120 1.6504297604674256 7 8754 1 5818 8 4582
4507 12.843371235612686 -6.4941264573508271 14.750830534697021 124 124 132 1.8221827513955573 7 5511 1 5832 2 6441
4508 -0.34096744153831399 -2.7703373260419322 9.7038689725167746 128 133 137 1.3246615860034192 12 3682 1 5920 8 4676
4509 -0.2917634512375134 -2.7545920455486406 9.8508076763596382 138 144 148 0.518929065565365 11 280 1 5931 8 387
4510 0.12775088189513956 -2.4493486682163099 9.4076519895269133 157 148 140 0.38136390862512021 12 3758 1 6038 8 4756
4511 0.23044903073624823 -2.1982609321165634 6.8006758327508621 107 110 115 0.42619157525328494 12 454 1 6052 8 552
4512 0.23044903073624823 -2.1982609321165634 6.8006758327508621 107 110 115 0.42619157525328494 12 455 1 6053 8 553
4513 -0.03750155413125672 -2.2059506833942266 9.3749009744852412 168 149 135 0.35933353869892004 12 535 1 6097 8 574
4514 0.050597115209605303 -2.2138294190187313 9.3342542031371245 140 123 113 0.44867292632799805 12 536 1 6101 8 577
4515 13.451127548200613 -4.6025799707292689 13.296684708344248 207 215 222 1.3213905829381571 12 593 1 6138 8 4793
4516 0.65693625037078829 -1.8738259962352712 5.5444741532677666 130 125 122 0.63334193947044459 12 571 1 6162 8 784
4517 12.815249909613085 -4.1494497732487083 13.191909903979941 124 118 118 0.88760021363321007 13 889 1 6198 2 6543
4518 -0.24697787557646245 -1.8424468700970902 9.3776644431220788 178 169 159 0.60730344330114683 12 651 1 6201 8 744
4519 11.624983299692794 -3.9895467399065589 13.910722704559946 107 100 97 0.72118985009505565 13 4214 1 6206 2 6525
4520 -0.29838013631619059 -1.6698423756025202 6.8112143641320744 89 78 68 0.50028657508081154 12 637 1 6222 8 828
4521 11.555186274792014 -3.7113093023397785 14.185354392292195 58 53 52 0.72186079152052773 7 5833 1 6262 8 720
4522 11.555186274792014 -3.7113093023397785 14.185354392292195 58 53 52 0.72186079152052773 7 5834 1 6263 8 721
4523 -0.16397332665007586 -1.6115035854862756 9.265735771898532 146 130 117 0.027090992002381249 12 807 1 6301
4524 11.649405635109488 -3.501034894276883 13.556791790396952 38 34 33 0.51352547934429271 13 1027 1 6318 8 795 6 8721 2 6578
4525 11.549159800162194 -3.4862815189320893 13.670192277639106 40 32 35 0.5239244847523119 13 4338 1 6325 8 793 6 10604 2 8245
4526 11.549159800162194 -3.4862815189320893 13.670192277639106 40 32 35 0.5239244847523119 13 4339 1 6326 8 794 6 10605 2 8246
4527 11.98460824687437 -3.4890520489996288 13.396722381367029 94 84 75 0.83400727148927978 12 856 1 6343 2 6590
4528 11.98460824687437 -3.4890520489996288 13.396722381367029 94 84 75 0.83400727148927978 12 857 1 6344 2 6591
4529 12.088476521186257 -3.4844826694583011 13.170210604725925 136 125 119 0.96300527698219562 12 858 1 6348 6 8737
4530 13.108735871448831 -3.5575052882726936 13.073199095193145 120 114 114 0.92366952830654547 13 4400 1 6366 8 4953 6 8781 2 8264
4531 11.516523014968206 -3.128861448911461 14.233258632808989 150 142 140 0.52466475820276115 13 1159 1 6422 8 898
4532 11.588065902102986 -2.9814511140701918 13.817842058091049 151 140 135 0.81263764864240007 12 4068 13 4477 1 6455 8 5012 2 8272
4533 11.95266847696664 -2.6818618619875934 13.150076417189348 65 57 57 0.97963866010819367 13 1278 1 6522 6 8840 2 8299
4534 12.377862517144591 -2.6417912135737747 12.839111988121825 34 28 28 0.68590541409462658 13 1310 1 6541 6 8855 2 8311
4535 12.761659922910132 -2.6373494289708068 12.845511264867225 66 57 51 0.71246034212901199 13 1337 1 6559 2 6728
4536 12.761659922910132 -2.6373494289708068 12.845511264867225 66 57 51 0.71246034212901199 13 1338 1 6560 2 6729
4537 11.607987957791497 -2.408298909542598 13.575712903041179 144 127 117 0.56577217845574745 12 1134 1 6581 2 6715
4539 12.094922747675092 -2.3797894649640057 13.00278986058909 133 122 112 1.0194907157440152 12 4172 13 6813 1 6609 6 10682 2 8335
4540 11.57653000383856 -2.2434722015856408 13.868224367864139 136 121 107 1.4974854865709497 5 4512 1 6628 2 8339
4541 0.16508034137686467 -0.91245951362708433 6.3143317076242482 99 89 79 0.77630926751208895 7 6310 13 6488 1 6662
4542 1.2925723057464089 -1.0464175003479366 5.4036087230640595 160 143 125 0.62070769298924733 12 4182 1 6672 8 5246
4543 0.097904883085861483 -0.80762442397258372 6.3168493911946566 37 30 24 0.58222154079353017 7 9360 13 6532 1 6715
4544 5.4936120551165644 -1.5256249795766168 2.5412221753112334 95 77 65 1.7310124673270559 11 8251 1 6721 8 1549
4545 -0.24033966240079402 -0.71470332670310388 6.3991996351106382 91 78 69 0.51084038392850017 3 4275 7 6413 1 6736 4 4432
4546 2.3703520882249234 -0.99966493621166685 6.1574735842718935 110 94 79 1.2362406667818482 12 1271 1 6740 8 1522
4547 12.216281342180171 -1.4685646830095527 12.711536852557243 108 99 90 0.76274197409955957 12 1378 1 6824 6 8939 2 8412
4548 2.5071413921430041 -0.8061181199185703 6.0740430758885777 169 151 129 1.4297305150457031 12 4320 1 6837 8 5394
4549 12.245664913422447 -1.2142299165779094 12.730502629789445 122 112 103 0.43578638056581198 12 1470 1 6886 2 8428
4550 3.978199080583471 -0.95118600381054141 3.4104547265754603 65 51 38 1.7165893647472426 5 6792 1 6923
4551 -0.97700098512849132 -0.40207331525938023 4.6076331174022371 40 48 29 0.61599850625723052 12 4398 1 6933 8 1864
4552 0.943138923675643 -0.52699624555580571 5.1341696661040235 186 165 146 2.487629123942257 5 6926 1 6947 14 9540
4553 12.428693625963419 -0.98961379104573166 12.431539329984234 83 74 65 1.0265043011503636 12 1526 1 6954 2 8452
4554 -1.2456380975431232 -0.30335839915912965 4.6087611870012273 45 35 25 0.5268121937432263 12 4452 1 6980 8 1943
4555 -1.2742387755651339 -0.26826419983710165 4.6296557650036325 24 15 9 0.7839061755160236 12 4471 1 7005 8 1976 5 4802
4556 12.461123793009582 -0.73255024094373344 12.299565012274233 160 151 142 1.2679870166445277 13 4862 1 7017 6 10804 2 8487
4557 -0.49135161371324587 -0.28739810082660638 4.5329702362318613 40 32 24 0.37467771033608166 11 5972 1 7033 8 2015
4558 13.018028000739886 -0.57149231718036753 12.400962195065787 143 126 116 1.8340178784061016 13 4962 1 7065 2 7017
4559 -1.6440439461770198 -0.12413651428851029 4.716549241454973 116 100 90 0.86374390702590931 12 1651 1 7073 8 2084
4560 -0.99653261413048455 -0.16119038503424557 4.5797539859154419 127 113 102 0.13886431017996004 11 6070 1 7089 8 2113
4561 1.0439315337553308 -0.18969989866098458 5.1339961222068915 186 164 140 0.26376180674349531 12 1725 1 7130 8 2149
4562 0.62210404639883732 -0.16417168741911545 4.9506431807398705 91 78 72 0.41976168925015633 12 1748 1 7140 8 2169
4563 1.1841619710052567 -0.13403896921493347 5.048587803256896 176 159 139 1.5537311071508759 3 1551 1 7167 6 13616
4564 5.9796329464573885 -0.080171819459801841 8.3334294876384458 155 133 109 1.3514675483486118 13 4961 1 7168 8 2160 5 5027 2 9436
4565 0.88556452776820771 -0.030559668376489154 5.017450768923573 183 161 140 0.13857885781753254 7 9810 1 7203 8 2270
4566 8.0029576231389896 0.023973777951898451 8.9650367761780601 54 38 23 1.4522535234361194 7 9819 1 7211 8 5746 2 9495 6 10832
4567 2.7806602829197726 -0.045482324699215267 5.5448270706542262 158 142 126 0.50221181065255838 13 6985 1 7221 14 9026 12 1842
4568 -1.5593279536799693 0.20530298941459751 4.6424469522292116 164 144 133 1.477240942784283 11 6297 12 4713 1 7278
4569 9.726920001473033 0.40799864482826925 10.111771203603542 121 89 68 0.12847276968785465 1 7299 2 8580
4570 10.163182224781233 0.3825264933197105 10.050129888321909 120 95 78 1.7279956585457923 13 5216 1 7302 2 9542
4571 8.3661053732119637 0.46963727891168255 9.0425670580832413 55 37 23 1.3260350381240125 13 2272 1 7337 2 7112 6 2428
4572 3.9873654856675302 -0.11418149693960908 3.206285359363453 26 18 12 0.69850233849335486 13 8418 1 7394
4573 2.7458883497341673 0.38445040944794823 5.4210997863460832 148 133 114 0.48328362584442797 13 7177 1 7443 8 2568
4574 5.0889013028463799 -0.22516370540454211 2.3571911484139942 96 86 77 0.86683506531244581 11 10468 1 7446 8 5995
4575 6.7201686914620851 0.71277072163455257 8.2947625880287159 144 127 114 0.92743866985116175 5 7318 7 10000 1 7450 6 12064
4576 3.8711617051120615 0.03247697424053328 3.4302166690656226 108 92 79 1.9560383537157819 5 8609 13 8463 1 7457 8 2599
4577 8.0206816694998171 0.87048349027420613 8.5064003690935213 72 54 34 1.3336827968199918 13 7324 1 7513 2 9591
4578 8.0206816694998171 0.87048349027420613 8.5064003690935213 72 54 34 1.3336827968199918 13 7325 1 7514 2 9592
4579 6.6080068624899662 0.908064234484809 8.2844136693435821 28 20 9 1.1952419353486514 7 10042 1 7536 8 6050 5 8670 7 11718 6 10967 2 10218
4580 5.3617625988811568 0.83945805561041265 7.5934306974442798 52 37 24 0.86706718792713733 5 7373 1 7544 2 10599 13 8570
4581 4.0383732626067621 0.11385421856718127 3.2070667007583289 129 112 94 0.82084574353147444 13 8508 1 7561 4 9350
4582 -1.1559594453117263 0.54234481537311807 4.4110126273669215 129 108 95 0.47974174502235289 12 2256 1 7602 8 2750
4583 -1.3658264671766194 0.64536381697212852 4.5116224239693432 105 86 69 1.387178755721387 11 6666 1 7637 8 2807
4584 -3.0665739512633494 0.2478457402565109 2.2729478734383153 160 165 168 1.1192542120110405 12 4950 1 7643 8 2828
4585 -2.5986168961009515 0.38752354842677417 3.0073803485389443 89 76 68 1.7367188936837163 12 6695 1 7647 8 2825
4586 6.7719857385482038 1.2485431603079642 8.1102047236282431 130 112 98 1.5290326225867839 12 2339 1 7679 2 9624
4587 1.0409217255888703 0.7255176171504425 4.8762400685453802 148 126 99 0.93401961167773873 5 5513 1 7681 14 9157
4588 -0.35033999038806651 0.66484560340669907 4.3910585690644481 142 123 106 0.64288078054978037 12 4990 1 7695 8 2861
4589 2.6818288072431313 0.8781263521135737 5.289943026918972 28 14 5 1.3988510605177158 13 7431 1 7748 14 9192 7 3591
4590 2.3002726283319768 0.96009473324679939 5.4878613649270154 21 11 3 0.70455405651754133 12 2423 1 7765 6 13418
4591 6.6744645011371011 1.6370961795480963 8.1498268810278258 27 17 7 2.3330595514629109 5 7542 1 7824 6 11107 2 9667
4592 6.797933385664189 1.64616359248661 8.1763296954447284 26 16 7 0.9913692884577161 1 7825 8 3028 7 10248
4595 -2.5864260068497114 0.58861473815739029 2.9649496077274953 118 108 99 1.4158082057268757 12 5136 1 7871 8 3071
4596 -0.86723277170365676 0.93318634922881782 4.2425145402130093 151 123 99 0.65434715464055315 11 6942 1 7902 8 3121
4597 2.6835370198303119 1.2190579021312207 5.2145008514992055 87 64 48 0.80431401082304743 11 6963 1 7929 6 13467
4598 1.3940238098031337 1.1172116674143457 4.5623354687771229 99 78 57 1.2668299150480882 12 5193 13 8733 1 7959
4599 0.62428510331554865 1.2293838311283791 4.5874190400836721 170 149 132 1.500967298444448 11 9337 12 5254 1 8047 4 8386
4600 -0.79096528365477714 -3.6580792910122977 9.9495837119417736 79 79 81 1.7581990091637418 12 3545 1 8846 8 4517
4601 -0.98753980629830818 -3.4589798726817809 10.484080917364983 91 79 76 1.9111575977519426 12 3580 1 8873 8 7386
4602 -0.88109517801757764 -3.3501480114698738 10.156014198152553 83 72 68 1.4614341765285044 12 3585 1 8888 8 4575
4603 0.33923696962154293 -3.4788289975183186 9.8028231570534565 84 80 79 1.3498842677955183 12 3596 1 8903 8 4588
4604 -0.94313306284247844 -3.1767297868290814 10.273163343141395 50 45 42 1.831889282577154 12 223 1 8919 8 4595
4605 -0.90000271786457053 -3.0273643474033385 10.131218306258781 163 162 160 0.87026050383822939 12 3627 1 8946 8 4628
4606 -0.33499499185662468 -3.0387149546382957 9.7760533550029276 144 147 152 0.75091306560635795 12 3631 1 8969 8 4640
4607 0.37875682638499031 -3.1665534344527959 9.7853826350173421 157 161 163 1.0726164999371541 12 5942 1 8977 8 7424
4608 0.42965074226643551 -3.1703418788139888 9.7860809396066024 114 113 109 1.0871630629008058 12 3637 1 8979 8 4643
4609 -0.95829147341410592 -2.8626826662029186 10.193075606265868 165 165 163 1.2829692109016462 12 3653 1 8996 8 4655
4610 0.28418800319642046 -3.0314133879225671 9.7304986766143386 154 162 166 0.60653730938061112 12 3658 1 9002 8 7437
4611 -0.18157584933280718 -2.7843902930524487 9.8130155956918266 140 141 145 0.62739909608373978 11 7946 1 9041 8 4681
4612 0.37519573189865163 -2.880941183510783 9.7181629058268495 160 167 177 0.63989205567966245 12 5981 1 9045 8 7463
4613 11.821906367013781 -4.8763266190984726 13.668641459224588 139 137 138 1.7689883762498599 12 3779 1 9128 2 8180
4614 0.23448748080709614 -2.1907077720496431 6.8967489841573562 189 199 209 0.46379413102194905 12 3752 1 9134 8 4804 15 153
4615 12.172926572293008 -4.7392823139342228 13.371360294630781 138 138 140 1.5793977568682487 7 11063 12 3801 1 9147 8 7500 6 10521 13 6483 2 8185
4616 0.083601668030533927 -2.2659892441694778 9.2953924640582759 134 124 114 0.34984097209727855 12 6045 1 9150 8 7533
4617 0.083601668030533927 -2.2659892441694778 9.2953924640582759 134 124 114 0.34984097209727855 12 6046 1 9151 8 7534
4618 11.856670228142733 -4.6041427143741682 13.576725812095077 52 51 57 1.0959060947714485 11 9956 13 4095 1 9157 8 7509 6 10528 2 8189
4619 -0.19167518188419755 -2.058944349168041 9.5042260920992359 156 138 124 0.91959753324081606 7 8974 1 9185 8 7553
4620 -0.27575267666936609 -1.7554255041226634 9.3785254683815253 174 159 149 0.77814327927377847 12 3900 1 9235 8 4935
4621 11.504476434266715 -3.7405411977094429 13.5839684710432 111 106 103 1.1053276612325129 12 6135 1 9248 8 7570 6 11828 2 9355
4622 12.248846859745315 -3.7500495059030046 13.151618283743515 124 119 115 0.82338011979339154 12 3939 1 9261 8 7581 2 8236
4623 12.252874657190516 -3.7507188303194936 13.157126710728749 124 119 115 0.85924362995445402 12 3940 13 6620 1 9262 8 7582 6 10591 2 8237
4624 -0.29791390766534115 -1.6493492560957048 9.3577830554549717 161 151 139 0.46627148663335011 12 6145 1 9263 8 7630
4625 6.3629038937531881 -2.4316714106425628 3.3435420411631234 101 100 114 1.5972825851040442 11 7988 1 9264 8 4997
4626 12.872328422882374 -3.7982848927063233 13.109548847602182 41 39 47 0.95218217553529616 13 6633 1 9266 6 10610 2 8252
4627 11.548837244821204 -3.5752241722240949 13.581920683907944 120 116 113 0.58868631732684329 13 6632 1 9273 8 9297 6 11838
4628 -2.5579429512327754 -1.0439271880302876 3.2317214825495468 88 70 58 2.1567422994349119 12 6097 1 9277 8 7749
4629 -0.097413585106019412 -1.6002328756112947 9.2725857267484937 166 162 163 0.46152573742727548 12 3957 1 9284 8 4977
4630 -0.21376606016339228 -1.5815601609685854 9.2939186549810717 170 165 158 0.35974061554231246 12 3961 1 9286 8 4978
4631 -0.21376606016339228 -1.5815601609685854 9.2939186549810717 170 165 158 0.35974061554231246 12 3962 1 9287 8 4979
4632 2.1781634164220285 -1.6019478824422981 6.0553895313842139 37 28 21 1.0904205336190242 12 6180 13 8010 1 9374 8 7724
4633 12.139472463207081 -3.0185833756713962 13.092931931727875 140 135 129 0.61206520721131119 13 6726 1 9389 8 5018 6 10646 2 9379
4635 12.109223225113661 -2.5739696989923693 13.080825886485956 153 143 134 0.65407071321631993 12 4139 1 9462
4636 11.845010010118369 -2.5323003484183468 13.218414812164466 56 48 46 0.68891034363616555 12 4140 1 9463 2 9389
4637 11.845010010118369 -2.5323003484183468 13.218414812164466 56 48 46 0.68891034363616555 12 4141 1 9464 2 9390
4638 11.874396558040869 -2.4585641072269411 13.200730460701127 131 120 110 0.43444003306790302 12 4154 1 9470 2 8319
4639 11.619124149151745 -2.360460332768374 13.758168490744785 161 148 135 0.77768571629603878 12 4167 1 9479 2 9394
4640 -0.43348697973983935 -0.86053770277714137 4.729928941501548 165 147 127 0.6005997394780338 12 6273 1 9540 8 7860
4641 11.497750269173087 -1.7939040775572277 14.27066444915679 75 68 60 0.82477358522347455 12 4262 1 9564 8 7811
4642 4.1832839779960764 -1.2706795156913167 3.3666345154495798 0 0 0 0.17653574714859757 3 8513 13 9058
4643 4.9313679699413262 -1.2087948862383564 2.6254370670631362 94 76 62 1.2077373005549854 11 10185 1 9675 8 5467
4644 -1.861092220360709 -0.33313094101942026 4.8263756408239704 38 25 16 0.87720371525938612 12 4380 1 9713 8 5519
4645 11.595918377856833 -1.0160131361642224 13.020925154771973 149 133 119 0.32969065266137093 7 9502 12 4427 1 9714
4646 5.2344007352774957 -1.1471175213065143 2.531214811930492 112 90 76 1.1517267550387229 11 8415 1 9721 8 5508
4647 5.4024911031927774 -1.1593973924318879 2.4925347620973164 135 113 92 0.69474049225314349 11 8412 1 9724 8 5513
4648 4.9871209117908677 -1.0970613682409658 2.5886700846443169 118 100 86 0.74022130715647483 11 10217 1 9728 8 5525
4649 4.0379696387288568 -0.89061903971303524 3.4778103430684353 47 38 31 1.479825462306178 13 9126 1 9760 8 5542
4650 5.7702534966430505 -0.56286013397992751 8.4710520969196619 99 115 131 3.0350795983419041 13 6920 1 9784 2 9386
4651 12.410622102424298 -0.71080735651330762 12.433334914099452 136 127 118 1.4372146596063118 13 7003 1 9800 2 9488
4652 12.412142317259089 -0.6380450864166014 12.387970481655 66 55 49 1.7337582939284923 13 7017 1 9808 2 10162
4653 12.412142317259089 -0.6380450864166014 12.387970481655 66 55 49 1.7337582939284923 13 7018 1 9809 2 10163
4654 -1.8269533557347777 -0.16498124789330881 4.7740267798075822 73 56 46 0.82219288431411908 12 4500 1 9811 8 5633
4655 -1.7727492381496179 -0.16695971138552512 4.8089935737933871 82 65 57 1.2436197989742839 5 7036 1 9812 8 5634
4656 -1.651492687224617 -0.17925821985123014 4.701468279872195 130 117 109 0.80921543965905141 12 4507 1 9818 8 5639
4657 -1.6672441291263365 -0.15292636464314821 4.7257721776270749 52 39 33 0.74449382566142008 12 4530 1 9828 8 5665
4658 5.1531241355940463 -0.89892088836349981 2.5033186437263741 91 76 63 1.281981829829987 11 10276 1 9832 8 5651
4659 5.1531241355940463 -0.89892088836349981 2.5033186437263741 91 76 63 1.281981829829987 11 10277 1 9833 8 5652
4660 -1.2622737113479787 -0.043424787645345922 4.6198716307251306 14 11 6 1.0040138629102904 3 6623 12 6497 1 9882
4661 -1.2501515504366125 -0.027078717742076722 4.5803004074939659 144 124 113 1.4098214428665869 12 4620 1 9886 8 5743
4662 0.92471656941997027 -0.058267570768061876 5.0501359802337316 164 142 121 0.68617773032555895 7 11551 1 9897 8 8148
4663 5.9802565728109789 0.13168085533121643 8.1532742183622879 169 156 140 0.73522108970922206 13 7096 1 9921 8 8153
4664 5.9802565728109789 0.13168085533121643 8.1532742183622879 169 156 140 0.73522108970922206 13 7097 1 9922 8 8154
4665 -0.92014456437067238 0.075183668571567996 4.5011971093728098 156 133 117 0.17913383573976535 13 9162 1 9923 8 5805 11 2306
4666 2.1540518209426796 0.15429287656087542 5.473797308993765 42 29 21 0.71564833387562976 13 8385 1 9962 14 9679
4667 2.3431539362392924 0.2211091019919087 5.4548698862911049 59 44 37 1.4692365244094769 13 8415 1 9991 14 10141
4668 -2.5987739216890025 0.208035898169943 3.0480653775497091 79 70 61 0.84479808546748758 12 6620 1 10040 8 6027
4669 3.7189094091425656 -0.037652229025276929 2.9123219058379246 118 100 86 1.3373423153123867 12 4812 1 10053
4670 6.1574526045481992 0.8825747769186153 8.1284068408440948 101 84 68 1.0352402481287595 7 10040 1 10079 8 6047 2 10214
4671 6.1162737432976924 0.93512388371076505 8.1271275322387044 159 143 130 0.93405213649282004 7 11724 1 10089 5 8678 8 8300 2 10604
4672 5.1687822111142081 -0.078705739466502944 2.3201986110066697 97 85 73 0.97412625961666655 11 10505 1 10093 8 6092
4673 8.1602781186957625 0.99110552318426015 8.613001091524966 78 57 38 1.1267496700526529 1 10102 6 12095 2 10242
4674 3.7576995227650269 0.061918433991192193 2.6855546632672054 133 117 101 1.2750268995128569 12 4876 1 10108
4675 4.1468268938946178 0.22277425649142385 3.5733837080356987 0 0 0 1.0391705333831931 5 8651 12 4894
4676 7.9348979018717287 1.046893412839828 8.3889001903101263 97 78 58 1.2147967741021179 13 8598 1 10122 2 10618
4677 6.522206123378532 1.0673081389475727 8.2360408125356344 160 139 122 1.3920666678508511 5 8691 7 11747 1 10123
4678 1.3050897349800512 0.55112664555498658 4.6897589568983262 124 103 73 1.5734914786024363 13 8526 1 10124 8 6130
4679 -1.312725669722842 0.62554885232035917 4.5192140479252636 123 104 89 0.81584741343852096 11 9035 1 10145 8 6157
4680 -0.98442422705512156 0.61208380238068261 4.3863769461584994 125 103 89 0.99090949779701065 12 4957 1 10152 8 6168
4681 2.3898938895896826 0.83919388441963783 5.4746187355188534 90 73 65 0.84308178800094213 11 9071 12 2353 1 10191
4682 -3.0480675380447879 0.36874272878583392 2.2578707673855503 187 177 165 0.7307014000094173 12 7899 1 10240 8 6280
4683 2.5260761036906825 1.2154738081445426 5.3060832704914835 46 34 23 1.5772727799381432 7 11920 1 10306 14 10236
4685 -0.77194741855968019 0.37897634257546303 0.13118417240628505 41 31 21 1.3398271161364099 7 12342 1 10749
4686 12.618229775034683 -7.7505975538109846 15.091566469188601 179 195 211 0.16776237697147509 1 10949 2 9301
4687 -0.83294089607622157 -3.5949194558361666 9.9412229115710122 141 141 141 1.4827402705907848 12 5866 1 10951 8 7370
4688 -1.2001936853645221 -3.6264003708776609 10.765604719903987 131 130 135 2.1197086535967902 12 5873 1 10955 8 9177
4689 -0.93775803330716478 -3.4981463169964391 10.133583127544961 143 132 128 1.5928472203624737 12 5877 1 10960 8 7380
4690 -0.70576659870480196 -3.3718876194856944 9.8777007527535687 131 126 122 1.7084116630276804 12 5886 1 10981 8 7389
4691 0.42320890398340949 -3.4307035921177995 9.9513676167808125 91 83 80 1.0573937277813317 3 7488 12 7289 1 11002 8 9194 15 69
4692 0.27006121342990952 -2.9470966392202511 9.6895511100508642 139 144 152 1.1054884786446992 12 5968 1 11045 8 7447
4693 0.0521979624629616 -2.4661954366214349 9.3993056915670454 172 163 154 0.8586485419609593 12 7352 1 11091 8 9245
4694 0.23040457637599265 -2.2446405260901101 6.930210432029444 191 204 217 0.71869014998456748 12 6017 1 11092 8 7523
4695 -0.24371556887830675 -2.033166923144559 9.5276005275496924 70 53 43 1.2520021768766634 7 11144 1 11140 8 9278
4696 -0.095860860531088055 -1.8530861646321353 9.2800342745210376 160 142 128 0.78585490804370861 12 7406 1 11165 8 7585
4697 -0.147927120518384 -1.7680551507195541 9.3325268707748013 172 167 162 0.62344577457395267 12 6123 1 11182 8 9304
4698 -0.20498364086403517 -1.6752169788962754 9.3178989698358841 177 169 158 0.44363159254968459 12 6139 1 11205 8 7624
4699 -0.20498364086403517 -1.6752169788962754 9.3178989698358841 177 169 158 0.44363159254968459 12 6140 1 11206 8 7625
4700 13.148966308765065 -3.6891681250575385 13.132770461361741 129 123 121 0.80658508546773056 13 6656 1 11223 6 11852 2 9371 15 253
4701 13.40137384030389 -3.6018818102257595 13.087761856837142 69 65 69 0.64762035222069225 13 8166 1 11235 8 9316 6 12739 2 10071
4702 12.360170920038103 -3.196053415150955 12.988923654024012 131 122 117 0.52098881846358147 13 6707 1 11260 6 11866 2 9376
4703 11.579649439051277 -3.0712066498499424 14.195785303481641 36 37 42 1.4918679043181367 12 6192 1 11261 8 9332 2 9373 13 6711
4704 11.469064242938282 -2.9995633700283104 14.18881730607367 163 156 151 1.115323270568831 12 6196 13 6721 1 11266 8 9335
4705 12.318455634490769 -2.8872068308008547 12.945090393371581 141 134 128 1.0339118790433539 13 8217 1 11287 6 12760 2 10076
4706 5.3639748433283305 -1.8558262746036096 2.6597102553883336 58 49 42 1.8241008496003401 11 11340 1 11295 8 7784
4707 12.23166873684834 -2.6979111603664241 12.976151059158862 107 100 92 0.43658607980701242 13 8230 1 11305 6 11898
4708 5.2710275553189883 -1.7631376428807226 2.6326021557400114 16 17 21 1.0809699943946647 1 11319 8 7801
4709 2.1999017309028677 -1.2344262799413401 6.0675786944587289 68 55 47 1.9139193620203665 12 6255 1 11343 14 10041 6 13602
4710 11.660944568514191 -1.9984671859390444 13.225494576127566 134 118 105 0.64089906855205914 12 6304 1 11364 2 10099
4711 12.171803457432697 -1.5393676717338169 12.729835917377779 153 144 135 0.45976400911042831 12 6364 1 11417 6 11946
4712 8.7654572248577978 -1.5846781812177262 4.5468104366241588 95 90 86 0.97689382184060114 11 10162 1 11421
4713 4.7335498740372026 -1.2332973082565375 2.6775984452536759 149 149 149 0.61491847395341137 11 11437 1 11439 8 7952
4714 5.2970981734557316 -1.2646132192988333 2.551024863850829 139 138 134 1.2141789005430794 11 11442 1 11447 8 7965
4715 2.6626959611510466 -0.7150770821389425 5.9434215035372935 114 97 79 0.87083010251710047 7 12673 1 11460 8 9521
4716 12.135000051189754 -1.1121675843923462 12.745173485164239 108 95 86 0.4383807980738082 12 6399 1 11463 2 10136
4717 5.3962267948791913 -1.0451869341933726 2.4696926911200485 127 103 86 0.53391578958778563 11 11480 1 11495 8 9574
4718 5.1178807756985822 -0.95169207513695153 2.5281110232568413 105 91 80 1.0250484010657293 11 10259 1 11512 8 5619
4719 -1.1625727384636984 -0.18178479744825488 4.6300642902587175 67 52 45 1.3744210726019186 11 11571 1 11532 8 8088 7 12746
4720 -1.1673963282817734 -0.18363393309788095 4.615501557143272 67 52 45 0.61387246585480792 7 12747 1 11533 8 8089
4721 12.935514280758815 -0.55124589624951881 12.400399291783815 152 136 121 1.9018345270322661 13 8384 1 11535 2 10172
4722 5.6088439252746864 -0.27590356991085385 8.3034906260929127 71 84 99 0.28638721099519132 7 11508 1 11553 8 8059
4723 5.2293723784350528 -0.5916148646046675 2.4140955054339783 110 93 75 0.63379903458301745 11 11595 1 11603 8 8163
4724 7.7123322863459638 0.57277947504236548 8.8646062258398093 117 107 98 1.0867707410829379 7 12848 1 11669 8 9689 6 12865 2 10592
4725 6.6383694845512951 0.64579262244378455 8.3406113334936247 128 117 108 1.0253712377001327 12 7777 1 11679 8 9707 2 10888
4726 -0.49954608981161369 0.36393767502239344 4.366339988017816 51 37 27 0.32405252840665039 12 6628 1 11687 8 8272
4727 7.9051682913564321 0.79654251945186016 8.5099652555585408 117 94 76 1.127539621540339 13 8565 1 11698 2 10605
4728 6.4815289176477284 0.81114281600984661 8.2390317002680327 161 140 124 0.86783932592041824 7 12884 1 11699 8 9735 2 10602
4729 0.8524315477638772 0.52101161117720229 4.8527130385175541 156 135 115 1.5500822826158085 12 6655 1 11718 8 6087
4731 -1.7024668153470013 0.68254188202272392 4.5666363389147628 57 41 28 0.74692895306832019 12 6701 1 11762 8 8352
4732 -0.86393959671836895 0.63860817008769732 4.3191828090486259 165 157 146 0.54634041993118165 7 11771 1 11770 8 8360
4733 -1.8151498416123806 0.74953650007624517 4.5466830031923386 78 56 42 1.3948525707086026 12 6734 1 11790 8 6218
4734 0.71906274760347444 0.84433190423450177 4.6883404317554369 174 156 136 0.67123271393397987 12 7885 1 11824 8 9844
4735 3.7807602849388044 0.37993570129269744 2.5891851637500518 157 145 133 2.4860348057011796 12 6751 1 11829
4736 1.4014229427519522 0.94588523870455143 4.6033380668921762 160 124 95 0.45644246995769749 13 9877 1 11847 8 9863
4737 6.7412129483180809 1.7048874268978556 8.0130775492927615 138 121 105 1.4379178226836515 12 6793 1 11848 8 8474 6 12943
4738 0.71051858584103555 1.0826879027376475 4.6319039668351483 169 150 135 1.0495786436251264 12 6838 1 11882 8 9911
4739 -0.97526432733457669 -3.2013216266731908 10.324659752724388 157 156 161 1.2858997753366648 12 5914 1 12310 8 9192
4740 -0.46412416703896264 -2.9230113887979416 9.9515706629280274 150 155 158 0.95705567375034628 11 11267 1 12326 8 10373
4741 -0.27774798383932547 -2.8832837395504183 9.7319701723178582 148 153 156 1.0759353200060762 12 7326 1 12331 8 9223
4742 -0.16732041860336999 -2.4529459439026753 9.5750056322364703 144 152 155 0.90766364943162758 12 7351 1 12360 8 9243
4743 12.254825659404599 -4.9407625290534485 13.306118740189172 118 119 124 1.927736831595819 12 7361 1 12369 8 10388 2 10511
4744 -0.11027603795103957 -2.0948254368773758 6.7653753061294655 94 95 99 0.65722743481474921 12 7353 1 12371 8 9264
4745 12.631350336068028 -4.5284679924688751 13.23467185144113 112 108 109 1.4338777214296901 13 9039 1 12404 2 10045
4746 -0.19218853629188776 -1.6361775548816366 6.6290330788112772 152 138 127 0.58625941627160261 12 7408 1 12436 8 9322
4747 13.387958325614036 -3.8024305904215892 13.139768204247138 99 98 105 0.83257754923206484 13 8148 1 12453 8 9302 6 12730 2 10068
4748 12.279105329481785 -3.5476701445131065 13.085196861146482 132 122 113 0.62295486617448659 13 8151 1 12461 8 9306 6 12725 2 10065
4749 12.381483224866017 -3.3823058536862454 12.909036965189104 101 92 87 0.53228729006235542 13 9105 1 12470 8 10448 6 12735
4750 -1.4691274005560975 -1.0050691116870691 4.8953723853685371 146 130 117 0.26413146259882547 12 7480 1 12488
4751 12.823808580608898 -2.7405144112098268 12.856250038800834 149 141 130 1.0109198207684849 13 9134 1 12506 6 12766 2 10541
4752 1.3512969349392989 -1.2273926049449744 5.5057197635194459 164 147 129 1.8667833106409795 12 9010 1 12514 8 10518
4754 0.63581677443069451 -0.88008362061168599 5.128314826460322 138 121 113 0.99624017742307358 7 13475 1 12554 8 9463 12 7533
4755 13.500552171005245 -1.8748828475308748 12.735513010579673 120 111 104 0.78796905831263153 13 9181 1 12567 6 13329 2 10553
4756 13.322098720705496 -1.8062993612306708 12.723418995324039 157 144 135 1.1596780919953256 13 8303 1 12572 6 11945 2 10118
4757 13.426595423387331 -1.6748682956010248 12.756312897917011 149 136 127 1.2164442806901545 13 8310 1 12580 6 11951 2 10120
4758 -1.2568798049022809 -0.40309456335070415 4.7078194039254386 46 39 29 0.77055937301017741 5 10063 11 11500 1 12609
4759 5.0117617004027357 -1.0606617486239689 2.5788982296641856 151 139 127 1.1919358388328385 11 12432 1 12625 8 9561
4760 5.1227468779025935 -1.0688288539312509 2.5644963055641954 153 135 122 0.96543928536230228 11 12433 1 12626 8 10639
4761 13.544364065908512 -0.83808351203528531 12.516846853269774 121 114 106 1.3106152430491826 13 9218 1 12644 6 12829
4762 4.2316348879102632 -0.72131413125218868 3.1690181384628389 0 0 0 0.35316540823866632 11 11537 13 9693
4763 13.359956448917396 -0.25200866722803661 12.400501483983907 164 147 132 1.6716642237819037 13 8421 1 12683 2 10186
4764 2.0685299646326056 -0.18781945179013027 5.3967310081401081 117 96 82 0.3004818360068669 12 8546 1 12688 8 10698
4765 2.1804374293757052 -0.0874316148646022 5.4023032803718731 148 127 110 1.0307866639019652 7 13622 1 12707 8 10711
4766 1.8404770723901067 -0.042511996695810239 5.2102008257501948 93 76 66 2.5322075249852922 13 10442 1 12714 8 10720
4768 7.6125662829703131 0.54515596534727861 8.994847152508191 163 137 117 1.2320394783914252 7 13654 12 8600 1 12747 8 10754
4769 6.9614381427171113 0.73364279293968648 8.450734344006964 37 30 24 1.1936467187554523 12 8621 1 12776 8 11494 7 14567
4770 4.0222512829984689 0.062715745376858353 3.7027957138460721 0 0 0 0.81388313608704088 5 10165 12 7780
4771 4.0331679843203521 0.21995874879531202 3.7108251649515704 0 0 0 1.5980816469526797 5 10645 12 8636
4772 6.6316380638566654 1.0039266693663151 8.275420970448204 74 61 52 0.99668022964088621 5 9512 7 13695 1 12795
4773 6.7239161438601762 1.239620831534638 8.1857631507790813 145 122 106 1.345000371785956 12 8663 1 12816 6 13738 2 11127
4774 2.6716680263985237 0.87262306472564644 5.3858627403620813 142 120 102 2.0353774437539154 7 12955 13 10240 1 12834
4775 6.704760332995078 1.547369091977052 7.9912899112474642 117 101 86 0.80764187155562828 7 12987 1 12860 2 10931
4776 6.7831016063044869 1.6325150695319235 8.0640832324733953 52 39 30 1.7431089764251955 12 7912 1 12867 8 10874 6 13759 2 10935
4777 3.7930887794751134 0.57872314517227863 3.2905724643401939 165 161 152 2.3968002333460845 7 13738 1 12868 8 9858
4778 0.66903681097766476 1.051115789344707 4.6459477309186816 114 94 77 0.76824873870389843 12 8744 1 12905 8 10898
4779 0.0014023136853829055 -2.5904582831204528 9.4971144916551573 111 104 98 0.91205031718850704 12 8326 1 13229 8 10389 15 1437
4780 -0.062951879401963312 -2.4833998741891348 9.5309236930714896 151 153 150 0.83205242711290206 12 8331 1 13234 8 11230
4781 2.6965481516802066 -1.9420571569384943 6.2962579027572572 116 121 125 0.88567038732249703 3 9608 13 10043 1 13301
4782 12.075634528270561 -3.1466659437151705 13.303341024859629 16 18 25 1.6585403773619742 13 9111 1 13327 8 10455 6 12741 2 10534
4783 -0.81904279453947559 -1.0861073826535803 4.7667832959805807 87 79 77 0.36861862715749122 12 9001 1 13341 8 10510
4784 12.009682310928778 -2.6315785160095988 13.084821222687621 26 20 20 0.55217488381902713 12 8408 1 13354 6 13302
4786 -0.84558157797446709 -0.97303676285169716 4.7569567112805284 157 139 130 1.2611179595732589 12 8396 1 13375 8 10527
4787 5.0749399287713679 -1.4254929777729346 2.6404419223674216 140 134 131 1.200318091889053 11 13060 1 13412 8 10576
4788 4.8520689146474076 -1.0538829903800027 2.5920939558126079 160 148 136 0.99492531607997725 11 12431 1 13447 8 10636
4789 13.462835629186939 -0.61345758540565642 12.426973082325391 73 64 62 1.5510280333304449 13 9744 1 13469 2 10878
4790 13.230054644372785 -0.50968537757831267 12.409244509173426 158 142 129 1.9234925745448372 13 9223 1 13473 2 10579
4791 3.7467944245012705 -0.24775837199087236 3.6471210293406595 154 147 140 0.5117732526155494 7 14166 1 13516
4792 3.7546426752858886 -0.012065289469526189 3.6482496720513078 34 29 25 0.6344083063863053 1 13551 8 10772
4793 2.7726393787227042 0.44741234162211241 5.4404597207804688 159 143 130 1.7275348439230676 7 14204 13 9785 1 13568
4794 5.8517844838857318 0.79272790759230138 7.9089300754849079 112 97 82 0.50020327709979573 13 9813 1 13574
4795 5.2773847805005092 0.92769532816974309 7.5732188964748755 129 107 89 2.1905179913423609 13 10222 1 13583 8 10802
4796 -0.50652405286026547 0.8857458546552649 4.3116237416904726 34 33 29 1.2726038431910298 3 9801 11 13233 1 13627
4797 1.3347842344068672 1.0840537636472773 4.5799597015150431 143 119 95 1.4082456835282799 12 8746 1 13658 8 10911
4798 -0.55505959969714991 -3.6062023023376444 9.8555524772159089 153 147 147 1.1991302497150913 12 8935 1 13812 8 11193
4799 -0.83221648462179942 -3.0279283872719485 9.818987384855415 136 127 120 1.6057626030875962 12 8943 1 13828 8 11206
4800 0.0044060180621146028 -2.7165823015184323 9.5088751321011529 104 95 86 1.0453345885252787 12 8954 1 13839 8 11218
4801 12.184518514073114 -3.0770726925200673 13.119456853340111 136 129 123 1.499041285668457 13 10098 1 13902 8 11270 2 11070
4803 5.4504200904663112 -1.5580026621803409 2.5803664714278551 134 127 121 0.95686023609240944 11 13476 1 13957 8 11354
4804 4.938021589635742 -1.2774032557866797 2.6660596759748274 51 44 36 1.3105656766133693 11 13507 1 13968 8 11909
4805 3.9760603923177524 -1.0046868476761643 3.4205226003838476 115 93 79 1.1955220952857166 7 14751 1 13977
4806 5.1671615837833604 -0.99276713324094445 2.5368415372951882 54 44 34 1.0412108901926735 11 13519 1 13996 8 11934
4808 7.203810409504972 0.30561235007779797 9.1210779677475724 22 21 17 1.609020722168566 12 9500 1 14043 8 11985
4809 10.075291300912104 0.42317280157740661 9.9970790516629986 113 86 69 1.7668124628571691 13 10192 1 14049 2 11114
4810 10.075291300912104 0.42317280157740661 9.9970790516629986 113 86 69 1.7668124628571691 13 10193 1 14050 2 11113
4811 5.1244055249435929 -0.12337026376790908 2.337752191085662 107 99 86 1.6259204833251708 11 13595 1 14070 8 11509
4812 0.46424124288045043 0.55678401218897222 4.689995275451543 124 105 88 0.67534298918039226 12 9163 1 14076 8 11522
4813 12.574699326224836 -3.8814840182676176 13.0643001111586 100 90 88 1.7200648067107103 13 10391 1 14299 8 12224 6 13918 2 11058
4814 11.564566163392753 -3.7029519035402938 13.921432044176322 78 70 67 1.2776083582382822 13 10392 1 14303 8 12223
4815 5.0758512816339003 -1.5942265408255174 2.6785268254220025 150 147 142 1.0946949343527015 11 13731 1 14340 8 11893
4816 4.7047344809778089 -1.2498822958516889 2.6816590638088584 144 144 146 0.48618633361351704 11 13738 1 14352
4817 5.1899723288141555 -1.2708159315826064 2.553000743519148 141 140 138 1.2837869892016995 11 13740 1 14355 8 11913
4818 5.1899723288141555 -1.2708159315826064 2.553000743519148 141 140 138 1.2837869892016995 11 13741 1 14356 8 11914
4819 -0.91237087459716404 -0.28640860540508167 4.56460171268255 27 17 8 0.25980951527666063 7 14511 1 14384 8 11942
4820 -0.91237087459716404 -0.28640860540508167 4.56460171268255 27 17 8 0.25980951527666063 7 14512 1 14385 8 11943
4821 5.6297466697424747 -0.22792558042806071 8.2425725093611852 48 34 31 2.3569591092410018 5 10853 1 14393 8 11951
4823 1.9581382315179101 -1.5746629690087264 6.0406566701127105 151 133 119 0.90460274357190418 12 9678 1 14577 8 12511
4824 -1.2069038451813916 -0.10045365966194231 4.6235413628417268 155 132 114 1.1706939836385295 11 13764 1 14621 8 12307
4825 -0.71219719144404037 0.47567591447308927 4.3501752447743467 123 101 87 2.0382350386952561 11 13794 1 14661 8 12024
4826 -0.39264607766937099 0.61453828728378201 4.3674135040618189 120 101 86 0.6812816730200445 11 13802 12 9760 1 14664 8 12360
4827 -0.36469275910386467 -4.0116049174787829 10.169638432983806 65 65 69 2.0567794772236763 11 4789 1 5582 3 22 12 43
4828 2.6960634450222516 0.82199897094946139 5.3174885130912788 54 47 42 1.5645614845453437 11 9077 13 8612 1 11788 11 3034 5 2623 7 10166 7 11783 14 10210 6 13976
4829 -0.50157649670054782 0.32719949022993666 4.4241027451156656 175 159 142 1.5453916130520229 3 9359 5 10176 1 12766 11 11688 5 9487 13 10149 12 7776 8 9719 4 9393
4830 6.1042122114419337 -2.8809905728728222 3.8684713514976647 0 0 0 0.034955506576179698 11 4911 12 468
4831 -0.24041313136299686 -1.8843871328844428 9.5030310620933722 170 163 155 0.54406209623875235 7 877 1 1371
4832 4.4577471567296323 -1.8173995305864918 3.2133222399074 0 0 0 0.16894948906806664 11 5156 12 898
4833 4.4400293412392742 -1.8103695289537778 3.262913219239473 0 0 0 0.10633516792466671 11 5160 12 903
4835 3.7517637308120411 -0.042661624110890167 2.8473225335127972 111 95 79 1.0430013046731734 12 2082 1 3439
4836 4.4216558798252645 -1.6839413242325241 3.2585217226989815 0 0 0 0.19514983250151102 11 8155 12 4075
4837 4.2400814907365723 -1.650046046240131 3.5934173104759703 18 18 26 1.6567191248527502 13 8988 1 6545
4838 4.2400814907365723 -1.650046046240131 3.5934173104759703 18 18 26 1.6567191248527502 13 8989 1 6546
4839 4.5953411041657191 -1.6440088810305753 3.0581803515026547 0 0 0 0.00091732118937922836 11 8169 12 1027
4840 4.3075699928739972 -1.4847891785682279 3.3629374571840405 0 0 0 0.15271538829561887 11 5360 12 1118
4841 4.8280385015252287 -1.4956360882782134 2.8962088357945182 114 81 62 1.7313708040360918 11 8246 12 1153 8 1500
4842 4.7214821792306134 -1.3707066738037392 2.9174630738583165 0 0 0 0.01492188133145415 11 5450 12 1224
4843 4.7214821792306134 -1.3707066738037392 2.9174630738583165 0 0 0 0.01492188133145415 11 5451 12 1225
4845 4.8832645475568812 -1.8497735867310126 2.9516629928035756 0 0 0 0.3610848151886954 11 10026 12 6179
4846 8.3073730571089097 -1.9272320839809953 4.7832680572595798 139 138 139 2.2038095888400053 11 12357 1 12530
4847 4.4189373182749518 -0.2125149309604264 2.9110356717835963 0 0 0 0.33332405462090786 11 12550 12 7743
4848 3.6884401354818084 -0.12563758018258731 2.82549333260779 119 103 88 1.0786061798273805 12 8602 1 12763
4849 4.4316478066315899 -1.6655826752525571 3.2342923172565845 0 0 0 0.19741499644648858 11 12340 12 8392
4850 4.3521820732568655 -0.014652086494811645 2.9967868250275305 0 0 0 0.031786832012740837 11 12573 12 8620
4851 4.3334808851342812 -1.7611129889315793 3.1595462155748555 101 97 94 1.1372723752519307 11 13029 1 13913
4852 5.10600985386756 -1.5136518684029769 2.6074320479046103 50 34 26 0.0095831921467601083 1 13956 8 11355
4853 4.5618344463210381 -1.1568587297413366 3.0420505984262447 0 0 0 1.4230967590474837 11 13743 12 9705
4854 -0.48051166245136501 0.40937634225167752 4.4077215057460117 130 111 96 1.0841173269858055 12 9753 1 14426 8 12345
4855 0.1494871917402395 -4.0933927670325536 9.8986550916190534 118 117 122 1.4695179057657579 3 8 7 63 8 92
4856 0.99655542054081525 -3.621377579371245 10.18258732733463 119 118 116 0.84139834570183092 1 638 7 8768 8 237
4857 12.257260987605916 -4.8532151621480972 13.368310541605823 151 145 145 0.4786510783552127 11 4943 8 442 2 6480
4858 11.725341660937989 -4.7725286439480206 13.839754004841707 95 85 83 1.2189150599632188 7 8860 13 688 8 445 6 8580
4859 -1.0929840652255276 -2.3735966624090956 10.774864247513136 94 86 83 0.56823058781803937 11 384 8 460
4860 -0.19614653244145769 -2.278195354099354 6.995837279935242 73 73 75 0.62283054241648239 1 1011 12 419 8 484
4861 12.001611758468432 -4.050885915301798 13.348179725503071 139 128 122 0.96512170358924365 7 5775 12 663 8 629 6 8665 2 6523
4862 12.049948999577113 -3.834806873144633 13.276278567707912 149 135 132 0.60790006803618191 12 734 8 700 2 6553
4863 12.320467543003524 -3.8350063528077882 13.089924909143678 59 49 48 0.40436904256966782 1 1479 8 715 6 5904 2 6563
4864 13.295311861177725 -3.8757179161715207 13.128138121221367 155 150 146 1.0907530367798637 13 1001 8 746 2 6598
4865 12.201154200390187 -3.617450786110147 13.110621154009968 36 25 21 0.87315597134317968 13 1014 8 779 6 8723 2 6580
4866 2.0315369656160804 -1.9549611140458234 6.0869638318743773 43 40 41 0.84602287752382743 1 1460 7 8965 8 855
4867 1.6899960317533163 -1.891302387274526 5.9920488158779053 147 134 118 0.8191736044323642 1 1465 12 662 8 871
4868 13.319695358817954 -3.3907673996993131 13.076617828813163 153 141 129 0.64918015694166986 1 1750 8 890 6 6046 2 4343
4869 12.201455496229899 -3.1032325648263397 13.066516067441626 140 128 116 0.73531657531360917 13 1167 8 947 6 6043
4870 11.687288625409153 -2.9638424353199082 13.467364831120539 122 110 98 0.47425073090430653 1 1816 8 970 2 6622
4871 12.14969793866695 -2.9419656306780113 13.227015743063433 107 99 96 0.54462444194656123 13 1221 8 1002 6 8809 2 6636
4872 2.2031453571121102 -1.2816903583386901 6.0445673829961732 85 68 60 1.5749619473588401 13 6522 8 1295 14 8773
4873 2.2031453571121102 -1.2816903583386901 6.0445673829961732 85 68 60 1.5749619473588401 13 6523 8 1296 14 8774
4874 3.8311946593438138 -1.5658428756899532 3.5181196395947527 0 0 0 2.5484640968324022 1 6563 12 4097
4875 -1.2569103350893518 -0.95541162774526767 4.834126381216449 156 135 118 0.47019413403797267 1 6527 7 6145 8 1307
4876 3.4118592228584532 -1.2560983383837994 6.3664136086718699 189 191 190 1.4150460101673192 5 6769 13 8139 8 1391 1 11363 15 381
4877 5.4993635331383075 -1.6416463432292556 2.5771295519453012 83 64 47 1.4077667420618545 1 6658 11 5320 8 1443
4878 -0.12559997087016733 -0.90255475952839237 4.8056208267976626 29 19 10 0.28611450004947908 7 6276 12 1171 8 1465
4879 0.37102323463583864 -0.79211755643365156 6.1929535924110697 97 81 68 1.2193134704597475 5 1026 11 5617 12 1267 8 1535
4880 5.1255471359717006 -1.3775376586778487 2.5583740985746464 30 11 4 1.1703157067022492 1 2357 11 5474 8 1650
4881 2.1115128611716205 -0.77745567470311983 5.9543045544579787 142 130 118 1.162161966961184 1 6835 11 5706 8 1686
4883 2.3246960508395365 -0.69654561554324612 6.0236474163165248 120 101 86 1.3086204661264482 1 2522 5 4644 8 1748
4884 4.0125112549793496 -1.0671482158299421 3.372100907988711 131 108 94 1.7698427762488622 1 6859 7 9368 8 1760
4886 -2.8882866526217983 -0.47626418715933228 2.6432524463150173 36 19 3 1.2301365760462419 1 6825 7 9404 8 1840
4887 1.1031481933734675 -0.47773416690469911 5.1373718349857764 80 63 44 1.2199033433372655 8 1900 14 8821 6 13595
4888 -2.9917634949499776 -0.37693282440639175 2.4684558745290679 36 24 12 1.1323020338079273 1 6926 7 11388 8 1988
4889 -2.8809696884835798 -0.3712800707963636 2.6045703421542674 56 40 25 1.2532312989620242 1 6937 7 9494 8 1990
4890 6.0205067206880623 -0.31456378853041289 8.3833512873866969 56 63 76 0.7253321427140742 5 4936 7 9675 8 2007
4891 -1.9037295247759372 -0.11699587618852013 4.7070376487435066 0 0 0 0.83620469261727148 1 7069 12 1641
4892 1.3415575889250126 -0.22924579989749738 4.969529053437558 119 102 82 0.30608834549953029 1 7132 7 9717 8 2150
4893 0.91799200751990273 -0.18410144339143486 5.0538417464534628 147 122 100 0.48949619615818313 1 7137 7 9726 8 2154
4894 -2.6049537979145732 -0.22231075565682212 2.9095719089032186 154 144 133 0.73388313556689855 1 7078 12 4516 8 2174
4895 3.905473831481499 -0.52758077790388902 3.6460076761993161 141 118 97 1.2266453030677074 7 9658 8 2179
4896 1.2189653022400107 -0.16539332093249928 5.0382004960261808 161 141 117 0.84039737514991153 1 2944 8 2190 6 13615
4897 7.4996423942614916 -0.0010664449767967266 9.1702630784616748 26 15 13 1.7417897358610321 5 5050 7 9802 2 9474
4899 2.6303713845212346 0.11705181762053475 5.5609886080094002 127 104 83 0.81028565356918125 13 7038 8 2369 14 9684
4900 3.9191730603437134 -0.2945000659327171 3.321837216559933 137 133 130 0.30879912422624151 5 8524 8 2373
4901 4.3840700575637479 0.41372991167899004 7.2320671127668286 0 0 0 0.19990530832248282 7 9930 11 6337
4902 4.4380154578350481 0.41439584002367119 7.2237684318130917 134 106 82 0.90926512184223951 5 2123 8 2438 2 10133
4903 2.2141632882285762 0.29896585983575641 5.5078977261463429 37 26 17 1.5681179408929737 7 7132 8 2480 14 9713 6 13318 14 9085
4904 -3.0194503335729377 -0.0023013177336155891 2.3628993209629363 109 91 81 1.2977952434909665 1 9974 12 6555 8 2490
4905 4.0305388465043412 -0.10551346209841866 3.3123447854781891 28 17 10 1.293178651791193 7 9913 8 2517 12 1979
4906 2.3760570338562581 0.36345229008068708 5.4841529726089258 66 52 43 0.79347338157899383 12 2056 8 2531 6 12785
4907 6.0361267780772732 0.95271777437892069 8.0893485235074269 130 109 88 0.74973586163070427 5 5384 8 2687 2 9579
4908 5.3167396952728243 0.96536231766608116 7.7310885622503376 42 26 11 0.50284595778049856 5 2497 8 2715 2 9569
4909 6.2547207351857317 1.0515597571246116 8.092815259220318 165 141 117 1.1388817277368231 5 5436 8 2742 2 9597
4910 5.9746270453150441 1.1004655868806916 8.0363777261580207 164 143 124 1.0999506907817806 7 10105 8 2766 2 10234
4911 1.2164525368493795 0.62402294150707416 4.8438349490911188 160 139 112 1.3161210014192979 3 6890 12 2291 8 2783 14 10178 6 13946
4912 4.0513354333555514 0.29521242844789414 3.527189125006351 139 118 101 1.1702280605275002 12 4925 8 2787
4913 2.2953215422068758 0.80931672219418027 5.513616758009884 37 26 18 0.074164332863098828 1 3743 8 2832 6 12867
4914 7.1067985294094775 1.3209427310413595 8.5095044649414895 134 113 96 1.2875222660433072 5 5516 7 7507 8 2838
4915 5.9854252199692262 1.2489248064880722 8.0114783703256496 166 145 126 1.0178324608791796 5 5522 7 7506 8 2842 2 9615
4916 -0.5411190955834918 0.67648772033309856 4.3637088232912467 145 124 107 0.85205940799236768 1 7706 8 2874 4 7156
4917 1.3200925633799048 0.73271533961464308 4.4556468920397032 54 36 27 2.8207642420602625 12 5035 13 7391 8 2924
4918 6.52030271465925 1.5911110248979208 8.1010153281798551 134 112 98 1.845149319927867 5 5663 7 7679 8 3016 2 9663
4921 -2.5854543358068316 0.56106962546843475 2.9724404106841269 123 113 103 0.8846912143303669 1 7838 12 5110 8 3040
4922 2.2373724180539094 1.1261198510218731 5.4522187667304722 42 31 25 1.1878658254530912 5 5697 8 3060 11 3344 14 9229
4923 2.2757807442694729 1.1173875536708517 5.4467318315387088 38 29 24 1.3596800712429449 11 6874 12 2532 6 12922 14 8331
4924 0.4823519031658331 1.0147265495686137 4.5784342428538283 146 118 97 1.1206128113093645 1 7905 8 3130 10 9086
4925 0.46658552565215849 -0.165868906663518 -0.45363095488227689 0 8 5 0.25625672504236252 7 13013 8 3135
4926 6.2978301442232238 1.805019171607865 7.9658457520125969 165 140 118 1.6731070931310592 12 2593 8 3149 2 10308
4927 1.3382536558220068 1.0889599282427087 4.7911753894880071 43 29 17 1.21158119984622 12 2608 13 8706 8 3167
4928 0.48318963477789922 -0.12998053347830651 -0.42906900863437664 3 9 5 0.77759309709848146 7 13033 8 3192
4929 5.9896671558005306 1.9129511054155861 7.8741322777710314 67 44 24 1.3389593006653708 12 2638 8 3228 2 10318
4930 -3.8757283441345032 0.28602578497199826 0.7368282701505211 118 115 105 1.6278562018486975 1 12068 8 3549
4932 -0.0056504997309471672 -3.8454799925456276 9.94855980585832 87 88 93 0.36641045744281603 11 4799 8 4515 3 3603
4933 0.59842229944904979 -3.7337416844456537 10.04304854463304 92 87 84 1.9719568223694524 5 6479 8 4567 4 6045
4934 0.030446338976969189 -2.7186962206786527 9.5123108965425018 106 95 89 0.91995196607170848 1 9062 12 3701 8 4695
4935 11.4127109449658 -4.493432688461648 14.875141494732677 112 111 114 0.89096189656184588 13 773 8 4768 2 6493
4936 0.2341310493946609 -2.2466209391498393 6.8244526732198318 76 79 86 0.53228413345261438 1 9113 12 3736 8 4788
4937 0.2341310493946609 -2.2466209391498393 6.8244526732198318 76 79 86 0.53228413345261438 1 9114 12 3737 8 4789
4938 -3.0532627153819365 -1.4929377758976954 2.4640781683305213 0 0 0 0.8314010358123235 1 8958 12 5872
4939 12.084779195908609 -3.5969762917223025 13.420245314732419 37 30 27 0.40529269374912352 13 4335 8 4929 2 8250
4940 12.078442480002412 -3.595881703750901 13.413441000725339 37 30 27 0.47595812038229113 13 4336 8 4930 6 10608 2 8251
4941 11.738412881682592 -3.4766497196784347 13.481544064659998 123 104 97 0.79504199019071553 13 4355 8 4937 6 10611
4942 11.587278685289929 -3.1470477182644978 13.858427969941928 154 139 133 0.45425398917897547 12 931 8 4990 2 8263 1 9347
4943 2.3181779704031666 -0.66323316959916945 6.0187115107473543 98 79 64 0.71668106140710164 7 9478 12 4379 8 5469
4944 1.1729735664703451 -0.53069039052211853 5.1318470275604291 48 30 12 2.4201007414220657 3 6398 8 5530 14 10051 4 6546
4945 -2.8995793757169257 -0.34643689889699464 2.6001294759525635 60 48 36 1.2734575863627724 1 11482 7 12691 8 5632
4946 -2.8655480766181989 -0.33359471743273211 2.5865129239697895 117 103 90 1.3612282928540196 1 9778 12 6392 8 5656
4947 7.3556175665402952 0.25128781712824227 9.5367814344942712 116 90 75 1.1033685580778561 5 7190 7 9854 8 5768
4948 5.1884394511702796 0.29406644243252611 7.9543612941509112 29 24 18 0.99945988598679103 7 9882 12 1916 8 5809
4950 6.0885211492893125 0.59535425623474481 8.1901122600587719 158 139 118 1.8430008265295019 5 7287 8 5919 2 9522
4951 -2.5975428650333003 0.14744537749517067 3.0693957431358245 59 49 39 1.9363636296545461 1 7369 12 6597 8 5973
4952 6.5096082912107214 0.74379479629629652 8.2803337689966927 156 134 110 0.40113071522247118 1 7458 8 5982 6 9200
4953 7.5103081189470258 0.8562403445423975 8.9477389610545544 86 68 56 1.0744439756040631 5 5295 8 5999
4954 2.3111672474536622 0.50818372568577719 5.5088658587629764 68 54 45 1.4922921410253849 12 4854 8 6037 14 9756
4955 6.5217051558296841 0.96177618919775865 8.2416052698882414 153 131 108 1.2418938161816617 5 7395 7 10058 8 6074 2 10223
4957 -2.5995292082360448 0.35524340442696339 3.0140203376295944 65 56 46 1.0293055357336303 1 10137 12 6679 8 6160
4958 6.0504032549404805 1.188825878666858 8.1266323403939698 161 140 121 0.54414811999823787 7 11769 8 6165 5 8710
4959 7.4859431108786394 1.3836445576532739 8.6920838138349126 99 81 67 0.84217670172770176 7 10158 12 2351 8 6192 2 9632
4960 4.2019590228318977 0.39968870289545655 3.5695888261657056 0 0 0 2.5676647660989391 5 9523 12 6699
4961 7.5556923932765523 1.4363461015198826 8.7423329521060218 24 15 7 2.1203862830693017 5 7485 12 2367 8 6207 2 9639
4962 -0.180055360008613 0.68182389928751819 4.3606053172566908 48 32 19 0.47038867286237562 1 10199 13 9816 8 6213
4963 5.3779895054912981 1.3317424186851921 7.847856575048703 70 57 49 1.2402474995284301 5 5565 8 6217 2 10631
4964 -2.6013924123412595 0.53056620535703247 2.9775697430728774 78 68 58 1.7314054614808683 1 10242 12 6774 8 6283
4965 0.12644244370678864 1.0170214303482987 4.4223012634515326 155 129 112 0.31066473518481746 11 10693 8 6374 10 9608
4966 6.1968406041067778 1.8464699485545397 7.9440815927039852 137 111 90 1.7472815259195829 12 5159 8 6375 2 10309
4967 1.2184202818282879 1.1326802742500819 4.7270681239276753 120 94 68 1.7011365893678236 7 10343 8 6396 14 10244
4968 4.6813114551926764 1.44239805877004 5.8351397099015907 36 22 7 1.6778539171295241 8 6419 2 10951
4969 1.1559238088754937 1.2851057176585861 4.7351792065472988 139 114 92 2.085072701278337 5 8882 11 9346 8 6487 14 10456
4970 -0.16869510681438682 1.2770853923286556 4.2504823436950128 60 44 31 0.96262187304358737 5 7782 8 6575
4971 0.53820314149446669 -3.7698302930195875 10.02200368199977 122 117 114 1.5816885499918407 12 5880 8 7381 4 6040 3 5988
4972 12.048299594933262 -5.0146060533172054 14.257096687038407 122 114 112 0.67387161800802486 12 3775 8 7483
4974 1.244204991756872 -2.0548427507247262 5.6885407654675122 115 115 116 0.47612326130570831 11 7987 12 6058 8 7575
4975 -1.2026942070362314 -0.95317669518595294 4.8564731039506608 78 60 46 1.4166507769038981 11 10113 12 6209 8 7798
4976 1.2477005803481829 -1.1303372542594365 5.4154561938015577 117 99 78 0.52459287198498317 1 11340 11 10119 8 7827
4977 -0.080330428470428122 -0.71881052467431572 6.3604054271593151 74 56 42 0.60980081970290068 11 10194 12 7540 8 7880
4978 3.7319919417342695 -0.96126422148354096 3.4457047694001433 0 0 0 1.3930213972512042 1 11462 12 6382
4979 2.5733636590472844 -0.52532217873571763 5.9678715673325797 37 34 25 0.93682119110363726 11 10285 8 8016 3 6414 4 4364
4980 4.0872268194638997 -0.68920115751231292 3.4512539286010346 178 165 156 1.2105581618265084 5 9343 8 8082
4981 1.1691565800636625 -0.063320548365504173 5.0366955684487156 148 131 111 0.79503971237547155 12 6527 8 8150 14 10352
4982 5.3437378439100067 0.43092703737174409 8.0760691778639462 110 91 77 1.1206785303625679 5 8604 8 8202 2 10874
4983 6.1270569645918895 1.05321265198025 8.1126049464308192 154 136 116 0.8114129014814021 5 8693 7 11749 8 8329 2 10611
4984 4.2048854136742575 0.29135544373443262 3.5984044509621156 0 0 0 2.516408853079811 5 9507 12 4920
4986 3.9249253655665188 0.41982324641093499 3.2947603626586321 97 80 72 1.0544870955143564 13 9335 8 8396
4987 6.4069203260710541 1.6090363002661476 7.957571646715567 48 32 19 0.69527015390699776 7 11862 8 8455 2 10657
4988 6.4069203260710541 1.6090363002661476 7.957571646715567 48 32 19 0.69527015390699776 7 11863 8 8456 2 10658
4989 1.0984497870727798 1.1724711968370252 4.7210037183657709 86 64 41 0.42669622487014225 5 8851 11 10715 8 8553
4992 -0.75539322710282608 -2.3723576949273535 9.5755732486685581 116 105 98 0.36946647450156456 12 6018 8 9239
4993 3.5731005431811846 -1.3318801585472479 6.3374880330862355 100 101 106 1.4835067997391231 11 11416 8 9421 14 10341 4 9224
4994 10.02783639066816 -1.1991765391620857 14.663557546828835 140 130 121 1.3337839245576688 5 8429 8 9454 7 11365
4995 0.68596380109949118 -0.43463134039691981 5.0196010782106821 62 45 27 1.5405984940274662 3 8665 8 9569 4 8740
4996 4.1562838451654871 0.51030198713902342 3.8772945313723084 152 138 127 1.1269857805431556 5 10219 8 9814
4997 -0.33231362187063257 0.71833427345260914 4.3766695791199792 142 119 102 0.54630024416596468 1 12836 8 9819 4 9430
4998 -0.58208185149740554 -2.4277434354162755 9.9015911702565464 129 128 123 0.68321854528068826 1 11082 7 11086 8 10397
4999 10.238425069582705 -1.1537161030075336 14.431301154813699 144 135 125 1.0070346741529106 7 13515 8 10568 5 10070
5000 10.396191638324678 -0.86059261819414035 13.924686580529654 114 104 96 0.87618309431197883 5 10086 12 8490 8 10592
5001 10.396191638324678 -0.86059261819414035 13.924686580529654 114 104 96 0.87618309431197883 5 10087 12 8491 8 10593
5002 3.9706501788009434 -0.90352718910904095 3.5107375340854552 0 0 0 0.58158781968685247 1 13445 5 10539
5003 0.29830178722200684 -0.33602975980571403 4.8275309421297381 135 118 104 1.2542378149113442 11 12481 12 8510 8 10665
5004 5.3503567705261021 -0.1967319801204625 8.3536202977039213 55 40 33 1.0193880252809568 12 8538 8 10674 14 10391
5005 5.2488215420727427 0.29015190506395111 8.1015171667235286 43 35 29 0.99197561491404773 5 10154 12 8576 8 10734
5006 0.32425959821810124 -0.024739137436233738 3.3815127713971767 15 16 16 0.50223908416251339 7 14180 12 8581 8 10756
5007 3.9555153313430975 -0.15874410332277566 3.3465824614524413 97 90 82 2.6576524537617385 1 13538 5 10871 8 10765
5008 3.7847794799108025 -0.060824054528062999 3.5053975676145552 0 0 0 2.2433454531204169 3 10018 7 14192 12 8599
5009 3.9228016382508737 0.07365947655848766 3.8438591635409787 0 0 0 1.1276420404731877 5 10636 12 8611
5010 6.697600797809045 1.6138447299202674 7.9698902726400087 52 37 26 1.5462682579250295 12 7913 8 10875 2 10936
5011 6.7681810225798023 1.7406434917303413 8.2549889689616869 150 128 107 1.9032823300847737 5 10266 7 13751 12 8713 8 10880
5012 -0.37282688704644984 0.89996337094915979 4.3696092344672115 22 17 13 0.77386289095153649 1 13631 12 8718 8 10883
5014 -0.015696742593477087 -2.8430022444202687 9.4828124018084505 106 95 91 0.79654187557252243 1 13837 12 8313 8 11216
5015 5.2009340157211508 -1.794674225849483 2.6243405953423635 134 126 123 0.011511062916670731 1 13359 8 11329
5016 7.244558925544526 0.59383877790187234 8.8746539044028179 129 107 86 0.41607903418203795 5 10890 7 14558 8 11482
5017 11.37703968155337 -1.7277888647895585 14.124930881640658 81 72 65 1.5625488046051306 5 10551 7 14482 8 11883
5018 -0.79628552366647742 -0.37204549932533276 4.542513553214512 144 128 112 0.60658364161150657 1 14369 7 14499 8 11925
5019 2.1876712784894461 -0.47357756049214145 5.4333761187604548 57 43 32 1.0355668185944402 11 13533 12 9472 8 11928
5020 2.7247850685476886 -0.17593587772196867 5.589591204523563 46 35 21 1.7263499556068893 1 14021 13 10440 8 11964
5021 7.2193998801675425 0.30785979346367442 9.1216487173804275 25 21 20 1.4565350406493061 7 14548 8 11984
5023 6.9005863238962144 1.1050704375464278 8.4148060400970479 136 113 90 1.2793608311384252 5 10916 7 14582 8 12027
5024 10.044088206704838 -1.2750165001121982 13.960353854740935 196 201 195 1.6956742384817562 5 10816 8 12272 7 14758
5025 2.2868819599375625 -0.39269385365965642 5.5229051253024641 146 129 115 0.44308076061466251 11 1888 7 6714 3 1202 8 1999 13 6862 12 4532 1 7058
5026 1.8836425901410663 -0.22665955443866342 5.2633844621066261 140 128 115 0.67840057780691454 13 6887 1 2919 8 2146 11 8661 5 8508 7 9725
5027 2.1874566998616904 0.10988790939198977 5.4419597855215152 31 23 18 1.8215748633874167 13 8375 5 5099 7 7032 8 2362 14 9675 6 13656 11 6263
5028 2.008829636635812 -1.0096009456266011 5.9733373971883896 41 33 27 1.2702472681165304 5 6812 12 1248 1 2247 8 1497 11 5565 5 4520 7 6339
5029 5.2929602201854991 1.0449945560291762 7.6758325800952125 38 28 21 1.2669964105352207 13 9331 1 11737 8 6134 5 8699 7 7438 2 10224
5030 1.2012851560913886 0.73876383661914091 4.8026006182463306 46 31 22 0.68402642647793044 11 12615 12 8670 8 10836 3 9779 5 10662 13 10478
5031 2.2983007602465437 1.3071564568656109 5.3889182664866544 34 23 14 1.4012362628814607 11 6997 13 7591 7 7849 5 3006 8 3226 12 5182 1 10326 6 13783
5032 2.7100057611395765 -0.4359582363978402 5.6634550471610821 60 57 55 1.0548039406879539 11 13538 5 10593 7 14515 8 11938 12 9480 1 14005 13 10428
5033 2.5080002257427565 -1.7755975289605155 6.3023694337865539 135 128 120 1.8040425232139694 11 13438 5 10776 8 11847 7 14437 12 9380
5034 -0.38397744256805688 -0.41789575308365323 4.5949415264415725 157 143 127 1.2876585638314448 3 6435 5 6936 13 9059 12 4429 1 6961 8 1893 11 5844 12 1491
5035 0.63536784148144554 -1.0014225832298744 5.0730145623086598 30 25 21 2.1882886328758215 11 5470 5 6753 13 8015 7 6253 8 1427 12 1164 14 9451
5036 4.8464089102600001 1.4620212308398262 6.0326141650866676 23 11 2 0.79884352153042171 7 10344 8 6400
5037 -1.7723567977742549 -1.0120783895899026 5.0433369178955028 38 41 50 1.8687799200103683 11 8199 3 6217 7 9173 1 9390 8 5137 5 6676 4 6456
5038 2.3282259085658796 0.29319258486621497 5.48020486378981 42 33 27 1.6440998469979329 7 11642 12 4780 1 7373 8 5899 11 8861 14 10153
5039 -2.3040547651492793 -0.97425827909512575 3.8060148613815321 60 41 26 2.5850241866272343 12 823 8 1207
5040 0.54217473952655315 -1.1303621974795059 -0.29693681003052413 3 7 8 2.4808806159502685 12 4001 8 1735
5041 -1.6295302374220992 0.65559280310785484 1.5727464613813322 54 58 59 0.94379547970846378 12 5555 8 3708
5042 -0.35870236895281465 -2.8797798984476435 9.8513642024971624 133 136 143 0.3270579391301327 1 11041 8 9222
5043 -1.1555582355330341 -3.1964434176358782 11.307023214187769 0 0 0 0.049155725980911488 5 9211 12 8294
5044 1.4608857115149503 -1.2678953440436229 5.9645051246952727 164 146 132 2.7030631402604639 12 8401 8 11317
5045 3.9772163103970013 -1.0268908135318946 3.6111604281312646 102 84 74 2.3520191581155374 1 6870 5 8338 3 8547 13 8176 8 1769
5046 5.544417541457598 -0.39076647864400732 8.4648356660763557 94 121 145 1.7275080127303923 3 1307 14 1847 2 6722
5047 5.4463329739148145 -0.34471926073307152 8.492248485812377 29 36 54 1.6245136461224579 3 1356 14 1876 2 6733
5048 5.4463329739148145 -0.34471926073307152 8.492248485812377 29 36 54 1.6245136461224579 3 1357 14 1877 2 6732
5049 3.0692014291476291 -0.85632572494588255 6.1443059636449524 171 158 149 1.2500721079968209 11 1470 13 1240 14 4364 3 805 6 5640
5051 5.4892167148896487 -0.53555142285225699 8.6724899959888688 191 196 200 1.515830065645398 5 1469 7 2100 14 4726
5052 5.477211285440994 -0.53488596592375826 8.6565752800900508 191 196 200 1.5885928045039042 3 1131 5 1470 7 2101 14 4727
5053 5.4191770708816529 -0.49794831716904076 8.6237311761328819 33 39 53 2.1575282039814154 7 2126 14 4739 2 6647
5054 5.4917257680341711 -0.4458178475243243 8.5214874365426905 56 59 74 2.0875503985013593 7 2177 14 4757 2 6674
5055 5.5147133547689116 -0.43284892229304472 8.5112312002445041 93 124 153 2.0604686863410353 3 1241 14 4763 2 6683
5056 5.3234671432447893 -0.061508607423231415 8.337374839876972 144 114 86 1.3852818576496333 7 2479 14 4872 2 8365
5057 5.4095547975377087 0.046122751341548127 8.3313892282093622 140 110 82 1.8174529329504734 5 1827 14 4904 2 8393
5058 5.5739890964998491 0.049729802131853337 8.3662033252002068 58 49 42 1.7231834737015619 5 1841 14 4911 2 9443
5059 5.318030034387359 0.44454657979718609 8.0837779675182766 155 137 117 1.2191649273766458 3 1864 14 5019 2 8485
5060 5.34452390916986 0.88937897441115743 7.9918375983947145 106 83 65 0.95592677469550014 7 3229 14 5158 2 8594
5062 2.6091456762464493 -1.9479096442978703 6.2475199555856564 222 234 248 0.74211223656070291 5 357 6 10226
5063 2.646846855849017 -1.5544679994401147 6.1206056259330985 120 113 107 0.39296177226841855 7 1106 14 6219
5064 2.5607171157388557 -1.4425915100115059 6.1612587357881781 124 111 94 2.541947622904555 13 734 14 6250 6 10309
5065 2.55334908801317 -1.4347681631417866 6.1436481318218146 124 111 94 2.3047939377532356 13 735 14 6251
5066 2.6295327284275438 -1.3983526851514922 6.1112417128265584 119 101 82 1.9932832810138768 13 765 14 6261 6 11636
5067 2.6472597861138238 -1.2628414806007935 6.0624609573487023 107 97 85 1.7647258298306652 13 854 14 6310 6 10351
5068 1.1538892366331219 -0.47215253309408323 5.1266725643730924 150 131 99 1.3931676441694119 13 1237 14 6355 6 11595
5069 0.94649593969095613 -0.39257212981550116 5.1036486145126485 111 89 65 2.0840978496495173 3 1186 4 1405 10 4428
5070 2.3485601841037327 -0.94922427976448887 6.0780254434745933 136 116 94 1.713996287629957 3 747 13 1076 14 6399
5071 2.535275841221365 -0.82313182635448967 6.0532484164511597 159 144 123 1.3895232535819169 5 4600 7 1736 14 6466
5072 1.3693368836780255 -0.10095121180458255 4.8973631637562951 121 108 91 0.665784896362967 13 1582 14 6543 6 11680
5073 2.7226122864086935 -0.29203012920001165 5.6722582309202716 106 98 87 1.6553002483993493 13 1569 14 6621 6 10546
5074 1.2596413406438325 0.15101516589048369 4.9551252020155312 165 150 131 0.82727875943607543 13 1790 14 6662 6 12665
5075 2.6869842099788768 0.058246979143666652 5.5657143663368149 33 22 12 0.98691519063009281 3 4797 13 1818 14 6731 6 11895
5076 2.7744928545599952 0.093600394892109959 5.4841180248875716 180 161 144 1.3383741198404819 3 1754 13 1873 14 6753 6 10675
5077 5.4135443811194399 -0.18047799945013443 8.3679264841876151 66 46 32 0.16405591894692678 5 1681 2 9404
5078 2.4392339510401868 0.30140359520785498 5.466972923909557 53 31 18 1.1692897191960079 13 2074 14 6830 6 11936
5079 2.4995367964375319 0.47083141425878855 5.4629816764231398 155 137 117 1.8954741352243567 3 2059 13 2256 14 6888 6 8975 9 11847
5080 2.7440387492227183 0.46860444796536121 5.3752261417057605 112 105 97 0.96252253731563331 13 2282 14 6902 6 11978
5081 5.3258749341778175 0.51642145289705887 8.0151469979716499 132 112 87 1.7870947481791282 13 5214 14 6937 2 9500
5082 2.5321020695852559 0.6195239535152639 5.4574796334527704 139 114 93 0.50661028991232981 13 2377 14 6951 6 10851
5083 2.706067393822428 0.61093231735036302 5.4307922065292944 170 136 101 1.4418135745512159 13 2382 14 6956 6 10861
5084 2.70497736471019 0.64451571153570864 5.4202234459208771 186 153 116 1.131123066996454 13 2411 14 6968 6 10877
5085 2.3611079376046504 0.8118224008217978 5.5147099835709072 93 74 59 1.6513533607511235 13 5409 14 7019 6 12871
5086 5.2665533314447517 0.97698490558893825 7.7980199143065851 88 66 52 1.889617385272891 1 3603 13 5384 14 7039
5087 2.420165060737264 0.89137643563618396 5.4089135339612353 18 8 1 1.0352231201027304 3 2488 14 7056 6 10972
5088 2.454816252742237 0.90970096547246215 5.424946266006458 27 19 9 0.86042458318921522 7 3595 13 2618 14 7062 6 10984
5089 2.279559047938875 1.1505499047900971 5.446789838867736 37 26 17 1.442589203191192 13 5654 14 7128 6 12925
5091 2.4266137943333179 1.2333195418170599 5.3374815428923377 151 129 106 1.7385050794754078 13 2936 14 7176 6 12209
5095 1.0710874301707363 -0.34920211197817524 5.1120974727612749 88 76 60 1.9872538916319693 13 4569 14 7832 6 13168
5097 1.202811311218047 -0.32803729537653364 5.071738497442877 154 136 113 1.692990231266335 13 1383 14 7847 6 12552
5098 1.2183901689456853 -0.31507646463160893 5.073388308562957 80 63 47 1.0338428970548756 3 1351 14 7857 6 12557
5099 1.2183901689456853 -0.31507646463160893 5.073388308562957 80 63 47 1.0338428970548756 3 1352 14 7858 6 12558
5100 1.086565711522705 -0.29162369206723887 5.1029810498403068 158 137 108 0.33661661897814776 13 1402 14 7862
5101 1.2783436903971825 -0.2795585660400976 5.0235638119339381 171 153 129 1.8299598309348155 13 4628 14 7866 6 13189
5102 1.3727165581986438 -0.25688244741732807 4.9733817239297089 167 152 132 1.4516760774410473 3 1403 14 7882 4 4607
5103 1.9791806587092728 -0.42672140858853896 5.3929926650891655 91 72 57 1.0185835021105989 3 1140 14 7900 6 10421
5104 1.0068380007692861 -0.08274762176289778 5.0684669079529359 184 166 144 1.8292254390244138 3 1614 14 7935 4 1786 6 12589
5105 2.7294481576269787 -0.44327363934147618 5.6715019315958424 100 104 107 0.94589873362338206 1 2772 14 7962 6 11773
5106 0.85328847589224621 0.027722355519187669 4.9693209304710821 118 96 72 2.036341888100806 5 1862 14 7966 4 1924 10 6725
5107 0.88452114251272407 0.10565030685275077 4.9640548286845672 185 165 141 2.0029865695686366 3 1784 14 8001 4 1996 10 6752
5108 2.6882318734120463 -0.28678068311649108 5.6772002660287253 147 128 111 1.4178726428177846 13 1573 14 8010 6 10544
5109 1.5724977882433606 0.020801820875764682 5.1169426420867561 150 126 97 1.3955855856109307 3 1715 14 8026 4 1871 9 9933 10 7932
5110 1.0141170528519545 0.17731953562306207 5.0090884869394543 185 165 140 1.3645471859176082 3 1835 14 8040 4 2034 6 12651
5111 0.92323405961087446 0.31076176100349839 4.9388230781864113 185 169 153 0.43759901753007208 5 2169 14 8079
5112 0.94875929529331915 0.31325200621434018 4.9432050114721635 188 170 146 1.5089601984509999 3 1957 14 8081 4 2154
5113 2.1907461333248701 0.22690050028614328 5.4912966990097356 114 92 78 1.6165991107634425 5 2060 14 8109 6 11910
5114 0.89946991053703151 0.52332653214233638 4.8668557730955486 186 165 144 0.74730543894540413 3 2191 14 8151 4 2424 10 6923
5115 0.94756333236372259 0.52952645698213974 4.8838197212578622 189 170 153 1.0041126048455276 3 2196 14 8161 4 2427
5116 0.94759947901304609 0.52946333338931917 4.8852219404879706 189 170 153 0.85205738330344361 3 2197 14 8162 4 2428 10 6915
5117 2.559961875438133 0.40990314492591129 5.4459185401163772 70 49 32 1.7572360350951108 13 2202 14 8168 6 10759
5118 2.3738786038395387 0.43426405504146653 5.5067921206313963 75 56 42 1.0368671727906433 13 2205 14 8169 6 11957
5119 2.7028527703867686 0.51404327203001043 5.4301139018742948 56 43 27 0.64656632578669171 13 2306 14 8192 6 11985
5120 2.7028527703867686 0.51404327203001043 5.4301139018742948 56 43 27 0.64656632578669171 13 2307 14 8193 6 11986
5121 1.6897057975465972 0.60401506456973741 5.3798754715245138 24 14 5 0.65579887789987168 5 2450 14 8195 11 2811
5122 2.7266190809451301 0.54063237972795808 5.3780913739983207 170 152 130 0.97939000859605885 13 2333 14 8200 6 11991
5123 2.3122991869705412 0.59819543372064721 5.5423250234214372 43 24 9 0.71851168506492069 13 5298 14 8205 6 12830
5124 1.373378073940005 0.65700810847781166 4.6897081787758959 51 41 31 0.83912234860382506 13 2457 14 8212 6 12814
5125 1.848779994577165 0.66510556115912578 5.4471082299028861 47 33 23 1.0005363523053135 5 2493 11 2874 14 8213
5126 1.2281645026414694 0.7220125128102316 4.8207101195139099 114 88 64 0.8904080703250763 13 2490 14 8236 6 13357
5127 2.1422756466339883 0.74768095127516665 5.5318633736963729 160 125 87 0.98971826563276888 7 3418 14 8239 6 12028
5128 2.4177056375139547 0.89448205495481614 5.3998314907093796 19 10 3 0.64306975503562969 5 2667 11 3077 14 8273
5129 2.7478077217151253 0.96782824038862236 5.2404598499512431 90 78 66 1.3177679518394751 13 2709 14 8304 6 12110
5130 1.226061431491428 0.94327735383060196 4.7613045915179493 185 152 117 1.8060481116925717 14 8305 6 12098
5131 1.2280642853311901 0.96682260344671633 4.758045302119946 167 137 103 1.7172562201001522 14 8313 6 12903
5132 1.3099386250866791 0.9699409927853625 4.7041238957536242 149 129 105 1.1126549567972437 13 2783 14 8320 6 13435
5133 1.2528531439765862 1.0256708546693147 4.6840588848999962 109 103 91 0.8535107138852096 13 2837 6 13450
5134 1.1744083884098218 1.0558993692568885 4.7263666350551885 81 72 63 1.245058778419937 13 2875 14 8352 6 13455
5135 1.1650478788666239 1.072211824401667 4.7288719227683975 42 30 18 0.7350954911900649 14 8358 6 12937
5142 1.2117736346146524 1.1712585287159671 4.7043867471302709 166 140 113 2.0931815120093535 14 8409 6 13791 13 3014
5143 1.1786127650771574 1.2897063005706626 4.6956951437572334 126 106 82 2.1345083959001672 14 8458 6 13522
5150 1.0183225103768847 -0.24706689975679041 5.1086862469627619 140 118 94 1.9563610426039324 3 4555 5 1568 14 8888
5151 0.87458039584180469 -0.10691281785195754 5.0178772696041491 144 124 100 2.0537539287218882 3 1589 14 8916
5152 1.7662912057979092 -0.27773695896567441 5.2816201095628772 163 141 117 1.7830534182612912 13 4672 14 8929 6 12627
5153 1.1846541221050502 -0.081597620445200691 5.0338131514255373 175 163 146 0.35663219293017506 1 3018 14 8935 6 13206
5154 0.82766199058457357 0.0090238819380478244 4.9740025041541687 183 166 148 1.0582672141430856 3 1713 14 8937 4 1919
5155 0.78813161397391951 0.17814695898847482 4.9104423651169453 190 176 163 1.0109713909610607 3 1841 14 8985 4 2051
5156 0.89078896147954245 0.32397139439528239 4.9191283205530851 155 134 113 1.3774700407923204 5 2181 14 9039 4 2187
5157 1.5873774550359929 0.26043817982083944 5.0547032222279977 171 154 134 1.0262960531287493 3 1903 5 2110 14 9049
5158 0.95835472239398622 0.43346569851447342 4.9198629133933762 178 158 134 1.2362985933840491 3 2078 14 9079 4 5154
5159 1.2193837901292448 0.41305558863512581 4.8763925082909436 130 103 73 0.85531818934662318 13 5165 14 9082 6 13287
5160 1.0037462062470861 0.46765456554384149 4.9250990838472175 158 138 114 1.0673522090711591 3 5022 14 9092 4 5173
5161 0.7545543984516706 0.55387611920169844 4.7610389332195435 89 74 61 1.0648396590057052 3 2242 14 9109 4 2466 10 6956
5162 2.6982355229898243 0.54128963782492934 5.4432267747584966 176 150 117 0.95636785850910799 3 5026 11 2751 14 9137 6 12831
5163 1.7462644661959299 0.67350670048807426 5.3839903106595246 144 128 112 0.60593068401929828 5 5422 11 6602 14 9150
5164 0.83238244975125986 0.73360171897891702 4.7851975841988841 163 146 126 1.7358296981957957 3 2437 14 9155 4 2640 10 7050
5165 0.83256062013790955 0.73283907377866109 4.7753179740610738 163 146 126 0.9364256517562034 3 2438 14 9156 4 2641
5166 1.9257157565503578 0.70334374100309027 5.4255401559279068 73 48 28 1.2494851266337479 3 6889 5 5440 7 3392 14 9158 4 8187 9 12300
5167 2.5052626774217703 0.7535378540883878 5.4473538514033066 112 91 64 0.83083458492239404 13 5383 14 9175 6 12855
5168 2.3015461473908432 0.9352394960753776 5.4505420588239826 106 87 68 0.4543551975806544 5 2693 14 9196 11 3109
5169 2.5846206570204813 0.94027152514252232 5.3945441962445839 49 33 20 1.4318152296461062 11 6761 13 2654 14 9207 6 10997
5170 2.2869392410059772 1.0894375815707673 5.4283609843544314 150 124 103 0.88565598350407004 11 3307 14 9224 6 13441
5171 1.1860156836890048 1.0144889831386565 4.7574586936793208 147 123 96 1.0500605346475831 13 5645 14 9228 6 13440
5172 2.5026794588399861 1.119759919438617 5.361207474277677 107 90 72 2.0247416830614853 5 5708 13 5647 14 9232 6 12157
5173 1.3014166942986236 1.0050679573866972 4.6224530463903664 145 127 106 1.0480919264197368 13 2836 14 9234 6 13448
5174 1.7930643774786468 1.2364076548735081 5.3550680958840422 88 69 62 1.2232769808532606 3 7103 14 9253 4 9028 5 2963
5175 2.3613919135009294 1.2298900533559525 5.3449187786598733 113 95 73 0.86885330146213358 7 3987 11 3493 14 9256
5176 2.2329191681305924 1.3160492056249686 5.3970628701185523 85 68 52 1.665708701868035 5 5816 11 3537 14 9270
5177 1.3106984337688266 1.1182259425504266 4.5957827950660333 169 149 124 1.8012376222827342 13 5759 14 9274 6 13475
5182 0.86679130890477174 0.24194786091921205 4.9224499433536852 171 151 127 1.0340784465487955 3 6733 14 9653 10 8907
5183 1.3718212140112023 0.24170131170546444 4.8176472720711851 186 171 148 0.59405466720486078 3 1900 14 9667 6 13644
5184 0.93503064723438423 0.29257303762910486 4.9448817584139455 148 131 111 0.39709188526074851 3 6749 14 9670 4 6958
5185 1.8676594326294151 0.50309839564672865 5.4650608525499349 120 101 84 0.54400779428737911 5 7334 11 8942 14 9744
5186 0.85444606162513737 0.68999182411108007 4.8061220335634651 182 164 142 0.65756421407700361 3 5194 14 9783 10 8219
5187 2.2908263907007402 0.71447542323423696 5.5380210118082509 65 47 35 1.1617539268001351 7 10100 14 9796 6 13378
5188 1.0549598360469807 0.75416191476878935 4.8487121710966781 171 146 115 1.2492136776709692 3 6936 5 2631 14 9798 6 13361
5189 1.4167704714003979 0.71455665675354241 4.6666577189687501 31 21 12 1.715538786730735 11 3047 14 9799 5 5528
5190 0.83448553111213319 0.78514017804349756 4.7574530275104001 178 166 150 1.1018571681536176 3 5242 14 9813 4 5426
5191 0.89381335576980503 0.8951389012713562 4.7695824477277284 146 138 127 1.5799757601935542 3 5309 14 9839 10 9053
5192 0.92136406456692777 0.89756175766069546 4.7743515153092586 157 147 137 1.7108121139431165 3 5310 14 9840 4 5506 10 9051
5193 1.4192858132425918 0.88653415377111455 4.5559801463140088 169 143 111 2.6826234156629667 14 9848 11 3289 5 2788
5194 1.9838296962350448 1.2292248155897534 5.3471873150206406 30 16 13 1.2947822830539253 5 7607 11 9242 14 9870
5196 2.6945135425018951 -1.1276371315535907 5.9756174528817203 133 126 117 2.6488660726541191 13 8124 14 10054 6 13201
5197 0.94154818227769488 -0.41172455506841188 5.1218759530124034 136 114 90 2.0024492510632728 14 10056 4 8742
5198 0.94117792375859743 -0.40705577841285961 5.1097204104776566 136 114 90 2.1814818365525706 5 8463 14 10057 10 9408
5199 2.6964090256605249 -0.44401063726919077 5.6972730661042146 53 45 43 1.6219503675206737 13 9173 14 10099 6 13637
5200 1.024397625654474 0.082349952907655996 5.0310213697056057 191 173 151 1.72979412172678 5 5091 14 10109 6 13897
5201 2.3505773904914382 0.21929324204549705 5.467599801710862 80 61 47 0.077419553066642693 13 8414 14 10140
5202 0.93180124995962477 0.55433644013560346 4.8746792053797785 165 145 121 1.1835774595583366 3 6860 14 10162 10 9529
5203 1.1742800004243952 0.65156306944664566 4.8531653303323585 176 158 134 1.9380252458020895 14 10183 6 13950 12 2307
5204 0.81547255213795389 0.69162245257057264 4.7874592205410309 192 177 156 1.1276348743681941 3 6921 14 10188 4 7117 10 9000
5205 1.8395849375266469 1.0209620203823491 5.4121232152787648 116 96 87 1.1152849458772938 5 7518 11 9159 14 10220
5207 1.282797030757469 1.1648448626818741 4.7680189963548445 113 86 59 1.4191293154942481 5 7641 11 7014 14 10245
5208 2.3831380330764427 1.3317429387557289 5.3528317529268055 83 64 47 1.7098244414827308 1 10339 14 10246 6 13786
5209 1.3423967977564133 1.2329602748335304 4.5454641941685887 169 151 125 1.5102092947408441 12 2753 14 10257 6 14024 11 7108
5210 3.5731005431811846 -1.3318801585472479 6.3374880330862355 97 106 121 1.4835067997391231 8 9420 11 11415 14 10340 4 9223
5211 1.3433710298175598 -0.27145973670716994 4.9730748225742669 98 81 65 0.85100633494172317 3 7797 14 10344 4 8762 9 12466
5212 1.8179646137521832 -0.18363013254454524 5.2778778853062258 183 164 134 1.5552069312396564 11 10353 14 10353 3 7824
5213 1.8452237021338647 -0.061446858207195906 5.259444994328704 136 118 96 1.5751221687889059 3 9334 14 10362
5214 0.85815659499146724 0.1893959197068622 4.9293313221327013 152 126 101 1.9278684250312992 5 8584 14 10366 4 8856 10 9834
5215 0.85815659499146724 0.1893959197068622 4.9293313221327013 152 126 101 1.9278684250312992 5 8585 14 10367 4 8857 10 9835
5216 2.6031835306592068 0.20103989263329797 5.542318763359579 159 138 111 1.0666616475299242 1 11639 14 10388
5217 2.7162308441810157 0.31341602752360792 5.4617716103346581 124 108 92 0.59305558531836289 7 12851 14 10393
5218 0.83105984166923375 0.52194770268566315 4.8417350809318478 153 131 107 2.2287424464037162 3 7982 14 10395 10 9855
5219 0.82585136681710447 0.56340092509871531 4.8337357323087637 172 154 132 0.83018712356299085 3 7990 11 6591 14 10399
5220 2.1469060724083371 1.0977399706919577 5.5619110805569463 72 53 49 0.52351548109429025 5 9593 11 11781 14 10423
5221 1.1040031180281198 1.266241527407457 4.7876964685301138 99 75 49 1.4071237486260906 5 7694 11 9330 14 10453
5222 1.0933476425790638 1.3081050947995216 4.784802892179278 143 123 96 1.2826471714365846 5 7714 11 9351 14 10458
5223 1.9057620999202807 -1.0714724728083433 5.9203371745664279 138 126 115 1.1792546923225713 11 8310 5 6778 14 9539 13 8094 7 9304 12 4199
5224 2.8030951154574906 0.86123606593143109 5.2491858491357339 40 27 15 1.5304255059450127 5 8747 7 11802 14 9835 13 7429 12 2392 1 3840 6 12890
5225 5.7107117637941451 -0.91501775462239621 9.0702569134630444 220 234 245 2.7369976000976739 5 1202 14 4673 2 8259
5226 2.3143108848320262 1.4164592133266993 5.3374274769193661 0 0 0 1.2506074490891015 7 4184 13 3089
5227 1.1851618262800376 -1.5708248120909669 5.4853096536439088 171 157 144 0.42333476315594304 3 3793 11 713 4 3829
5228 1.3059395113766357 0.99297339117120231 4.6077530853402271 45 37 26 0.81486786968324498 3 2741 13 2829 6 13445
5229 1.497954625555701 -3.7651755040625394 11.17285280941134 105 104 109 1.5934479562023751 3 141 4 125 11 148
5230 0.97615232856488399 -1.7420806063545626 5.4270210821063554 109 99 89 1.2128624321914627 3 284 4 297 9 7565
5231 1.1710492851849867 -1.6346427143271989 5.4840003146239837 165 151 138 1.0841795881427878 3 327 4 336 9 9451 10 6115
5233 1.0305345735833149 -1.3051606628432069 5.3489360149630034 164 152 138 0.99206578786307498 3 451 4 535 9 9551 10 6216
5235 1.0937162754406655 -1.0631920287751653 5.333366280139197 183 165 145 0.5013608403101889 3 590 4 693
5237 0.62033091276370478 -0.90876121423006384 5.0751761600117735 0 0 0 0.98430257294018197 13 659 14 7611
5238 1.9064625058538289 -0.82712506958165333 5.8853390050359176 199 188 170 1.0444651653157624 3 819 4 894 9 9698
5239 0.86558870481918493 -0.55844881244563049 5.109002405225759 165 150 131 1.902058922620445 3 962 4 1212 10 4353
5240 0.79728422857445225 -0.55534158503690012 5.0857223610266509 132 111 90 0.097658606766550624 3 965 4 1231
5241 0.85800157873399596 -0.43755353291653976 5.0793026064706925 185 169 146 0.16564706836305693 3 1113 4 1365
5242 1.6460766286073745 -0.36997418865430437 5.2555992614479878 116 95 74 2.0381017240020505 3 1244 9 9777 4 1375 10 6412
5243 0.52824629305172799 -0.33680214279367371 4.9380702662024003 143 133 122 0.07302165898326507 3 1299 4 1555
5245 0.60751887506737701 -0.10895861657954996 4.9050463299167735 33 20 12 2.6524100509303645 3 1583 4 1781 10 6701
5246 2.5676220584262328 0.15636786392673946 5.5142962508355442 123 97 67 1.0748402609734873 3 1798 4 1928 9 9946
5247 0.98108745032312938 0.067543813640303887 5.014688395316572 149 127 103 1.5406611052610506 14 7993 4 1949 10 6723
5248 0.068972745434331018 0.3313811136030767 4.626604556022536 11 10 8 1.9468333208096265 3 2019 4 2277 10 2019
5249 0.48578837244885886 0.47149571889316561 4.6778915805647543 91 75 59 1.8737401325339487 13 2167 4 2406 10 6946
5250 0.76022642992584466 0.49371603082310606 4.7676729639231219 87 69 55 0.59842130171580066 14 9091 4 2407 10 6926
5251 0.87118234458427313 0.50808210392373765 4.8570482538754289 159 135 109 0.4523496380412943 14 8145 4 2412 10 6914
5252 0.28443751320609911 0.56835076535464435 4.595135081478297 163 145 123 1.2453509542178363 13 5258 4 2533 10 7017
5253 0.47116365861607978 0.58819939764589013 4.6736239821473342 159 134 112 1.5655870904350213 13 2320 4 2537 10 7006
5254 0.59188653292624838 0.69671185134348723 4.6990505214163578 99 65 38 0.51505613281244356 3 2406 4 2621 10 7056
5255 0.27215359228723135 0.69341301624488727 4.557161033814312 110 93 77 0.62051015676954602 3 2436 4 2650 10 5224
5256 0.85513888418272621 0.76816516290749559 4.7902849130673406 156 134 110 1.340458164277446 5 2650 4 2685 10 8242
5257 0.5679168103270632 0.76155565283668014 4.676539231493817 175 153 132 0.68635389968957161 3 2483 4 2695 10 8256
5258 -0.034955966359868362 0.88354691653949025 4.3534935395359575 94 64 38 0.62891800607666737 13 5567 4 2858 10 2700
5259 0.52502706983804626 0.94726538286176332 4.6136412491029146 133 107 80 1.2950893962436105 13 2752 4 2865 10 7185
5260 0.094572211205836754 0.98421768840961532 4.4158497043890206 85 64 43 0.5094595070496265 13 2840 4 2954 10 5487
5261 0.25797734302049624 1.0116375453399706 4.4820601293905709 159 144 125 0.92793003995931578 13 2871 4 2969 10 5493
5262 1.752417729218072 1.2117603633406737 5.3420119933281196 29 16 10 0.83862666618485227 14 8365 9 10343
5263 0.64096508708790412 1.1326264565828803 4.6204086168327327 138 114 96 2.3343281961874776 3 2865 4 3042 10 5563
5264 0.35876034220489605 1.1882736398628531 4.4858228138485483 57 44 28 2.2293702652240399 13 5857 4 3119 10 7332
5267 1.2257358758248458 -1.7026779610795868 5.5138342790785941 123 111 99 0.095430554213269236 4 3794 9 9422
5268 1.1706776287408474 -1.6893152874363961 5.4851074711858754 157 145 131 0.23930623477285498 4 3795 9 10650
5271 1.0403825542065803 -1.4172555544226357 5.3795896853976162 135 123 109 0.90749921006130185 3 3830 4 3856 9 9519
5272 0.79041731493763134 -1.2273976390806114 5.2415045825762414 163 153 141 0.329309781457502 3 3904 4 3944
5274 0.94207066056666056 -1.1507367914086062 5.290459227950965 126 109 93 0.82747659262684325 3 3945 4 3994
5275 1.0168551250094446 -1.0882025884915121 5.2942061450182862 137 120 102 0.87865230391833393 3 566 4 4031 9 10754
5276 1.5165393807613761 -1.0522085453962309 5.7586362139500284 52 49 53 0.74503735958234474 3 644 4 4054 9 10823
5277 2.8393021499975775 -0.90445043193552621 6.0701984046170763 148 132 119 0.6635805291010386 3 770 11 1419
5278 1.9351866039586079 -0.8986342723851326 5.9218468626366976 45 43 41 0.28112447955880282 3 4162 4 4128
5279 0.18484213457396675 -0.96773200682130622 4.9344463101540574 135 127 125 0.0066603362890175306 11 1138 4 4136
5280 1.8155005383050034 -0.48733179976374208 5.3644582440150108 40 28 16 1.1721713248785721 3 1046 4 4407 9 11639
5281 0.76556282716112511 -0.50651229158058853 5.0605993238158513 154 136 116 0.2252701501111436 3 4317 4 4458
5282 1.1087701610784513 -0.46862316966230061 5.1392437060093528 76 59 43 1.4765010809244732 3 4336 4 4462 9 9770
5283 0.71517259503025754 -0.38734997915665342 5.0083040231128004 155 138 118 0.094730002395124219 3 4401 4 4523
5284 1.5129512824620841 -0.30894743530379964 5.1749689797002238 100 85 59 0.75518324317019792 3 4489 4 4535 10 8765
5285 1.5129512824620841 -0.30894743530379964 5.1749689797002238 100 85 59 0.75518324317019792 3 4490 4 4536 10 8766
5286 2.5930559973682952 -0.095109640808761831 5.591601068491701 156 135 114 1.5066037068560718 3 1588 4 4669 9 11013
5287 2.1265009355515851 -0.086538288526404106 5.3700723827743717 176 152 124 1.0191883932101649 3 1604 4 4694 9 11741
5288 2.1480972054862364 -0.073746593300053773 5.3794343372776154 197 173 147 1.1621847428249248 3 1615 4 4703 9 11022
5289 1.5254474797366635 -0.10730221000174175 5.1410867043753825 80 67 51 2.3515359686207078 3 1592 4 4723 9 11033 10 7898
5290 2.6462849231430745 0.013750113492481397 5.5819560680792737 53 42 33 2.3864232340387588 3 1702 4 4766 9 11041
5291 0.40302444973522522 -0.063830086828191149 4.7914665114812669 72 55 45 2.1637588099206444 3 4740 4 4839 10 6748
5292 2.393621359624881 0.12922797331347963 5.4359257188396137 140 120 96 1.4073441450017228 3 1782 4 4878 9 11079
5293 2.393621359624881 0.12922797331347963 5.4359257188396137 140 120 96 1.4073441450017228 3 1783 4 4879 9 11080
5294 1.0319612664018356 0.13027814864236392 5.0180879826461942 150 129 102 0.33539054239766414 3 1801 4 4935
5295 1.5123927101849266 0.30934575586205643 5.0054238940323765 143 116 89 1.8142746567485091 3 1951 4 5047 10 8885 9 11820
5296 0.93229699914313036 0.31710547633642805 4.9262592091513149 180 158 134 1.3909673809412453 14 9040 4 5073 10 8101
5297 1.4216255141292584 0.38023887022593311 4.7833247361090709 147 121 86 1.7625017501585816 5 2277 4 5126 9 11844 10 8908
5298 2.0018348548778389 0.54727078665064421 5.4802441529570656 115 94 77 1.0801426309285709 3 2144 4 5163 9 11189
5299 0.95607941816611508 0.46081475563148783 4.9098989526977395 152 128 100 0.89057147574308981 3 2115 4 5171 10 8150
5300 0.9568384593658853 0.45998467754374311 4.9096246397520558 152 128 100 0.4033422770116844 3 2116 14 9087 4 5172
5301 0.72221154841463553 0.54711298062808389 4.7480746442736441 132 113 96 0.4671172591907895 3 2236 4 5261 10 8181
5302 0.068013301489427247 0.70485994831038845 4.4646983911962606 130 103 78 0.35996456201790233 3 5221 4 5404 10 5251
5303 0.068013301489427247 0.70485994831038845 4.4646983911962606 130 103 78 0.35996456201790233 3 5222 4 5405 10 5252
5304 0.1181748031144253 0.7217387167006748 4.490131938413441 128 102 75 0.66148316970565824 3 5233 13 5381 4 5420
5305 0.58128180524154782 0.95422193924287135 4.6324346405333126 112 88 64 0.79723052317263254 3 5358 4 5552 10 8319
5306 -0.01120948417769202 0.98089159985513164 4.3411339996817029 174 144 118 1.1127813246314979 3 2797 13 7543 4 5598 10 7241
5307 -0.0089662204751080332 0.98142571216627161 4.3392718156116645 174 144 118 0.45655944376339913 3 2798 7 3960 4 5599
5308 0.88520551932307845 1.1255435465724877 4.7128068133622643 167 142 115 1.082114510064109 14 9879 10 8368
5309 0.90130719028014872 1.1713948890322539 4.709160065863645 156 136 112 1.6674880377544965 14 9279 10 8384
5310 2.1188599754571098 1.3601769662355787 5.4628927617945315 61 47 44 0.025947636057337447 14 8405 9 11962
5311 0.38294477151659012 1.1958911815332223 4.4915993764522577 132 114 94 2.2319019982409736 7 4203 4 5686 10 7336
5312 1.1464407479383327 -1.6680680429348214 5.4807433307092897 109 95 82 1.4851919505787323 4 6123 9 10655 3 6065
5313 0.84002065779821777 -1.346512900230173 5.293731446580038 135 123 111 0.23903960291195983 3 3847 4 6159
5314 0.84350755592729076 -1.3416100125974164 5.276084883426245 135 123 111 1.7718626912367783 3 3848 4 6160 10 7724
5315 1.0572330912784902 -1.1399016802974422 5.3216836125688864 149 132 114 0.9214528013671861 3 6183 4 6230 9 10733 10 7734
5316 1.0573003722434522 -1.1404861269732574 5.3221623988590254 149 132 114 0.87155997781058148 3 6184 4 6231 9 10734
5319 2.2660703617183393 -1.0802771681904995 6.1006182972686043 59 55 55 1.6837391468132601 3 4055 4 6251 9 10779
5322 1.0896133584254288 -0.97110110136635475 5.3004935901921746 166 148 130 0.93004601756143079 3 6254 4 6323 10 7766 9 11572
5323 1.6698609565619895 -0.9689136153272494 5.8103308611904794 120 104 88 1.3404092014080995 3 6279 4 6324 9 11588 10 9323
5324 1.7313604818498165 -0.92266222568754219 5.830479986257572 65 61 59 1.5266433353892481 3 4137 4 6344 9 10850 10 7706
5326 0.8243539371117804 -0.90564380982872772 5.1681107544339389 141 122 105 2.1243687156716877 3 4106 10 7805
5327 1.0764916459186709 -0.87942439513208437 5.2709158842760067 149 131 111 1.308737874507 3 4124 4 6365 9 10842 10 7781
5328 2.827511984677058 -0.72743275363287863 6.0079654000410887 141 125 110 0.49142135631047373 3 4252 11 1559 4 6399
5329 1.7107444571762089 -0.47123855760306321 5.322872306891659 48 32 19 1.8357793025429936 3 4345 4 6562 9 11649 10 9360
5330 1.5861441371186391 -0.36431810234957945 5.2365221923096641 50 35 22 1.326040133091323 3 4425 4 6611 9 11678
5332 1.7911371612766041 -0.33976068784863533 5.326682865577876 47 35 22 2.149453116385442 3 4465 4 6616 9 11682 10 8729
5333 2.3819905455669645 -0.26826975303254913 5.5527747807339738 177 159 139 1.7978296363845658 3 6505 9 11686 4 6634
5335 1.9250742049621268 -0.055552358190465681 5.279944655938519 81 61 39 0.70973285313095424 14 9645 6 13251 4 6788
5336 1.9054856369207545 0.02195674265440091 5.3363262112026586 96 78 64 1.1145021005383877 10 9795 9 12243 4 6828
5338 0.282389182529173 -0.013437738599386469 4.752464971866436 142 123 106 0.13833491907260306 3 7864 4 6865
5339 1.9923176906156219 0.39496586290729718 5.5449033957273191 109 88 69 1.7523990182740075 3 4959 4 6959 9 11845
5340 1.9923176906156219 0.39496586290729718 5.5449033957273191 109 88 69 1.7523990182740075 3 4960 4 6960 9 11846
5341 0.83304789123519896 0.38261423893745483 4.8739807889692752 146 120 93 0.9778043864984034 5 5244 4 7005 10 8939
5342 1.8946199894069968 0.53216449061322735 5.4326912713502615 32 18 7 0.72591102714006939 3 2137 4 7026 9 11862
5343 0.47241602724285225 0.73693886900551309 4.6377242645693766 151 125 98 0.47929624863348685 3 6941 4 7151 10 8255
5344 1.72154917441779 1.2232346323985974 5.3317385541183446 87 70 62 1.6424834241756363 3 7100 9 12338
5345 0.43153607453025944 1.0965418260626945 4.5367737121306675 168 146 123 2.3434825484454334 7 7853 4 7304 10 8377
5346 0.90597203771044377 1.1409275434221799 4.719232466426214 140 117 93 1.6077862753789129 14 9882 10 9098
5347 0.5580689967456175 1.1483400259397316 4.5825825566877887 94 75 60 2.1724316561046391 11 3591 4 7322 10 9112
5348 1.7539040922330806 1.3175429273133377 5.3213384960722205 81 66 61 1.4004386539790499 3 5476 9 11959
5349 1.9678044748759342 1.3387140583863915 5.4052350445087169 84 69 62 1.8806670884764953 5 3043 9 11961
5350 0.46633870272162847 1.2374777148321794 4.5205751449114082 147 126 102 2.5180311625494247 13 7678 4 7366 10 8435
5352 1.9689465669238735 -1.2866165593212515 6.002185183106743 138 124 107 1.6623045717122664 3 7587 4 7683 9 12069
5353 1.7620519587665924 -1.1262260300751268 5.8926397456263011 111 94 74 1.020162841686544 3 3998 4 7718 9 11567 10 9305
5354 2.059736754413966 -1.0920523056808571 6.0064637670603158 147 134 117 1.5691900448987355 3 6239 4 7721 9 11568
5355 1.9120414353774846 -1.0640814350369938 5.9366553773492567 143 129 110 0.87880879572942971 3 6247 4 7725 9 12089
5356 1.2465352603802433 -1.0035100038864944 5.352882411453586 132 114 92 1.8218166126348605 9 11566 10 8693
5357 2.0852962525001342 -0.99114574876919115 5.9832032283257686 67 62 65 0.89039792624288339 4 7739 9 12094
5358 2.0852962525001342 -0.99114574876919115 5.9832032283257686 67 62 65 0.89039792624288339 4 7740 9 12095
5359 1.5224855397075232 -1.0013188700584588 5.7561351182398672 67 63 63 1.1196125215710309 3 6260 4 7752 9 11583
5360 0.80225304452180979 -0.9958296142919657 5.1761906534346789 51 44 38 0.30837280671785317 3 6236 4 7757
5362 1.735843166010504 -0.32800736084357673 5.2783988202161822 137 121 96 1.195830340645412 3 6477 4 7907 9 11685
5363 1.5822777944581174 -0.28717703354033541 5.2155104408074173 45 32 23 1.3324639716885416 3 6496 4 7927 9 12203
5364 2.3786536233290798 -0.20186068396178691 5.5407583059916909 52 43 34 1.5429826568080272 3 4602 4 7934 9 12207
5365 2.4335386587481165 -0.19690540699867332 5.5609243710417733 61 48 39 1.969299880178017 3 4612 9 12208 4 7935
5366 2.4079362474049306 0.053338420107489085 5.4266897303227761 149 133 117 1.7092645605760808 3 6651 9 12235 4 8026
5367 2.6296887686106083 0.11020283038230146 5.5599094192004603 125 103 76 1.7220923847885903 3 6672 5 8576 4 8041 9 12482
5368 1.60351726375495 0.13208796328361078 5.0732250329767394 84 67 47 1.6973014354262368 4 8064 9 12254 10 9813
5369 1.5569629754928735 0.29183818594686622 5.0435771314116664 113 88 65 1.550126881535695 3 6746 4 8110 10 9823 9 12492
5370 1.8509220794637646 0.37910668915645895 5.4897567605525923 120 99 82 1.3796188554645921 3 6769 4 8121 9 12272
5371 2.0607200022907559 0.56971713480602171 5.5132216226135169 104 85 68 1.8696625143377226 3 6839 4 8159 9 12292
5372 2.6100073829383019 0.71646926366897967 5.3879738404403907 101 77 51 0.80109261316289404 3 6894 4 8191 9 12519
5373 3.2458442827998395 1.1809858152387542 5.7521440903513978 124 102 79 1.1340669078503665 3 7027 11 6869 4 8281
5374 0.75040153615737382 1.0030181200546218 4.6783672937589689 166 148 126 1.6027677231451343 3 8126 4 8300 10 9596
5375 -0.0017457760624695617 1.079398619694619 4.3270665545445093 81 64 48 1.5542787540641492 3 7142 4 8355 10 9109
5377 1.9802140124670853 -1.3317278189183912 6.0282733064071259 60 64 67 1.7286964904527899 3 7577 4 8607 9 12066
5378 2.3069615715321983 -1.0241217420436821 6.0852755837145622 58 63 66 2.0197702058404223 4 8624 9 12431
5379 1.7385225109100793 -1.0285842271988086 5.8534850081629273 75 74 72 1.9915258446587922 4 8632 9 12093 3 7632
5380 2.1057792451472213 -0.39316064785135191 5.3801720189138118 166 151 132 1.3699385714371015 3 7763 4 8728 9 12453
5381 2.2572785916579625 -0.25835154562469759 5.4857480359313442 170 151 126 1.4253500248262971 3 7802 4 8751 9 12460
5382 2.4605964118530532 -0.23190690866145192 5.5783869064467178 165 145 121 1.9049376613837374 3 7809 4 8753 9 12464
5383 1.7624555177462646 -0.24202400128285589 5.2716863765528252 157 131 98 1.4602472924223406 3 7805 4 8765 9 12470
5384 2.5111504476795914 -0.17390615272858362 5.5880923467004742 145 120 94 1.7047881033093695 3 6553 4 8769 9 12472
5385 2.5111504476795914 -0.17390615272858362 5.5880923467004742 145 120 94 1.7047881033093695 3 6554 4 8770 9 12473
5386 2.7549203811244571 -0.11944255068652165 5.5768354105856952 142 125 107 0.080363001839667436 3 7837 9 12467
5387 1.665818708941202 -0.18640977077601728 5.2155740310753567 161 136 102 2.3203312289497586 3 8704 10 10019 4 8789
5388 1.8679150783252734 0.55883213798590359 5.4286352041314201 149 123 98 2.0748364355598539 3 7970 4 8890 9 12513
5389 1.8679150783252734 0.55883213798590359 5.4286352041314201 149 123 98 2.0748364355598539 3 7971 4 8891 9 12514
5390 1.9983903989652116 0.57236762244167394 5.4807021777158811 145 119 96 1.1469505628439223 3 7972 4 8894 9 12515
5391 1.9900392776789211 0.70659325511352788 5.4621048578667555 91 71 56 0.30816447977915834 3 7997 4 8915 9 12523
5392 2.7907078439992432 0.73848437221643426 5.287257135545639 167 147 120 1.1162805802723708 3 6911 4 8919 9 12520
5393 2.7907078439992432 0.73848437221643426 5.287257135545639 167 147 120 1.1162805802723708 3 6912 4 8920 9 12521
5395 2.0131642100507441 -1.0877207516664427 5.9902187144520473 71 72 77 0.92594883319642884 3 8585 4 9234
5396 1.908914156925186 -0.90438284801865965 5.8986886680519452 88 93 96 0.67114836819794244 3 8605 4 9244 9 12438
5397 1.559175038199232 -0.25769979282443084 5.1948841478413712 175 152 120 1.5229435524071331 3 8694 10 10018 4 9318
5398 2.6079421052046281 -0.056621898285216486 5.580380553409217 156 137 112 1.5279739646401898 3 7848 4 9333
5399 0.82905595767240114 -0.15086242572317399 4.9996837586527327 165 147 123 1.5833613410774856 3 9320 4 9339 10 10035
5400 0.5656302024289237 0.54869993811631501 4.7229399879326612 123 102 83 0.91499041701713024 3 9373 4 9406 10 10070
5401 1.6343701948216616 -0.93381375169130176 5.7873244894715592 107 92 71 1.3979149329033014 3 9241 4 9605
5402 0.90541518817893774 -0.0073062370234179622 5.0066091504010064 95 81 66 1.0189634605022655 5 5049 14 9621 11 6205 3 6632 4 6843
5403 1.6897740238505663 -1.0297860847386069 5.8249898514309928 91 82 76 2.573892012355826 3 6256 4 6294 7 9311 12 1211 8 1457 14 9530
5404 1.7346362387429233 -1.1373914976165924 5.8782563743886325 22 17 10 1.567872977760765 3 3991 4 6235 13 4131 7 6243 1 2144
5405 0.85735047658692032 -1.3614004861934783 5.3051886049504091 158 146 134 0.71507914001104378 3 433 5 530 4 509
5406 1.8975172629994606 -0.89458616524253964 5.742680538509517 182 169 152 1.3608721465296756 11 1367 4 801
5407 0.89023675539252822 -0.91455517335191383 5.2117732469119167 145 128 110 0.83872940440243771 3 704 5 919 4 834
5408 0.78499051002399478 -0.44733474566365794 5.0542202674440366 163 143 122 0.40186137439399183 3 4363 5 1337 4 4495
5409 0.89915825969242735 -0.90704871790621433 5.2134283592400612 140 123 105 0.18722695801755035 3 6274 4 6357
5410 12.3611683254965 -6.5714632654056624 14.647965202555341 111 102 102 2.2913086803124307 7 202 6 888 2 4071
5411 12.044314993484916 -4.2479680964610589 13.270417242300823 140 133 127 0.6909515337505413 7 641 6 1216 2 476
5412 11.812717070289553 -3.9962432000582848 13.538278801353364 165 151 142 0.62934125277984965 7 727 6 1260 2 517
5413 11.637168923606353 -3.7306992305853477 13.569120573508968 71 62 57 0.47020653064893653 11 525 6 1323 2 4251
5414 12.081676759713368 -3.5322467943916869 13.354964384838894 168 154 143 1.0091178436908592 8 798 6 1408 2 4295
5415 12.018362473296005 -3.4328646983171178 13.393107208726468 191 173 159 0.20340297005461572 1 1654 6 1434 2 643
5416 12.018362473296005 -3.4328646983171178 13.393107208726468 191 173 159 0.20340297005461572 1 1655 6 1435 2 644
5417 12.096153097745184 -1.7140628506575013 12.976424824406136 52 42 40 0.4492651509836279 1 2324 6 1850 2 4640
5418 13.401075176784207 -1.9154838026743592 12.768916301981154 182 169 160 0.24265081326127644 1 2294 6 1862 2 4661
5419 6.5903208663556239 0.55548374681006585 8.3610154796472109 50 33 17 1.0149997811656408 7 2958 6 2400 2 7084
5420 2.700726050124532 1.4392160383002504 5.1465822925277021 158 136 119 2.1101026987252749 14 3034 6 3764 9 7124
5421 12.679400527634664 -5.858320730655934 14.594843802343339 86 80 82 1.8250976644436239 11 199 6 5680 2 4102
5422 12.845467602632848 -4.9057054155285877 13.245850266753958 129 134 141 1.276102262964532 13 700 6 5772 2 4144
5423 11.47256788774232 -4.226933136026358 14.140288168208095 99 89 79 0.87168849096609247 7 670 6 5823 2 6505
5424 11.700711299219209 -3.948000569919202 13.659649637248448 62 53 48 0.28476441679457093 1 1402 6 5866 2 6528
5425 11.505025614055517 -3.7514995687023203 13.63211281898589 152 142 132 0.69041050930296854 7 792 6 5890 2 4238
5426 12.014794671634951 -3.8741594889387869 13.362576128192645 178 164 156 0.20312563424714425 1 1450 6 5891 2 4242
5427 12.104116783042999 -3.6516969578436957 13.293783417431705 94 78 69 0.34767327811270227 1 1559 6 5920 2 4277
5428 12.044466119028488 -3.3381568278467282 13.352269097380354 180 162 148 0.48383389116367836 1 6390 6 5993 2 6607
5429 11.598445576201767 -3.1533884640015808 13.656239861238127 201 182 165 0.53222212580508788 13 1148 6 6013 2 4320
5430 12.051969647457179 -3.247282121781752 13.349187076517341 175 158 146 0.22897771977397388 1 1744 6 6018 2 6612
5431 12.131674709028733 -3.1660867085554671 13.2578057590068 146 132 123 0.36168591867475247 1 1772 6 6032 2 4330
5432 12.077241135460632 -2.3605839907195074 13.108719065165671 51 40 46 0.11764270009253104 1 2102 6 6149 2 6758
5433 13.333676257726799 -2.5762647884118777 12.934656077482982 167 154 148 0.82146416620690044 13 1371 6 6158 2 4544
5434 2.221528112814263 0.272550641483434 5.4939339524339958 50 34 19 1.1100230890694613 14 1956 6 6164 9 8386
5435 11.998152279209329 -2.2013417758718545 13.067596477050927 121 107 94 0.48727077958697301 1 2155 6 6168 2 4549
5436 12.040755241158891 -2.178471712173252 13.136416949264444 176 163 149 1.1146291742905778 13 1425 6 6174 2 4559
5437 13.516759699243156 -1.4954703780135348 12.619200836152723 137 130 125 0.50645483196610497 1 2484 6 6301 2 6883
5438 13.503303544343339 -1.4114423582891451 12.591291914852393 128 117 116 0.43002792720050237 1 2506 6 6311 2 4753
5439 13.491821549392441 -1.3256559968567196 12.566836655928787 106 101 97 0.39461974979156084 1 6889 6 6320 2 6901
5440 7.6893198096563244 -0.32680122808016115 9.4541132147644102 203 208 212 1.1609669095898587 5 1630 6 6326 7 2321 2 4729
5441 7.6317975491508188 -0.22259988013367532 9.4151343592605965 31 37 51 0.92962798855957729 7 2378 6 6353 2 6891
5442 7.6234018133369004 -0.1652969835054765 9.3459011718512386 192 195 201 1.1263633380806892 5 1713 7 2430 6 6377 2 6907
5443 7.6303452340938875 -0.16643109176859314 9.3523115453220118 192 195 201 1.073133772310098 5 1712 6 6378 2 6906
5444 12.566743918002855 -0.81890429244204566 12.383276997400971 182 168 155 1.3656053183978969 13 1765 6 6384 2 6953
5445 7.8522999757327963 0.063979225454909458 9.0561078688574277 160 125 93 0.75563241561800798 7 2623 6 6456 2 4872
5446 7.9380283348196734 0.052807378087203663 9.0057760258903308 155 122 91 0.98879758443006238 7 2624 6 6457 2 6989
5447 10.195058074477243 0.30886068437507802 10.141352649736668 130 100 76 1.3229943137274307 13 2216 6 6569 2 7113
5448 2.2040933133710676 0.79858240533049074 5.5497090319385718 139 114 94 0.35907665610489969 14 2416 6 6582 9 6300
5451 1.8065892471873859 -1.4997933475503233 5.8969320557960687 80 62 47 0.92344339697070366 14 3903 6 8136
5452 1.944116589116951 -1.4212223934050903 5.9948799604313274 61 51 41 1.7554495989373231 14 497 6 8176 9 4761
5455 2.1755610748917378 -1.3862654045959049 6.0544980015526377 60 47 38 2.9760181978133162 14 4011 6 8234 9 7718
5456 12.644487316517234 -6.7738760580565112 14.691201689964931 210 226 241 1.9551025883814745 13 3754 6 8486 2 6429
5457 11.512964879124011 -4.3289204424440095 13.669378143105915 101 96 93 1.0483425136695399 12 589 13 780 6 8621 2 6495
5458 11.537971194008659 -4.0715323480735961 13.834165786535417 162 143 126 0.49714309016273206 13 852 6 8656 2 6512
5459 11.497438768226484 -3.9362019177405871 14.005440001199224 169 150 134 1.1266229743183105 12 685 6 8670 2 6526
5460 11.988845859023211 -3.9091429257188723 13.320125360653323 82 72 70 0.61724169201011347 13 916 6 8684 2 6536
5461 11.988845859023211 -3.9091429257188723 13.320125360653323 82 72 70 0.61724169201011347 13 917 6 8685 2 6537
5462 11.507289692265957 -3.6430444914083471 13.967093443143423 73 57 42 0.63224266977398036 5 4194 6 8714 2 6566
5463 12.116142326213167 -3.6135322775436158 13.357861551838814 167 150 140 0.68218681454748076 13 1020 6 8722 2 6581
5464 11.610624976566736 -2.9445370793346437 13.60356929177793 182 163 146 0.79962811366952058 13 1195 6 8795 2 6624
5465 12.449447526447415 -2.731594302830918 12.719480172815025 179 168 161 0.58151834938890168 13 1283 6 8848 2 6670
5466 11.610705767254771 -2.4234190247051473 13.362996996757317 186 167 151 0.75182495266812166 13 1349 6 8860 2 6709
5467 13.472866823215721 -2.6336735366947481 12.951470291741709 76 70 72 0.38443897624921952 13 1365 6 8891 2 6767
5468 13.463429221735705 -2.4649252692286825 12.900536216083118 136 123 115 0.82753851820379543 13 1412 6 8897 2 6782
5469 13.343016300375124 -2.247698570154395 12.823955567056974 178 166 154 0.30061357896314811 1 9543 6 8911 2 8360
5470 12.151264169446819 -1.9101605593789917 12.838645459689289 160 148 136 0.6623011988746571 12 1285 6 8913 2 6808
5471 13.54285243163249 -0.69744204663728904 12.402130667731969 231 236 239 1.4186917713101603 1 2783 6 9026 2 1649
5472 7.7522598913962213 0.0068716253090867971 9.0589367442434447 106 79 62 0.77112321222041746 1 3035 6 9033 2 8484
5473 7.5779881608284949 0.083768808619802806 9.1695321267060077 140 107 76 1.2902594627089037 5 1885 7 2619 6 9046 2 6974
5474 7.6143690158081689 0.082261929982040752 9.1342305376095876 155 122 87 1.2400435770876139 7 2620 6 9049 2 6979
5475 13.445301827895067 -0.42644813080479216 12.499369499144715 184 168 155 1.4322609677801605 13 5029 6 9078 2 8535
5476 6.7465229598421006 0.77154048029596056 8.2699933073432454 182 165 149 0.6724345184497581 7 3134 6 9210 2 8608
5477 6.7170042648401598 0.96968101120370587 8.24248560784158 133 108 83 0.87083252436025615 5 2471 7 3284 6 9277 2 8654
5478 6.6969841925655142 1.2735644727670816 8.1853411453014342 158 138 111 0.54223792033824958 7 3512 6 9357 2 8714
5479 6.7585408014322974 1.3947328662852245 8.1640897194212183 122 101 78 0.99243706439578949 5 2682 6 9398 2 8736
5480 6.7455619372645632 1.3932281952363323 8.1532966690827422 122 101 78 1.7222886069075143 5 2683 7 7573 6 9399 2 8737
5481 2.6975734463062668 1.3347263542437851 5.1767469026048483 140 107 74 0.51419695995067105 6 9667 9 10421
5482 1.7473943935241993 -1.4813363829661614 5.8625103626259047 88 71 55 2.3042334707333922 14 6145 6 10185
5483 2.5439828276969516 -1.5704377726651693 6.1920792449487818 162 147 126 0.39270622437130631 13 648 6 10280
5484 11.498917653549809 -4.7550075814512205 13.789259759827312 180 173 163 1.5708483766130923 13 6473 6 10515 2 8181
5485 12.29245011465482 -3.6361499703909597 13.054335724235571 63 56 53 0.61853238386538201 13 1015 6 10607 2 8249
5486 13.44972473090699 -3.4224237755801639 13.049898644634416 139 133 131 0.77892645055261689 13 6703 6 10640 2 9378
5487 11.831326217531178 -2.3684183486647052 13.181563916175451 171 152 135 0.84059957124843609 12 4168 6 10679 2 8328
5488 12.998882608550353 -2.6384254591136194 12.882120486530734 88 78 71 0.62503454675514025 13 4568 6 10681 2 8333
5489 12.350293821045241 -1.6539190846445442 12.598220772647124 163 151 137 0.79491308259874849 1 9609 6 10723 2 9434
5490 12.409180018093281 -1.5535589197003443 12.692440683840054 176 163 154 1.0156387825365651 13 4725 6 10735 2 8405
5491 8.02385975018964 0.088445012886710375 8.9800128108608082 175 141 113 0.69692618451149002 1 7227 6 10854 2 9501
5492 16.604091324815489 0.36212409427194292 13.627638953352717 191 183 170 0.031148576947565378 6 10932 2 8639
5493 16.696532020869487 0.34213622681945371 13.555781305318332 187 177 165 0.039972698096336468 6 10933 2 8640
5494 7.5451596689423752 0.7082161018817007 8.684473165531795 39 30 21 0.62473006363762384 1 3357 6 10934 2 9555
5495 6.7797965402520441 1.0963141787833153 8.161861647103823 100 82 60 0.75927706424896757 1 3659 6 11003 2 8687
5496 7.5956845296173725 1.6168772503543838 8.5214713430453219 144 118 95 1.0698959745234058 7 7650 6 11089 2 8779
5497 2.6134413659967386 -1.924476102059629 6.2104993534362585 100 108 121 0.50518851801201148 13 3824 6 11578
5498 12.618229775034687 -7.7505975538109873 15.091566469188605 211 228 248 0.16776237697140986 1 10948 2 9300
5499 12.314018832581048 -6.3206021934208039 14.890935270816838 145 139 140 0.22550315509026081 5 8147 6 11716
5500 12.046760172938738 -4.0255339721060883 13.338709425761726 190 177 168 0.6878376263099284 13 8097 6 11822 2 10052
5501 12.34231938977827 -2.5549179229187335 12.86444249776293 175 159 146 0.81092502913203168 1 11321 6 11912 2 10082
5502 13.500837118328995 -2.7978178564087974 12.956916817165075 121 117 116 0.45302372730338741 13 8240 6 11913 2 10087
5503 12.356632950319458 -1.8194268512042009 12.567913442164633 118 108 99 1.1802333382832761 12 4273 6 11940 2 9429
5504 8.030210684788587 -0.770898045095606 9.8671722587737278 66 57 50 1.4164726001980197 13 6935 6 11944 2 10106
5505 13.380828389286506 -0.95345835291773406 12.554293950583483 177 167 157 0.57294139104936592 1 11492 6 11979 2 9483
5506 2.3028835022294056 1.2715904982854909 5.3922137543928388 49 36 28 0.11772928959925257 14 7189 6 12221
5508 1.1268437511425016 0.45037737695468733 4.9109172446483393 148 129 99 0.33370985943808523 13 2187 14 8135 6 12750
5509 12.094079858580965 -2.5185336869741088 13.033963308575679 168 154 141 0.69997808669775041 1 12516 6 12767 2 10081 15 352
5510 13.473466215856835 -1.5826086103304642 12.648095042215965 89 85 86 0.51218664276645398 1 12586 6 12797 2 10560
5511 1.3014011737047895 0.78958992758592672 4.7458928369643623 129 96 61 1.2225194312197265 13 2571 14 8251 6 12846
5512 2.4322939768205853 1.2476097778113047 5.3670210815822008 45 32 23 2.101904103191405 13 2943 6 12952
5513 1.2296006389109846 1.1235972919224011 4.7124351861511258 103 76 47 1.8657014483969183 13 2969 14 8381 6 12960
5514 1.3750081655764097 1.0943631298032177 4.5773206603302015 176 155 126 2.2230689091783047 13 2972 14 8383 6 12961
5515 1.3750081655764097 1.0943631298032177 4.5773206603302015 176 155 126 2.2230689091783047 13 2973 14 8384 6 12962
5516 1.3737639994722546 1.1218829481977712 4.5473047878310711 93 69 45 1.8486586770969144 13 3007 6 12979
5517 1.3409471019890544 1.4026572791593952 4.4942772218622045 157 139 115 2.2802329553421297 14 8541 6 13088
5518 13.25050890573992 -3.4769463010101358 13.121423346014602 192 181 175 1.0079009652987425 13 9657 6 13288 2 10535
5519 13.030878926065474 -2.9734035356551409 13.005230700220705 78 73 81 0.95845005635833747 13 10105 6 13300 2 10839
5520 1.328043809388916 1.0653900411140855 4.555598318008875 173 150 118 1.0461318183844246 13 2934 6 13466
5522 1.2917598828278107 1.1712812948550078 4.594541588422425 164 149 123 2.0680350132202108 13 3039 14 9283 6 13492
5524 11.902691887283565 -4.573660985797936 13.499650163728305 49 45 43 0.78638470594820931 13 10067 6 13642 2 11050
5525 13.53718004735995 -2.6337171735462368 12.945224477148397 109 104 108 0.41717623275769894 13 9681 6 13668 2 10845
5526 1.2945668934852819 1.0837517149242939 4.5705986335709881 109 85 55 1.6032397718104978 1 4195 13 7578 6 13774
5527 1.7739849057517705 -1.3964628067056266 5.9326145984760164 59 46 37 0.13027315861093175 14 10022 6 13865
5528 1.1629751235717092 1.335046225038576 4.1558693466526169 67 58 53 2.2010565695403557 14 9963 6 14048
5529 11.73784807721289 -4.572274231660451 13.649635865402171 58 54 61 1.1267442644648207 13 8050 7 11073 1 11117 6 11788 11 7962 8 7510 2 9336
5533 1.361005015517136 1.2770080458784068 4.5367494410675624 90 67 43 2.9541068932949965 14 8471 6 13530
5534 11.998152279209329 -2.2013417758718545 13.067596477050927 110 93 82 0.48727077958697301 1 2154 6 6167 2 4548
5535 6.5983363693736674 1.0740037835765563 8.262601125572953 55 39 23 1.0210519478861544 5 2511 7 3368 2 5212
5536 5.3979469524982253 -0.41952113120623641 8.6275148424037056 62 77 97 0.74363282691575217 3 1270 2 6678
5537 5.396980724652285 -0.3670909231668319 8.5213667703374831 174 177 182 2.0519351416940781 3 1332 14 4787 2 6710
5538 13.360593301173719 0.4956759414542164 12.122555096432757 114 93 74 1.1641765002991711 1 3168 2 7180
5539 7.4407140520992137 1.6699377551106556 8.5895824307279547 62 41 22 0.61757296030908981 2 7390 7 3752
5540 13.413524898466747 -3.9544335936103403 13.163750936937856 103 103 109 0.6137471743065509 6 8726 8 4894 2 8254
5541 5.8286255121019126 0.84248824863014626 7.9701198637680344 72 55 35 0.63347935257443966 7 3206 2 8598 5 2400
5542 6.2595913386736175 0.81828182923875525 8.1756626991455974 146 120 93 0.68183978446300175 5 2375 7 7307 2 8600
5543 5.8239125552390316 0.89902242110730346 7.9632313354766024 172 149 124 0.57177230301577397 5 2440 7 3252 2 8625
5544 6.265063825810075 1.2024445856882193 8.0807953630766995 170 146 120 1.0417620357249726 5 2582 7 3472 2 8701
5545 6.5951854139553099 1.2171311826742011 8.2119642218741564 80 70 61 1.4501570088915559 5 5500 6 9343 7 7486 2 8702
5546 5.8356058620518327 1.2464599885573313 7.8945337818544461 159 136 112 1.0909633964565981 5 2624 7 3516 2 8706
5547 5.7838078097542631 1.4055125109907323 7.8271690792130899 107 85 61 1.2033319253566688 5 2713 2 8738 7 3645
5548 6.4742231533148482 1.4889291943721579 8.1224818992975081 149 123 98 2.1348417121079688 5 2734 7 3665 2 8754
5549 6.4742231533148482 1.4889291943721579 8.1224818992975081 149 123 98 2.1348417121079688 5 2735 7 3666 2 8755
5551 7.4789274212048689 1.6293647502174011 8.6039582831660262 120 95 75 0.10876269196746238 2 8777 7 7644
5552 5.9018132329089621 1.5600818291794996 7.8136503508505522 32 19 10 1.6598302737117319 5 2791 7 3776 2 8781
5553 5.8407913264010247 1.6155540371413049 7.66212439983381 92 68 44 0.084094296624555059 7 3853 2 8801
5554 6.3622222517059246 1.6982383784553625 7.9642077066246388 110 86 60 0.67729045513829533 7 7737 2 8809
5555 6.032450268035463 0.62721979826051932 8.1619823824025186 49 32 16 0.58882216798206155 5 5233 7 7203 2 9527
5556 6.0455460564953265 0.81916018447006689 8.1372366630549156 119 98 77 0.79603309675452527 5 5314 7 7304 2 9548
5557 6.0455460564953265 0.81916018447006689 8.1372366630549156 119 98 77 0.79603309675452527 5 5313 7 7303 2 9549
5558 5.964197818792818 0.89661734314763453 8.069143749957135 175 163 143 0.78303541111213593 5 5357 7 3237 2 9564
5559 6.0290371960607123 1.3523390424254671 7.9837874074914543 135 109 88 1.4198694071886051 1 3820 5 2676 7 7558 2 9631
5560 6.0075064790171915 1.4343403241767683 7.9332643739186208 0 0 0 2.6395930562996246 5 5603 13 2731
5561 7.4538086682177491 1.5165337942899848 8.5895224607740861 96 79 63 0.52174174686748842 1 3870 8 2913 2 9648
5562 5.3939483738689731 1.7105032400169458 7.4457675402265595 118 94 70 2.0028472938241957 5 2940 7 3976 2 9700
5565 12.508982036068405 -4.4691157335589811 13.115711779533784 155 144 140 0.64661522640115299 6 11801 13 9038 2 10044
5566 13.194525486396845 -4.0133220191071404 13.168834106863688 111 103 100 1.766129535342662 6 11840 13 8121 2 10061
5567 12.35564240011216 -3.6373023303240646 13.028961983249845 54 44 42 2.2855749958478859 1 12452 6 11843 2 10063
5568 12.602969599827306 -3.4881648850916891 12.966858212681679 158 142 129 1.1966376748924701 6 11854 8 11257 2 10069
5569 13.509033730957771 -0.99480512530564891 12.525881531356049 128 118 109 1.6420038586219639 1 12630 13 8354 2 10156
5570 6.5392143224612393 0.59047481764296572 8.3427360982987935 168 142 110 0.98528649267381285 5 8625 7 11660 2 10188
5571 5.9938169518596736 1.0485948274572028 8.0736054045797694 152 139 122 0.81534860528926922 5 7424 7 10089 2 10227
5572 6.205755003944021 1.477769106715056 8.131895760323923 131 109 88 1.0649021172407576 5 9571 7 11831 2 10270
5573 6.8628902185876104 1.6385509384546624 8.0352397251551704 100 76 50 1.552926518509876 5 7546 12 5092 2 10291
5574 5.1561722773199881 1.6491494628673187 7.6784751659229959 105 88 72 0.7391915897804644 3 8130 5 5716 2 10293
5575 5.424514294582135 1.6388269612891264 7.4675311891405105 66 48 26 1.6812712509196985 5 7582 7 10288 8 6342 2 10298
5576 6.4231584779454316 1.7349730626425315 6.7540817367981232 9 16 26 2.6781747737844568 7 10387 2 10326 8 6453
5577 11.985703598293153 -4.6956196127775547 13.324331275847218 176 170 170 1.2270804781628031 12 7371 2 10514
5578 11.433688120574455 -4.6112603836206123 14.61768547229781 176 172 171 0.023567526236604616 13 9025 2 10516
5579 6.3536906429380178 0.54694505055966847 8.2722240916729302 169 142 115 0.84332900791949328 5 9481 8 9693 2 10588 7 12847
5580 5.4588283568731732 1.2700367436506053 7.9099226496759014 71 58 49 0.24729402156298164 7 10164 2 10622
5581 5.3237838430223006 0.43107447091213413 8.0477575984203824 121 99 83 1.8682437472378979 3 7904 5 8605 2 10875
5582 5.2881949638315904 0.50422710515363178 8.1454131657815267 125 99 81 0.85644482583942605 3 8770 5 8614 2 10876
5583 5.7821986600805451 1.085387576247784 7.864912452480298 105 86 67 1.2649931647350179 5 9526 7 12917 2 10901
5584 6.6445327769308378 1.2953813440753121 8.2237222636034009 31 24 16 1.2120388091179146 5 10235 7 13715 2 10915
5585 3.9813098333264265 1.4059982515757572 6.6619443315933902 136 106 78 0.61380392537570971 3 8124 2 10930
5586 7.7908763121058051 0.31386496095012123 8.8453425125596183 170 131 100 2.3386723160748013 1 13520 12 8588 2 11102
5587 16.679151910350544 1.3882750805872213 13.239621705710171 170 158 146 0.80557996586506375 6 6822 2 7311
5588 16.702694966195562 1.8787169647399042 13.085210433492035 27 17 10 1.0471646469581908 6 9409 2 8761
5589 6.387617157659661 1.5998564247382645 6.8034700660518377 39 75 101 1.3833187760234578 7 4025 2 9726
5590 6.4335620085223928 1.5902762484217818 6.7452452779502075 35 74 101 1.2494457161457675 7 4033 2 9729
5591 4.3413922881789011 0.40736377304911781 7.1682478992710497 109 84 61 0.15262400256384637 8 2434 2 10127
5593 1.0434088036602684 -1.0189295459253409 5.2860699780669496 201 184 166 0.98183999118347243 4 735 10 4119 9 9631
5594 1.0401847676915303 -0.80118819063722202 5.2373254221327867 178 163 144 1.3946485429017421 4 940 10 4203 9 9691
5596 0.7852942312293073 -0.97423542193191337 5.1355132188057375 139 135 134 2.4144910609967489 4 770 10 6367
5602 1.5783762393036005 0.2617897138520684 5.0704773518401618 182 165 137 0.60247294950360619 4 2080 10 6716 9 10009
5604 1.5273039678188334 0.78787828023017126 5.0407776947815135 105 79 57 1.2323916744557495 4 2643 10 6989 9 10218
5605 1.5947615128045456 0.82257842405293302 5.1566938720311919 18 7 1 1.033226646337688 4 2659 10 6996 9 10242
5606 0.12982547170224473 0.98059891857904125 4.4321799453055082 170 148 124 0.80401870436510592 4 5587 13 7525 10 7230
5607 0.93084683618140762 1.2843154087878721 4.6930336087272559 129 108 87 1.2607744969223016 14 9316 10 7375
5613 0.92885345850373657 -0.51879538193576147 5.1203287089597742 198 177 158 2.2277133289371562 3 4312 10 7868
5614 1.4884611966315515 -0.21833040884663979 5.1580191792127712 39 28 20 0.53780519700986384 4 4641 10 7877 9 11007
5615 1.4884611966315515 -0.21833040884663979 5.1580191792127712 39 28 20 0.53780519700986384 4 4640 10 7878 9 11006
5616 0.19128498927243409 -0.21323196406403805 4.7252674742315541 135 121 111 0.39666136589812739 5 4901 7 6802
5617 1.6700753598036182 0.61827834329160014 5.3464572505998165 154 133 112 0.98695947203313228 4 2435 10 8132 9 10162
5618 0.43979206343909916 0.52311960640992416 4.665037404614881 143 118 96 0.76313565906718295 3 5090 10 8189
5619 0.2229406223497955 0.75029481262068642 4.5262066675718327 171 152 131 1.2270324963721309 4 7170 13 5408 10 8261
5620 1.5101293362353294 1.0566173369748659 4.9841816613879475 19 10 4 1.6627212240192311 10 8305 9 11305
5621 1.6074763321689947 1.0881337316669892 5.1020626439527863 31 19 7 1.2216429690365072 10 8308 9 10316
5622 1.5573367204848734 1.0897210248090083 5.1016526835769254 21 14 6 1.4255070451185481 10 8311 9 10322
5623 0.46633870272162847 1.2374777148321794 4.5205751449114082 160 136 110 2.5180311625494247 4 7367 13 7679 10 8436
5628 1.5162575410988177 -0.0031880095192990468 5.0986180448737155 93 71 42 0.48993240203792116 4 4825 10 8828 9 11774
5629 1.3938654173314817 0.37681469190584349 4.7885720045440729 150 119 81 0.24066422898197781 10 8911 9 11842
5630 1.3938654173314817 0.37681469190584349 4.7885720045440729 150 119 81 0.24066422898197781 10 8912 9 11843
5631 1.7190147336852504 0.65911527286512217 5.3557607636457245 58 37 18 0.79032327239432243 4 2471 10 8942 9 11218
5633 1.4828542999988548 1.0258286004466315 4.8783166887774758 43 27 12 1.3602076323368468 10 9066 9 11300
5634 0.24079441171917959 0.99995538224678626 4.4765451418848965 188 176 160 1.3760998410783667 1 7917 3 7086 10 9090
5636 1.4068220306112895 -0.54367876537189197 5.1736653586167893 145 124 100 1.4463641618543497 4 6531 10 9372 9 12148
5637 1.501124638405928 -0.48850988445294879 5.2427288987501202 49 36 28 0.89726674186459787 4 6559 10 9373 9 12162
5640 1.6812469839916901 -0.27819475097791602 5.2685792338247932 36 27 20 0.99600637116937774 4 6666 10 9389 9 11713
5641 1.4450049574723929 -0.013106397708384739 5.0739995410958194 133 106 77 0.67700057908295419 4 8030 10 9425 9 12241
5642 1.6063032007449087 0.27626220252308609 5.1368167353958389 134 106 82 1.723502586928624 4 5016 10 9460 9 11812
5643 1.6527967010499265 0.77260195186533465 5.3223546347523705 119 95 74 0.56476604370960948 4 5357 10 9537 9 11899
5644 1.5918664389886663 1.0725767913549418 5.0991527502712533 155 125 91 2.1245776775685434 10 9591 9 12332 4 8296
5645 1.4703483375585589 1.1716570510442996 4.8476681584416754 83 61 47 1.8267325476710417 10 9617 9 12343
5646 1.4703483375585589 1.1716570510442996 4.8476681584416754 83 61 47 1.8267325476710417 10 9618 9 12344
5652 1.663407041769271 0.19411339367285446 5.1805685916574618 107 82 60 1.2026548122528995 4 6897 10 9815 9 12258
5653 1.6936698088016988 0.51800805619551749 5.3647673730165426 34 24 15 1.3636609974419815 4 5161 10 9836 9 11863
5654 1.4418394245372119 0.46961796188704935 4.9411486339292638 155 124 95 1.3192113953435818 4 8157 10 9839 9 12509
5655 1.6140950146540369 0.69962221534304481 5.2650208204992657 132 106 89 0.94329376602207582 4 8193 10 9852 9 12524
5656 1.4962761119039771 0.73627589947932848 4.9384106839798392 154 116 84 1.2906194453729805 4 8935 10 9862 9 12528
5659 1.6690445815112942 0.29161381167489503 5.2273917867928867 88 65 47 1.1562597248082691 4 8108 10 10041 9 12493
5660 1.5525243962360724 0.39772434984204752 5.102523320559385 54 32 14 1.661557756901219 4 8139 10 10051 9 12503
5661 1.4931773374844193 0.77247092583421972 4.9402821756717055 17 12 6 0.51735478270655877 10 10076 9 12531
5662 0.56172990376501775 0.53642798903463107 4.7251500644434685 130 109 95 1.1178866189448151 3 2225 13 5233 7 3283 4 5256 10 8186 13 7216 1 3601
5663 0.12581821437372454 0.68553952919166061 4.499492135306304 125 97 76 1.8809156104462545 13 9317 8 8372 10 9033 11 6702 3 6935 7 10152 4 8214
5664 1.4434055872712088 0.9663275301509896 4.7205828040415367 160 123 81 1.1874030004301483 10 9060 9 11936
5665 1.3083063890926221 -1.5977239256680429 5.5372106828476664 92 79 72 0.089775172164113848 10 199 9 4618
5667 1.7513301207671144 -0.30338011248222885 5.3091011664257657 192 172 154 0.8086925452336815 10 855 9 5427
5668 1.5127102048448942 1.2427605568562512 4.9470011219168022 100 76 50 2.1833594507651988 10 5594 9 6876
5670 1.1960876667384857 -1.4292313286023166 5.443652444417717 203 193 183 1.4181461944248615 4 463 9 7675 10 3888
5671 1.5395138167191362 -0.17211285111082669 5.1575265406897319 198 174 146 1.7809542900751367 4 1658 10 1085 9 8212
5673 1.8802289268791248 -0.10103333912254728 5.3000737576968797 91 65 43 1.4140209533185661 10 6477 9 8233
5674 1.8802289268791252 -0.10103333912254689 5.3000737576968788 91 65 43 1.4140209533189503 10 6478 9 8234
5675 1.4142951022107697 0.10278750118828615 4.9301274787765914 207 177 139 0.13030869334899117 10 4593 9 8334
5676 1.7078702769197585 0.72810366427092377 5.3351990614381641 200 162 117 1.1815879040857153 10 6911 14 5107 9 8664
5677 1.6600889481832084 -1.5330917688205323 5.7780351953795979 190 187 182 2.4440559095208507 4 3838 9 9495 10 6072
5678 1.2203440923529802 -1.3736544177065462 5.4418983087872768 190 178 166 1.323975175531148 4 3862 10 3907 9 9527
5679 0.99260768653126108 -1.1818625342984324 5.2999152279737123 172 158 149 1.0592812813006915 4 3962 10 6267 9 9584
5680 1.1131109888198165 -1.0721145499519587 5.3294306850396627 135 118 103 0.75047890241537341 4 685 10 6274 9 9614
5681 1.5198578906300013 -1.1528670593139219 5.777053714146918 78 62 46 1.0193456797656839 10 7691 9 9621 4 647
5682 1.7132076870292474 -0.3109337282020212 5.2709117442456463 114 94 71 0.82135878078965519 4 1460 10 6428 9 9791
5683 1.9438150783588708 -0.19062982984716448 5.3574476222592056 127 98 71 1.3757772283422378 10 8749 9 9825
5684 1.4436311837853331 -0.21303219607033952 5.1265013627182272 170 146 120 0.77575386728619466 4 1629 10 6514 9 9834
5685 1.8447686283267712 -0.15322183652416377 5.2978184888844373 117 91 66 1.2471120491979539 10 6458 9 9846
5686 1.3505342555343831 -1.9762411062597522 5.7860721954965957 174 166 164 1.1157598444202925 10 7634 9 10632 4 3708
5687 1.3380017195967198 -1.5405090913310697 5.5320480119481363 193 178 157 2.5672236272041054 4 3836 9 10668 10 8638
5688 1.2009248351394759 -1.5510413946063952 5.4805432874946742 167 154 145 1.1156522470734398 4 3833 10 7664 9 10670
5689 1.0616788710806482 -1.4793176234692575 5.3996606046270283 201 192 185 1.5125526358712182 4 3850 10 7682 9 10682 3 3815
5690 1.1830056545463261 -1.2827319402787436 5.411728055826301 186 177 166 1.1460027427667618 3 3889 10 7700 9 10707
5691 1.0302469992146599 -1.1843753768771326 5.33874269522381 123 108 97 1.3834557452595924 4 6207 3 3925 5 4309 13 3936
5692 2.2478209010170258 -1.0681626553381269 6.0712885172479618 152 135 113 1.2289268375473572 4 4014 9 10791
5693 1.731393108383676 -1.0913902461580212 5.8613494274812696 211 198 180 0.23804817650983057 4 6254 9 10801
5694 1.6421317957305925 -0.97774001882023887 5.7993834735242142 72 62 56 2.2646156399616744 4 6317 10 7708 9 10838
5695 1.6697236820251269 -0.92846824140686135 5.8074663029837543 63 54 47 0.75795972977534742 10 8681 9 10849
5696 1.7293026741126312 -0.92511433884391092 5.834326688722709 67 62 57 1.3573766386354447 4 6345 10 7707 9 10851
5697 1.0619255911824199 -0.7778234765936668 5.2415714231613357 178 162 147 0.56948483325537513 3 4197 9 10869
5698 1.5171188721418831 -0.56080541009752694 5.2263746632928338 114 90 66 1.8869953123566781 4 1155 10 7790 9 10904
5699 1.8452509339454588 -0.37107305473229729 5.3641620062925233 199 181 161 2.1766722891608556 10 8722 9 10950 4 1361
5700 1.740737791106115 -0.32771045318824227 5.3368041657242724 51 39 30 0.63795964799660232 10 8740 9 10969
5702 2.3330684741231829 -0.2146068955308485 5.54032212813327 75 57 42 1.6823884561722038 3 4589 9 10987 4 4571
5703 1.6858933620272682 0.65766501465014482 5.3385672615972934 66 44 23 0.34846134479477026 4 5270 10 8147 9 11217
5704 1.1264309058365831 -1.8867200844968206 5.5200476795355584 161 160 165 2.8878502974841318 4 8559 9 11493 10 8626
5705 1.6556006623869846 -1.352332597951881 5.8271984351013693 147 129 115 1.3691827693567509 4 6156 10 8637 9 11531
5706 1.7671083028786994 -1.3047679681728852 5.9411379938014193 72 72 72 1.8234511894496215 4 6181 9 11541 10 9289
5707 2.2118741188080824 -1.1238139119497232 6.0571548888575562 149 136 122 1.9722010872557685 4 7713 9 11560
5708 1.6966933617943694 -0.96303579751431989 5.833736380855326 39 30 23 0.87815986547947966 4 6326 10 9321 9 11594
5709 2.1113202551354648 -0.92280303871693214 6.0103287641282783 54 47 39 0.96474680256101264 4 6334 9 11595
5710 1.6671284347967643 -0.89139622224518089 5.7978669790414452 211 204 188 1.2197318481682768 4 7781 10 9768 9 11600
5711 2.1982852252108938 -0.84238995682703854 6.0174410840468271 206 195 180 1.4639575812356922 4 6368 9 11603
5712 2.1982852252108938 -0.84238995682703854 6.0174410840468271 206 195 180 1.4639575812356922 4 6369 9 11604
5714 1.7081320737711048 -0.28452646371583928 5.2737070784135982 193 181 159 1.9064876520058458 4 6662 9 11706 10 9383
5715 1.6288332058822999 -0.28537764851510239 5.241957553961937 46 33 25 1.4852022047585063 4 6664 10 9392 9 11710
5716 1.7253486080312346 -0.27117927160580918 5.288099364367735 60 46 34 0.64648618264730795 4 6676 10 8754 9 11715
5717 1.5819781593249278 -0.21917227318803328 5.2075661960063906 74 57 50 0.69222118562244406 4 4628 10 8775 9 11732
5719 1.6974304079080502 0.045809298462695186 5.1618949446831923 196 170 140 1.6776714556773777 4 6844 10 8818 9 11781
5720 1.4134665004864826 0.34110215244633635 4.7808570454208992 104 86 62 1.8095023095830853 4 5095 10 8897 9 11827
5721 1.4760790762710623 0.69847547603179716 4.9747269268816652 46 32 21 0.23208048827597194 10 8975 9 11898
5722 1.816595974470391 -1.2416677255512878 5.9422160275276719 205 198 182 2.3724717613636161 4 7694 9 12073 10 9744
5723 2.008801020358137 -1.2182864975360634 6.015573790519344 195 184 164 1.8973475079155702 4 8609 9 12074
5724 2.2395584068923871 -1.151555394267459 6.0928509423149428 64 65 69 1.4021305365214767 4 8617 9 12081
5725 2.0339195056884019 -1.1623254051328908 6.0131965235284959 190 181 166 1.2946665775927402 4 7706 9 12085
5726 1.555951260123063 -1.1136134233474448 5.79406692543074 191 175 151 2.1844211258936403 4 7720 10 9757 9 12088
5727 1.5976632639930628 -1.0237024526021576 5.7929526936204914 214 197 177 0.77547713246691019 4 8634 10 9761 9 12102
5728 1.5976632639930628 -1.0237024526021576 5.7929526936204914 214 197 177 0.77547713246691019 4 8635 10 9762 9 12103
5729 1.7685031811793541 -0.88880997227200897 5.8494505609611256 48 47 51 1.8591601462663927 4 8647 9 12115 10 9764
5730 1.7403603097633327 -0.48785737042675353 5.3168030003406495 166 149 123 1.1326285594549355 4 7874 9 12152 3 6418
5731 1.3813008208870263 -0.3342303286309613 5.0297195742348864 75 61 50 0.57118820665383252 10 9790 9 12176
5732 1.6856943704856913 -0.34003203643176022 5.2754842013762557 110 93 67 2.1688148691626443 4 6621 10 9376 9 12179
5733 2.4839918607763911 -0.19595138752960883 5.5855099065446296 54 41 33 1.4348265682265928 3 4609 4 7938 9 12206
5734 1.9273087016627808 -0.11226085533676351 5.3284215241992339 207 181 156 1.1429814176885864 10 9788 9 12223
5735 2.751488713313456 0.5573310267456123 5.3018676939485525 204 184 159 0.74531688820090902 4 7027 9 12279
5736 1.5709024467442774 0.87124327348668351 5.1522395957591449 53 38 31 1.3231955906564459 4 8231 10 9876 9 12316
5737 2.1196764286238636 1.4314498117496963 5.444234450778012 140 120 114 1.4263733414726452 14 9284 9 12357
5738 1.3288224056176392 -1.5456537394132912 5.6096380138659727 90 76 69 1.651345436131467 4 7659 9 12417 10 9988
5739 1.3288224056176392 -1.5456537394132912 5.6096380138659727 90 76 69 1.651345436131467 4 7658 9 12418 10 9989
5740 1.1942500591666048 -1.0206125357241664 5.3528345761739962 202 197 187 0.8444451684047064 3 8583 4 9237 9 12427
5741 1.3985404412098807 -0.57894482755210896 5.154067641470875 80 64 52 1.5091244121174674 4 7861 10 10006 9 12447
5742 2.4605964118530532 -0.23190690866145192 5.5783869064467178 200 178 154 1.9049376613837377 4 8752 9 12463 3 7808
5743 1.5066094841736741 0.81366988354656555 5.0007937981126807 156 126 103 1.7911012274640505 4 8222 10 10081 9 12536
5744 2.8452636318919926 -1.6527913398731433 6.2333623413860995 0 0 0 1.7650327612806314 3 382 4 3788
5745 2.8428401751839578 -1.0969620578274362 6.0987602567340957 0 0 0 0.77500364030955637 3 631 4 3945
5746 2.8805479238107461 -1.0249633340182827 6.1027211258922787 0 0 0 0.86370454339476077 3 4092 4 6234
5747 1.9211581322539364 -0.26315584947549986 5.3620169747306345 90 64 39 1.3533449368175288 9 10982 10 8731
5749 1.4687975057491678 1.2054425471395365 4.8409127410514445 121 96 74 2.266969817832829 10 9625 9 12349
5750 1.8134286106239998 -1.4954842848625494 5.9032356736083731 0 0 0 1.582614860097423 9 7683 10 3731
5751 1.7530582500651199 -1.4871761580173488 5.8805034807391987 0 0 0 0.7935191081991011 9 7688 10 3744
5752 1.8932686790252808 -1.6578766369379732 6.0067142732800543 0 0 0 2.2273340907580845 9 12046 10 9734
5753 3.7861616710077199 -0.33111796410667621 3.7021781752542697 88 84 78 1.1965593365143734 3 9696 13 10138 7 13619 1 12716
5754 0.85415351041217324 -0.46534480886286017 5.0824817998657883 145 126 109 1.5202693155999059 4 7889 10 8794 11 8527 5 6946 13 8194 8 5547
5755 2.0775920336488207 -1.3659317370404287 6.074258507696852 0 0 0 0.28683622860019065 9 4802 14 595
5756 2.0775920336488207 -1.3659317370404287 6.074258507696852 0 0 0 0.28683622860019065 9 4803 14 596
5757 2.3647355319254864 -0.87641375644995823 6.0897972550263075 0 0 0 1.6326026071707893 9 9667 14 7846 13 1145
5758 0.43451516060030593 -3.4992240179512901 9.9044822952224383 220 196 192 0.55308077285519686 1 10992 12 7281 15 64
5759 12.639245060729262 -6.7256663754535477 15.382863990212343 0 0 0 0.74499235182469681 1 11019 13 7974
5760 13.329511095226414 -6.6531574037518961 15.19057093241112 225 212 208 0.61722254139708088 7 13337 15 85
5761 12.331365466432118 -6.0591306775206393 15.042327880162601 234 213 213 1.0926459029587496 11 9911 15 103 6 10471
5762 -3.0587460404825415 -0.33879743756861069 2.1838031462393426 69 40 36 0.35760544309426651 8 9602 15 486
5763 12.677500959880881 -6.5443699010695537 14.602556592320871 0 0 0 2.3876610506121616 2 10501 13 8956
5764 -0.24401215986344599 -1.8686648214511836 9.4091316856513867 178 149 141 0.69423358492631515 11 11327 15 1024 7 13399
5765 0.3514433516126021 -0.013923121277029535 4.7663713382456034 197 176 171 0.24517625794882156 8 11972 12 9727 15 1858
5766 0.3514433516126021 -0.013923121277029535 4.7663713382456034 197 176 171 0.24517625794882156 8 11973 12 9728 15 1859
5774 1.0042780722976161 -1.2098558771305772 5.3019065218429464 0 0 0 0.32227383857177827 9 4849 10 554
5775 1.9162867433131234 -1.6626232167552837 6.0068588478387639 0 0 0 2.0216401922584537 9 7618 10 6039
5776 1.9864110033120297 -0.10741877425046251 5.354780974487686 0 0 0 1.3142504092104732 9 8225 10 6452
5777 1.1027774593756252 -1.190337999470708 5.3583035742289882 0 0 0 0.69139386273155201 9 9581 10 6243 3 497
5778 1.9543007521963447 -0.1300068124847269 5.3556282337210197 0 0 0 2.3501862004990999 9 11737 10 9391
5779 1.9809647224562439 -1.6469681029060981 6.0402208440224685 0 0 0 2.0802964094492236 9 12047 10 9733
5780 1.9212792192774706 -0.063253637321924419 5.296069120226929 0 0 0 0.1509437518750843 9 12228 10 9401
5781 1.6488113451435615 -0.25990694128239294 5.2553160224714865 0 0 0 0.98072200482230498 9 12469 10 10010
